"X","Poskey","Tripkey","Date","Time","Distance","Area","WP","TransectWidth","CountMethod","SpeciesCounted","Visibility","WaveHeight","Beaufort","Glare","Precipitation","MidLatitude","MidLongitude","Heading","SOG","AirTemperature","AirPressure","AirHumidity","WindDirection","WindSpeed","WaterDepth","WaterSalinity","WaterTemperature","ChlA"
65002,110065002,110001052,"2023-02-15","07:08:00",0.652,0.1956,0,300,1,1,"D",0,3,"none","N",51.53563,3.086875,308.57001,10.5,6.0096,1023.5,NA,178.2291,6.3416,-30,32.3236,7.0385,NA
65003,110065003,110001052,"2023-02-15","07:10:00",0.659,0.1977,0,300,1,1,"D",0,3,"none","N",51.539495,3.07974,310.37,10.6,5.9775,1023.61902,NA,215.87019,1.1987,-29.4,32.3408,7.032,NA
65004,110065004,110001052,"2023-02-15","07:12:00",0.649,0.1947,0,300,1,1,"D",0,3,"none","N",51.54339,3.072675,309.10999,10.5,5.9608,1023.65802,NA,219.5997,1.2018,-32.2,32.3626,7.0533,1.4544
65005,110065005,110001052,"2023-02-15","07:14:00",0.652,0.1956,0,300,1,1,"D",0,3,"none","N",51.547255,3.065635,311.87,10.5,5.9447,1023.71698,NA,176.5602,6.1068,-33.4,32.5684,7.081,2.424
65006,110065006,110001052,"2023-02-15","07:16:00",0.645,0.1935,0,300,1,1,"D",0,3,"none","N",51.551205,3.058755,311.31,10.3,5.855,1023.68701,NA,175.3203,1.5753,-25.3,32.5522,7.0736,2.4846
65007,110065007,110001052,"2023-02-15","07:18:00",0.644,0.1932,0,300,1,1,"D",0,3,"none","N",51.55519,3.052005,313.81,10.4,5.8127,1023.80402,NA,171.043,2.3317,-22.4,32.5979,7.0793,2.424
65008,110065008,110001052,"2023-02-15","07:20:00",0.625,0.1875,0,300,1,1,"D",0,3,"none","N",51.55906,3.04528,313.42001,10.4,5.8751,1023.69098,NA,129.448,1.9789,-25,32.6308,7.1183,2.3634
65009,110065009,110001052,"2023-02-15","07:22:00",0.654,0.1962,0,300,1,1,"D",0,3,"none","N",51.56296,3.0385,314.32001,10.5,5.8686,1023.70398,NA,153.24471,2.3308,-33.7,32.7209,7.1128,2.5452
65010,110065010,110001052,"2023-02-15","07:24:00",0.664,0.1992,0,300,1,1,"D",0,3,"none","N",51.567055,3.031625,313.70001,10.6,5.8835,1023.74902,NA,147.1142,2.0666,-36,32.7617,7.0841,2.5452
65011,110065011,110001052,"2023-02-15","07:26:00",0.652,0.1956,0,300,1,1,"D",0,3,"none","N",51.571085,3.02467,313.09,10.6,5.86,1023.77802,NA,164.90041,5.7528,-21.9,32.7619,7.0693,2.2422
65012,110065012,110001052,"2023-02-15","07:28:00",0.653,0.1959,0,300,1,1,"D",0,3,"none","N",51.575125,3.01784,313.37,10.5,5.8932,1023.83698,NA,162.74789,2.2401,-17.8,32.723,7.219,2.6058
65013,110065013,110001052,"2023-02-15","07:30:00",0.659,0.1977,0,300,1,1,"D",0,3,"none","N",51.579265,3.01109,314.67999,10.6,5.9524,1023.68103,NA,173.5069,2.0565,-17.5,32.9771,7.2602,3.5148
65014,110065014,110001052,"2023-02-15","07:32:00",0.658,0.1974,0,300,1,1,"D",0,3,"none","N",51.583375,3.00424,313.35999,10.6,5.9646,1023.71899,NA,148.53661,2.0846,-25,33.1218,7.2443,3.5754
65015,110065015,110001052,"2023-02-15","07:34:00",0.66,0.198,0,300,1,1,"D",0,3,"none","N",51.587455,2.99734,313.67999,10.6,6.0269,1023.70099,NA,165.65491,5.9598,-28.4,33.1596,7.2661,3.3936
65016,110065016,110001052,"2023-02-15","07:36:00",0.632,0.1896,0,300,1,1,"D",0,3,"none","N",51.591555,2.990735,313.37,10.7,6.1018,1023.71802,NA,152.17419,3.1168,-31.3,33.1988,7.2552,3.03
65017,110065017,110001052,"2023-02-15","07:38:00",0.66,0.198,0,300,1,1,"D",0,3,"none","N",51.595665,2.98414,314.23001,10.6,6.1365,1023.56702,NA,121.6223,1.4367,-33.8,33.1949,7.2114,2.9694
65018,110065018,110001052,"2023-02-15","07:40:00",0.661,0.1983,0,300,1,1,"D",0,3,"none","N",51.59976,2.977225,314.07001,10.7,6.1588,1023.60999,NA,147.5112,0.878,-32.2,33.1755,7.1894,2.6058
65019,110065019,110001052,"2023-02-15","07:42:00",0.658,0.1974,0,300,1,1,"D",0,3,"none","N",51.60383,2.97029,313.63,10.7,6.2083,1023.74298,NA,99.2612,3.7543,-34.5,33.1453,7.2081,2.7876
65020,110065020,110001052,"2023-02-15","07:44:00",0.664,0.1992,0,300,1,1,"D",0,3,"none","N",51.607925,2.963365,312.66,10.6,6.2796,1023.65997,NA,153.73019,1.8673,-37.6,33.1855,7.2009,2.7876
65021,110065021,110001052,"2023-02-15","07:46:00",0.665,0.1995,0,300,1,1,"D",0,3,"none","N",51.612025,2.95638,314.35001,10.7,6.3425,1023.61902,NA,161.9966,1.7201,-30.9,33.1723,7.1731,2.9088
65022,110065022,110001052,"2023-02-15","07:48:00",0.659,0.1977,0,300,1,1,"D",0,3,"none","N",51.61611,2.94942,314.12,10.7,6.3696,1023.56598,NA,103.4665,1.0237,-36.6,33.1548,7.1683,2.6058
65023,110065023,110001052,"2023-02-15","07:50:00",0.655,0.1965,0,300,1,1,"D",0,3,"none","N",51.62012,2.942445,314.35999,10.7,6.4137,1023.56799,NA,177.6167,5.7241,-36.3,33.1913,7.2286,2.8482
65024,110065024,110001052,"2023-02-15","07:52:00",0.61,0.183,0,300,1,1,"D",0,3,"none","N",51.62335,2.935,303.82001,10.1,6.5126,1023.38397,NA,80.9613,7.2945,-25,33.2709,7.3914,3.0906
65025,110065025,110001052,"2023-02-15","07:54:00",0.651,0.1953,0,300,1,1,"D",0,3,"none","N",51.62665,2.9277,312.88,10.2,6.4386,1023.66699,NA,146.0621,1.2247,-22.2,33.3516,7.5254,NA
65026,110065026,110001052,"2023-02-15","07:56:00",0.634,0.1902,0,300,1,1,"D",0,3,"none","N",51.630515,2.9208,311.73001,10.6,6.5051,1023.638,NA,90.3665,1.7218,-26,33.6528,7.5642,NA
65027,110065027,110001052,"2023-02-15","07:58:00",0.657,0.1971,0,300,1,1,"D",0,3,"none","N",51.634335,2.913775,313.04001,10.6,6.5957,1023.633,NA,111.8936,0.9786,-27.6,33.8624,7.6051,NA
65028,110065028,110001052,"2023-02-15","08:00:00",0.673,0.2019,0,300,1,1,"D",0,3,"none","N",51.63837,2.906685,311.51999,10.7,6.6298,1023.51703,NA,188.4364,4.9398,-30.5,33.9434,7.6284,NA
65029,110065029,110001052,"2023-02-15","08:02:00",0.669,0.2007,0,300,1,1,"D",0,3,"none","N",51.642365,2.899415,312.42001,10.8,6.6316,1023.55603,NA,183.6767,5.1152,-32,34.0175,7.6412,NA
65030,110065030,110001052,"2023-02-15","08:04:00",0.667,0.2001,0,300,1,1,"D",0,3,"none","N",51.646225,2.892005,308.88,10.8,6.606,1023.508,NA,175.6926,4.6045,-33.4,34.0706,7.6378,NA
65031,110065031,110001052,"2023-02-15","08:06:00",0.673,0.2019,0,300,1,1,"D",0,3,"none","N",51.65009,2.884565,310.37,10.8,6.6016,1023.59399,NA,157.5242,1.1631,-33,34.0482,7.6763,NA
65032,110065032,110001052,"2023-02-15","08:08:00",0.675,0.2025,0,300,1,1,"D",0,3,"none","N",51.654015,2.877135,310.82001,10.9,6.6092,1023.52399,NA,169.5183,5.2538,-34.7,34.0778,7.6473,NA
65033,110065033,110001052,"2023-02-15","08:10:00",0.669,0.2007,0,300,1,1,"D",0,3,"none","N",51.657925,2.86972,311.34,10.9,6.6191,1023.44702,NA,172.0442,2.2719,-34,34.0694,7.6359,NA
65034,110065034,110001052,"2023-02-15","08:12:00",0.678,0.2034,0,300,1,1,"D",0,3,"none","N",51.66186,2.862305,309.63,10.9,6.6031,1023.57898,NA,174.1485,4.7963,-32.1,34.0652,7.6935,NA
65035,110065035,110001052,"2023-02-15","08:14:00",0.674,0.2022,0,300,1,1,"D",0,3,"none","N",51.66587,2.85495,311.85001,10.9,6.6319,1023.62299,NA,176.49451,5.9716,-33.8,34.1026,7.6711,NA
65036,110065036,110001052,"2023-02-15","08:16:00",0.686,0.2058,0,300,1,1,"D",0,3,"none","N",51.66992,2.84758,314.14001,11,6.6237,1023.38,NA,178.347,5.8128,-36,34.1151,7.7466,NA
65037,110065037,110001052,"2023-02-15","08:18:00",0.681,0.2043,0,300,1,1,"D",0,3,"none","N",51.674015,2.840205,311.95999,11,6.6325,1023.46198,NA,176.6498,6.5358,-35.3,34.185,7.9399,NA
65038,110065038,110001052,"2023-02-15","08:20:00",0.651,0.1953,0,300,1,1,"D",0,3,"none","N",51.67814,2.833215,310.79999,11,6.6431,1023.44702,NA,179.0789,6.3768,-40,34.362,8.0013,NA
65039,110065039,110001052,"2023-02-15","08:22:00",0.68,0.204,0,300,1,1,"D",0,3,"none","N",51.68227,2.826245,312.79999,11,6.6651,1023.60699,NA,182.83369,5.2937,-33.9,34.4835,8.0872,NA
65040,110065040,110001052,"2023-02-15","08:24:00",0.663,0.1989,0,300,1,1,"D",0,3,"none","N",51.68634,2.819065,312.67001,10.9,6.7149,1023.46802,NA,183.35471,5.3048,-31.5,34.5821,8.1396,NA
65041,110065041,110001052,"2023-02-15","08:26:00",0.662,0.1986,0,300,1,1,"D",0,3,"none","N",51.690345,2.811965,311.89001,10.7,6.7625,1023.48999,NA,149.4173,0.5881,-24.8,34.6742,8.1747,NA
65042,110065042,110001052,"2023-02-15","08:28:00",0.676,0.2028,0,300,1,1,"D",0,3,"none","N",51.694375,2.804775,310.28,10.7,6.8186,1023.547,NA,187.328,5.1261,-26.8,34.6962,8.2138,NA
65043,110065043,110001052,"2023-02-15","08:30:00",0.664,0.1992,0,300,1,1,"D",0,3,"none","N",51.69831,2.797435,312.95999,10.8,6.8081,1023.46198,NA,79.4642,0.2987,-28.9,34.7409,8.2006,NA
65044,110065044,110001052,"2023-02-15","08:32:00",0.678,0.2034,0,300,1,1,"D",0,3,"none","N",51.70216,2.789955,309.29999,10.8,6.8156,1023.40399,NA,60.6005,1.1745,-33.6,34.7414,8.1906,NA
65045,110065045,110001052,"2023-02-15","08:34:00",0.674,0.2022,0,300,1,1,"D",0,3,"none","N",51.706045,2.782425,309.82001,10.9,6.7815,1023.32599,NA,202.29491,1.5297,-37.4,34.7328,8.1934,NA
65046,110065046,110001052,"2023-02-15","08:36:00",0.613,0.1839,0,300,1,1,"D",0,3,"none","N",51.709065,2.77459,308.76001,10.9,6.7436,1023.47803,NA,167.81731,5.8225,-39.5,34.8977,8.1948,4.6662
65047,110065047,110001052,"2023-02-15","08:38:00",0.587,0.1761,0,300,1,1,"D",0,3,"none","N",51.70959,2.76635,263.44,9.2,6.8308,1023.03198,NA,170.6183,6.0326,-36.9,34.7649,8.2019,4.6056
65048,110065048,110001052,"2023-02-15","08:40:00",0.577,0.1731,0,300,1,1,"D",0,3,"none","N",51.7079,2.75843,254.00999,9.4,6.8241,1023.172,NA,165.9671,5.135,-36.5,34.7447,8.2052,5.2116
65049,110065049,110001052,"2023-02-15","08:42:00",0.58,0.174,0,300,1,1,"D",0,3,"none","N",51.70516,2.751365,234.92,9.4,6.8299,1023.263,NA,173.5233,4.7487,-39.2,34.7459,8.2146,4.848
65050,110065050,110001052,"2023-02-15","08:44:00",0.589,0.1767,0,300,1,1,"D",0,3,"none","N",51.701915,2.7447,232.02,9.4,6.8854,1023.37903,NA,194.9135,3.8261,-39.4,34.7539,8.2227,5.0904
65051,110065051,110001052,"2023-02-15","08:46:00",0.581,0.1743,0,300,1,1,"D",0,3,"none","N",51.69867,2.738025,231.67,9.4,6.8775,1023.14203,NA,173.601,4.8721,-38.5,34.7644,8.2347,4.4238
65052,110065052,110001052,"2023-02-15","08:48:00",0.29,0.087,0,300,1,1,"D",0,3,"none","N",51.69608,2.73333,231.88,9.4,6.8659,1023.10101,NA,177.81531,5.2767,-32.3,34.7736,8.2404,4.0602
65053,110065053,110001052,"2023-02-15","08:49:00",0.269,0.0807,1,300,1,1,"D",0,3,"none","N",51.69398,2.73121,214.7,8.9,6.8885,1023.12799,NA,169.96049,5.1941,-37,34.776,8.244,4.0602
65054,110065054,110001052,"2023-02-15","08:58:00",0.668,0.2004,0,300,1,1,"B",0,3,"medium","N",51.66975,2.749065,142.55,10.7,6.8731,1023.08899,NA,201.2859,4.6606,-38.5,34.7935,8.2365,3.5754
65055,110065055,110001052,"2023-02-15","09:00:00",0.664,0.1992,0,300,1,1,"B",0,3,"medium","N",51.665035,2.755,142.33,10.7,6.7293,1023.15399,NA,28.3551,8.7745,-38.5,34.7888,8.2099,3.5754
65056,110065056,110001052,"2023-02-15","09:02:00",0.668,0.2004,0,300,1,1,"B",0,3,"medium","N",51.660535,2.761335,140.89,10.7,6.7811,1022.82599,NA,194.1571,9.6251,-32.5,34.7754,8.1803,3.3936
65057,110065057,110001052,"2023-02-15","09:04:00",0.678,0.2034,0,300,1,1,"B",0,3,"medium","N",51.65647,2.768525,133.42999,10.9,6.7013,1022.81799,NA,27.4263,9.1488,-38.8,34.7518,8.1602,3.03
65058,110065058,110001052,"2023-02-15","09:06:00",0.695,0.2085,0,300,1,1,"B",0,3,"medium","N",51.65419,2.777345,111.31,11,6.6878,1022.875,NA,192.2469,5.7276,-34.7,34.7675,8.0543,3.1512
65059,110065059,110001052,"2023-02-15","09:08:00",0.616,0.1848,0,300,1,1,"B",0,3,"medium","N",51.65188,2.785515,110.99,10.9,6.6589,1023.02197,NA,11.9072,5.8261,-28.3,34.6371,8.0373,3.5148
65060,110065060,110001052,"2023-02-15","09:10:00",0.682,0.2046,0,300,1,1,"B",0,3,"medium","N",51.64784,2.792285,131.03999,10.9,6.6345,1022.98297,NA,195.26961,7.9357,-23.5,34.5996,8.0059,4.3026
65061,110065061,110001052,"2023-02-15","09:12:00",0.678,0.2034,0,300,1,1,"B",0,3,"medium","N",51.643615,2.799395,134.39999,11,6.6602,1022.823,NA,201.55991,8.7715,-18.9,34.5695,7.9904,4.1208
65062,110065062,110001052,"2023-02-15","09:14:00",0.674,0.2022,0,300,1,1,"B",0,3,"medium","N",51.63944,2.8065,133.56,10.8,6.6178,1022.85797,NA,193.7697,5.6459,-20.9,34.5442,7.9772,3.6966
65063,110065063,110001052,"2023-02-15","09:16:00",0.66,0.198,0,300,1,1,"B",0,3,"medium","N",51.635405,2.813635,131.92,10.8,6.581,1022.98199,NA,23.2061,8.2044,-36,34.5249,7.9633,3.6966
65064,110065064,110001052,"2023-02-15","09:18:00",0.589,0.1767,0,300,1,1,"B",0,3,"medium","N",51.63091,2.81852,134.61,10.3,6.5186,1022.90698,NA,35.673,8.1477,-38.1,34.506,7.9008,3.5148
65065,110065065,110001052,"2023-02-15","09:20:00",0.593,0.1779,0,300,1,1,"B",0,3,"medium","N",51.626185,2.822245,171.11,9.7,6.5114,1023.25201,NA,192.35561,4.003,-38.5,34.4715,7.8379,3.2724
65066,110065066,110001052,"2023-02-15","09:22:00",0.654,0.1962,0,300,1,1,"B",0,3,"medium","N",51.621995,2.82813,128.21001,10.4,6.4155,1022.99701,NA,26.0314,8.3294,-38.7,34.388,7.8477,3.5754
65067,110065067,110001052,"2023-02-15","09:24:00",0.664,0.1992,0,300,1,1,"B",0,3,"medium","N",51.617995,2.83516,133.86,10.6,6.4123,1022.97699,NA,32.0751,4.9879,-31.9,34.3649,7.8066,3.939
65068,110065068,110001052,"2023-02-15","09:26:00",0.656,0.1968,0,300,1,1,"B",0,3,"medium","N",51.613975,2.842185,132.73,10.7,6.351,1023.02698,NA,33.8215,9.014,-34.5,34.319,7.7816,4.0602
65069,110065069,110001052,"2023-02-15","09:28:00",0.659,0.1977,0,300,1,1,"B",0,3,"medium","N",51.61,2.849225,131.99001,10.6,6.3373,1023.12903,NA,25.2433,8.7411,-32.2,34.2665,7.7805,4.545
65070,110065070,110001052,"2023-02-15","09:30:00",0.658,0.1974,0,300,1,1,"B",0,3,"medium","N",51.60603,2.856285,132.00999,10.6,6.2931,1022.961,NA,199.5307,8.0987,-28.6,34.2569,7.7588,5.2722
65071,110065071,110001052,"2023-02-15","09:32:00",0.651,0.1953,0,300,1,1,"B",0,3,"medium","N",51.602065,2.863275,131.3,10.6,6.2775,1023.07599,NA,29.7623,9.1781,-25.6,34.2527,7.6946,4.7268
65072,110065072,110001052,"2023-02-15","09:34:00",0.299,0.0897,0,300,1,1,"B",0,3,"medium","N",51.59919,2.86835,131.58,10.5,6.2294,1023.07898,NA,28.5491,5.5731,-22.3,34.17,7.6619,3.939
65073,110065073,110001052,"2023-02-15","09:35:00",0.654,0.1962,0,300,1,1,"B",0,3,"medium","N",51.59629,2.873415,132.97,10.5,6.2546,1023.14801,NA,29.4431,5.6283,-21.1,34.1219,7.6598,3.4542
65074,110065074,110001052,"2023-02-15","09:37:00",0.667,0.2001,0,300,1,1,"B",0,3,"medium","N",51.592215,2.880355,133.49001,10.7,6.2542,1023.26202,NA,201.42641,8.2633,-30.2,34.0844,7.6314,3.2118
65075,110065075,110001052,"2023-02-15","09:39:00",0.665,0.1995,0,300,1,1,"B",0,3,"medium","N",51.588055,2.88727,133.57001,10.8,6.1205,1023.02899,NA,198.4552,8.7506,-37.4,34.0494,7.5741,3.0906
65076,110065076,110001052,"2023-02-15","09:41:00",0.633,0.1899,0,300,1,1,"B",0,3,"medium","N",51.583985,2.89399,133.94,10.4,6.1209,1023.18402,NA,202.7166,8.3958,-34.3,34.0011,7.5755,2.9088
65077,110065077,110001052,"2023-02-15","09:43:00",0.63,0.189,0,300,1,1,"B",0,3,"medium","N",51.58004,2.900555,132.88,10.1,6.0872,1023.172,NA,33.3142,8.1805,-33.4,33.9523,7.5419,2.9694
65078,110065078,110001052,"2023-02-15","09:45:00",0.624,0.1872,0,300,1,1,"B",0,3,"medium","N",51.57616,2.907125,134.42999,10.1,6.114,1023.02698,NA,198.8367,8.3949,-32.6,33.9077,7.5263,3.03
65079,110065079,110001052,"2023-02-15","09:47:00",0.624,0.1872,0,300,1,1,"B",0,3,"medium","N",51.572295,2.913655,133.53999,10.1,6.2191,1023.14801,NA,201.1967,5.09,-31.6,33.858,7.51,3.2724
65080,110065080,110001052,"2023-02-15","09:49:00",0.629,0.1887,0,300,1,1,"B",0,3,"medium","N",51.568385,2.920165,134.8,10.1,6.1793,1023.10602,NA,204.65581,8.5062,-30.1,33.8211,7.4829,3.2724
65081,110065081,110001052,"2023-02-15","09:51:00",0.623,0.1869,0,300,1,1,"B",0,3,"medium","N",51.56449,2.92669,134.25999,10,6.2015,1023.04797,NA,32.6302,5.9649,-30.2,33.779,7.4388,3.2724
65082,110065082,110001052,"2023-02-15","09:53:00",0.626,0.1878,0,300,1,1,"B",0,3,"medium","N",51.560615,2.93322,133.91,10.1,6.2389,1023.07098,NA,34.717,8.3805,-27.8,33.7074,7.387,3.2724
65083,110065083,110001052,"2023-02-15","09:55:00",0.619,0.1857,0,300,1,1,"B",0,3,"medium","N",51.55674,2.939705,134.88,10,6.1365,1023.28699,NA,204.565,5.7608,-27,33.6182,7.3244,3.1512
65084,110065084,110001052,"2023-02-15","09:57:00",0.618,0.1854,0,300,1,1,"B",0,3,"medium","N",51.552895,2.94615,134.42999,10,6.2291,1023.04901,NA,203.29289,5.9828,-26.8,33.5237,7.2842,2.727
65085,110065085,110001052,"2023-02-15","09:59:00",0.62,0.186,0,300,1,1,"B",0,3,"medium","N",51.54906,2.95262,133.89,10,6.0937,1022.96698,NA,205.507,6.1378,-24.5,33.4219,7.2779,2.6664
65086,110065086,110001052,"2023-02-15","10:01:00",0.611,0.1833,0,300,1,1,"B",0,3,"medium","N",51.54524,2.959045,132.85001,10,5.9572,1022.995,NA,206.19099,6.825,-20.7,33.3916,7.2412,2.6664
65087,110065087,110001052,"2023-02-15","10:03:00",0.607,0.1821,0,300,1,1,"B",0,3,"medium","N",51.541455,2.965395,133.38,9.9,5.9451,1022.98602,NA,205.194,6.9354,-16.4,33.3386,7.2092,2.121
65088,110065088,110001052,"2023-02-15","10:05:00",0.623,0.1869,0,300,1,1,"B",0,3,"medium","N",51.53764,2.971815,135.12,9.8,5.9979,1023.133,NA,206.86771,6.6431,-15.5,33.2589,7.1648,1.9998
65089,110065089,110001052,"2023-02-15","10:07:00",0.628,0.1884,0,300,1,1,"B",0,3,"medium","N",51.533755,2.978335,134.11,10.1,5.8677,1023.07501,NA,41.2677,6.4528,-34.5,33.1603,7.1007,1.6362
65090,110065090,110001052,"2023-02-15","10:09:00",0.636,0.1908,0,300,1,1,"B",0,3,"medium","N",51.529815,2.984905,131.73,10.2,5.9656,1022.85303,NA,34.1116,5.3706,-32.1,32.976,7.0554,1.515
65091,110065091,110001052,"2023-02-15","10:11:00",0.585,0.1755,0,300,1,1,"B",0,3,"medium","N",51.52601,2.991255,134.71001,10.2,5.8966,1022.961,NA,28.1448,4.6237,-29.1,32.8839,6.8998,1.1514
65092,110065092,110001052,"2023-02-15","10:13:00",0.637,0.1911,0,300,1,1,"B",0,3,"medium","N",51.5222,2.9976,133.44,10.3,6.1196,1023.26898,NA,20.1557,6.9832,-27.5,32.5311,6.8235,0.9696
65093,110065093,110001052,"2023-02-15","10:15:00",0.639,0.1917,0,300,1,1,"B",0,3,"medium","N",51.51823,3.00424,134.94,10.3,6.0558,1022.85901,NA,35.1371,5.9385,-27.3,32.2897,6.8776,0.909
65094,110065094,110001052,"2023-02-15","10:17:00",0.59,0.177,0,300,1,1,"B",0,3,"medium","N",51.513785,3.009145,136.60001,10.3,6.0613,1022.95697,NA,32.6835,7.582,-28,32.3138,6.9925,1.212
65095,110065095,110001052,"2023-02-15","10:19:00",0.648,0.1944,0,300,1,1,"B",0,3,"medium","N",51.50844,3.011405,175.36,10.1,6.0457,1023.15698,NA,59.6152,4.3744,-25.9,32.5561,6.9775,1.0908
65096,110065096,110001052,"2023-02-15","10:21:00",0.641,0.1923,0,300,1,1,"B",0,3,"medium","N",51.502715,3.012825,171.52,10.5,6.1208,1023.008,NA,54.752,4.4772,-28,32.4901,6.9699,1.0908
65097,110065097,110001052,"2023-02-15","10:23:00",0.593,0.1779,0,300,1,1,"B",0,3,"medium","N",51.497245,3.012815,171.87,10.3,6.0284,1022.82703,NA,61.433,10.7936,-27.7,32.4395,6.8239,1.0302
65098,110065098,110001052,"2023-02-15","10:25:00",0.559,0.1677,1,300,1,1,"B",0,3,"medium","N",51.49295,3.00907,220.96001,9.5,6.0508,1023.28601,NA,198.8007,5.1222,-28.6,32.1896,6.745,0.8484
65099,110065099,110001052,"2023-02-15","10:27:00",0.491,0.1473,0,300,1,1,"B",0,3,"medium","N",51.4898,3.003435,226.92,7.7,6.1507,1023.37299,NA,195.86189,4.9897,-29.2,31.9876,6.7404,0.7878
65100,110065100,110001052,"2023-02-15","10:29:00",0.543,0.1629,0,300,1,1,"B",0,3,"medium","N",51.48667,2.99793,227.64999,8.3,6.053,1023.466,NA,202.1442,5.6033,-29.9,31.8488,6.7585,0.7272
65101,110065101,110001052,"2023-02-15","10:31:00",0.579,0.1737,0,300,1,1,"B",0,3,"medium","N",51.483255,2.99198,226.96001,9.1,6.0869,1023.50897,NA,204.4007,4.924,-29.1,31.7967,6.7709,0.7878
65102,110065102,110001052,"2023-02-15","10:33:00",0.589,0.1767,0,300,1,1,"B",0,3,"medium","N",51.4797,2.98578,227.55,9.4,6.0988,1023.59998,NA,209.1911,4.9287,-26.1,31.7944,6.7953,0.8484
65103,110065103,110001052,"2023-02-15","10:35:00",0.571,0.1713,0,300,1,1,"B",0,3,"medium","N",51.47679,2.978945,227.11,9.5,6.0414,1023.49402,NA,206.36951,4.8275,-30.6,31.8213,6.8292,0.909
65104,110065104,110001052,"2023-02-15","10:37:00",0.609,0.1827,1,300,1,1,"B",0,3,"medium","N",51.477045,2.97144,272.45999,9.6,6.0557,1023.18103,NA,200.1881,5.8846,-31.6,31.8834,6.8421,0.909
65105,110065105,110001052,"2023-02-15","10:39:00",0.65,0.195,0,300,1,1,"B",0,3,"medium","N",51.480415,2.96422,316.72,10.5,6.0111,1023.39203,NA,260.54599,1.3091,-29.7,31.9757,6.8257,0.8484
65106,110065106,110001052,"2023-02-15","10:41:00",0.662,0.1986,0,300,1,1,"B",0,3,"medium","N",51.484475,2.95736,312.98999,10.6,6.0326,1023.35101,NA,195.2355,1.3089,-26.3,31.9688,6.8057,0.8484
65107,110065107,110001052,"2023-02-15","10:43:00",0.662,0.1986,0,300,1,1,"B",0,3,"medium","N",51.488605,2.950485,313.81,10.7,6.0128,1023.33301,NA,192.70081,6.1721,-24.7,31.9369,6.8388,0.909
65108,110065108,110001052,"2023-02-15","11:44:00",0.638,0.1914,0,300,1,1,"C",0,3,"none","N",51.511615,2.911775,314.14001,9.7,6.5177,1023.41101,NA,199.271,6.3498,-34.5,32.6928,7.114,1.2726
65109,110065109,110001052,"2023-02-15","11:46:00",0.668,0.2004,0,300,1,1,"C",0,3,"none","N",51.51567,2.90497,313.45001,10.6,6.5757,1023.271,NA,302.25299,1.0402,-16.1,32.7558,7.1755,1.2726
65110,110065110,110001052,"2023-02-15","11:48:00",0.614,0.1842,0,300,1,1,"C",0,3,"none","N",51.519655,2.8983,314.23999,10.8,6.6123,1023.28998,NA,249.0526,0.8083,-18.8,32.8879,7.2022,1.515
65111,110065111,110001052,"2023-02-15","11:50:00",0.675,0.2025,0,300,1,1,"C",0,3,"none","N",51.52365,2.89157,313.51999,10.8,6.5788,1023.198,NA,274.21509,6.6728,-20,33.0087,7.221,1.7574
65112,110065112,110001052,"2023-02-15","11:52:00",0.678,0.2034,0,300,1,1,"C",0,3,"none","N",51.52785,2.88451,314.26001,10.9,6.5908,1023.25403,NA,252.0585,0.7539,-20.9,33.0744,7.2327,1.6968
65113,110065113,110001052,"2023-02-15","11:54:00",0.668,0.2004,0,300,1,1,"C",0,3,"none","N",51.53202,2.877475,313.37,10.8,6.6709,1023.25403,NA,256.20529,0.4153,-20.1,33.1198,7.2443,1.818
65114,110065114,110001052,"2023-02-15","11:56:00",0.679,0.2037,0,300,1,1,"C",0,3,"none","N",51.536195,2.870435,314.07001,10.8,6.748,1023.22601,NA,249.78081,6.4049,-22.5,33.1465,7.2317,1.7574
65115,110065115,110001052,"2023-02-15","11:58:00",0.676,0.2028,0,300,1,1,"C",0,3,"none","N",51.540395,2.86335,313.73001,10.9,6.7954,1023.33502,NA,197.0791,5.6293,-26.6,33.1387,7.2799,1.7574
65116,110065116,110001052,"2023-02-15","12:00:00",0.674,0.2022,0,300,1,1,"C",0,3,"none","N",51.54459,2.85631,314.03,10.9,6.8404,1023.151,NA,196.1102,1.2255,-30.6,33.1777,7.3095,1.8786
65117,110065117,110001052,"2023-02-15","12:02:00",0.675,0.2025,0,300,1,1,"C",0,3,"none","N",51.54879,2.84929,313.37,10.9,6.8824,1023.14099,NA,196.7547,6.4308,-31.7,33.2509,7.3347,1.9998
65118,110065118,110001052,"2023-02-15","12:04:00",0.673,0.2019,0,300,1,1,"C",0,3,"none","N",51.55297,2.84225,313.94,10.8,6.9526,1023.29401,NA,199.87531,6.2707,-32.4,33.3167,7.3854,2.2422
65119,110065119,110001052,"2023-02-15","12:06:00",0.672,0.2016,0,300,1,1,"C",0,3,"none","N",51.557145,2.83523,314.34,10.8,7.0015,1023.185,NA,195.3768,5.0414,-32.3,33.3956,7.4156,2.2422
65120,110065120,110001052,"2023-02-15","12:08:00",0.674,0.2022,0,300,1,1,"C",0,3,"none","N",51.561325,2.8282,313.64001,10.8,7.0421,1023.26501,NA,197.9111,5.1283,-33.1,33.5,7.4542,2.2422
65121,110065121,110001052,"2023-02-15","12:10:00",0.671,0.2013,0,300,1,1,"C",0,3,"none","N",51.5655,2.821175,313.16,10.8,7.0835,1023.12402,NA,207.5414,4.909,-33.7,33.5595,7.5111,2.424
65122,110065122,110001052,"2023-02-15","12:12:00",0.68,0.204,0,300,1,1,"C",0,3,"none","N",51.569685,2.81411,313.54001,10.9,7.1356,1023.03302,NA,195.0587,4.8562,-31.7,33.6547,7.5624,2.5452
65123,110065123,110001052,"2023-02-15","12:14:00",0.673,0.2019,0,300,1,1,"C",0,3,"none","N",51.573885,2.80704,313.26999,10.8,7.1389,1023.00897,NA,198.9624,5.1859,-28.5,33.7334,7.6357,2.5452
65124,110065124,110001052,"2023-02-15","12:16:00",0.662,0.1986,0,300,1,1,"C",0,3,"none","N",51.578035,2.800075,313.67999,10.7,7.1819,1023.03699,NA,190.82539,5.626,-29.3,33.843,7.6768,2.727
65125,110065125,110001052,"2023-02-15","12:18:00",0.664,0.1992,0,300,1,1,"C",0,3,"none","N",51.58215,2.79315,313.5,10.7,7.2487,1023.047,NA,193.8815,5.4689,-31.7,33.9207,7.7119,2.6664
65126,110065126,110001052,"2023-02-15","12:20:00",0.664,0.1992,0,300,1,1,"C",0,3,"none","N",51.58626,2.786195,314.26999,10.6,7.3346,1022.86298,NA,198.79739,6.0458,-35.7,33.9859,7.7261,2.6664
65127,110065127,110001052,"2023-02-15","12:22:00",0.611,0.1833,0,300,1,1,"C",0,3,"none","N",51.59021,2.779525,313.54999,10.8,7.414,1022.80298,NA,199.59731,6.2138,-34,34.0386,7.7819,3.03
65128,110065128,110001052,"2023-02-15","12:24:00",0.669,0.2007,0,300,1,1,"C",0,3,"none","N",51.594185,2.772845,314.29999,10.8,7.4802,1022.87201,NA,196.4081,5.3999,-28.5,34.0694,7.8039,3.1512
65129,110065129,110001052,"2023-02-15","12:26:00",0.68,0.204,0,300,1,1,"C",0,3,"none","N",51.598365,2.76579,315.31,10.9,7.499,1022.80701,NA,197.9171,6.0445,-17.6,34.1249,7.8588,2.9088
65130,110065130,110001052,"2023-02-15","12:28:00",0.669,0.2007,0,300,1,1,"C",0,3,"none","N",51.60255,2.758735,314.14001,10.8,7.5505,1022.89899,NA,193.1691,4.5669,-25.4,34.2104,7.9209,2.727
65131,110065131,110001052,"2023-02-15","12:30:00",0.67,0.201,0,300,1,1,"C",0,3,"none","N",51.606715,2.75175,312.62,10.7,7.5956,1022.828,NA,193.6375,4.4744,-32.5,34.2687,7.8432,2.727
65132,110065132,110001052,"2023-02-15","12:32:00",0.355,0.1065,0,300,1,1,"C",0,3,"none","N",51.60997,2.746515,313.28,10.9,7.6491,1022.81897,NA,194.92731,4.9354,-36.4,34.253,7.9103,2.8482
65133,110065133,110001052,"2023-02-15","12:33:00",0.604,0.1812,1,300,1,1,"C",0,3,"none","N",51.613805,2.7456,342.5,9.8,7.6953,1023.06897,NA,193.38989,4.4315,-36,34.2343,7.9547,2.6058
65134,110065134,110001052,"2023-02-15","12:35:00",0.642,0.1926,0,300,1,1,"C",0,3,"none","N",51.619225,2.747795,12.68,10.4,7.7672,1023.14001,NA,197.3631,4.6038,-35.3,34.2673,8.0765,2.4846
65135,110065135,110001052,"2023-02-15","12:37:00",0.65,0.195,0,300,1,1,"C",0,3,"none","N",51.624825,2.75022,13.02,10.4,7.8102,1023.13202,NA,199.7323,4.2408,-32.1,34.454,8.0825,2.6058
65136,110065136,110001052,"2023-02-15","12:39:00",0.648,0.1944,0,300,1,1,"C",0,3,"none","N",51.63051,2.75232,13.87,10.5,7.8455,1023.10303,NA,191.8942,4.1993,-34,34.5116,8.0908,2.5452
65137,110065137,110001052,"2023-02-15","12:41:00",0.651,0.1953,0,300,1,1,"C",0,3,"none","N",51.6362,2.7544,13.24,10.5,7.8745,1023.08099,NA,187.7388,3.8386,-29.7,34.5329,8.1046,2.6058
65138,110065138,110001052,"2023-02-15","12:43:00",0.295,0.0885,0,300,1,1,"C",0,3,"none","N",51.640345,2.755905,13.27,10.5,7.8892,1023.06598,NA,190.1722,4.0008,-35.1,34.5538,8.1115,2.6664
65139,110065139,110001052,"2023-02-15","12:44:00",0.547,0.1641,0,300,1,1,"C",0,3,"none","N",51.644045,2.757185,12.97,9.9,7.8763,1023.02301,NA,190.56149,4.2821,-34.9,34.5711,8.1085,2.727
65140,110065140,110001052,"2023-02-15","14:50:00",0.556,0.1668,0,300,1,1,"C",0,3,"none","N",51.679955,2.78094,250.21001,9.3,9.7359,1021.02698,NA,182.42329,5.956,-34.3,34.5912,8.1818,3.939
65141,110065141,110001052,"2023-02-15","14:52:00",0.574,0.1722,0,300,1,1,"C",0,3,"none","N",51.67654,2.775095,218.91,9.1,9.6852,1020.95801,NA,171.42081,6.6559,-34.8,34.6357,8.1737,3.8784
65142,110065142,110001052,"2023-02-15","14:54:00",0.59,0.177,0,300,1,1,"C",0,3,"none","N",51.67209,2.77072,208.49001,9.3,9.4095,1021.14001,NA,176.0224,6.7646,-34.6,34.667,8.1658,4.545
65143,110065143,110001052,"2023-02-15","14:56:00",0.604,0.1812,0,300,1,1,"C",0,3,"none","N",51.66731,2.766805,207.49001,9.6,9.1755,1021.43402,NA,158.3748,4.2337,-36.9,34.6466,8.1505,4.242
65144,110065144,110001052,"2023-02-15","14:58:00",0.671,0.2013,0,300,1,1,"C",0,3,"none","N",51.662195,2.76265,207.19,10.3,9.2573,1021.19897,NA,357.86951,14.2605,-38.6,34.6106,8.1419,4.4238
65145,110065145,110001052,"2023-02-15","15:00:00",0.686,0.2058,0,300,1,1,"C",0,3,"none","N",51.656745,2.75825,206.58,10.9,9.03,1020.91199,NA,158.8774,5.9577,-37,34.6033,8.1041,3.9996
65146,110065146,110001052,"2023-02-15","15:02:00",0.653,0.1959,1,300,1,1,"C",0,3,"none","N",51.651835,2.75282,206.78999,11,8.8405,1021.17603,NA,153.431,5.3623,-35.3,34.5936,8.0786,4.9692
65147,110065147,110001052,"2023-02-15","15:04:00",0.666,0.1998,0,300,1,1,"C",0,3,"none","N",51.648645,2.745085,238.11,10.9,8.7493,1020.789,NA,16.1357,11.5911,-36.5,34.5806,8.0601,5.0298
65148,110065148,110001052,"2023-02-15","15:06:00",0.699,0.2097,0,300,1,1,"C",0,3,"none","N",51.647815,2.73551,267.48001,11.1,8.635,1021.22601,NA,153.69411,5.7643,-31.3,34.5484,8.0844,4.9692
65149,110065149,110001052,"2023-02-15","15:08:00",0.693,0.2079,0,300,1,1,"C",0,3,"none","N",51.64832,2.72547,275.16,11.3,8.556,1021.34003,NA,51.8217,8.9245,-35.3,34.5488,8.0815,5.0298
65150,110065150,110001052,"2023-02-15","15:10:00",0.674,0.2022,0,300,1,1,"C",0,3,"none","N",51.64944,2.715785,275.60001,11.3,8.546,1021.19098,NA,48.1391,9.3894,-35.7,34.5315,8.1158,3.9996
65151,110065151,110001052,"2023-02-15","15:12:00",0.669,0.2007,0,300,1,1,"C",0,3,"none","N",51.651675,2.70682,297.59,10.8,8.6134,1021.41998,NA,165.51109,6.6168,-33.7,34.5504,8.1715,3.3936
65152,110065152,110001052,"2023-02-15","15:14:00",0.678,0.2034,0,300,1,1,"C",0,3,"none","N",51.65452,2.69822,298.23999,10.8,8.7061,1021.49597,NA,172.4566,1.2081,-25.8,34.5803,8.1966,3.4542
65153,110065153,110001052,"2023-02-15","15:16:00",0.685,0.2055,0,300,1,1,"C",0,3,"none","N",51.657395,2.68951,298.16,10.9,8.8067,1021.43799,NA,171.4303,5.7671,-26.2,34.6224,8.2231,3.636
65154,110065154,110001052,"2023-02-15","15:18:00",0.677,0.2031,0,300,1,1,"C",0,3,"none","N",51.660235,2.680775,297.72,11,8.849,1021.47601,NA,166.71159,6.7183,-30.6,34.6717,8.2688,3.636
65155,110065155,110001052,"2023-02-15","15:20:00",0.668,0.2004,1,300,1,1,"C",0,3,"none","N",51.66207,2.671635,288.60999,10.7,8.857,1021.08801,NA,172.2782,6.4597,-31.9,34.6769,8.3271,3.3936
65156,110065156,110001052,"2023-02-15","15:22:00",0.676,0.2028,0,300,1,1,"C",0,3,"none","N",51.663695,2.662345,290.67001,10.7,8.8507,1021.16901,NA,64.5423,9.011,-36.5,34.732,8.3452,4.3632
65157,110065157,110001052,"2023-02-15","15:24:00",0.289,0.0867,1,300,1,1,"C",0,3,"none","N",51.665005,2.65576,295.23001,10.8,8.886,1021.18903,NA,180.95621,5.817,-40.5,34.7615,8.3681,4.545
65158,110065158,110001052,"2023-02-15","15:28:00",0.751,0.2253,0,300,1,1,"C",0,3,"medium","N",51.6568,2.638785,226.49001,11.7,8.9976,1021.41302,NA,178.9028,3.7223,-39.4,34.798,8.3882,6.06
65159,110065159,110001052,"2023-02-15","15:30:00",0.767,0.2301,0,300,1,1,"C",0,3,"medium","N",51.652065,2.63088,226.02,12.2,9.0275,1021.547,NA,29.2803,14.3357,-42.1,34.8107,8.3862,5.2116
65160,110065160,110001052,"2023-02-15","15:32:00",0.768,0.2304,0,300,1,1,"C",0,3,"medium","N",51.647265,2.622905,226.11,12.3,9.0541,1021.59497,NA,28.5164,14.6095,-39.7,34.814,8.4131,4.9086
65161,110065161,110001052,"2023-02-15","15:34:00",0.768,0.2304,0,300,1,1,"C",0,3,"medium","N",51.642455,2.61494,226.08,12.3,8.9962,1021.61102,NA,31.4258,14.939,-39.8,34.8208,8.4316,3.8784
65162,110065162,110001052,"2023-02-15","15:36:00",0.743,0.2229,0,300,1,1,"C",0,3,"medium","N",51.637565,2.607375,225.75,12.3,8.8947,1021.57098,NA,30.7523,16.0183,-40.1,34.826,8.4599,3.2724
65163,110065163,110001052,"2023-02-15","15:38:00",0.643,0.1929,1,300,1,1,"C",0,3,"none","N",51.63263,2.606255,196.14999,10.9,8.7832,1020.94702,NA,77.0342,12.0734,-39.1,34.8425,8.4632,2.9694
65164,110065164,110001052,"2023-02-15","15:40:00",0.705,0.2115,0,300,1,1,"C",0,3,"none","N",51.627955,2.61235,134.8,11.3,8.7543,1021.38,NA,34.7668,7.3854,-38.7,34.8507,8.4334,3.3936
65165,110065165,110001052,"2023-02-15","15:42:00",0.292,0.0876,0,300,1,1,"C",0,3,"none","N",51.6248,2.61747,133.38,10.8,8.8495,1021.21802,NA,38.1593,7.4565,-39.9,34.8603,8.4284,4.6056
65166,110065166,110001052,"2023-02-15","15:43:00",0.64,0.192,0,300,1,1,"C",0,3,"none","N",51.62183,2.622225,139.31,10.4,8.9152,1021.13599,NA,44.2322,7.1751,-39.4,34.8586,8.4314,4.7268
65167,110065167,110001052,"2023-02-15","15:45:00",0.638,0.1914,0,300,1,1,"C",0,3,"none","N",51.61781,2.628825,133.10001,10.2,9.075,1021.32098,NA,213.5775,7.0263,-33.9,34.8678,8.3935,4.848
65168,110065168,110001052,"2023-02-15","15:47:00",0.635,0.1905,0,300,1,1,"C",0,3,"none","N",51.613865,2.635485,133.57001,10.2,9.0767,1021.362,NA,213.9498,5.8862,-37.4,34.8562,8.3592,4.4238
65169,110065169,110001052,"2023-02-15","15:49:00",0.645,0.1935,0,300,1,1,"C",0,3,"none","N",51.609895,2.642175,134.03,10.3,9.273,1020.82001,NA,39.563,9.0421,-39.7,34.8519,8.3507,4.0602
65170,110065170,110001052,"2023-02-15","15:51:00",0.64,0.192,0,300,1,1,"C",0,3,"none","N",51.605905,2.648885,133.99001,10.3,9.3947,1020.64203,NA,200.1019,8.3728,-38.9,34.8292,8.3566,3.8784
65171,110065171,110001052,"2023-02-15","15:53:00",0.635,0.1905,0,300,1,1,"C",0,3,"none","N",51.60195,2.655555,133.61,10.2,9.3742,1020.64301,NA,196.7402,7.6539,-35.4,34.806,8.3211,4.1814
65172,110065172,110001052,"2023-02-15","15:55:00",0.631,0.1893,0,300,1,1,"C",0,3,"none","N",51.59802,2.66218,134.75999,10.2,9.2648,1020.82501,NA,196.0916,6.4554,-31.1,34.8151,8.2764,4.9692
65173,110065173,110001052,"2023-02-15","15:57:00",0.621,0.1863,0,300,1,1,"C",0,3,"none","N",51.594135,2.668725,134.10001,10,9.4494,1020.625,NA,194.8465,7.3336,-28.1,34.801,8.253,4.9086
65174,110065174,110001052,"2023-02-15","15:59:00",0.625,0.1875,0,300,1,1,"C",0,3,"none","N",51.59026,2.675225,132.57001,10,9.2679,1020.81897,NA,188.7726,6.6797,-25.4,34.7862,8.208,5.9994
65175,110065175,110001052,"2023-02-15","16:01:00",0.668,0.2004,0,300,1,1,"C",0,3,"none","N",51.58623,2.681965,134.07001,10.2,9.1725,1020.79498,NA,36.6059,9.736,-21.4,34.7461,8.1675,5.6964
65176,110065176,110001052,"2023-02-15","16:03:00",0.673,0.2019,0,300,1,1,"C",0,3,"none","N",51.58208,2.688995,134.49001,10.9,9.1042,1020.70599,NA,34.5998,9.9633,-34,34.6842,8.1403,5.6358
65177,110065177,110001052,"2023-02-15","16:05:00",0.668,0.2004,0,300,1,1,"C",0,3,"none","N",51.57793,2.696015,133.49001,10.7,9.1066,1020.75098,NA,33.2561,9.8358,-40.7,34.6699,7.9968,5.3934
65178,110065178,110001052,"2023-02-15","16:07:00",0.669,0.2007,0,300,1,1,"C",0,3,"none","N",51.573765,2.702975,132.37,10.7,9.2046,1020.66901,NA,35.1872,9.4033,-38.8,34.6165,7.8944,4.6056
65179,110065179,110001052,"2023-02-15","16:09:00",0.611,0.1833,0,300,1,1,"C",0,3,"none","N",51.56978,2.709645,133.24001,10.7,9.3754,1020.80103,NA,37.7762,10.4741,-38,34.4059,7.9244,4.7268
65180,110065180,110001052,"2023-02-15","16:11:00",0.67,0.201,0,300,1,1,"C",0,3,"none","N",51.565805,2.71634,131.09,10.8,9.2185,1020.60699,NA,34.104,10.7395,-38,34.3382,7.926,4.6056
65181,110065181,110001052,"2023-02-15","16:13:00",0.682,0.2046,0,300,1,1,"C",0,3,"none","N",51.56161,2.723405,132.13,10.9,9.182,1020.76801,NA,37.3473,10.7795,-34.4,34.3277,7.8765,4.4844
65182,110065182,110001052,"2023-02-15","16:15:00",0.68,0.204,0,300,1,1,"C",0,3,"none","N",51.55739,2.730525,134.12,11,9.098,1020.68701,NA,182.6813,7.4396,-27.9,34.2805,7.8343,5.3328
65183,110065183,110001052,"2023-02-15","16:17:00",0.688,0.2064,0,300,1,1,"C",0,3,"none","N",51.55315,2.737675,134.42999,11,9.095,1020.703,NA,191.96899,7.1092,-19.6,34.235,7.7933,5.6964
65184,110065184,110001052,"2023-02-15","16:19:00",0.687,0.2061,0,300,1,1,"C",0,3,"none","N",51.54888,2.744855,134.59,11.1,9.0681,1020.78699,NA,195.0058,7.5946,-21.4,34.1945,7.7705,5.9388
65185,110065185,110001052,"2023-02-15","16:21:00",0.683,0.2049,0,300,1,1,"C",0,3,"none","N",51.54462,2.751995,134.13,11.1,9.1118,1020.81299,NA,38.2579,10.1824,-30.3,34.1498,7.7526,6.3024
65186,110065186,110001052,"2023-02-15","16:23:00",0.669,0.2007,0,300,1,1,"C",0,3,"none","N",51.540415,2.75903,134.16,10.7,9.2591,1020.90399,NA,202.132,7.3141,-33.8,34.1566,7.6234,5.3934
65187,110065187,110001052,"2023-02-15","16:25:00",0.668,0.2004,0,300,1,1,"C",0,3,"none","N",51.536265,2.766005,134.57001,10.7,9.4775,1021.01202,NA,43.4184,9.0597,-33,33.9936,7.5877,4.545
65188,110065188,110001052,"2023-02-15","16:27:00",0.66,0.198,0,300,1,1,"C",0,3,"none","N",51.53215,2.77295,134.52,10.7,9.4048,1021.00201,NA,44.528,8.9553,-29.6,33.9059,7.5336,4.4238
65189,110065189,110001052,"2023-02-15","16:29:00",0.668,0.2004,0,300,1,1,"C",0,3,"none","N",51.528035,2.77989,133.89999,10.7,9.382,1021.17102,NA,45.8005,9.2675,-29.5,33.8108,7.4949,4.3632
65190,110065190,110001052,"2023-02-15","16:31:00",0.674,0.2022,0,300,1,1,"C",0,3,"none","N",51.523875,2.786895,133.12,10.7,9.4525,1021.24402,NA,44.7393,8.9647,-27.4,33.7036,7.4157,3.7572
65191,110065191,110001052,"2023-02-15","16:33:00",0.676,0.2028,0,300,1,1,"C",0,3,"none","N",51.51969,2.793945,133.64999,10.8,9.4601,1021.40503,NA,208.8582,7.8836,-29.5,33.5432,7.3864,3.6966
65192,110065192,110001052,"2023-02-15","16:35:00",0.676,0.2028,0,300,1,1,"C",0,3,"none","N",51.51549,2.800995,133.89999,10.8,9.4933,1021.258,NA,52.3733,9.3842,-29,33.4349,7.3777,3.5148
65193,110065193,110001052,"2023-02-15","16:37:00",0.673,0.2019,0,300,1,1,"C",0,3,"none","N",51.5113,2.808025,133.16,10.8,9.4052,1021.26898,NA,44.6484,9.6365,-27.9,33.4006,7.3487,3.939
65194,110065194,110001052,"2023-02-15","16:39:00",0.622,0.1866,0,300,1,1,"C",0,3,"none","N",51.50727,2.81476,132.34,10.9,9.3678,1020.97601,NA,38.8813,9.0343,-25.9,33.3757,7.3199,3.7572
65195,110065195,110001052,"2023-02-15","16:41:00",0.69,0.207,0,300,1,1,"C",0,3,"none","N",51.50319,2.821595,132.64,11,9.342,1021.237,NA,203.95261,6.7719,-25.6,33.3399,7.3175,3.7572
65196,110065196,110001052,"2023-02-15","16:43:00",0.692,0.2076,0,300,1,1,"C",0,3,"none","N",51.4989,2.82881,133.53,11.1,9.1644,1021.51801,NA,38.4472,8.4636,-24.2,33.2851,7.3024,3.3936
65197,110065197,110001052,"2023-02-15","16:45:00",0.696,0.2088,0,300,1,1,"C",0,3,"none","N",51.494595,2.836055,133.8,11.2,9.0368,1021.07898,NA,41.0979,8.4584,-26.5,33.2424,7.2823,3.7572
65198,110065198,110001052,"2023-02-15","16:47:00",0.689,0.2067,0,300,1,1,"C",0,3,"none","N",51.49031,2.843295,135.42999,11.2,9.1657,1021.492,NA,39.1134,8.1056,-30.1,33.2233,7.2851,3.6966
65199,110065199,110001053,"2023-02-16","11:20:00",0.521,0.1563,0,300,1,1,"C",0,4,"none","N",51.18138,2.67433,164.59,7.9,9.1861,1020.45099,NA,195.37511,NA,-14.6,33.4015,7.0085,NA
65200,110065200,110001053,"2023-02-16","11:22:00",0.241,0.0723,0,300,1,1,"C",0,4,"none","N",51.17836,2.67689,149.53999,8.6,9.3052,1020.35999,NA,195.37511,NA,-13.6,33.401,6.9445,NA
65201,110065201,110001053,"2023-02-16","11:23:00",0.52,0.156,1,300,1,1,"C",0,4,"none","N",51.175165,2.678795,165.92,8.4,9.3503,1020.39203,NA,195.37511,NA,-13.2,33.3668,6.9352,NA
65202,110065202,110001053,"2023-02-16","11:25:00",0.387,0.1161,1,300,1,1,"C",0,4,"none","N",51.171305,2.67908,159.14,7.9,9.5269,1020.30103,NA,195.37511,NA,-12.2,33.3181,6.9314,NA
65203,110065203,110001053,"2023-02-16","11:27:00",0.51,0.153,0,300,1,1,"C",0,4,"none","N",51.16868,2.674885,243.89999,7.2,9.6039,1020.55902,NA,195.37511,NA,-11.2,33.2786,6.8954,NA
65204,110065204,110001053,"2023-02-16","11:29:00",0.301,0.0903,0,300,1,1,"C",0,4,"none","N",51.167205,2.669575,241.67,9,9.7016,1020.29498,NA,195.37511,NA,-10.9,33.2072,6.8715,NA
65205,110065205,110001053,"2023-02-16","11:30:00",0.509,0.1527,1,300,1,1,"C",0,4,"none","N",51.16838,2.66508,262.47,9.1,9.7591,1019.745,NA,195.37511,NA,-10.9,33.1924,6.8822,NA
65206,110065206,110001053,"2023-02-16","11:32:00",0.585,0.1755,0,300,1,1,"C",0,4,"none","N",51.17246,2.660925,342.04999,9.4,9.7013,1020.97803,NA,195.37511,NA,-13.2,33.1826,6.8783,NA
65207,110065207,110001053,"2023-02-16","11:34:00",0.568,0.1704,0,300,1,1,"C",0,4,"none","N",51.17721,2.65763,334.60001,9.3,9.5785,1020.995,NA,195.37511,NA,-14.9,33.2408,6.9081,NA
65208,110065208,110001053,"2023-02-16","11:36:00",0.459,0.1377,1,300,1,1,"C",0,4,"none","N",51.18064,2.653205,336.48999,9.2,9.5274,1020.91901,NA,195.37511,NA,-16.5,33.2951,6.9318,NA
65209,110065209,110001053,"2023-02-16","11:38:00",0.492,0.1476,0,300,1,1,"C",0,4,"none","N",51.180615,2.64737,253.66,7.3,9.6828,1020.091,NA,195.37511,NA,-17.1,33.309,6.9934,NA
65210,110065210,110001053,"2023-02-16","11:40:00",0.396,0.1188,1,300,1,1,"C",0,4,"none","N",51.17774,2.643935,235.25,8.2,9.8422,1020.30499,NA,195.37511,NA,-17.5,33.3703,6.9777,NA
65211,110065211,110001053,"2023-02-16","11:42:00",0.528,0.1584,0,300,1,1,"C",0,4,"none","N",51.17385,2.6452,149.67999,8,9.7614,1020.125,NA,195.37511,NA,-17.4,33.3927,6.9344,NA
65212,110065212,110001053,"2023-02-16","11:44:00",0.612,0.1836,0,300,1,1,"C",0,4,"none","N",51.1692,2.64861,157.23,9.5,9.9008,1020.052,NA,195.37511,NA,-15.9,33.3824,6.9305,NA
65213,110065213,110001053,"2023-02-16","11:46:00",0.341,0.1023,0,300,1,1,"C",0,4,"none","N",51.165255,2.65126,155.91,10.1,10.0495,1019.927,NA,195.37511,NA,-13.3,33.3579,6.9174,NA
65214,110065214,110001053,"2023-02-16","11:47:00",0.53,0.159,1,300,1,1,"C",0,4,"none","N",51.16212,2.64952,165.35001,9.9,10.0913,1019.70203,NA,195.37511,NA,-11.2,33.3192,7.0403,NA
65215,110065215,110001053,"2023-02-16","11:49:00",0.639,0.1917,0,300,1,1,"C",0,4,"none","N",51.159255,2.64269,251.31,10,10.2951,1020.05902,NA,195.37511,NA,-10.7,33.2843,7.1421,NA
65216,110065216,110001053,"2023-02-16","11:51:00",0.646,0.1938,0,300,1,1,"C",0,4,"none","N",51.156925,2.63427,245.85001,10.3,10.5006,1019.95099,NA,195.37511,NA,-10.6,33.3638,7.2931,NA
65217,110065217,110001053,"2023-02-16","11:53:00",0.588,0.1764,0,300,1,1,"C",0,4,"none","N",51.1548,2.62611,246.42999,10.4,10.636,1020.00702,NA,203.60091,NA,-10.6,33.6787,7.2605,NA
65218,110065218,110001053,"2023-02-16","11:55:00",0.649,0.1947,0,300,1,1,"C",0,4,"none","N",51.153605,2.61755,258.09,10.4,10.6943,1019.62201,NA,203.60091,NA,-10.5,33.7362,7.2157,NA
65219,110065219,110001053,"2023-02-16","11:57:00",0.647,0.1941,0,300,1,1,"C",0,4,"none","N",51.152835,2.608365,267.54999,10.6,10.498,1019.67999,NA,203.60091,NA,-12.4,33.7034,7.2107,NA
65220,110065220,110001053,"2023-02-16","11:59:00",0.648,0.1944,0,300,1,1,"C",0,4,"none","N",51.15098,2.599685,249.56,10.4,10.4371,1020.073,NA,203.60091,NA,-14.7,33.6932,7.1775,NA
65221,110065221,110001053,"2023-02-16","12:01:00",0.653,0.1959,0,300,1,1,"C",0,4,"none","N",51.14826,2.59144,242.64,10.4,10.6367,1020.34601,NA,203.60091,NA,-14.8,33.656,7.1484,NA
65222,110065222,110001053,"2023-02-16","12:03:00",0.351,0.1053,0,300,1,1,"C",0,4,"none","N",51.14613,2.585105,241.99001,10.5,10.6496,1020.18402,NA,203.60091,NA,-14.9,33.6247,7.1447,NA
65223,110065223,110001053,"2023-02-16","12:04:00",0.509,0.1527,1,300,1,1,"C",0,4,"none","N",51.14641,2.579625,242.00999,10.5,10.5472,1020.17603,NA,203.60091,NA,-15,33.6116,7.1169,NA
65224,110065224,110001053,"2023-02-16","12:06:00",0.635,0.1905,0,300,1,1,"C",0,4,"none","N",51.15016,2.575035,339.72,9.8,10.351,1020.44,NA,203.60091,NA,-16.5,33.6118,7.0697,NA
65225,110065225,110001053,"2023-02-16","12:08:00",0.538,0.1614,1,300,1,1,"C",0,4,"none","N",51.15432,2.576815,353.47,10.1,10.3045,1020.64099,NA,203.60091,NA,-15.9,33.5909,7.134,NA
65226,110065226,110001053,"2023-02-16","12:10:00",0.635,0.1905,0,300,1,1,"C",0,4,"none","N",51.15692,2.584065,72.33,9.9,10.2093,1020.854,NA,226.22771,NA,-17.8,33.6202,7.0981,NA
65227,110065227,110001053,"2023-02-16","12:12:00",0.583,0.1749,0,300,1,1,"C",0,4,"none","N",51.15915,2.59203,66.35,10.3,10.1534,1020.78003,NA,226.22771,NA,-17.6,33.6125,7.0878,NA
65228,110065228,110001053,"2023-02-16","12:14:00",0.645,0.1935,0,300,1,1,"C",0,4,"none","N",51.161385,2.60007,66.1,10.3,10.1086,1020.72498,NA,226.22771,NA,-17.3,33.5982,7.0706,NA
65229,110065229,110001053,"2023-02-16","12:16:00",0.566,0.1698,0,300,1,1,"C",0,4,"none","N",51.16438,2.60712,65.73,10.3,10.1656,1020.69501,NA,226.22771,NA,-17.2,33.565,7.042,NA
65230,110065230,110001053,"2023-02-16","12:18:00",0.623,0.1869,1,300,1,1,"C",0,4,"none","N",51.16871,2.60797,349.62,9.2,10.2056,1020.10901,NA,228.87781,NA,-17.5,33.492,7.0345,NA
65231,110065231,110001053,"2023-02-16","12:20:00",0.351,0.1053,0,300,1,1,"C",0,4,"none","N",51.17267,2.605005,338.35999,10.5,10.1196,1020.13098,NA,228.87781,NA,-13.3,33.5115,7.0203,NA
65232,110065232,110001053,"2023-02-16","12:21:00",0.514,0.1542,1,300,1,1,"C",0,4,"none","N",51.17433,2.600355,335.57001,10.4,10.1535,1020.12903,NA,228.87781,NA,-9.9,33.4743,7.0294,NA
65233,110065233,110001053,"2023-02-16","12:23:00",0.618,0.1854,0,300,1,1,"C",0,4,"none","N",51.173365,2.592675,239.03,9.4,10.2141,1020.41998,NA,228.87781,NA,-10.4,33.4486,7.1341,NA
65234,110065234,110001053,"2023-02-16","12:25:00",0.581,0.1743,0,300,1,1,"C",0,4,"none","N",51.17114,2.58485,245.85001,10.2,10.0883,1020.32703,NA,228.87781,NA,-10.5,33.5694,7.1857,NA
65235,110065235,110001053,"2023-02-16","12:27:00",0.631,0.1893,0,300,1,1,"C",0,4,"none","N",51.16894,2.57691,246.42,10.3,9.9137,1020.15302,NA,228.87781,NA,-10.3,33.6564,7.2031,NA
65236,110065236,110001053,"2023-02-16","12:29:00",0.314,0.0942,0,300,1,1,"C",0,4,"none","N",51.167225,2.57072,246.37,9.9,10.05,1020.26801,NA,226.1908,NA,-9.8,33.666,7.2658,NA
65237,110065237,110001054,"2023-02-17","08:08:00",0.592,0.1776,0,300,1,1,"B",3,7,"none","N",51.477115,2.91984,313.64999,9.4,8.5843,1014.35199,NA,222.90511,17.4592,-25.2,33.213,7.3351,4.0602
65238,110065238,110001054,"2023-02-17","08:10:00",0.627,0.1881,0,300,1,1,"B",3,7,"none","N",51.48095,2.913565,315.10001,9.6,8.617,1014.77802,NA,227.22301,14.0617,-24.1,33.1839,7.3405,4.0602
65239,110065239,110001054,"2023-02-17","08:12:00",0.645,0.1935,0,300,1,1,"B",3,7,"none","N",51.484935,2.906985,316.85999,10.2,8.5512,1013.16101,NA,296.1525,10.9493,-26.7,33.2048,7.3589,3.8784
65240,110065240,110001054,"2023-02-17","08:14:00",0.644,0.1932,0,300,1,1,"B",3,7,"none","N",51.489025,2.900405,316.5,10.3,8.6324,1013.67603,NA,294.6026,11.4513,-28.9,33.2199,7.4015,3.939
65241,110065241,110001054,"2023-02-17","08:16:00",0.651,0.1953,0,300,1,1,"B",3,7,"none","N",51.49318,2.89387,316.45001,10.4,8.6055,1013.81702,NA,223.09891,15.9076,-31.7,33.318,7.4094,4.0602
65242,110065242,110001054,"2023-02-17","08:18:00",0.642,0.1926,0,300,1,1,"B",3,7,"none","N",51.497365,2.887405,313.81,10.4,8.5868,1014.55701,NA,227.4417,15.2625,-32.3,33.3666,7.3563,NA
65243,110065243,110001054,"2023-02-17","08:20:00",0.578,0.1734,0,300,1,1,"B",3,7,"none","N",51.501335,2.881345,315.57001,10.3,8.5781,1014.30402,NA,221.774,14.1922,-31.6,33.2048,7.3329,NA
65244,110065244,110001054,"2023-02-17","08:22:00",0.617,0.1851,0,300,1,1,"B",3,7,"none","N",51.50518,2.87533,316.47,10.1,8.5431,1014.46899,NA,288.58929,12.0786,-31.5,33.1774,7.3325,1.1514
65245,110065245,110001054,"2023-02-17","08:24:00",0.628,0.1884,0,300,1,1,"B",3,7,"none","N",51.50902,2.8688,311.14001,10,8.5576,1014.04199,NA,221.6777,16.1384,-26.6,33.157,7.3368,0.909
65246,110065246,110001054,"2023-02-17","08:26:00",0.62,0.186,0,300,1,1,"B",3,7,"none","N",51.512765,2.8621,315.60999,10,8.5927,1012.37,NA,216.1636,14.9589,-23.2,33.1396,7.3664,0.9696
65247,110065247,110001054,"2023-02-17","08:28:00",0.636,0.1908,0,300,1,1,"B",3,7,"none","N",51.51653,2.855355,315.60001,10,8.6223,1013.78601,NA,217.3026,14.052,-22.8,33.183,7.3931,1.0302
65248,110065248,110001054,"2023-02-17","08:30:00",0.609,0.1827,0,300,1,1,"B",3,7,"none","N",51.520365,2.848825,311.10999,10.3,8.5894,1015.25897,NA,221.5585,15.8258,-25.3,33.2405,7.4127,NA
65249,110065249,110001054,"2023-02-17","08:32:00",0.616,0.1848,0,300,1,1,"B",3,7,"none","N",51.524015,2.842235,315.59,9.7,8.6541,1013.83502,NA,218.3923,15.8677,-30,33.283,7.4393,0.3636
65250,110065250,110001054,"2023-02-17","08:34:00",0.635,0.1905,0,300,1,1,"B",3,7,"none","N",51.52754,2.83521,308.19,10.3,8.6964,1013.79303,NA,216.2294,15.9511,-26.4,33.4726,7.4399,4.4844
65251,110065251,110001054,"2023-02-17","08:36:00",0.624,0.1872,0,300,1,1,"B",3,7,"none","N",51.531195,2.82828,309.94,10.1,8.6563,1014.63501,NA,45.6813,15.5367,-32.4,33.3874,7.4675,4.9692
65252,110065252,110001054,"2023-02-17","08:38:00",0.623,0.1869,0,300,1,1,"B",3,7,"none","N",51.534855,2.82147,311.72,10.2,8.6993,1014.42297,NA,223.1895,15.3043,-33,33.4123,7.5134,4.7874
65253,110065253,110001054,"2023-02-17","08:40:00",0.634,0.1902,0,300,1,1,"B",3,7,"none","N",51.53854,2.814595,307.95999,10.1,8.7695,1014.08002,NA,218.4593,16.7844,-35.6,33.471,7.6049,5.3934
65254,110065254,110001054,"2023-02-17","08:42:00",0.64,0.192,0,300,1,1,"B",3,7,"none","N",51.5425,2.80797,313.10999,10.5,8.8011,1013.43298,NA,288.70169,12.9387,-34.5,33.6494,7.6396,5.3934
65255,110065255,110001054,"2023-02-17","08:44:00",0.634,0.1902,0,300,1,1,"B",3,7,"none","N",51.54661,2.80157,318.32999,10.2,8.7857,1015.18402,NA,214.8902,14.8539,-32.4,33.7413,7.7119,6.1812
65256,110065256,110001054,"2023-02-17","08:46:00",0.627,0.1881,0,300,1,1,"B",3,7,"none","N",51.55065,2.79518,309.26001,9.8,8.7652,1013.26599,NA,213.0636,16.3992,-36.2,33.8596,7.747,5.9994
65257,110065257,110001054,"2023-02-17","08:48:00",0.636,0.1908,0,300,1,1,"B",3,7,"none","N",51.55465,2.78871,310.76001,10,8.7826,1014.61798,NA,284.92831,12.8286,-35.3,33.9444,7.8361,5.8782
65258,110065258,110001054,"2023-02-17","08:50:00",0.649,0.1947,0,300,1,1,"B",3,7,"none","N",51.558615,2.78197,314.95001,10.4,8.8552,1014.44202,NA,289.7684,11.2842,-33.3,34.0516,7.8892,6.4842
65259,110065259,110001054,"2023-02-17","08:52:00",0.654,0.1962,0,300,1,1,"B",3,7,"none","N",51.56266,2.775175,312.98001,10.7,8.8919,1012.565,NA,299.89819,12.2374,-33.2,34.1548,7.9313,6.363
65260,110065260,110001054,"2023-02-17","08:54:00",0.65,0.195,0,300,1,1,"B",3,7,"none","N",51.56678,2.768485,318.20999,10.4,8.9227,1013.435,NA,301.00821,16.9792,-35.9,34.2533,7.9438,6.6054
65261,110065261,110001054,"2023-02-17","08:56:00",0.638,0.1914,0,300,1,1,"B",3,7,"none","N",51.570815,2.761815,316.60999,10.4,8.9356,1013.73401,NA,285.99039,14.222,-34.7,34.2811,7.9839,6.5448
65262,110065262,110001054,"2023-02-17","08:58:00",0.608,0.1824,0,300,1,1,"B",3,7,"none","N",51.57471,2.755345,312.87,10.2,8.9336,1013.44202,NA,293.6774,12.7073,-23,34.3282,8.0222,6.9084
65263,110065263,110001054,"2023-02-17","09:00:00",0.621,0.1863,0,300,1,1,"B",3,7,"none","N",51.5786,2.749045,317.17999,9.6,8.9447,1013.11902,NA,222.4142,16.444,-18.3,34.2347,8.0515,NA
65264,110065264,110001054,"2023-02-17","09:02:00",0.637,0.1911,0,300,1,1,"B",3,7,"none","N",51.582585,2.742605,310.95001,10.2,8.939,1013.21198,NA,303.11569,11.6826,-25.4,34.4211,8.0879,1.3938
65265,110065265,110001054,"2023-02-17","09:04:00",0.633,0.1899,0,300,1,1,"B",3,7,"none","N",51.586575,2.73605,314.42999,10.2,8.9392,1014.18903,NA,289.64551,10.3488,-33.8,34.4782,8.1293,0.6666
65266,110065266,110001054,"2023-02-17","09:06:00",0.574,0.1722,0,300,1,1,"B",3,7,"none","N",51.590295,2.72971,308.56,10.5,8.9269,1012.737,NA,229.4398,16.4398,-38.7,34.5443,8.1219,0.606
65267,110065267,110001054,"2023-02-17","09:08:00",0.641,0.1923,0,300,1,1,"B",3,7,"none","N",51.593945,2.723185,309.95001,10.3,8.9254,1014.28101,NA,56.0758,16.9527,-40.3,34.5486,8.1821,0.5454
65268,110065268,110001054,"2023-02-17","09:10:00",0.652,0.1956,0,300,1,1,"B",3,7,"none","N",51.59784,2.71625,310.64999,10.5,8.926,1012.10602,NA,289.04141,12.2837,-40.1,34.5686,8.2693,0.606
65269,110065269,110001054,"2023-02-17","09:12:00",0.637,0.1911,0,300,1,1,"B",3,7,"none","N",51.60178,2.709415,311.29999,10.4,8.9242,1012.92102,NA,55.298,15.7528,-46.1,34.6742,8.2684,0.0606
65270,110065270,110001054,"2023-02-17","09:14:00",0.641,0.1923,0,300,1,1,"B",3,7,"none","N",51.605605,2.70252,312.29001,10.1,8.916,1012.25098,NA,219.4976,16.8967,-42.7,34.8421,8.2826,5.3328
65271,110065271,110001054,"2023-02-17","09:16:00",0.633,0.1899,0,300,1,1,"B",3,7,"none","N",51.60936,2.695565,309.79999,10.3,8.8996,1011.961,NA,219.7692,15.2608,-38.2,34.7443,8.302,5.9388
65272,110065272,110001054,"2023-02-17","09:18:00",0.617,0.1851,0,300,1,1,"B",3,7,"none","N",51.613095,2.68881,310.22,10.2,8.8827,1013.73798,NA,60.1903,15.7372,-29.4,34.7254,8.3143,5.757
65273,110065273,110001054,"2023-02-17","09:20:00",0.612,0.1836,0,300,1,1,"B",3,7,"none","N",51.616825,2.682255,312.17001,10.1,8.8406,1014.69501,NA,212.9982,18.9344,-23.8,34.7351,8.3287,6.2418
65274,110065274,110001054,"2023-02-17","09:22:00",0.632,0.1896,0,300,1,1,"B",3,7,"none","N",51.620585,2.6756,311.89001,9.9,8.8454,1012.604,NA,226.57739,14.6473,-22.9,34.7569,8.3627,6.5448
65275,110065275,110001054,"2023-02-17","09:24:00",0.649,0.1947,1,300,1,1,"B",3,7,"none","N",51.624415,2.66868,308.70999,10.4,8.8564,1013.849,NA,55.7102,17.0369,-28.1,34.7814,8.405,5.8782
65276,110065276,110001054,"2023-02-17","09:26:00",0.302,0.0906,0,300,1,1,"B",3,7,"none","N",51.62726,2.663545,311.97,10.6,8.8586,1013.44702,NA,220.8322,17.3729,-35.7,34.8058,8.4483,5.0904
65277,110065277,110001054,"2023-02-17","09:53:00",0.65,0.195,0,300,1,1,"B",3,7,"medium","N",51.59419,2.61609,131.99001,10.7,8.7827,1016.33197,NA,100.1574,11.6015,-37,34.8801,8.4034,4.7874
65278,110065278,110001054,"2023-02-17","09:55:00",0.582,0.1746,0,300,1,1,"B",3,7,"medium","N",51.59039,2.62256,126.08,10.3,8.7724,1016.05701,NA,105.2813,9.4181,-36.1,34.8689,8.3803,5.0298
65279,110065279,110001054,"2023-02-17","09:57:00",0.635,0.1905,0,300,1,1,"B",3,7,"medium","N",51.58652,2.62877,134.84,10.1,8.758,1015.65698,NA,239.8708,18.107,-39.9,34.8446,8.3445,5.5752
65280,110065280,110001054,"2023-02-17","09:59:00",0.664,0.1992,0,300,1,1,"B",3,7,"medium","N",51.58239,2.635395,131.02,10.2,8.7696,1016.55603,NA,241.9989,17.0373,-41.7,34.8357,8.3344,6.1206
65281,110065281,110001054,"2023-02-17","10:01:00",0.663,0.1989,0,300,1,1,"B",3,7,"medium","N",51.57827,2.64232,131.49001,11.3,8.8137,1015.96899,NA,112.408,10.34,-38.7,34.7766,8.379,5.6358
65282,110065282,110001054,"2023-02-17","10:03:00",0.717,0.2151,0,300,1,1,"B",3,7,"medium","N",51.573995,2.649545,137.41,10.8,8.8691,1015.44702,NA,233.91431,18.5402,-35.7,34.7622,8.3661,5.3328
65283,110065283,110001054,"2023-02-17","10:05:00",0.614,0.1842,0,300,1,1,"B",3,7,"medium","N",51.56985,2.656485,135.5,10.9,8.9216,1016.495,NA,234.8362,17.9244,-29.6,34.7716,8.3321,5.2116
65284,110065284,110001054,"2023-02-17","10:07:00",0.659,0.1977,0,300,1,1,"B",3,7,"medium","N",51.56589,2.663125,127.39,10.8,8.9529,1016.435,NA,232.8625,17.2614,-19.9,34.7487,8.3017,5.5146
65285,110065285,110001054,"2023-02-17","10:09:00",0.63,0.189,0,300,1,1,"B",3,7,"medium","N",51.56189,2.669855,136.14999,10.9,9.0061,1016.94897,NA,120.7599,14.7092,-33.2,34.6971,8.2937,5.6358
65286,110065286,110001054,"2023-02-17","10:11:00",0.646,0.1938,0,300,1,1,"B",3,7,"medium","N",51.557955,2.67655,129.66,9.6,9.0273,1016.98102,NA,118.0167,12.8277,-43,34.6889,8.2661,5.3934
65287,110065287,110001054,"2023-02-17","10:13:00",0.657,0.1971,0,300,1,1,"B",3,7,"medium","N",51.55414,2.68367,131.39,10.9,9.0932,1016.56897,NA,112.838,13.8154,-39.3,34.6804,8.2568,5.0904
65288,110065288,110001054,"2023-02-17","10:15:00",0.652,0.1956,0,300,1,1,"B",3,7,"medium","N",51.550545,2.69115,127.65,10.8,9.0949,1016.67102,NA,120.4508,9.8017,-38.7,34.6162,8.2405,5.151
65289,110065289,110001054,"2023-02-17","10:17:00",0.659,0.1977,0,300,1,1,"B",3,7,"medium","N",51.54692,2.698615,130.36,10.5,9.1639,1016.80603,NA,125.3206,11.8008,-38,34.5935,8.2259,4.7874
65290,110065290,110001054,"2023-02-17","10:19:00",0.667,0.2001,0,300,1,1,"B",3,7,"medium","N",51.54315,2.70603,130.82001,10.8,9.1451,1016.52301,NA,124.3321,13.1066,-36.4,34.5859,8.2026,4.7268
65291,110065291,110001054,"2023-02-17","10:21:00",0.676,0.2028,0,300,1,1,"B",3,7,"medium","N",51.53932,2.713525,130.73,11.1,9.1682,1016.93298,NA,111.9546,10.0979,-34.9,34.5813,8.1878,4.7874
65292,110065292,110001054,"2023-02-17","10:23:00",0.668,0.2004,0,300,1,1,"B",3,7,"medium","N",51.53551,2.72106,126.36,10.9,9.209,1016.88898,NA,120.7419,13.4428,-30.9,34.5611,8.1666,4.6662
65293,110065293,110001054,"2023-02-17","10:25:00",0.686,0.2058,0,300,1,1,"B",3,7,"medium","N",51.531685,2.728665,130.87,11,9.2044,1016.53003,NA,240.789,17.7846,-22.5,34.5443,8.1246,4.9086
65294,110065294,110001054,"2023-02-17","10:27:00",0.672,0.2016,0,300,1,1,"B",3,7,"medium","N",51.527855,2.736295,129.3,11.1,9.1942,1017.47998,NA,107.1914,9.8993,-35.3,34.5159,8.1022,4.4238
65295,110065295,110001054,"2023-02-17","10:29:00",0.677,0.2031,0,300,1,1,"B",3,7,"medium","N",51.524015,2.743825,134.12,10.3,9.1669,1016.98102,NA,112.642,11.6446,-33.4,34.4976,8.0503,4.6662
65296,110065296,110001054,"2023-02-17","10:31:00",0.669,0.2007,0,300,1,1,"B",3,7,"medium","N",51.520045,2.75115,135.00999,11,9.1991,1017.33801,NA,238.718,16.8141,-36,34.4421,8.0071,4.4844
65297,110065297,110001054,"2023-02-17","10:33:00",0.639,0.1917,0,300,1,1,"B",3,7,"medium","N",51.51588,2.757795,131.53999,10.5,9.1814,1016.36902,NA,115.8191,13.7127,-32.2,34.3957,7.9453,4.1208
65298,110065298,110001054,"2023-02-17","10:35:00",0.631,0.1893,0,300,1,1,"B",3,7,"medium","N",51.51156,2.76378,141.34,10.3,9.1784,1016.82898,NA,240.15089,18.1363,-36.7,34.3113,7.9063,4.0602
65299,110065299,110001054,"2023-02-17","10:37:00",0.643,0.1929,0,300,1,1,"B",3,7,"medium","N",51.50719,2.769715,140.8,10.6,9.1836,1015.83698,NA,111.508,16.5662,-31.9,34.2563,7.8774,4.0602
65300,110065300,110001054,"2023-02-17","10:39:00",0.636,0.1908,0,300,1,1,"B",3,7,"medium","N",51.5029,2.77585,137.96001,10.2,9.1985,1016.61102,NA,116.7512,15.1863,-26,34.2015,7.8907,4.1814
65301,110065301,110001054,"2023-02-17","10:41:00",0.647,0.1941,0,300,1,1,"B",3,7,"medium","N",51.49865,2.7821,142.00999,10.3,9.2069,1017.22302,NA,117.5201,11.6962,-26.2,34.2128,7.8361,4.3026
65302,110065302,110001054,"2023-02-17","10:43:00",0.65,0.195,0,300,1,1,"B",3,7,"medium","N",51.494345,2.788405,137.08,10.5,9.2213,1016.19501,NA,112.4784,15.2253,-27.2,34.1718,7.8012,4.3632
65303,110065303,110001054,"2023-02-17","10:45:00",0.636,0.1908,0,300,1,1,"B",3,7,"medium","N",51.490075,2.794655,135.25,10.4,9.1786,1016.34802,NA,121.9356,11.49,-25.5,34.1041,7.7639,4.6662
65304,110065304,110001054,"2023-02-17","10:47:00",0.587,0.1761,0,300,1,1,"B",3,7,"medium","N",51.485985,2.80055,134.37,10.1,9.2084,1017.14697,NA,231.96001,16.0303,-24.8,34.0726,7.7483,4.7268
65305,110065305,110001054,"2023-02-17","10:49:00",0.653,0.1959,0,300,1,1,"B",3,7,"medium","N",51.48191,2.806645,132.95,10.8,9.1256,1017.72498,NA,239.5303,15.6207,-29.6,34.0362,7.7039,4.545
65306,110065306,110001054,"2023-02-17","10:51:00",0.656,0.1968,0,300,1,1,"B",3,7,"medium","N",51.47766,2.813165,134.36,10.5,9.1434,1017.10199,NA,238.6026,19.0408,-31,34.013,7.6404,4.4844
65307,110065307,110001054,"2023-02-17","10:53:00",0.667,0.2001,0,300,1,1,"B",3,7,"medium","N",51.47336,2.81975,134.31,10.8,9.1321,1017.34302,NA,117.7677,13.6413,-34.2,33.9021,7.6147,4.3632
65308,110065308,110001054,"2023-02-17","10:55:00",0.648,0.1944,0,300,1,1,"B",3,7,"medium","N",51.469095,2.826315,132.06,10.7,9.0808,1017.28802,NA,235.5977,17.7786,-30.8,33.8641,7.5614,4.3632
65309,110065309,110001054,"2023-02-17","10:57:00",0.656,0.1968,0,300,1,1,"B",3,7,"medium","N",51.46483,2.83276,130.78,10.5,9.0511,1017.40802,NA,236.283,18.9879,-27.5,33.7735,7.5386,4.545
65310,110065310,110001054,"2023-02-17","10:59:00",0.653,0.1959,0,300,1,1,"B",3,7,"medium","N",51.460525,2.83918,135.92999,10.7,9.0246,1017.41199,NA,236.6053,16.2323,-31.5,33.7307,7.505,4.4844
65311,110065311,110001054,"2023-02-17","11:01:00",0.658,0.1974,0,300,1,1,"B",3,7,"medium","N",51.45617,2.845535,137.17,10.8,9.0237,1017.03998,NA,114.4141,11.9695,-24.6,33.6733,7.4532,4.4844
65312,110065312,110001054,"2023-02-17","11:03:00",0.654,0.1962,0,300,1,1,"B",3,7,"medium","N",51.45177,2.851825,134.45,10.2,9.0364,1017.64301,NA,119.8277,13.6779,-20.3,33.574,7.4057,4.3632
65313,110065313,110001054,"2023-02-17","11:05:00",0.655,0.1965,0,300,1,1,"B",3,7,"medium","N",51.447415,2.858165,137.28999,10.6,9.0371,1016.39301,NA,114.0762,14.939,-20.9,33.4783,7.3897,4.242
65314,110065314,110001054,"2023-02-17","11:07:00",0.662,0.1986,0,300,1,1,"B",3,7,"medium","N",51.44306,2.864585,138.41,10.8,9.0069,1017.59302,NA,237.33611,17.7814,-27.4,33.4149,7.4102,3.7572
65315,110065315,110001054,"2023-02-17","11:09:00",0.671,0.2013,0,300,1,1,"B",3,7,"medium","N",51.43866,2.87109,135.45,10.6,8.9929,1017.71002,NA,122.5258,10.6744,-26.9,33.4477,7.3736,3.5754
65316,110065316,110001054,"2023-02-17","11:11:00",0.664,0.1992,0,300,1,1,"B",3,7,"medium","N",51.43433,2.877735,136.8,10.6,8.9771,1016.99103,NA,118.0913,12.4482,-30.9,33.4091,7.3268,3.4542
65317,110065317,110001054,"2023-02-17","11:13:00",0.665,0.1995,0,300,1,1,"B",3,7,"medium","N",51.430065,2.884435,135.42,10.9,9.0136,1017.31702,NA,237.27341,16.8462,-28.5,33.3095,7.3107,3.4542
65318,110065318,110001055,"2023-04-19","10:05:00",0.632,0.1896,0,300,1,1,"D",2,4,"none",NA,51.401055,3.098025,272.17001,10.4,10.1887,1024.08105,NA,134.61189,8.5262,-20.7,32.0189,10.1486,1.515
65319,110065319,110001055,"2023-04-19","10:07:00",0.621,0.1863,0,300,1,1,"D",2,4,"none",NA,51.4026,3.089475,290.56,9.9,10.1388,1023.84399,NA,48.7208,9.2554,-20.7,32.051,10.1252,1.515
65320,110065320,110001055,"2023-04-19","10:09:00",0.619,0.1857,0,300,1,1,"D",2,4,"none",NA,51.40549,3.0819,298.62,10.1,10.1659,1023.711,NA,44.4657,9.892,-20.3,32.0813,10.117,1.5756
65321,110065321,110001055,"2023-04-19","10:11:00",0.612,0.1836,0,300,1,1,"D",2,4,"none",NA,51.40957,3.07618,317.45999,9.9,10.2082,1023.59399,NA,44.3347,8.9252,-17.6,32.2022,10.1052,1.515
65322,110065322,110001055,"2023-04-19","10:13:00",0.624,0.1872,0,300,1,1,"D",2,4,"none",NA,51.41461,3.07253,333.01001,10,10.1621,1023.31799,NA,46.3715,9.6057,-14.7,32.253,10.087,1.515
65323,110065323,110001055,"2023-04-19","10:15:00",0.639,0.1917,0,300,1,1,"D",2,4,"none",NA,51.419985,3.06962,341.60001,10.2,10.1833,1023.23297,NA,110.4591,14.1075,-15,32.2915,10.0791,1.3938
65324,110065324,110001055,"2023-04-19","10:17:00",0.286,0.0858,0,300,1,1,"D",2,4,"none",NA,51.423935,3.067565,341.54999,10.3,10.2186,1023.39301,NA,48.2189,9.0637,-13,32.3571,10.085,1.2726
65325,110065325,110001055,"2023-04-19","10:18:00",0.633,0.1899,1,300,1,1,"D",2,4,"none",NA,51.427975,3.06631,348.85001,10.2,10.218,1022.98798,NA,108.3785,14.1299,-12.4,32.3726,10.0844,1.3332
65326,110065326,110001055,"2023-04-19","10:20:00",0.623,0.1869,0,300,1,1,"D",2,4,"none",NA,51.43356,3.065055,351.64999,10.2,10.1959,1022.63599,NA,55.1118,10.9836,-10.9,32.4765,10.0618,1.0908
65327,110065327,110001055,"2023-04-19","10:22:00",0.633,0.1899,0,300,1,1,"D",2,4,"none",NA,51.439145,3.063815,351.62,10.1,10.2439,1022.53302,NA,111.9855,15.2738,-11.5,32.4414,10.0547,1.0302
65328,110065328,110001055,"2023-04-19","10:24:00",0.629,0.1887,0,300,1,1,"D",2,4,"none",NA,51.444775,3.062805,353.82001,10.1,10.283,1022.69702,NA,114.4099,15.3585,-11.8,32.5047,10.0182,0.9696
65329,110065329,110001055,"2023-04-19","10:26:00",0.638,0.1914,0,300,1,1,"D",2,4,"none",NA,51.450445,3.062015,354.51001,10.2,10.3282,1022.48999,NA,48.8061,10.4018,-13.6,32.6482,10.0039,0.8484
65330,110065330,110001055,"2023-04-19","10:28:00",0.641,0.1923,0,300,1,1,"D",2,4,"none",NA,51.45618,3.061645,355.16,10.2,10.431,1022.69098,NA,51.4559,8.8553,-14.8,32.7547,9.9781,0.7272
65331,110065331,110001055,"2023-04-19","10:30:00",0.645,0.1935,0,300,1,1,"D",2,4,"none",NA,51.46195,3.06196,3.31,10.4,10.3566,1022.75299,NA,55.2579,9.1065,-15.1,32.8028,9.9673,0.7272
65332,110065332,110001055,"2023-04-19","10:32:00",0.652,0.1956,0,300,1,1,"D",2,4,"none",NA,51.46775,3.062795,4.87,10.4,10.3196,1022.87598,NA,57.3271,8.8121,-18.9,32.849,9.9878,0.6666
65333,110065333,110001055,"2023-04-19","10:34:00",0.673,0.2019,0,300,1,1,"D",2,4,"none",NA,51.473655,3.063985,7.98,10.6,10.421,1022.91699,NA,44.8871,7.6448,-21.3,32.9037,9.9714,0.606
65334,110065334,110001055,"2023-04-19","10:36:00",0.676,0.2028,0,300,1,1,"D",2,4,"none",NA,51.479605,3.065735,8.04,10.8,10.3214,1022.66803,NA,57.6288,9.2877,-23.7,32.9337,9.9649,0.7272
65335,110065335,110001055,"2023-04-19","10:38:00",0.673,0.2019,0,300,1,1,"D",2,4,"none",NA,51.48544,3.068335,15.8,10.8,10.2306,1022.65399,NA,50.4317,8.3554,-24.4,32.988,9.9722,0.6666
65336,110065336,110001055,"2023-04-19","10:40:00",0.674,0.2022,0,300,1,1,"D",2,4,"none",NA,51.49107,3.07186,20.64,10.9,10.2616,1022.776,NA,50.3172,7.292,-24.8,33.0034,9.9765,0.7272
65337,110065337,110001055,"2023-04-19","10:42:00",0.683,0.2049,0,300,1,1,"D",2,4,"none",NA,51.4965,3.076295,25.66,10.9,10.3518,1022.78998,NA,51.4753,7.8983,-24.1,32.9864,9.9525,0.8484
65338,110065338,110001055,"2023-04-19","10:44:00",0.619,0.1857,0,300,1,1,"D",2,4,"none",NA,51.501505,3.081135,35.34,11,10.1108,1022.79901,NA,54.8401,9.291,-24.1,32.9755,9.9651,0.7878
65339,110065339,110001055,"2023-04-19","10:46:00",0.654,0.1962,0,300,1,1,"D",2,4,"none",NA,51.50676,3.083895,12.95,10.2,10.057,1022.742,NA,46.6058,8.4062,-23.9,32.9829,9.9667,0.7878
65340,110065340,110001055,"2023-04-19","10:48:00",0.676,0.2028,0,300,1,1,"D",2,4,"none",NA,51.512725,3.084365,2.26,10.8,10.0508,1023.06,NA,45.5233,7.9542,-25,33.0006,9.9601,0.909
65341,110065341,110001055,"2023-04-19","10:50:00",0.688,0.2064,0,300,1,1,"D",2,4,"none",NA,51.51885,3.084635,1.1,10.9,10.0388,1023.02197,NA,49.3936,7.2522,-27.5,33.0191,9.9901,0.8484
65342,110065342,110001055,"2023-04-19","10:52:00",0.692,0.2076,0,300,1,1,"D",2,4,"none",NA,51.525045,3.084895,1.97,11.1,10.0942,1022.90601,NA,51.9814,7.0813,-29.1,33.0642,10.0011,0.7878
65343,110065343,110001055,"2023-04-19","10:54:00",0.685,0.2055,0,300,1,1,"D",2,4,"none",NA,51.531225,3.084885,2.57,11.3,10.1284,1022.61499,NA,54.3108,8.6564,-29.9,33.0898,10.0251,0.8484
65344,110065344,110001055,"2023-04-19","10:56:00",0.64,0.192,0,300,1,1,"D",2,4,"none",NA,51.53672,3.082235,343.98001,10.8,10.1645,1023.06799,NA,47.1503,7.5307,-29.8,33.3571,10.0041,1.0302
65345,110065345,110001055,"2023-04-19","10:58:00",0.344,0.1032,0,300,1,1,"D",2,4,"none",NA,51.54013,3.077835,312.17999,10.2,10.1363,1023.73102,NA,92.6883,12.3896,-30.1,33.4674,9.9452,1.1514
65346,110065346,110001055,"2023-04-19","10:59:00",0.637,0.1911,1,300,1,1,"D",2,4,"none",NA,51.54307,3.072565,311.07999,10,10.138,1023.78198,NA,89.2069,13.3749,-32,33.4831,9.9422,1.1514
65347,110065347,110001055,"2023-04-19","11:01:00",0.636,0.1908,0,300,1,1,"D",2,4,"none",NA,51.546975,3.06585,313.16,10.4,10.1947,1023.65503,NA,94.4888,13.2434,-33.8,33.5792,9.9048,1.212
65348,110065348,110001055,"2023-04-19","11:03:00",0.288,0.0864,0,300,1,1,"D",2,4,"none",NA,51.549825,3.060995,314.20001,10.3,10.2163,1023.68597,NA,90.9059,11.8206,-26.1,33.6319,9.8917,0.9696
65349,110065349,110001055,"2023-04-19","11:04:00",0.621,0.1863,0,300,1,1,"D",2,4,"none",NA,51.552645,3.05624,312.01001,10.1,10.2416,1023.84998,NA,92.1562,13.8992,-24.1,33.6738,9.8755,0.9696
65350,110065350,110001055,"2023-04-19","11:06:00",0.627,0.1881,0,300,1,1,"D",2,4,"none",NA,51.55652,3.049725,313.60999,10.1,10.2746,1023.69501,NA,35.8735,9.0487,-19.7,33.6982,9.8706,0.909
65351,110065351,110001055,"2023-04-19","11:08:00",0.643,0.1929,0,300,1,1,"D",2,4,"none",NA,51.56047,3.04311,315,10.2,10.0305,1023.44,NA,86.2145,15.0405,-27.3,33.7364,9.899,0.9696
65352,110065352,110001055,"2023-04-19","11:10:00",0.65,0.195,0,300,1,1,"D",2,4,"none",NA,51.56448,3.03635,314,10.4,9.9288,1023.49902,NA,38.6961,9.3083,-35.9,33.7798,9.8529,0.9696
65353,110065353,110001055,"2023-04-19","11:12:00",0.647,0.1941,0,300,1,1,"D",2,4,"none",NA,51.568485,3.029545,313.34,10.5,9.9061,1023.54303,NA,92.3833,14.4424,-34.7,33.8073,9.8407,0.9696
65354,110065354,110001055,"2023-04-19","11:14:00",0.619,0.1857,0,300,1,1,"D",2,4,"none",NA,51.5724,3.022915,312.53,10.3,9.9243,1023.49597,NA,91.4808,15.1375,-20.1,33.8399,9.8389,1.0908
65355,110065355,110001055,"2023-04-19","11:16:00",0.622,0.1866,0,300,1,1,"D",2,4,"none",NA,51.576255,3.01644,314.07001,9.9,9.9563,1023.56799,NA,40.5011,10.2496,-16.5,33.8778,9.8382,1.1514
65356,110065356,110001055,"2023-04-19","11:18:00",0.638,0.1914,0,300,1,1,"D",2,4,"none",NA,51.58017,3.009865,314.45001,10.1,10.0123,1023.71802,NA,41.9758,9.5386,-20.5,33.9021,9.8447,1.1514
65357,110065357,110001055,"2023-04-19","11:20:00",0.648,0.1944,0,300,1,1,"D",2,4,"none",NA,51.584165,3.00315,313.28,10.4,10.0182,1023.55103,NA,92.7225,14.3974,-26.2,33.9535,9.8401,1.1514
65358,110065358,110001055,"2023-04-19","11:22:00",0.648,0.1944,0,300,1,1,"D",2,4,"none",NA,51.5882,2.9964,313.20999,10.4,10.0094,1023.41803,NA,37.1141,8.9776,-29.5,34.0165,9.8649,1.0908
65359,110065359,110001055,"2023-04-19","11:24:00",0.652,0.1956,0,300,1,1,"D",2,4,"none",NA,51.592235,2.989605,313.42001,10.5,10.0131,1023.37701,NA,47.8174,10.0526,-32.4,34.1029,9.8397,1.0302
65360,110065360,110001055,"2023-04-19","11:26:00",0.655,0.1965,0,300,1,1,"D",2,4,"none",NA,51.59628,2.982755,313.72,10.6,9.9976,1023.52802,NA,86.0426,14.2336,-35,34.1568,9.8351,0.9696
65361,110065361,110001055,"2023-04-19","11:28:00",0.648,0.1944,0,300,1,1,"D",2,5,"none",NA,51.600315,2.97593,316.54999,10.4,9.9301,1023.55902,NA,93.0522,15.3855,-32.6,34.2041,9.8014,0.6666
65362,110065362,110001055,"2023-04-19","11:30:00",0.599,0.1797,0,300,1,1,"D",2,5,"none",NA,51.60418,2.9694,315.82001,10.6,9.9332,1023.53601,NA,95.0248,15.6148,-36.4,34.2267,9.7428,0.606
65363,110065363,110001055,"2023-04-19","11:32:00",0.655,0.1965,0,300,1,1,"D",2,5,"none",NA,51.60807,2.96284,315.26999,10.8,9.9024,1023.38,NA,96.6063,15.9886,-38.4,34.2738,9.7913,0.5454
65364,110065364,110001055,"2023-04-19","11:34:00",0.65,0.195,0,300,1,1,"D",2,5,"none",NA,51.612115,2.95601,313.89001,10.4,9.9325,1023.67401,NA,91.3124,14.6512,-32.1,34.3897,9.843,0.7272
65365,110065365,110001055,"2023-04-19","11:36:00",0.657,0.1971,0,300,1,1,"D",2,5,"none",NA,51.616165,2.949165,314.14999,10.4,9.9228,1023.453,NA,90.0229,15.6057,-36.8,34.4194,9.8438,0.909
65366,110065366,110001055,"2023-04-19","11:38:00",0.653,0.1959,0,300,1,1,"D",2,5,"none",NA,51.620175,2.942225,314.17001,10.7,9.9199,1023.31201,NA,94.3383,15.2564,-37,34.4521,9.8386,0.8484
65367,110065367,110001055,"2023-04-19","11:40:00",0.627,0.1881,0,300,1,1,"D",2,5,"none",NA,51.623485,2.934735,299.82001,10.2,9.8599,1023.461,NA,161.2905,13.6462,-25.3,34.4747,9.8463,0.7878
65368,110065368,110001055,"2023-04-19","11:42:00",0.651,0.1953,0,300,1,1,"D",2,5,"none",NA,51.626825,2.927315,314.32999,10.1,9.8241,1023.62402,NA,93.6138,15.2903,-24.8,34.4754,9.8088,0.909
65369,110065369,110001055,"2023-04-19","11:44:00",0.648,0.1944,0,300,1,1,"D",2,5,"none",NA,51.6308,2.920435,312.5,10.3,9.8286,1023.38898,NA,54.9403,10.7572,-26.9,34.4727,9.8122,0.909
65370,110065370,110001055,"2023-04-19","11:46:00",0.653,0.1959,0,300,1,1,"D",2,5,"none",NA,51.63475,2.91349,312.35999,10.4,9.8397,1023.354,NA,46.4559,10.5895,-28.3,34.475,9.818,0.8484
65371,110065371,110001055,"2023-04-19","11:48:00",0.648,0.1944,0,300,1,1,"D",2,5,"none",NA,51.6387,2.906545,312.76001,10.6,9.866,1023.396,NA,99.4695,16.9299,-31.5,34.4871,9.8014,0.8484
65372,110065372,110001055,"2023-04-19","11:50:00",0.649,0.1947,0,300,1,1,"D",2,5,"none",NA,51.642595,2.89956,313.39001,10.5,9.8697,1023.41602,NA,97.6438,15.6305,-32.9,34.4904,9.8098,0.8484
65373,110065373,110001055,"2023-04-19","11:52:00",0.654,0.1962,0,300,1,1,"D",2,5,"none",NA,51.64639,2.89238,309.10999,10.4,9.8961,1023.46997,NA,99.6168,15.0015,-33.1,34.5071,9.8239,0.8484
65374,110065374,110001055,"2023-04-19","11:54:00",0.651,0.1953,0,300,1,1,"D",2,5,"none",NA,51.650135,2.885115,312.22,10.5,9.8788,1023.34998,NA,98.1714,15.6754,-32.8,34.5494,9.7932,0.8484
65375,110065375,110001055,"2023-04-19","11:56:00",0.666,0.1998,0,300,1,1,"D",2,5,"none",NA,51.65394,2.87782,311.85001,10.6,9.8965,1023.51703,NA,49.5145,11.5304,-34.8,34.5828,9.7757,0.9696
65376,110065376,110001055,"2023-04-19","11:58:00",0.653,0.1959,0,300,1,1,"D",2,5,"none",NA,51.65776,2.870525,310.81,10.7,9.9053,1023.47998,NA,96.1681,14.8321,-35.3,NA,NA,0.9696
65377,110065377,110001055,"2023-04-19","12:00:00",0.658,0.1974,0,300,1,1,"D",2,5,"none",NA,51.66157,2.86329,309.14999,10.4,9.8945,1023.237,NA,50.1913,13.1301,-33.2,34.653,9.7719,0.7272
65378,110065378,110001055,"2023-04-19","12:02:00",0.664,0.1992,0,300,1,1,"D",2,5,"none",NA,51.66549,2.8561,314.10001,10.8,9.9282,1023.26898,NA,98.5723,16.4132,-36.2,34.6819,9.7657,0.6666
65379,110065379,110001055,"2023-04-19","12:04:00",0.662,0.1986,0,300,1,1,"D",2,5,"none",NA,51.66949,2.84898,312.04001,10.5,9.9236,1023.453,NA,97.4587,16.6891,-36.8,34.6971,9.7975,0.7272
65380,110065380,110001055,"2023-04-19","12:06:00",0.665,0.1995,0,300,1,1,"D",2,5,"none",NA,51.67347,2.841825,310.48001,11,9.9857,1023.17603,NA,95.2477,16.5955,-34.7,34.7226,9.8389,0.6666
65381,110065381,110001055,"2023-04-19","12:08:00",0.66,0.198,0,300,1,1,"D",2,5,"none",NA,51.677425,2.83465,309.03,10.8,9.9535,1023.66302,NA,99.102,16.1393,-40.2,34.7434,9.8342,0.6666
65382,110065382,110001055,"2023-04-19","12:10:00",0.655,0.1965,0,300,1,1,"D",2,5,"none",NA,51.681365,2.827545,313.04999,10.5,9.8961,1023.37701,NA,45.8971,11.4052,-37.1,34.7649,9.8287,0.7272
65383,110065383,110001055,"2023-04-19","12:12:00",0.646,0.1938,0,300,1,1,"D",2,5,"none",NA,51.68529,2.820555,311.32999,10.2,9.8195,1023.24402,NA,96.7736,18.1922,-34.2,34.7861,9.8229,0.7272
65384,110065384,110001055,"2023-04-19","12:14:00",0.634,0.1902,0,300,1,1,"D",2,5,"none",NA,51.68916,2.81369,308.17999,10.3,9.8216,1023.45001,NA,98.7666,16.0571,-27.4,34.802,9.8367,0.7272
65385,110065385,110001055,"2023-04-19","12:16:00",0.641,0.1923,0,300,1,1,"D",2,5,"none",NA,51.69298,2.806805,314.98999,10.4,9.8205,1023.31299,NA,40.8067,9.9259,-23.3,34.8131,9.8228,0.7878
65386,110065386,110001055,"2023-04-19","12:18:00",0.651,0.1953,0,300,1,1,"D",2,5,"none",NA,51.696855,2.79984,313.20001,10.3,9.8101,1023.41498,NA,96.6983,18.4724,-26.4,34.8313,9.851,0.909
65387,110065387,110001055,"2023-04-19","12:20:00",0.591,0.1773,0,300,1,1,"D",2,5,"none",NA,51.7005,2.793035,308.98001,10.4,9.77,1023.34998,NA,94.8587,16.2556,-33.2,34.8563,9.85,0.909
65388,110065388,110001055,"2023-04-19","12:22:00",0.66,0.198,0,300,1,1,"D",2,5,"none",NA,51.704065,2.786025,311.32001,10.6,9.7843,1023.82202,NA,46.7726,13.4391,-37.8,34.8864,9.8725,0.909
65389,110065389,110001055,"2023-04-19","12:24:00",0.66,0.198,0,300,1,1,"D",2,5,"none",NA,51.707805,2.7786,309.91,10.8,9.7306,1023.44598,NA,100.748,17.2917,-36,34.9163,9.878,0.8484
65390,110065390,110001055,"2023-04-19","12:26:00",0.64,0.192,0,300,1,1,"D",2,5,"none",NA,51.71053,2.770445,303.37,10.5,9.7564,1023.60498,NA,176.2903,15.9908,-40,34.9275,9.8891,0.909
65391,110065391,110001055,"2023-04-19","12:28:00",0.625,0.1875,0,300,1,1,"D",2,5,"none",NA,51.711565,2.7615,280.28,10.1,9.7416,1024.08997,NA,168.7838,12.7722,-41.6,34.9341,9.8874,0.909
65392,110065392,110001055,"2023-04-19","12:30:00",0.627,0.1881,0,300,1,1,"D",2,5,"none",NA,51.711875,2.75244,277.23001,10.3,9.8002,1024.12305,NA,56.3927,10.2623,-41,34.9361,9.8912,0.909
65393,110065393,110001055,"2023-04-19","12:32:00",0.585,0.1755,1,300,1,1,"D",2,5,"strong",NA,51.710655,2.744275,255.78,9.8,9.7451,1024.06702,NA,62.7819,12.8171,-35.5,34.9345,9.9017,0.909
65394,110065394,110001055,"2023-04-19","12:34:00",0.33,0.099,0,300,1,1,"D",2,5,"strong",NA,51.708195,2.73904,222.89999,9.4,10.1404,1024.10303,NA,57.5988,10.2707,-38.1,34.9342,9.887,0.9696
65395,110065395,110001055,"2023-04-19","12:35:00",0.546,0.1638,1,300,1,1,"D",2,6,"strong",NA,51.704845,2.73587,222.99001,9.5,10.1843,1023.90601,NA,48.9562,13.608,-38.5,34.93,9.8832,0.909
65396,110065396,110001055,"2023-04-19","12:37:00",0.616,0.1848,0,300,1,1,"D",2,6,"strong",NA,51.699865,2.733525,192.57001,9.7,10.0225,1023.47803,NA,43.9125,12.3587,-36.4,34.918,9.8744,0.909
65397,110065397,110001055,"2023-04-19","12:39:00",0.6,0.18,0,300,1,1,"D",2,6,"strong",NA,51.694465,2.732195,197.28999,9.8,9.9975,1023.50098,NA,48.0852,13.2846,-36.9,34.8989,9.8546,0.9696
65398,110065398,110001055,"2023-04-19","12:41:00",0.628,0.1884,1,300,1,1,"D",2,6,"strong",NA,51.68904,2.73267,163.38,9.6,9.9464,1022.89301,NA,50.4452,13.3027,-35.8,34.8849,9.839,0.8484
65399,110065399,110001055,"2023-04-19","12:43:00",0.625,0.1875,1,300,1,1,"D",2,6,"medium",NA,51.6836,2.734985,164.56,9.9,9.9752,1023.19098,NA,43.2141,11.2354,-37.2,34.864,9.8435,0.8484
65400,110065400,110001055,"2023-04-19","12:45:00",0.64,0.192,0,300,1,1,"D",2,6,"medium",NA,51.67848,2.73876,154.31,10.3,9.9738,1022.91602,NA,330.254,15.2479,-37.5,34.86,9.8496,0.8484
65401,110065401,110001055,"2023-04-19","12:47:00",0.657,0.1971,0,300,1,1,"D",2,6,"medium",NA,51.67372,2.74416,140.67,10.3,10.0008,1022.57202,NA,44.4785,12.1034,-36.3,34.8491,9.8681,0.909
65402,110065402,110001055,"2023-04-19","12:49:00",0.645,0.1935,0,300,1,1,"D",2,6,"medium",NA,51.66909,2.749915,140.13,10.4,9.9589,1022.25897,NA,319.7551,16.3732,-39,34.8463,9.8605,0.8484
65403,110065403,110001055,"2023-04-19","12:51:00",0.653,0.1959,0,300,1,1,"D",2,6,"medium",NA,51.66449,2.75569,141.14,10.4,9.9888,1022.23297,NA,326.89499,16.4602,-38.6,34.8352,9.8886,0.8484
65404,110065404,110001055,"2023-04-19","12:53:00",0.647,0.1941,0,300,1,1,"D",2,6,"medium",NA,51.660155,2.761975,139.10001,10.2,9.9766,1022.29602,NA,322.86621,18.5888,-38.7,34.8413,9.8802,0.7878
65405,110065405,110001055,"2023-04-19","12:55:00",0.648,0.1944,0,300,1,1,"D",2,6,"medium",NA,51.65634,2.769035,135.96001,10.3,9.9761,1022.07703,NA,37.113,12.6946,-40,34.8361,9.8865,0.7878
65406,110065406,110001055,"2023-04-19","12:57:00",0.687,0.2061,0,300,1,1,"D",2,6,"medium",NA,51.65412,2.77767,104.67,10.9,9.9815,1020.41901,NA,307.74811,19.0377,-36,34.854,9.8799,0.7272
65407,110065407,110001055,"2023-04-19","12:59:00",0.666,0.1998,0,300,1,1,"D",2,6,"medium",NA,51.65166,2.786145,115.9,10.9,10.0291,1021.19397,NA,42.3677,11.197,-29,34.8521,9.8692,0.8484
65408,110065408,110001055,"2023-04-19","13:01:00",0.677,0.2031,0,300,1,1,"D",2,6,"medium",NA,51.647555,2.79327,133.31,10.6,9.9901,1021.57001,NA,40.4933,12.3111,-24.9,34.8621,9.8831,0.8484
65409,110065409,110001055,"2023-04-19","13:03:00",0.663,0.1989,0,300,1,1,"D",2,6,"medium",NA,51.643415,2.800315,129.50999,10.7,10.0104,1022.53601,NA,36.8819,10.9743,-23.7,34.8625,9.8714,0.7878
65410,110065410,110001055,"2023-04-19","13:05:00",0.678,0.2034,0,300,1,1,"D",2,6,"medium",NA,51.639275,2.80737,131.75999,11.2,10.0339,1021.79901,NA,30.2491,10.6248,-19.7,34.8562,9.8549,0.909
65411,110065411,110001055,"2023-04-19","13:07:00",0.662,0.1986,0,300,1,1,"D",2,6,"medium",NA,51.63515,2.814435,132.06,11,10.0351,1021.63202,NA,38.5373,11.3839,-38.8,34.8315,9.8485,0.9696
65412,110065412,110001055,"2023-04-19","13:09:00",0.594,0.1782,1,300,1,1,"D",2,6,"medium",NA,51.63053,2.81901,140.61,10.6,10.0236,1022.07599,NA,316.51471,18.4393,-40.5,34.8065,9.8409,0.7272
65413,110065413,110001055,"2023-04-19","13:11:00",0.658,0.1974,1,300,1,1,"D",2,6,"medium",NA,51.625695,2.82318,165.66,10.1,10.037,1022.74597,NA,338.4906,16.0637,-39.4,34.7701,9.8291,0.6666
65414,110065414,110001055,"2023-04-19","13:13:00",0.653,0.1959,0,300,1,1,"D",2,6,"medium",NA,51.621455,2.829735,132.78,10.7,10.029,1021.336,NA,316.7493,18.2549,-38.5,34.7307,9.8194,0.909
65415,110065415,110001055,"2023-04-19","13:15:00",0.654,0.1962,0,300,1,1,"D",2,6,"medium",NA,51.61745,2.83664,132.92,10.7,10.0749,1022.01099,NA,323.0538,18.3273,-34.4,34.6914,9.8134,1.0302
65416,110065416,110001055,"2023-04-19","13:17:00",0.656,0.1968,0,300,1,1,"D",2,6,"medium",NA,51.613415,2.843535,133.61,10.7,10.0831,1021.96399,NA,324.31161,16.3649,-35.6,34.6781,9.8063,1.0908
65417,110065417,110001055,"2023-04-19","13:19:00",0.656,0.1968,0,300,1,1,"D",2,6,"medium",NA,51.60942,2.85051,133.28,10.7,10.0479,1021.88501,NA,317.8093,17.0997,-33.4,34.6716,9.7974,0.909
65418,110065418,110001055,"2023-04-19","13:21:00",0.649,0.1947,0,300,1,1,"D",2,6,"medium",NA,51.605465,2.857475,129.84,10.7,10.116,1022.15198,NA,320.67731,15.0239,-28.7,34.6599,9.782,0.8484
65419,110065419,110001055,"2023-04-19","13:23:00",0.646,0.1938,0,300,1,1,"D",2,6,"medium",NA,51.601545,2.864395,132.39999,10.6,10.1867,1022.40198,NA,39.3659,8.9941,-25.4,34.6417,9.7896,1.0908
65420,110065420,110001055,"2023-04-19","13:25:00",0.715,0.2145,1,300,1,1,"D",2,6,"medium",NA,51.597445,2.871695,130.28999,10.7,10.1787,1022.05603,NA,45.628,11.4131,-26.4,34.6308,9.7997,1.3332
65421,110065421,110001055,"2023-04-19","13:27:00",0.643,0.1929,0,300,1,1,"D",2,6,"medium",NA,51.593275,2.87886,132.85001,10.8,10.2161,1021.76202,NA,320.03229,17.9741,-29.6,34.6346,9.838,1.2726
65422,110065422,110001055,"2023-04-19","13:29:00",0.653,0.1959,0,300,1,1,"D",2,6,"medium",NA,51.589215,2.88557,135.84,11.2,10.2579,1022.04199,NA,34.2169,10.3011,-36.7,34.6055,9.8699,1.1514
65423,110065423,110001055,"2023-04-19","13:31:00",0.657,0.1971,0,300,1,1,"D",2,6,"medium",NA,51.585115,2.892355,133.32001,10.6,10.2493,1021.73199,NA,36.8494,11.014,-37.8,34.5358,9.8563,1.1514
65424,110065424,110001055,"2023-04-19","13:33:00",0.66,0.198,0,300,1,1,"D",2,6,"medium",NA,51.581,2.899195,133.44,11,10.2325,1021.51501,NA,36.2304,12.2657,-35.4,34.4463,9.877,1.0908
65425,110065425,110001055,"2023-04-19","13:35:00",0.698,0.2094,0,300,1,1,"D",2,6,"medium",NA,51.57676,2.906255,137.21001,10.8,10.2036,1021.58099,NA,39.3548,11.9127,-33.8,34.3646,9.8797,1.0908
65426,110065426,110001055,"2023-04-19","13:37:00",0.657,0.1971,0,300,1,1,"D",2,6,"medium",NA,51.57253,2.9133,133.41,10.5,10.2022,1021.64301,NA,321.39389,16.5358,-33.4,34.27,9.8633,1.3332
65427,110065427,110001055,"2023-04-19","13:39:00",0.651,0.1953,0,300,1,1,"D",2,6,"medium",NA,51.568455,2.92011,134.57001,10.8,10.2323,1021.80902,NA,36.2977,9.6834,-32.2,34.1973,9.8739,1.6362
65428,110065428,110001055,"2023-04-19","13:41:00",0.667,0.2001,1,300,1,1,"D",2,6,"medium",NA,51.564345,2.926965,132,10.8,10.2386,1021.87097,NA,316.68729,16.1665,-31.1,34.1893,9.9019,1.9998
65429,110065429,110001055,"2023-04-19","13:43:00",0.647,0.1941,0,300,1,1,"D",2,6,"medium",NA,51.560255,2.93381,130.86,10.8,10.3474,1021.005,NA,326.5733,16.1525,-29.3,34.1664,9.9041,2.3028
65430,110065430,110001055,"2023-04-19","13:45:00",0.707,0.2121,0,300,1,1,"D",2,6,"medium",NA,51.556055,2.940885,133.28,10.6,10.4344,1021.72803,NA,33.9454,11.1834,-28.4,34.1335,9.9339,2.9694
65431,110065431,110001055,"2023-04-19","13:47:00",0.645,0.1935,0,300,1,1,"D",2,6,"medium",NA,51.551835,2.947915,132.34,10.5,10.3729,1022.11902,NA,53.5209,7.7744,-27.1,34.0986,9.9672,3.333
65432,110065432,110001055,"2023-04-19","13:49:00",0.656,0.1968,0,300,1,1,"D",2,6,"medium",NA,51.54778,2.954685,132.64,10.6,10.4029,1022.04999,NA,325.51389,14.1375,-25,34.0881,9.9961,3.2118
65433,110065433,110001055,"2023-04-19","13:51:00",0.647,0.1941,0,300,1,1,"D",2,6,"medium",NA,51.54374,2.961495,133.64,10.5,10.4849,1021.84998,NA,323.34299,15.8026,-19.4,34.1075,9.999,2.121
65434,110065434,110001055,"2023-04-19","13:53:00",0.594,0.1782,0,300,1,1,"D",2,6,"medium",NA,51.539875,2.96795,134.62,10.4,10.5381,1021.888,NA,37.4375,11.5216,-17.3,34.1513,9.9694,1.7574
65435,110065435,110001055,"2023-04-19","13:55:00",0.666,0.1998,0,300,1,1,"D",2,6,"medium",NA,51.53598,2.97455,133.14,10.6,10.6761,1021.74701,NA,318.84921,10.5471,-25.9,34.2245,9.9429,1.5756
65436,110065436,110001055,"2023-04-19","13:57:00",0.661,0.1983,0,300,1,1,"D",2,6,"medium",NA,51.53189,2.981525,132.3,10.6,10.4801,1021.66901,NA,31.1261,16.9403,-37.8,34.1616,10.1398,1.0908
65437,110065437,110001055,"2023-04-19","13:59:00",0.67,0.201,0,300,1,1,"D",2,6,"medium",NA,51.52775,2.988465,133.39,10.8,10.4025,1021.65997,NA,319.54431,15.5959,-30.7,33.9594,10.1946,0.909
65438,110065438,110001055,"2023-04-19","14:01:00",0.665,0.1995,0,300,1,1,"D",2,6,"medium",NA,51.523585,2.9954,133.55,10.7,10.3709,1021.83398,NA,321.49991,16.099,-28.7,33.8827,10.1461,0.909
65439,110065439,110001055,"2023-04-19","14:03:00",0.668,0.2004,0,300,1,1,"D",2,6,"medium",NA,51.51942,3.002305,135.38,10.4,10.3749,1021.63202,NA,325.00189,15.7353,-29.3,33.8178,10.1452,0.909
65440,110065440,110001055,"2023-04-19","14:05:00",0.357,0.1071,0,300,1,1,"D",2,6,"medium",NA,51.516195,3.007585,135.56,10.8,10.4486,1021.52802,NA,319.42361,16.4833,-28.7,33.7027,10.0921,0.9696
65441,110065441,110001055,"2023-04-19","14:06:00",0.61,0.183,1,300,1,1,"D",2,6,"medium",NA,51.512375,3.0103,138.56,10.5,10.4592,1021.591,NA,37.6266,10.9952,-29.3,33.6694,10.1477,1.0302
65442,110065442,110001055,"2023-04-19","14:08:00",0.626,0.1878,1,300,1,1,"D",2,6,"medium",NA,51.506915,3.011915,177.14999,10,10.5315,1022.32098,NA,41.1501,11.2576,-28.1,33.6305,10.1019,1.0302
65443,110065443,110001055,"2023-04-19","14:10:00",0.621,0.1863,0,300,1,1,"D",2,6,"medium",NA,51.50138,3.01329,172.57001,9.8,10.5473,1022.245,NA,36.218,9.9722,-29.8,33.6216,10.0965,1.2726
65444,110065444,110001055,"2023-04-19","14:12:00",0.514,0.1542,1,300,1,1,"D",2,6,"strong",NA,51.496445,3.01269,171.42,10,10.5364,1022.15399,NA,44.1305,10.114,-29.5,33.4934,10.139,1.1514
65445,110065445,110001055,"2023-04-19","14:14:00",0.6,0.18,0,300,1,1,"D",2,6,"strong",NA,51.492485,3.0082,230.28999,9.4,10.6605,1022.68701,NA,48.0876,5.5513,-29.8,33.4528,10.1276,1.0908
65446,110065446,110001055,"2023-04-19","14:16:00",0.612,0.1836,0,300,1,1,"D",2,6,"strong",NA,51.488845,3.0017,227.35001,9.8,10.6888,1022.64099,NA,39.944,6.5327,-30.9,33.4803,10.1122,1.212
65447,110065447,110001055,"2023-04-19","14:18:00",0.62,0.186,0,300,1,1,"D",2,6,"strong",NA,51.4851,2.995155,226.17999,9.7,10.7265,1022.74597,NA,27.1019,6.782,-30.8,33.5246,10.0678,1.2726
65448,110065448,110001055,"2023-04-19","14:20:00",0.616,0.1848,0,300,1,1,"D",2,6,"strong",NA,51.48134,2.988595,227.92999,10.1,10.6876,1022.64398,NA,42.2583,7.4365,-29.1,33.5266,10.1035,1.3938
65449,110065449,110001055,"2023-04-19","14:22:00",0.615,0.1845,0,300,1,1,"D",2,6,"strong",NA,51.477745,2.981855,227.8,10,10.671,1022.65698,NA,38.826,7.9796,-31.5,33.5077,10.1921,1.2726
65450,110065450,110001055,"2023-04-19","14:24:00",0.597,0.1791,1,300,1,1,"D",2,6,"medium",NA,51.476555,2.97417,251.46001,10,10.6657,1022.46802,NA,37.6061,10.4681,-31.7,33.5316,10.1741,1.3332
65451,110065451,110001055,"2023-04-19","14:26:00",0.671,0.2013,0,300,1,1,"D",2,6,"medium",NA,51.479195,2.96649,309.20001,10.6,10.5652,1021.62799,NA,91.281,16.9167,-31.4,33.5536,10.1775,1.3938
65452,110065452,110001055,"2023-04-19","14:28:00",0.686,0.2058,0,300,1,1,"D",2,6,"medium",NA,51.483425,2.959445,313.54001,10.8,10.7688,1022.06799,NA,91.4484,15.6564,-29.5,33.6487,10.1418,1.5756
65453,110065453,110001055,"2023-04-19","14:30:00",0.69,0.207,0,300,1,1,"D",2,6,"medium",NA,51.48767,2.95223,313.14999,11.1,10.6548,1021.78198,NA,101.6792,16.4568,-26.3,33.766,10.133,1.818
65454,110065454,110001055,"2023-04-19","14:32:00",0.694,0.2082,0,300,1,1,"D",2,6,"medium",NA,51.491925,2.944955,311.48999,11.3,10.6835,1021.75098,NA,38.1799,11.7397,-23.8,33.8465,10.0934,2.0604
65455,110065455,110001055,"2023-04-19","14:34:00",0.686,0.2058,0,300,1,1,"D",2,6,"medium",NA,51.496195,2.93774,312.04001,11.1,10.6327,1022.19897,NA,46.5716,9.702,-28.6,33.7911,10.0355,2.0604
65456,110065456,110001055,"2023-04-19","14:36:00",0.691,0.2073,0,300,1,1,"D",2,6,"medium",NA,51.500485,2.930585,312.39999,10.9,10.7291,1022.20599,NA,44.4958,11.399,-29.8,NA,NA,1.6968
65457,110065457,110001055,"2023-04-19","14:38:00",0.686,0.2058,0,300,1,1,"D",2,6,"medium",NA,51.50477,2.923425,313.85999,11,10.6438,1021.73102,NA,46.2904,12.2344,-31.6,33.8753,10.0775,1.3938
65458,110065458,110001055,"2023-04-19","14:40:00",0.679,0.2037,0,300,1,1,"D",2,6,"medium",NA,51.509005,2.9163,314.81,11,10.6177,1022.04498,NA,39.384,11.1377,-36.5,33.9799,10.0676,1.3332
65459,110065459,110001055,"2023-04-19","14:42:00",0.678,0.2034,0,300,1,1,"D",2,6,"medium",NA,51.513225,2.90923,311.03,10.9,10.7271,1022.27698,NA,100.6526,14.6847,-34,34.0525,10.1638,1.212
65460,110065460,110001055,"2023-04-19","14:44:00",0.689,0.2067,0,300,1,1,"D",2,6,"medium",NA,51.51746,2.902085,311.12,11,10.7456,1022.18903,NA,45.9067,8.6564,-19.4,34.2815,10.044,1.1514
65461,110065461,110001055,"2023-04-19","14:46:00",0.692,0.2076,0,300,1,1,"D",2,6,"medium",NA,51.52173,2.894855,316.32001,11.1,10.7601,1022.14398,NA,46.3971,10.0965,-16.9,34.3425,10.0202,1.2726
65462,110065462,110001055,"2023-04-19","14:48:00",0.699,0.2097,0,300,1,1,"D",2,6,"medium",NA,51.52603,2.88757,315.13,11.1,10.6852,1022.23798,NA,37.6965,9.4723,-20.7,34.3865,10.0271,1.2726
65463,110065463,110001055,"2023-04-19","14:50:00",0.693,0.2079,0,300,1,1,"D",2,6,"medium",NA,51.53033,2.88027,313.79999,11.1,10.6659,1021.64502,NA,53.2455,13.8719,-23.5,NA,NA,1.1514
65464,110065464,110001055,"2023-04-19","14:52:00",0.691,0.2073,0,300,1,1,"D",2,6,"medium",NA,51.534635,2.87306,315.73001,11.3,10.8425,1022.18103,NA,89.7312,15.2346,-24.5,34.4758,9.9796,1.212
65465,110065465,110001055,"2023-04-19","14:54:00",0.628,0.1884,0,300,1,1,"D",2,6,"medium",NA,51.538725,2.86617,315.69,11.2,10.695,1022.19702,NA,92.7148,15.3262,-26.9,34.4874,9.9608,1.3332
65466,110065466,110001055,"2023-04-19","14:56:00",0.688,0.2064,0,300,1,1,"D",2,6,"medium",NA,51.5428,2.85929,315.47,11.2,10.6367,1021.47601,NA,97.0367,18.9003,-29.9,34.5092,9.9571,1.3332
65467,110065467,110001055,"2023-04-19","14:58:00",0.694,0.2082,0,300,1,1,"D",2,6,"medium",NA,51.54711,2.85211,314.60001,11.1,10.6872,1021.83899,NA,40.5195,10.46,-32.5,34.5118,9.9405,1.2726
65468,110065468,110001055,"2023-04-19","15:00:00",0.687,0.2061,0,300,1,1,"D",2,6,"medium",NA,51.55139,2.844885,316.10001,11.1,10.7145,1022.06799,NA,95.5067,16.439,-33.5,34.5288,9.9319,1.2726
65469,110065469,110001055,"2023-04-19","15:02:00",0.674,0.2022,0,300,1,1,"D",2,6,"medium",NA,51.55561,2.837765,314.57001,10.9,10.6307,1021.98499,NA,39.7105,13.5959,-35.2,NA,NA,1.0908
65470,110065470,110001055,"2023-04-19","15:04:00",0.68,0.204,0,300,1,1,"D",2,6,"medium",NA,51.559825,2.830715,315.37,10.9,10.706,1021.98798,NA,88.8845,15.6508,-35.8,NA,NA,1.1514
65471,110065471,110001055,"2023-04-19","15:06:00",0.689,0.2067,0,300,1,1,"D",2,6,"medium",NA,51.56407,2.823565,312.75,11.1,10.7046,1021.77802,NA,46.4396,12.4912,-32.3,34.5788,9.9011,1.212
65472,110065472,110001055,"2023-04-19","15:08:00",0.68,0.204,0,300,1,1,"D",2,6,"medium",NA,51.56832,2.81642,310.64001,11.1,10.7334,1022.11401,NA,38.4658,11.5394,-35.1,34.6202,9.8885,1.212
65473,110065473,110001055,"2023-04-19","15:10:00",0.693,0.2079,0,300,1,1,"D",2,6,"medium",NA,51.572585,2.809255,317.10999,11.4,10.7321,1021.729,NA,47.0898,12.5014,-26.3,34.6709,9.8803,0.9696
65474,110065474,110001055,"2023-04-19","15:12:00",0.692,0.2076,0,300,1,1,"D",2,6,"medium",NA,51.57689,2.802025,313.79999,11.3,10.7129,1021.98798,NA,95.8897,18.1233,-28.8,34.7048,9.8641,0.909
65475,110065475,110001055,"2023-04-19","15:14:00",0.694,0.2082,0,300,1,1,"D",2,6,"medium",NA,51.58118,2.79476,311.76999,11,10.6885,1021.95099,NA,95.9614,16.6158,-32.5,34.7253,9.8625,0.909
65476,110065476,110001055,"2023-04-19","15:16:00",0.696,0.2088,0,300,1,1,"D",2,6,"medium",NA,51.585485,2.78748,313.82001,11.3,10.6421,1021.96997,NA,99.5295,18.0098,-33.1,34.7464,9.8686,0.909
65477,110065477,110001055,"2023-04-19","15:18:00",0.685,0.2055,0,300,1,1,"D",2,6,"medium",NA,51.589775,2.780265,316.79001,11,10.6892,1021.85303,NA,49.7947,13.3835,-34.3,NA,NA,0.909
65478,110065478,110001055,"2023-04-19","15:20:00",0.691,0.2073,0,300,1,1,"D",2,6,"medium",NA,51.594045,2.77307,314.92999,11.2,10.8229,1021.95398,NA,101.2309,19.1713,-31.9,34.7643,9.8715,0.8484
65479,110065479,110001055,"2023-04-19","15:22:00",0.697,0.2091,0,300,1,1,"D",2,6,"medium",NA,51.59836,2.76583,314.73999,11.3,10.6704,1021.979,NA,101.0632,16.7664,-16.1,34.7801,9.8994,0.7878
65480,110065480,110001055,"2023-04-19","15:24:00",0.69,0.207,0,300,1,1,"D",2,6,"medium",NA,51.602675,2.758595,313.54001,11.3,10.6496,1021.88599,NA,94.5893,16.519,-24.9,34.7754,9.9051,0.6666
65481,110065481,110001055,"2023-04-19","15:26:00",0.602,0.1806,0,300,1,1,"D",2,6,"medium",NA,51.60668,2.75183,313.94,11,10.7657,1022.17999,NA,45.3263,11.9605,-33.3,34.7602,9.8964,0.7272
65482,110065482,110001055,"2023-04-19","15:28:00",0.634,0.1902,0,300,1,1,"D",2,6,"medium",NA,51.6105,2.745345,312.35001,10,10.7506,1021.841,NA,48.3771,11.1414,-37.9,34.7537,9.8875,0.7878
65483,110065483,110001055,"2023-04-19","15:30:00",0.662,0.1986,0,300,1,1,"D",2,6,"medium",NA,51.614515,2.73856,311,10.2,10.7648,1021.77002,NA,38.7971,12.1039,-37.5,34.7465,9.8809,0.8484
65484,110065484,110001055,"2023-04-19","15:32:00",0.69,0.207,0,300,1,1,"D",2,6,"medium",NA,51.618725,2.73151,312.25,10.9,10.6993,1022.18597,NA,97.9506,18.5037,-38,34.7444,9.8738,0.9696
65485,110065485,110001055,"2023-04-19","15:34:00",0.7,0.21,0,300,1,1,"D",2,6,"medium",NA,51.623055,2.72426,313.73001,11.3,10.7565,1021.64203,NA,98.1295,16.8887,-39.2,34.7557,9.8699,0.9696
65486,110065486,110001055,"2023-04-19","15:36:00",0.641,0.1923,0,300,1,1,"D",2,6,"medium",NA,51.6272,2.71722,311.73001,11.3,10.8446,1022.29199,NA,48.0444,10.9064,-36.9,34.7815,9.9117,0.9696
65487,110065487,110001055,"2023-04-19","15:38:00",0.686,0.2058,0,300,1,1,"D",2,6,"medium",NA,51.63131,2.71027,304.73999,11,10.8521,1022.37701,NA,52.915,11.8713,-37.4,34.7767,9.9118,1.0302
65488,110065488,110001055,"2023-04-19","15:40:00",0.696,0.2088,0,300,1,1,"D",2,6,"medium",NA,51.635595,2.70304,311.53,11,10.8673,1022.17401,NA,94.9107,17.0841,-36,34.7754,9.9156,1.1514
65489,110065489,110001055,"2023-04-19","15:42:00",0.699,0.2097,0,300,1,1,"D",2,6,"medium",NA,51.639905,2.69572,313.35001,11,10.737,1022.03302,NA,37.9968,12.7766,-26,34.7743,9.9139,1.1514
65490,110065490,110001055,"2023-04-19","15:44:00",0.692,0.2076,0,300,1,1,"D",2,6,"medium",NA,51.644235,2.688465,317.51999,11.1,10.7203,1022.06598,NA,98.9403,20.7207,-16.3,34.7739,9.9142,1.2726
65491,110065491,110001055,"2023-04-19","15:46:00",0.703,0.2109,0,300,1,1,"D",2,6,"medium",NA,51.64858,2.68119,312.98999,11.3,10.7556,1022.422,NA,95.9119,16.9787,-26.6,34.7768,9.9123,1.2726
65492,110065492,110001055,"2023-04-19","15:48:00",0.692,0.2076,0,300,1,1,"D",2,6,"medium",NA,51.652915,2.6739,313.54999,11.5,10.7871,1022.03198,NA,101.9848,18.4269,-33.1,34.7758,9.9047,1.3938
65493,110065493,110001055,"2023-04-19","15:50:00",0.697,0.2091,0,300,1,1,"D",2,6,"medium",NA,51.65722,2.666625,311.69,11.2,10.7334,1022.23999,NA,100.1552,18.8941,-37.9,34.774,9.9106,1.3332
65494,110065494,110001055,"2023-04-19","15:52:00",0.702,0.2106,0,300,1,1,"D",2,6,"medium",NA,51.66155,2.65929,315.23999,11.3,10.7417,1022.33002,NA,58.1145,13.4832,-41,34.785,9.9282,1.4544
65495,110065495,110001055,"2023-04-19","15:54:00",0.693,0.2079,0,300,1,1,"D",2,6,"medium",NA,51.66586,2.651965,313.17001,11.2,10.7804,1022.07599,NA,103.2561,18.9287,-40.9,34.8325,9.9169,1.515
65496,110065496,110001055,"2023-04-19","15:56:00",0.692,0.2076,0,300,1,1,"D",2,6,"medium",NA,51.67015,2.644705,309.37,11.1,10.6184,1022.12201,NA,46.8077,13.438,-37.8,34.8697,9.9163,1.4544
65497,110065497,110001055,"2023-04-19","15:58:00",0.323,0.0969,0,300,1,1,"D",2,6,"medium",NA,51.67322,2.639275,314.95001,11.2,10.6775,1022.11499,NA,95.0155,18.3654,-40,NA,NA,1.515
65498,110065498,110001055,"2023-04-19","15:59:00",0.63,0.189,1,300,1,1,"D",2,6,"medium",NA,51.673445,2.633025,290.92001,11.1,10.6792,1022.63501,NA,50.038,13.1153,-42,34.9223,9.9252,1.515
65499,110065499,110001055,"2023-04-19","16:01:00",0.65,0.195,0,300,1,1,"D",2,6,"medium",NA,51.670565,2.625495,223.45,10.2,10.6283,1023.07098,NA,53.8041,5.1875,-41.5,34.9294,9.9623,1.6362
65500,110065500,110001055,"2023-04-19","16:03:00",0.662,0.1986,0,300,1,1,"D",2,6,"medium",NA,51.66618,2.619145,224.83,10.7,10.9254,1022.91302,NA,199.2421,1.1355,-38.3,34.9206,9.9722,1.6362
65501,110065501,110001055,"2023-04-19","16:05:00",0.669,0.2007,0,300,1,1,"D",2,6,"medium",NA,51.661785,2.612605,224.06,10.8,11.1035,1022.97601,NA,40.5572,9.4178,-38.2,34.9067,9.9674,1.6362
65502,110065502,110001055,"2023-04-19","16:07:00",0.675,0.2025,0,300,1,1,"D",2,6,"medium",NA,51.65736,2.605985,220.72,10.8,11.1668,1022.90601,NA,42.0544,9.5249,-36.4,34.8876,9.9584,1.6362
65503,110065503,110001055,"2023-04-19","16:09:00",0.686,0.2058,0,300,1,1,"D",2,6,"medium",NA,51.652885,2.599275,221.78999,10.7,11.1528,1022.79797,NA,29.4554,6.5099,-35.2,34.8725,9.9477,1.6362
65504,110065504,110001055,"2023-04-19","16:11:00",0.681,0.2043,0,300,1,1,"D",2,6,"medium",NA,51.64834,2.592625,223.10001,10.8,11.1749,1022.88098,NA,64.0481,5.4711,-24.2,34.8573,9.936,1.7574
65505,110065505,110001055,"2023-04-19","16:13:00",0.598,0.1794,1,300,1,1,"D",2,6,"none",NA,51.64338,2.58982,210.75,10.6,11.1735,1022.56403,NA,268.12631,2.8118,-18.6,34.8404,9.9301,1.8786
65506,110065506,110001055,"2023-04-19","16:15:00",0.635,0.1905,0,300,1,1,"D",2,6,"none",NA,51.63875,2.593615,144.77,10.5,10.7811,1021.42603,NA,35.277,11.7213,-29.8,34.825,9.9274,2.0604
65507,110065507,110001055,"2023-04-19","16:17:00",0.645,0.1935,0,300,1,1,"D",2,6,"none",NA,51.63477,2.6003,135.78,10.1,10.7198,1020.784,NA,315.6506,17.3894,-35.9,34.825,9.935,1.9392
65508,110065508,110001055,"2023-04-19","16:19:00",0.645,0.1935,0,300,1,1,"D",2,6,"none",NA,51.630745,2.607015,131.38,10.5,10.6838,1020.65601,NA,320.30399,16.4359,-39.2,34.8383,9.9445,1.6362
65509,110065509,110001055,"2023-04-19","16:21:00",0.644,0.1932,0,300,1,1,"D",2,6,"none",NA,51.626735,2.613735,131.98,10.2,10.632,1020.68298,NA,315.90341,16.2544,-38,34.8076,9.9221,1.6968
65510,110065510,110001055,"2023-04-19","16:23:00",0.645,0.1935,0,300,1,1,"D",2,6,"none",NA,51.622735,2.620475,132.49001,10.3,10.6171,1021.06702,NA,316.41879,15.5834,-39.1,34.7826,9.9235,1.818
65511,110065511,110001055,"2023-04-19","16:25:00",0.643,0.1929,0,300,1,1,"D",2,6,"none",NA,51.61874,2.62722,131.03999,10.3,10.6457,1021.10797,NA,35.0714,11.4539,-36.2,34.7748,9.9408,1.818
65512,110065512,110001055,"2023-04-19","16:27:00",0.63,0.189,0,300,1,1,"D",2,6,"none",NA,51.614795,2.63389,133.92,10.5,10.7563,1019.73102,NA,34.5436,12.2029,-38.2,34.7888,9.9571,1.9998
65513,110065513,110001055,"2023-04-19","16:29:00",0.63,0.189,0,300,1,1,"D",2,6,"none",NA,51.61089,2.64049,128.23,10.6,10.7281,1021.18597,NA,31.7558,11.7491,-40.6,34.7831,9.9403,2.0604
65514,110065514,110001055,"2023-04-19","16:31:00",0.638,0.1914,0,300,1,1,"D",2,6,"none",NA,51.60694,2.647105,133.75999,10.4,10.6173,1020.883,NA,311.87799,15.6873,-38.4,34.7706,9.9401,2.0604
65515,110065515,110001055,"2023-04-19","16:33:00",0.631,0.1893,0,300,1,1,"D",2,6,"none",NA,51.60299,2.653725,136.52,10.1,10.5712,1020.78003,NA,30.7137,10.9808,-36.5,34.7609,9.9352,1.9998
65516,110065516,110001055,"2023-04-19","16:35:00",0.577,0.1731,0,300,1,1,"D",2,6,"none",NA,51.59923,2.660025,135.99001,10,10.5617,1021.06799,NA,311.53699,16.4166,-32.2,34.7573,9.9432,1.9392
65517,110065517,110001055,"2023-04-19","16:37:00",0.628,0.1884,0,300,1,1,"D",2,6,"none",NA,51.595495,2.666335,133.03,10.2,10.5852,1021.08197,NA,32.7288,11.8733,-28.1,34.7576,9.9486,1.8786
65518,110065518,110001055,"2023-04-19","16:39:00",0.625,0.1875,0,300,1,1,"D",2,6,"none",NA,51.59161,2.67289,130.46001,10.1,10.6164,1020.914,NA,31.4467,11.129,-25,34.7572,9.9233,1.818
65519,110065519,110001055,"2023-04-19","16:41:00",0.61,0.183,0,300,1,1,"D",2,6,"none",NA,51.58778,2.679345,133.11,9.5,10.6445,1020.47302,NA,27.6273,11.2095,-18.9,34.747,9.9333,1.9392
65520,110065520,110001055,"2023-04-19","16:43:00",0.629,0.1887,0,300,1,1,"D",2,6,"none",NA,51.583945,2.685835,132.91,9.7,10.6426,1021.29401,NA,28.117,10.6762,-23.1,34.748,9.9269,1.8786
65521,110065521,110001055,"2023-04-19","16:45:00",0.641,0.1923,0,300,1,1,"D",2,6,"none",NA,51.58001,2.69248,131.34,10.2,10.6645,1021.15698,NA,317.0813,15.9462,-39.3,NA,NA,1.8786
65522,110065522,110001055,"2023-04-19","16:47:00",0.654,0.1962,0,300,1,1,"D",2,6,"none",NA,51.576,2.699255,132.92,10.6,10.6382,1020.31299,NA,32.9209,11.0276,-40.2,34.7436,9.9182,1.9392
65523,110065523,110001055,"2023-04-19","16:49:00",0.645,0.1935,0,300,1,1,"D",2,6,"none",NA,51.57196,2.706025,131.11,10.1,10.5678,1020.34302,NA,18.3353,10.4827,-37.2,34.7448,9.9187,1.7574
65524,110065524,110001055,"2023-04-19","16:51:00",0.65,0.195,0,300,1,1,"D",2,6,"none",NA,51.567925,2.712765,131.89999,10.6,10.5382,1020.76703,NA,314.76309,16.4754,-37.8,34.7149,9.8977,1.515
65525,110065525,110001055,"2023-04-19","16:53:00",0.646,0.1938,0,300,1,1,"D",2,6,"none",NA,51.5639,2.71953,132.66,10.5,10.4716,1020.79102,NA,314.9697,15.6423,-33.2,34.6881,9.8975,1.6362
65526,110065526,110001055,"2023-04-19","16:55:00",0.646,0.1938,0,300,1,1,"D",2,6,"none",NA,51.55989,2.72628,133.2,10.6,10.5219,1021.448,NA,27.1818,12.4686,-31.7,34.68,9.9149,1.6968
65527,110065527,110001055,"2023-04-19","16:57:00",0.629,0.1887,0,300,1,1,"D",2,6,"none",NA,51.55592,2.73292,134.28999,10,10.5448,1020.83698,NA,312.8739,17.5005,-23.9,34.685,9.9017,1.6362
65528,110065528,110001055,"2023-04-19","16:59:00",0.612,0.1836,0,300,1,1,"D",2,6,"none",NA,51.55206,2.739385,136.92,10,10.4822,1021.04303,NA,24.7481,11.1583,-14.5,34.6735,9.9033,1.5756
65529,110065529,110001055,"2023-04-19","17:01:00",0.643,0.1929,0,300,1,1,"D",2,6,"none",NA,51.54817,2.745945,132.92,10.1,10.6553,1020.79901,NA,315.2551,15.7344,-21.4,34.67,9.9014,1.5756
65530,110065530,110001055,"2023-04-19","17:03:00",0.654,0.1962,0,300,1,1,"D",2,6,"none",NA,51.54412,2.75268,129.89,10.2,10.8408,1020.02899,NA,315.38269,17.5883,-30,34.6766,9.9056,1.5756
65531,110065531,110001055,"2023-04-19","17:05:00",0.644,0.1932,0,300,1,1,"D",2,6,"none",NA,51.54008,2.75944,135.86,10.1,10.884,1020.37701,NA,315.77621,17.7872,-34.2,34.6868,9.8982,1.5756
65532,110065532,110001055,"2023-04-19","17:07:00",0.647,0.1941,0,300,1,1,"D",2,6,"none",NA,51.53607,2.766175,131.56,10.8,10.7911,1020.35602,NA,311.86581,17.703,-32.2,34.6906,9.9044,1.3938
65533,110065533,110001055,"2023-04-19","17:09:00",0.637,0.1911,0,300,1,1,"D",2,6,"none",NA,51.53206,2.772845,133.82001,10.4,10.6421,1020.48602,NA,34.9202,11.0375,-29.8,34.6771,9.8904,1.2726
65534,110065534,110001055,"2023-04-19","17:11:00",0.64,0.192,0,300,1,1,"D",2,6,"none",NA,51.528095,2.779515,129.78,10.5,10.8123,1020.76703,NA,314.90311,16.2255,-27.5,34.6409,9.8929,1.5756
65535,110065535,110001055,"2023-04-19","17:13:00",0.588,0.1764,0,300,1,1,"D",2,6,"none",NA,51.52428,2.78592,135.67999,10.3,10.8572,1020.22803,NA,28.8127,12.8551,-28,34.6398,9.8977,1.818
65536,110065536,110001055,"2023-04-19","17:15:00",0.639,0.1917,0,300,1,1,"D",2,6,"none",NA,51.52047,2.792315,136.7,10.5,10.8154,1020.52502,NA,314.9469,16.9188,-28.1,34.6388,9.9402,1.7574
65537,110065537,110001055,"2023-04-19","17:17:00",0.647,0.1941,0,300,1,1,"D",2,6,"none",NA,51.516485,2.79903,133.96001,10.5,10.7259,1020.89801,NA,315.24509,15.695,-28.8,34.6011,9.9555,1.3938
65538,110065538,110001055,"2023-04-19","17:19:00",0.637,0.1911,0,300,1,1,"D",2,6,"none",NA,51.512505,2.80574,136,10.3,10.7391,1020.67603,NA,27.4722,12.4997,-28.6,NA,NA,1.4544
65539,110065539,110001055,"2023-04-19","17:21:00",0.638,0.1914,0,300,1,1,"D",2,6,"none",NA,51.50855,2.812395,133.35001,10.7,10.5978,1020.901,NA,29.3304,11.26,-25.6,34.4327,10.0208,1.6968
65540,110065540,110001055,"2023-04-19","17:23:00",0.643,0.1929,0,300,1,1,"D",2,6,"none",NA,51.504565,2.81906,135.38,10,10.5356,1020.57098,NA,315.66019,15.4019,-23.9,34.347,10.0428,1.9392
65541,110065541,110001055,"2023-04-19","17:25:00",0.635,0.1905,0,300,1,1,"D",2,6,"none",NA,51.50059,2.825715,133.89,10.3,10.6487,1021.151,NA,314.02771,15.1035,-23.6,34.2324,10.0717,2.0604
65542,110065542,110001055,"2023-04-19","17:27:00",0.636,0.1908,0,300,1,1,"D",2,6,"none",NA,51.496645,2.83235,135.23,10,10.6454,1021.09802,NA,317.38031,15.3923,-22.7,34.1321,10.0886,2.121
65543,110065543,110001055,"2023-04-19","17:29:00",0.644,0.1932,0,300,1,1,"D",2,6,"none",NA,51.492685,2.839045,133.98,10.2,10.7451,1020.836,NA,24.7774,11.1998,-27.1,34.0524,10.0667,2.1816
65544,110065544,110001055,"2023-04-19","17:31:00",0.639,0.1917,0,300,1,1,"D",2,6,"none",NA,51.488645,2.845635,134.75999,10.2,10.7703,1021.06799,NA,314.37491,15.2426,-29.5,34.0335,10.1126,2.424
65545,110065545,110001055,"2023-04-19","17:33:00",0.636,0.1908,0,300,1,1,"D",2,6,"none",NA,51.48461,2.85216,134.22,10.1,10.8648,1020.633,NA,28.2243,11.8207,-25.6,33.9294,10.1117,2.6058
65546,110065546,110001055,"2023-04-19","17:35:00",0.641,0.1923,0,300,1,1,"D",2,6,"none",NA,51.4807,2.8589,132.69,10.4,10.7499,1020.44,NA,314.70499,16.5674,-27.6,33.9436,10.1146,2.9088
65547,110065547,110001055,"2023-04-19","17:37:00",0.636,0.1908,0,300,1,1,"D",2,6,"none",NA,51.47685,2.86573,130.78,10.4,10.7756,1020.43597,NA,313.82458,15.7631,-27.2,33.9421,10.1441,3.1512
65548,110065548,110001055,"2023-04-19","17:39:00",0.638,0.1914,0,300,1,1,"D",2,6,"none",NA,51.472955,2.872465,134.57001,10.2,10.7602,1020.87598,NA,27.2034,9.9729,-25.8,33.9301,10.1453,3.1512
65549,110065549,110001055,"2023-04-19","17:41:00",0.624,0.1872,0,300,1,1,"D",2,6,"none",NA,51.468995,2.87898,131.66,9.9,10.7784,1020.505,NA,35.0505,12.5899,-20.7,33.7465,10.2108,3.2118
65550,110065550,110001055,"2023-04-19","17:43:00",0.637,0.1911,0,300,1,1,"D",2,6,"none",NA,51.464945,2.885335,136.66,10.2,10.7687,1020.22498,NA,314.3154,15.492,-20.9,33.6051,10.1673,3.333
65551,110065551,110001055,"2023-04-19","17:45:00",0.634,0.1902,0,300,1,1,"D",2,6,"none",NA,51.460785,2.89161,136.92,10.1,10.6413,1020.02899,NA,28.8871,11.3347,-18.9,33.4685,10.1253,2.8482
65552,110065552,110001055,"2023-04-19","17:47:00",0.635,0.1905,0,300,1,1,"D",2,6,"none",NA,51.45658,2.897785,138.14,10.4,10.5989,1020.51898,NA,30.9933,12.9719,-19.8,33.3925,10.1046,2.8482
65553,110065553,110001055,"2023-04-19","17:49:00",0.647,0.1941,0,300,1,1,"D",2,6,"none",NA,51.452275,2.90392,136.8,10.2,10.5924,1020.32501,NA,26.4842,14.3009,-22.9,33.312,10.1226,2.6664
65554,110065554,110001055,"2023-04-19","17:51:00",0.653,0.1959,0,300,1,1,"D",2,6,"none",NA,51.447845,2.910025,137.86,10.4,10.5813,1020.10999,NA,20.4374,12.4855,-24.2,33.3033,10.1165,2.5452
65555,110065555,110001055,"2023-04-19","17:53:00",0.644,0.1932,0,300,1,1,"D",2,6,"none",NA,51.443135,2.915465,139.61,10.8,10.5508,1020.203,NA,22.0558,11.9608,-24.4,33.3014,10.2154,3.2118
65556,110065556,110001055,"2023-04-19","17:55:00",0.74,0.222,1,300,1,1,"D",2,6,"none",NA,51.437365,2.917155,171.94,11.5,10.6183,1021.211,NA,28.7327,13.3586,-22.9,33.2098,10.2911,4.1814
65557,110065557,110001055,"2023-04-19","17:57:00",0.694,0.2082,0,300,1,1,"D",2,6,"none",NA,51.431215,2.914435,191.55,12,10.5655,1021.41602,NA,332.08789,10.0949,-21.1,33.1552,10.2797,4.9692
65558,110065558,110001055,"2023-04-19","17:59:00",0.791,0.2373,0,300,1,1,"D",2,6,"none",NA,51.42553,2.90898,213.89,12.3,10.5993,1021.703,NA,40.0356,5.116,-18.3,33.1529,10.3158,6.1812
65559,110065559,110001055,"2023-04-19","18:01:00",0.786,0.2358,0,300,1,1,"D",2,6,"none",NA,51.42031,2.901375,224.06,12.7,10.7144,1021.84698,NA,72.3048,5.2531,-19,33.1831,10.3347,5.757
65560,110065560,110001055,"2023-04-19","18:03:00",0.775,0.2325,0,300,1,1,"D",2,6,"none",NA,51.41623,2.89233,233.48,12.6,10.5498,1021.745,NA,102.7715,6.6711,-18.2,33.2066,10.3541,6.666
65561,110065561,110001055,"2023-04-19","18:05:00",0.669,0.2007,0,300,1,1,"D",2,6,"none",NA,51.41353,2.882915,247.07001,11.7,10.5252,1021.70203,NA,36.1614,12.0839,-17,33.2053,10.3555,6.666
65562,110065562,110001056,"2023-04-20","09:36:00",0.562,0.1686,0,300,1,1,"D",2,6,"none",NA,51.46601,2.983925,48.75,8.8,9.0822,1017.927,NA,41.0713,10.0736,-19.3,NA,NA,1.212
65563,110065563,110001056,"2023-04-20","09:38:00",0.572,0.1716,0,300,1,1,"D",2,6,"none",NA,51.46893,2.99062,52.11,9.1,8.9685,1018.16602,NA,53.3588,9.9611,-20.6,NA,NA,1.212
65564,110065564,110001056,"2023-04-20","09:40:00",0.569,0.1707,0,300,1,1,"D",2,6,"none",NA,51.47161,2.997635,57.73,9.3,8.8895,1017.16699,NA,60.2053,9.8595,-20.6,NA,NA,1.212
65565,110065565,110001056,"2023-04-20","09:42:00",0.561,0.1683,0,300,1,1,"D",2,6,"none",NA,51.47398,3.004835,61.78,9.2,8.8019,1017.88898,NA,46.8909,10.1531,-20.5,NA,NA,1.212
65566,110065566,110001056,"2023-04-20","09:44:00",0.573,0.1719,0,300,1,1,"D",2,6,"none",NA,51.476165,3.012225,66.5,9,8.7967,1017.742,NA,70.3121,10.4072,-20.4,NA,NA,1.2726
65567,110065567,110001056,"2023-04-20","09:46:00",0.577,0.1731,0,300,1,1,"D",2,6,"none",NA,51.47837,3.01973,63.17,9.2,8.76,1017.84998,NA,63.1125,9.9101,-20.5,NA,NA,1.212
65568,110065568,110001056,"2023-04-20","09:48:00",0.568,0.1704,0,300,1,1,"D",2,6,"none",NA,51.48054,3.02722,65.02,9.3,8.7076,1017.87,NA,57.7737,10.7713,-21.8,NA,NA,1.2726
65569,110065569,110001056,"2023-04-20","09:50:00",0.569,0.1707,0,300,1,1,"D",2,6,"none",NA,51.482715,3.03464,63.22,9.1,8.6911,1017.76001,NA,62.0995,9.4275,-21.5,NA,NA,1.3332
65570,110065570,110001056,"2023-04-20","09:52:00",0.57,0.171,0,300,1,1,"D",2,6,"none",NA,51.48509,3.04191,59.91,9.3,8.651,1017.90802,NA,59.8316,10.4986,-22.3,NA,NA,1.3938
65571,110065571,110001056,"2023-04-20","09:54:00",0.583,0.1749,0,300,1,1,"D",2,6,"none",NA,51.48766,3.04913,61.22,9.3,8.5046,1017.72498,NA,63.0144,9.6182,-22.8,NA,NA,1.4544
65572,110065572,110001056,"2023-04-20","09:56:00",0.569,0.1707,0,300,1,1,"D",2,6,"none",NA,51.49061,3.055915,57.39,9.3,8.4568,1017.72803,NA,55.0041,11.1433,-22.5,NA,NA,1.4544
65573,110065573,110001056,"2023-04-20","09:58:00",0.559,0.1677,0,300,1,1,"D",2,6,"none",NA,51.4947,3.06001,40.48,9.2,8.2361,1016.474,NA,63.8419,11.6966,-22.5,NA,NA,1.6362
65574,110065574,110001056,"2023-04-20","10:00:00",0.587,0.1761,0,300,1,1,"D",2,6,"none",NA,51.499775,3.06107,1.03,9.4,8.1365,1015.34601,NA,66.152,15.2403,-23.2,NA,NA,1.5756
65575,110065575,110001056,"2023-04-20","10:02:00",0.579,0.1737,0,300,1,1,"D",2,6,"none",NA,51.50501,3.061225,1.18,9.4,8.121,1016.39801,NA,52.8945,11.9849,-25.1,NA,NA,1.5756
65576,110065576,110001056,"2023-04-20","10:04:00",0.273,0.0819,0,300,1,1,"D",2,6,"none",NA,51.50883,3.061115,358.56,9.5,8.1032,1016.20502,NA,56.926,13.0809,-25.8,NA,NA,1.5756
65577,110065577,110001056,"2023-04-20","10:05:00",0.583,0.1749,0,300,1,1,"D",2,6,"none",NA,51.51266,3.060645,353.82001,9.7,8.1353,1016.32001,NA,57.671,13.1331,-26.9,NA,NA,1.3938
65578,110065578,110001056,"2023-04-20","10:07:00",0.595,0.1785,0,300,1,1,"D",2,6,"none",NA,51.51794,3.060095,356.23001,9.4,8.1112,1016.19098,NA,61.6214,12.9774,-28.6,NA,NA,1.6362
65579,110065579,110001056,"2023-04-20","10:10:00",0.339,0.1017,0,300,1,1,"D",2,6,"none",NA,51.52395,3.056645,313.94,9.7,8.1442,1017.271,NA,56.2127,12.5352,-28.6,NA,NA,2.0604
65580,110065580,110001056,"2023-04-20","10:11:00",0.636,0.1908,1,300,1,1,"D",2,6,"none",NA,51.526945,3.05153,310.76001,10.2,8.1772,1017.505,NA,108.0386,14.9705,-28.9,NA,NA,2.2422
65581,110065581,110001056,"2023-04-20","10:13:00",0.661,0.1983,0,300,1,1,"D",2,6,"none",NA,51.530835,3.044565,313.01001,10.6,8.1396,1017.50702,NA,101.0404,17.9478,-27.8,NA,NA,2.3028
65582,110065582,110001056,"2023-04-20","10:15:00",0.65,0.195,0,300,1,1,"D",2,6,"none",NA,51.53456,3.037255,312.57001,10.8,8.0954,1017.51501,NA,101.5821,16.3768,-28.3,NA,NA,2.3634
65583,110065583,110001056,"2023-04-20","10:17:00",0.692,0.2076,1,300,1,1,"D",2,6,"none",NA,51.53639,3.02846,278.19,10.7,7.9944,1017.961,NA,143.6447,6.8591,-25.7,NA,NA,2.4846
65584,110065584,110001056,"2023-04-20","10:19:00",0.627,0.1881,0,300,1,1,"D",2,6,"none",NA,51.538195,3.01984,284.32999,10.9,7.9702,1017.755,NA,55.0496,13.4538,-24,NA,NA,2.3028
65585,110065585,110001056,"2023-04-20","10:21:00",0.609,0.1827,0,300,1,1,"D",2,6,"none",NA,51.54248,3.014855,323.75,10.1,8.0273,1017.36298,NA,51.49,10.6594,-24.5,NA,NA,2.121
65586,110065586,110001056,"2023-04-20","10:23:00",0.619,0.1857,0,300,1,1,"D",2,6,"none",NA,51.54778,3.012425,347.70999,9.9,7.994,1017.23102,NA,65.7165,7.3968,-30.4,NA,NA,1.9392
65587,110065587,110001056,"2023-04-20","10:25:00",0.618,0.1854,0,300,1,1,"D",2,6,"none",NA,51.5528,3.008895,347.89999,9.7,7.9756,1016.79401,NA,66.1926,9.9092,-33,NA,NA,2.121
65588,110065588,110001056,"2023-04-20","10:27:00",0.595,0.1785,0,300,1,1,"D",2,6,"none",NA,51.55687,3.003195,312.04999,10.5,7.9517,1017.31598,NA,53.1853,7.9993,-33.6,NA,NA,2.0604
65589,110065589,110001056,"2023-04-20","10:29:00",0.607,0.1821,0,300,1,1,"D",2,6,"none",NA,51.56044,2.99668,315.13,9.9,7.8587,1017.42401,NA,41.906,6.4269,-12.6,NA,NA,1.9998
65590,110065590,110001056,"2023-04-20","10:31:00",0.624,0.1872,0,300,1,1,"D",2,6,"none",NA,51.564125,2.99004,312.35001,10,7.8956,1017.414,NA,41.0451,8.892,-17,NA,NA,2.121
65591,110065591,110001056,"2023-04-20","10:33:00",0.641,0.1923,0,300,1,1,"D",2,6,"none",NA,51.567905,2.98321,312.48001,10,7.9268,1017.41699,NA,51.3675,8.58,-21.5,NA,NA,2.3028
65592,110065592,110001056,"2023-04-20","10:35:00",0.635,0.1905,0,300,1,1,"D",2,6,"none",NA,51.571695,2.97629,313.95001,10.4,7.856,1017.35999,NA,97.3631,13.1441,-25.4,NA,NA,2.5452
65593,110065593,110001056,"2023-04-20","10:37:00",0.671,0.2013,0,300,1,1,"D",2,6,"none",NA,51.574675,2.968315,303.62,10.5,7.9343,1017.51898,NA,95.6739,12.1637,-28.5,NA,NA,2.3028
65594,110065594,110001056,"2023-04-20","10:39:00",0.649,0.1947,0,300,1,1,"D",2,6,"none",NA,51.57755,2.96007,293.26001,10.9,7.86,1017.56702,NA,135.2571,11.7468,-30.5,NA,NA,2.3028
65595,110065595,110001056,"2023-04-20","10:41:00",0.655,0.1965,0,300,1,1,"D",2,6,"none",NA,51.581335,2.95289,315.62,10.3,7.7335,1017.48499,NA,96.4649,12.1811,-31.6,NA,NA,2.2422
65596,110065596,110001056,"2023-04-20","10:43:00",0.664,0.1992,0,300,1,1,"D",2,6,"none",NA,51.58539,2.94594,311.41,10.7,7.7909,1017.26599,NA,92.2218,12.2705,-34,NA,NA,2.2422
65597,110065597,110001056,"2023-04-20","10:45:00",0.652,0.1956,0,300,1,1,"D",2,6,"none",NA,51.589445,2.93902,313.79001,10.6,7.7698,1017.40302,NA,97.6792,12.0308,-33,NA,NA,1.9998
65598,110065598,110001056,"2023-04-20","10:47:00",0.64,0.192,0,300,1,1,"D",2,6,"none",NA,51.593425,2.93222,311.06,10.6,7.8007,1017.203,NA,49.9025,4.9249,-32.1,NA,NA,1.515
65599,110065599,110001056,"2023-04-20","10:49:00",0.64,0.192,0,300,1,1,"D",2,6,"none",NA,51.597365,2.92548,314.47,10.1,7.987,1016.896,NA,83.3405,11.8757,-34.9,NA,NA,1.4544
65600,110065600,110001056,"2023-04-20","10:51:00",0.619,0.1857,0,300,1,1,"D",2,6,"none",NA,51.601555,2.91942,314.45999,10.5,8.0896,1016.88397,NA,92.157,16.1925,-36.4,NA,NA,1.818
65601,110065601,110001056,"2023-04-20","10:53:00",0.618,0.1854,0,300,1,1,"D",2,6,"none",NA,51.60649,2.91584,339.34,9.8,8.0624,1015.76202,NA,47.7542,12.0358,-36.1,NA,NA,2.5452
65602,110065602,110001056,"2023-04-20","10:55:00",0.625,0.1875,0,300,1,1,"D",2,6,"none",NA,51.611425,2.912185,343.88,10.2,8.1552,1015.89301,NA,44.1473,8.4291,-23.5,NA,NA,2.6664
65603,110065603,110001056,"2023-04-20","10:57:00",0.625,0.1875,0,300,1,1,"D",2,6,"none",NA,51.615455,2.90596,309.17001,10.2,8.0926,1017.06403,NA,28.5248,7.9574,-23,NA,NA,2.6664
65604,110065604,110001056,"2023-04-20","10:59:00",0.635,0.1905,0,300,1,1,"D",2,6,"none",NA,51.619095,2.89898,314.04001,10,8.1498,1016.94202,NA,90.8732,13.628,-24.7,NA,NA,2.6058
65605,110065605,110001056,"2023-04-20","11:01:00",0.631,0.1893,0,300,1,1,"D",2,6,"none",NA,51.622755,2.891975,308.88,10,8.2406,1017.03497,NA,89.9813,13.8072,-25.4,NA,NA,2.424
65606,110065606,110001056,"2023-04-20","11:03:00",0.644,0.1932,0,300,1,1,"D",2,6,"none",NA,51.625645,2.88416,310.75,10,8.131,1017.04602,NA,85.0577,13.1583,-28.4,NA,NA,2.3634
65607,110065607,110001056,"2023-04-20","11:05:00",0.589,0.1767,0,300,1,1,"D",2,6,"none",NA,51.62765,2.875845,282.67001,10.5,8.1943,1017.11902,NA,37.3794,8.3921,-31.8,NA,NA,2.3028
65608,110065608,110001056,"2023-04-20","11:07:00",0.635,0.1905,0,300,1,1,"D",2,6,"none",NA,51.630565,2.868535,312.19,10.1,8.1718,1017.03302,NA,86.8463,13.666,-34.3,NA,NA,2.2422
65609,110065609,110001056,"2023-04-20","11:09:00",0.652,0.1956,0,300,1,1,"D",2,6,"none",NA,51.63451,2.861725,314,10.4,8.2256,1016.85498,NA,95.3951,13.9433,-33.1,NA,NA,2.1816
65610,110065610,110001056,"2023-04-20","11:11:00",0.64,0.192,0,300,1,1,"D",2,6,"none",NA,51.638455,2.85487,313.12,10.5,8.2292,1016.93903,NA,90.0944,14.1471,-36.1,NA,NA,2.121
65611,110065611,110001056,"2023-04-20","11:13:00",0.646,0.1938,0,300,1,1,"D",2,6,"none",NA,51.64238,2.84804,313.06,10.3,8.1111,1017.03497,NA,40.1409,9.2745,-33.3,NA,NA,2.3634
65612,110065612,110001056,"2023-04-20","11:15:00",0.643,0.1929,0,300,1,1,"D",2,6,"none",NA,51.646275,2.841135,315.28,10.4,8.1842,1016.87598,NA,91.9505,16.3287,-37.9,NA,NA,2.6058
65613,110065613,110001056,"2023-04-20","11:17:00",0.645,0.1935,0,300,1,1,"D",2,6,"none",NA,51.65001,2.83402,307.47,10.6,8.08,1017.11102,NA,98.4462,14.9715,-37.8,NA,NA,2.4846
65614,110065614,110001056,"2023-04-20","11:19:00",0.65,0.195,0,300,1,1,"D",2,6,"none",NA,51.65362,2.82667,308.20999,10.7,8.1749,1017.06299,NA,39.6325,8.8506,-38.3,NA,NA,2.121
65615,110065615,110001056,"2023-04-20","11:21:00",0.642,0.1926,0,300,1,1,"D",2,6,"none",NA,51.65723,2.81935,309.54999,10.2,8.1317,1016.763,NA,90.389,14.9214,-38,NA,NA,2.0604
65616,110065616,110001056,"2023-04-20","11:23:00",0.633,0.1899,0,300,1,1,"D",2,6,"none",NA,51.66082,2.812155,309.64999,10.4,8.2142,1017.08099,NA,84.3517,12.3582,-34.6,NA,NA,1.9392
65617,110065617,110001056,"2023-04-20","11:25:00",0.624,0.1872,0,300,1,1,"D",2,6,"none",NA,51.664355,2.805055,308.29001,9.8,8.169,1017.17603,NA,46.782,9.4176,-21.6,NA,NA,1.818
65618,110065618,110001056,"2023-04-20","11:27:00",0.619,0.1857,0,300,1,1,"D",2,6,"none",NA,51.667825,2.798,308.97,10,8.1231,1016.98199,NA,42.1215,8.4964,-23.6,NA,NA,1.8786
65619,110065619,110001056,"2023-04-20","11:29:00",0.64,0.192,0,300,1,1,"D",2,6,"none",NA,51.671365,2.790885,309.57999,10,8.0665,1017.27899,NA,53.7312,7.8154,-22.1,NA,NA,1.818
65620,110065620,110001056,"2023-04-20","11:31:00",0.645,0.1935,0,300,1,1,"D",2,6,"none",NA,51.675265,2.784045,308.54001,10.2,8.1609,1016.94397,NA,98.6535,13.021,-33,NA,NA,1.8786
65621,110065621,110001056,"2023-04-20","11:33:00",0.646,0.1938,0,300,1,1,"D",2,6,"none",NA,51.679425,2.77753,317.23999,10.2,8.0674,1016.995,NA,96.61,12.8792,-36.6,NA,NA,1.6968
65622,110065622,110001056,"2023-04-20","11:35:00",0.658,0.1974,0,300,1,1,"D",2,6,"none",NA,51.68359,2.77089,315.32999,10.5,8.0455,1017.164,NA,50.0881,8.4194,-36.6,NA,NA,1.818
65623,110065623,110001056,"2023-04-20","11:37:00",0.653,0.1959,0,300,1,1,"D",2,6,"none",NA,51.687745,2.76416,315.10999,10.3,8.0613,1017.04797,NA,96.5441,13.4847,-37.9,NA,NA,2.0604
65624,110065624,110001056,"2023-04-20","11:39:00",0.649,0.1947,0,300,1,1,"D",2,6,"none",NA,51.691385,2.75684,314.51999,10.6,8.0459,1017.086,NA,97.173,13.7215,-37.9,NA,NA,2.121
65625,110065625,110001056,"2023-04-20","11:41:00",0.642,0.1926,0,300,1,1,"D",2,6,"none",NA,51.69463,2.749085,293.94,10.6,8.0944,1016.95203,NA,156.4155,12.9965,-40.2,NA,NA,2.121
65626,110065626,110001056,"2023-04-20","11:43:00",0.639,0.1917,0,300,1,1,"D",2,6,"none",NA,51.698525,2.74236,315.59,10.4,8.1138,1016.81598,NA,36.2056,10.0677,-37.6,NA,NA,2.3028
65627,110065627,110001056,"2023-04-20","11:45:00",0.587,0.1761,0,300,1,1,"D",2,6,"none",NA,51.70321,2.7379,332.20999,10.2,8.0982,1016.81299,NA,113.6342,15.7246,-33,NA,NA,2.2422
65628,110065628,110001056,"2023-04-20","11:47:00",0.642,0.1926,0,300,1,1,"D",2,6,"none",NA,51.708555,2.73634,351.06,10.4,8.0286,1016.672,NA,115.79,13.6594,-33.6,NA,NA,2.1816
65629,110065629,110001056,"2023-04-20","11:49:00",0.35,0.105,0,300,1,1,"D",2,6,"none",NA,51.71301,2.736235,3.78,10.5,7.9282,1016.30701,NA,65.9471,7.5843,-37.5,NA,NA,2.2422
65630,110065630,110001056,"2023-04-20","11:50:00",0.639,0.1917,1,300,1,1,"D",2,6,"none",NA,51.717155,2.73412,344.20999,10.3,7.9801,1016.63702,NA,56.4545,9.3105,-36.5,NA,NA,2.3028
65631,110065631,110001056,"2023-04-20","11:52:00",0.624,0.1872,0,300,1,1,"D",2,6,"none",NA,51.7209,2.727965,317.56,10.2,7.9142,1016.90802,NA,104.3689,15.6566,-39.7,NA,NA,2.3028
65632,110065632,110001056,"2023-04-20","11:54:00",0.645,0.1935,0,300,1,1,"D",2,6,"none",NA,51.723,2.71942,281.73001,10.1,7.9308,1017.17798,NA,151.5739,9.2773,-39.7,NA,NA,2.3028
65633,110065633,110001056,"2023-04-20","11:56:00",0.627,0.1881,1,300,1,1,"D",2,6,"none",NA,51.724065,2.71045,290.32999,10.6,7.9991,1016.974,NA,157.04491,10.6976,-37.6,NA,NA,2.4846
65634,110065634,110001056,"2023-04-20","11:58:00",0.632,0.1896,0,300,1,1,"D",2,6,"none",NA,51.72245,2.702305,255.84,10.5,7.904,1017.28003,NA,61.9119,10.0649,-40.6,NA,NA,2.5452
65635,110065635,110001056,"2023-04-20","12:00:00",0.652,0.1956,0,300,1,1,"D",2,6,"none",NA,51.71847,2.69564,219.92999,10.6,7.9991,1017.151,NA,2.5852,3.6256,-39.3,NA,NA,2.5452
65636,110065636,110001056,"2023-04-20","12:02:00",0.654,0.1962,0,300,1,1,"D",2,6,"none",NA,51.714025,2.689465,221.12,10,8.0629,1017.16101,NA,7.8721,1.8598,-38.7,NA,NA,2.4846
65637,110065637,110001056,"2023-04-20","12:04:00",0.646,0.1938,0,300,1,1,"D",2,6,"none",NA,51.709635,2.683255,223.12,10.6,7.9687,1017.047,NA,354.76419,2.7984,-39,NA,NA,2.3634
65638,110065638,110001056,"2023-04-20","12:06:00",0.588,0.1764,0,300,1,1,"D",2,6,"none",NA,51.70547,2.67736,222.59,10.3,8.0425,1017.00702,NA,61.2769,7.6322,-40.7,NA,NA,2.2422
65639,110065639,110001056,"2023-04-20","12:08:00",0.648,0.1944,0,300,1,1,"D",2,6,"none",NA,51.70128,2.67149,221.09,10.5,8.059,1016.85999,NA,53.777,9.0003,-42.1,NA,NA,2.0604
65640,110065640,110001056,"2023-04-20","12:10:00",0.632,0.1896,0,300,1,1,"D",2,6,"none",NA,51.696435,2.66676,222.56,10.4,8.0891,1017.02399,NA,30.1995,4.412,-42,NA,NA,1.7574
65641,110065641,110001056,"2023-04-20","12:12:00",0.652,0.1956,1,300,1,1,"D",2,6,"none",NA,51.691065,2.66683,175.10001,10.7,8.0284,1016.52502,NA,44.5858,9.4715,-43.7,NA,NA,1.7574
65642,110065642,110001056,"2023-04-20","12:14:00",0.683,0.2049,0,300,1,1,"D",2,6,"none",NA,51.686245,2.67217,139.63,10.8,7.9856,1015.53497,NA,33.0256,8.311,-43.8,NA,NA,1.5756
65643,110065643,110001056,"2023-04-20","12:16:00",0.693,0.2079,0,300,1,1,"D",2,6,"none",NA,51.68197,2.679365,135.58,11,7.9466,1015.48297,NA,328.3743,15.9696,-42.4,NA,NA,1.4544
65644,110065644,110001056,"2023-04-20","12:18:00",0.69,0.207,0,300,1,1,"D",2,6,"none",NA,51.677645,2.686555,135.05,11.4,7.916,1014.80103,NA,37.2625,8.3526,-40.1,NA,NA,1.6362
65645,110065645,110001056,"2023-04-20","12:20:00",0.7,0.21,0,300,1,1,"D",2,6,"none",NA,51.67332,2.693815,132.81,11.3,7.9821,1014.96698,NA,326.97519,16.4687,-35.2,NA,NA,1.9392
65646,110065646,110001056,"2023-04-20","12:22:00",0.696,0.2088,0,300,1,1,"D",2,6,"none",NA,51.66895,2.70107,137.3,11.1,7.9135,1014.927,NA,313.99081,17.2283,-33.5,NA,NA,2.0604
65647,110065647,110001056,"2023-04-20","12:24:00",0.705,0.2115,0,300,1,1,"D",2,6,"none",NA,51.66456,2.70834,132.12,11.3,7.9381,1015.216,NA,325.55551,16.8077,-32.5,NA,NA,1.9392
65648,110065648,110001056,"2023-04-20","12:26:00",0.698,0.2094,0,300,1,1,"D",2,6,"none",NA,51.66018,2.71564,134.66,11,7.976,1015.49701,NA,38.3642,10.3979,-35.1,NA,NA,1.8786
65649,110065649,110001056,"2023-04-20","12:28:00",0.692,0.2076,0,300,1,1,"D",2,6,"none",NA,51.655845,2.722885,134.17,11.3,7.8866,1015.117,NA,41.6263,9.7003,-37.4,NA,NA,1.8786
65650,110065650,110001056,"2023-04-20","12:30:00",0.684,0.2052,0,300,1,1,"D",2,6,"none",NA,51.651575,2.73009,131.95,11.1,7.9102,1014.41302,NA,41.976,12.6334,-38.9,NA,NA,1.7574
65651,110065651,110001056,"2023-04-20","12:32:00",0.685,0.2055,0,300,1,1,"D",2,6,"none",NA,51.647335,2.737265,133.21001,11,7.8634,1016.11401,NA,335.37369,16.3855,-38.7,NA,NA,1.6362
65652,110065652,110001056,"2023-04-20","12:34:00",0.684,0.2052,0,300,1,1,"D",2,6,"none",NA,51.643065,2.744395,133.53,11.1,7.9032,1015.604,NA,36.4834,10.0815,-32.9,NA,NA,1.5756
65653,110065653,110001056,"2023-04-20","12:36:00",0.694,0.2082,0,300,1,1,"D",2,6,"none",NA,51.638775,2.751585,131.19,11.1,7.7481,1015.245,NA,324.41129,15.224,-35.7,NA,NA,1.2726
65654,110065654,110001056,"2023-04-20","12:38:00",0.688,0.2064,0,300,1,1,"D",2,6,"none",NA,51.634495,2.758825,133.13,11.1,7.6897,1015.30603,NA,320.62079,16.2879,-35.1,NA,NA,1.212
65655,110065655,110001056,"2023-04-20","12:40:00",0.685,0.2055,0,300,1,1,"D",2,6,"none",NA,51.630225,2.76599,131.48,11,7.67,1015.91101,NA,323.6514,16.5816,-37.1,NA,NA,1.212
65656,110065656,110001056,"2023-04-20","12:42:00",0.692,0.2076,0,300,1,1,"D",2,6,"none",NA,51.625955,2.773195,135.50999,11,7.6911,1014.72803,NA,327.97009,18.0693,-37.2,NA,NA,1.212
65657,110065657,110001056,"2023-04-20","12:44:00",0.638,0.1914,0,300,1,1,"D",2,6,"none",NA,51.62183,2.78015,130.53999,11,7.721,1014.38898,NA,328.1174,15.6494,-30.2,NA,NA,1.1514
65658,110065658,110001056,"2023-04-20","12:46:00",0.718,0.2154,0,300,1,1,"D",2,6,"none",NA,51.617605,2.787215,136.21001,11.8,7.6506,1015.737,NA,323.91751,14.3081,-23.2,NA,NA,1.0302
65659,110065659,110001056,"2023-04-20","12:48:00",0.7,0.21,0,300,1,1,"D",2,6,"none",NA,51.613185,2.794605,136.33,11.7,7.5628,1014.49298,NA,37.1513,10.0999,-30.4,NA,NA,1.212
65660,110065660,110001056,"2023-04-20","12:50:00",0.696,0.2088,0,300,1,1,"D",2,6,"none",NA,51.608845,2.801895,131.85001,11.3,7.6145,1015.23297,NA,326.40259,17.0663,-40,NA,NA,1.4544
65661,110065661,110001056,"2023-04-20","12:52:00",0.683,0.2049,0,300,1,1,"D",2,6,"none",NA,51.604555,2.809085,131.53999,11,7.5112,1015.01099,NA,37.5086,10.3527,-37.9,NA,NA,1.818
65662,110065662,110001056,"2023-04-20","12:54:00",0.674,0.2022,0,300,1,1,"D",2,6,"none",NA,51.600345,2.816175,134.2,11.2,7.5047,1014.18201,NA,47.3545,10.4704,-35.1,NA,NA,1.6968
65663,110065663,110001056,"2023-04-20","12:56:00",0.675,0.2025,0,300,1,1,"D",2,6,"none",NA,51.59616,2.823225,136.22,10.9,7.5822,1014.901,NA,26.9792,9.5802,-33.3,NA,NA,1.3938
65664,110065664,110001056,"2023-04-20","12:58:00",0.686,0.2058,0,300,1,1,"D",2,6,"none",NA,51.591905,2.83029,134.73,11,7.5649,1014.84497,NA,330.96121,17.0023,-33.5,NA,NA,1.3332
65665,110065665,110001056,"2023-04-20","13:00:00",0.682,0.2046,0,300,1,1,"D",2,6,"none",NA,51.587645,2.837415,133.33,11.1,7.5347,1015.20398,NA,319.07401,15.0391,-31.3,NA,NA,1.515
65666,110065666,110001056,"2023-04-20","13:02:00",0.685,0.2055,0,300,1,1,"D",2,6,"none",NA,51.583395,2.844545,136.52,10.6,7.5585,1015.04199,NA,328.64651,14.1317,-28.8,NA,NA,1.7574
65667,110065667,110001056,"2023-04-20","13:04:00",0.686,0.2058,0,300,1,1,"D",2,6,"none",NA,51.579145,2.851715,134.02,11.3,7.5879,1015.54102,NA,35.6671,9.8542,-35.3,NA,NA,2.0604
65668,110065668,110001056,"2023-04-20","13:06:00",0.688,0.2064,0,300,1,1,"D",2,6,"none",NA,51.574885,2.858895,132.38,11.2,7.6441,1014.87402,NA,323.7424,18.09,-35.1,NA,NA,2.1816
65669,110065669,110001056,"2023-04-20","13:08:00",0.689,0.2067,0,300,1,1,"D",2,6,"none",NA,51.57059,2.86605,133.14999,11.5,7.6732,1015.31,NA,315.8815,15.9471,-39.7,NA,NA,1.7574
65670,110065670,110001056,"2023-04-20","13:10:00",0.679,0.2037,0,300,1,1,"D",2,6,"none",NA,51.566335,2.87318,132.75999,11,7.6994,1015.04797,NA,326.29059,16.164,-38.1,NA,NA,1.5756
65671,110065671,110001056,"2023-04-20","13:12:00",0.678,0.2034,0,300,1,1,"D",2,6,"none",NA,51.562125,2.880265,133.8,11.3,7.7383,1014.79303,NA,38.402,9.3655,-35,NA,NA,1.5756
65672,110065672,110001056,"2023-04-20","13:14:00",0.678,0.2034,0,300,1,1,"D",2,6,"none",NA,51.557905,2.88732,133.95,11.1,7.6678,1014.99701,NA,329.7341,16.466,-32.6,NA,NA,1.4544
65673,110065673,110001056,"2023-04-20","13:16:00",0.309,0.0927,0,300,1,1,"D",2,6,"none",NA,51.554875,2.89252,134.82001,11.2,7.8601,1014.17603,NA,321.0675,16.821,-30.2,NA,NA,1.4544
65674,110065674,110001056,"2023-04-20","13:17:00",0.682,0.2046,1,300,1,1,"D",2,6,"none",NA,51.551975,2.89795,127.33,11,7.7894,1014.875,NA,36.2374,10.569,-30.6,NA,NA,1.5756
65675,110065675,110001056,"2023-04-20","13:19:00",0.686,0.2058,0,300,1,1,"D",2,6,"none",NA,51.54797,2.90544,134.14,11,7.7549,1014.65601,NA,316.0257,17.0875,-27.7,NA,NA,1.9998
65676,110065676,110001056,"2023-04-20","13:21:00",0.68,0.204,0,300,1,1,"D",2,6,"none",NA,51.54395,2.912895,130.89,10.8,7.7046,1014.68799,NA,40.147,8.8537,-27.5,NA,NA,2.424
65677,110065677,110001056,"2023-04-20","13:23:00",0.679,0.2037,0,300,1,1,"D",2,6,"none",NA,51.539965,2.92033,128.73,11.2,7.8549,1014.06,NA,42.3738,9.4198,-24.3,34.032,9.913,2.8482
65678,110065678,110001056,"2023-04-20","13:25:00",0.673,0.2019,0,300,1,1,"D",2,6,"none",NA,51.53602,2.927745,133.00999,10.8,7.7763,1014.60303,NA,329.16711,17.0602,-23.3,NA,NA,3.6966
65679,110065679,110001056,"2023-04-20","13:27:00",0.673,0.2019,0,300,1,1,"D",2,6,"none",NA,51.53207,2.935095,128.47,10.8,7.7682,1014.30402,NA,331.17221,15.5796,-21.8,NA,NA,3.2724
65680,110065680,110001056,"2023-04-20","13:29:00",0.673,0.2019,0,300,1,1,"D",2,6,"none",NA,51.528135,2.942465,132,10.6,7.808,1015.185,NA,319.88019,15.1345,-21.1,NA,NA,2.424
65681,110065681,110001056,"2023-04-20","13:31:00",0.689,0.2067,0,300,1,1,"D",2,6,"none",NA,51.52405,2.949775,129.95,11,7.8468,1015.21503,NA,321.6749,15.1061,-25.1,NA,NA,2.121
65682,110065682,110001056,"2023-04-20","13:33:00",0.688,0.2064,0,300,1,1,"D",2,6,"none",NA,51.519545,2.95657,136.77,11,7.8361,1014.72803,NA,43.5827,10.9554,-34.7,NA,NA,1.9998
65683,110065683,110001056,"2023-04-20","13:35:00",0.67,0.201,0,300,1,1,"D",2,6,"none",NA,51.51485,2.962825,140.00999,11.2,7.9948,1014.565,NA,335.09399,15.715,-31.9,NA,NA,1.515
65684,110065684,110001056,"2023-04-20","13:37:00",0.603,0.1809,1,300,1,1,"D",2,6,"none",NA,51.50982,2.966215,149.03,10.3,7.9667,1015.39301,NA,330.41449,13.919,-31.3,NA,NA,1.2726
65685,110065685,110001056,"2023-04-20","13:39:00",0.601,0.1803,0,300,1,1,"D",2,6,"none",NA,51.504495,2.965535,193.91,9.7,8.084,1015.73401,NA,52.9254,8.4021,-30.8,NA,NA,1.2726
65686,110065686,110001056,"2023-04-20","13:41:00",0.275,0.0825,0,300,1,1,"D",2,6,"none",NA,51.500665,2.96407,193.00999,9.9,8.0554,1015.87299,NA,50.4452,7.1574,-30.3,NA,NA,1.2726
65687,110065687,110001056,"2023-04-20","13:42:00",0.606,0.1818,1,300,1,1,"D",2,6,"none",NA,51.49681,2.96262,194.14,9.9,8.1077,1015.75299,NA,58.8526,9.1419,-29.6,NA,NA,1.4544
65688,110065688,110001056,"2023-04-20","13:44:00",0.617,0.1851,0,300,1,1,"D",2,6,"none",NA,51.491455,2.960665,193.7,9.8,8.1453,1015.62097,NA,55.6168,9.9267,-27.5,NA,NA,1.4544
65689,110065689,110001056,"2023-04-20","13:46:00",0.611,0.1833,0,300,1,1,"D",2,6,"none",NA,51.48607,2.958765,191.78999,9.8,8.0009,1015.47998,NA,53.7093,8.7305,-27.8,NA,NA,1.7574
65690,110065690,110001056,"2023-04-20","13:48:00",0.605,0.1815,0,300,1,1,"D",2,6,"none",NA,51.480735,2.956895,193.03,10,8.1641,1015.81201,NA,42.2902,6.8988,-29.2,NA,NA,1.6968
65691,110065691,110001056,"2023-04-20","13:50:00",0.603,0.1809,0,300,1,1,"D",2,6,"none",NA,51.475435,2.95503,193.56,9.6,8.0364,1015.73102,NA,52.8555,7.9068,-31.1,NA,NA,1.9998
65692,110065692,110001056,"2023-04-20","13:52:00",0.573,0.1719,0,300,1,1,"D",2,6,"none",NA,51.470405,2.95254,195.08,10,8.1175,1015.85199,NA,43.3261,7.7772,-30.4,33.5824,10.0216,2.3634
65693,110065693,110001056,"2023-04-20","13:54:00",0.578,0.1734,1,300,1,1,"D",2,6,"medium",NA,51.46676,2.947345,220.44,9,8.2372,1015.96802,NA,46.4217,7.3095,-29.5,33.4993,10.0128,2.2422
65694,110065694,110001056,"2023-04-20","13:56:00",0.599,0.1797,0,300,1,1,"D",2,6,"medium",NA,51.465915,2.93943,259.73999,9.5,8.3313,1015.81097,NA,58.1506,7.3176,-29.6,NA,NA,2.1816
65695,110065695,110001056,"2023-04-20","13:58:00",0.66,0.198,0,300,1,1,"D",2,6,"medium",NA,51.46832,2.931635,298.14999,10.2,8.0906,1015.55603,NA,56.5281,10.0315,-29.4,33.4886,10.0349,2.121
65696,110065696,110001056,"2023-04-20","14:00:00",0.676,0.2028,0,300,1,1,"D",2,6,"medium",NA,51.472365,2.924525,312.98999,10.9,8.1752,1015.44397,NA,91.4714,13.5346,-29,NA,NA,2.121
65697,110065697,110001056,"2023-04-20","14:02:00",0.681,0.2043,0,300,1,1,"D",2,6,"medium",NA,51.47654,2.9174,312.98999,10.8,8.0251,1015.289,NA,52.4082,10.1056,-24.3,NA,NA,1.9998
65698,110065698,110001056,"2023-04-20","14:04:00",0.68,0.204,0,300,1,1,"D",2,6,"medium",NA,51.48077,2.910315,313.37,11.2,8.042,1015.42603,NA,95.4465,15.803,-24.6,NA,NA,1.7574
65699,110065699,110001056,"2023-04-20","14:06:00",0.62,0.186,0,300,1,1,"D",2,6,"medium",NA,51.48482,2.90356,315.75,11.1,8.0589,1014.96698,NA,50.1273,8.8915,-28.6,NA,NA,1.8786
65700,110065700,110001056,"2023-04-20","14:08:00",0.667,0.2001,0,300,1,1,"D",2,6,"medium",NA,51.488865,2.896925,314.88,10.8,8.0949,1015.32202,NA,52.5451,9.9406,-30.1,33.7893,10.0265,1.818
65701,110065701,110001056,"2023-04-20","14:10:00",0.664,0.1992,0,300,1,1,"D",2,6,"medium",NA,51.49304,2.89005,314.35999,10.8,8.2072,1015.31598,NA,57.1983,11.9548,-31.4,NA,NA,1.6968
65702,110065702,110001056,"2023-04-20","14:12:00",0.656,0.1968,0,300,1,1,"D",2,6,"medium",NA,51.497155,2.88319,311.84,10.7,8.0967,1015.30402,NA,100.0652,14.7506,-33.6,33.9887,10.0096,1.515
65703,110065703,110001056,"2023-04-20","14:14:00",0.659,0.1977,0,300,1,1,"D",2,6,"medium",NA,51.50125,2.87635,315.79999,10.4,8.1592,1015.40997,NA,96.0422,12.3048,-31.3,34.1786,9.9909,1.6362
65704,110065704,110001056,"2023-04-20","14:16:00",0.661,0.1983,0,300,1,1,"D",2,6,"medium",NA,51.505365,2.86949,312.98999,10.6,8.1687,1015.45502,NA,95.7554,14.9244,-30.8,NA,NA,1.5756
65705,110065705,110001056,"2023-04-20","14:18:00",0.673,0.2019,0,300,1,1,"D",2,6,"medium",NA,51.50952,2.86255,313.31,10.8,8.0745,1015.37402,NA,90.654,14.8225,-23.7,NA,NA,1.3938
65706,110065706,110001056,"2023-04-20","14:20:00",0.681,0.2043,0,300,1,1,"D",2,6,"medium",NA,51.51373,2.8555,313.92001,11.1,8.2453,1015.16803,NA,99.0903,14.5317,-22.4,34.3376,9.9545,1.4544
65707,110065707,110001056,"2023-04-20","14:22:00",0.69,0.207,0,300,1,1,"D",2,6,"medium",NA,51.518005,2.84838,312.03,11.1,8.2305,1015.46399,NA,53.6612,11.3432,-25.1,NA,NA,1.6968
65708,110065708,110001056,"2023-04-20","14:24:00",0.678,0.2034,0,300,1,1,"D",2,6,"medium",NA,51.522285,2.841295,312.07999,11.2,8.2353,1015.51202,NA,50.013,9.1257,-28.9,34.3137,9.9346,1.9392
65709,110065709,110001056,"2023-04-20","14:26:00",0.676,0.2028,0,300,1,1,"D",2,6,"medium",NA,51.52651,2.834265,318.04999,11.1,8.2123,1015.49902,NA,40.9262,9.0521,-29.7,34.3425,9.9162,1.8786
65710,110065710,110001056,"2023-04-20","14:28:00",0.672,0.2016,0,300,1,1,"D",2,6,"medium",NA,51.53072,2.82727,310.78,10.9,8.0898,1015.34003,NA,35.2608,10.5767,-28.5,34.297,9.9081,2.1816
65711,110065711,110001056,"2023-04-20","14:30:00",0.681,0.2043,0,300,1,1,"D",2,6,"medium",NA,51.534945,2.82025,313.29001,10.9,8.1468,1015.33801,NA,46.3213,11.3145,-34,34.3307,9.8991,2.121
65712,110065712,110001056,"2023-04-20","14:32:00",0.682,0.2046,0,300,1,1,"D",2,6,"medium",NA,51.539205,2.81318,315.42001,11,8.2247,1015.22699,NA,37.2558,8.7505,-33.7,34.3582,9.8914,2.0604
65713,110065713,110001056,"2023-04-20","14:34:00",0.676,0.2028,0,300,1,1,"D",2,6,"medium",NA,51.543455,2.806145,315.17001,11.2,8.1333,1015.28003,NA,93.9745,16.9821,-34.3,34.4007,9.8735,1.818
65714,110065714,110001056,"2023-04-20","14:36:00",0.681,0.2043,0,300,1,1,"D",2,6,"medium",NA,51.54768,2.79908,315.09,11,8.1451,1015.28601,NA,97.1896,14.3013,-35,NA,NA,1.6362
65715,110065715,110001056,"2023-04-20","14:38:00",0.678,0.2034,0,300,1,1,"D",2,6,"medium",NA,51.55193,2.792025,314.19,11,8.1146,1015.44501,NA,43.1328,8.9362,-35.7,NA,NA,1.4544
65716,110065716,110001056,"2023-04-20","14:40:00",0.612,0.1836,0,300,1,1,"D",2,6,"medium",NA,51.555965,2.785335,313.57999,10.8,8.028,1015.49902,NA,43.8726,10.2923,-34,34.6338,9.8671,1.3332
65717,110065717,110001056,"2023-04-20","14:42:00",0.681,0.2043,0,300,1,1,"D",2,6,"medium",NA,51.56,2.77862,313.98999,10.7,8.1481,1015.31201,NA,46.9248,9.6765,-33.2,34.691,9.8603,1.212
65718,110065718,110001056,"2023-04-20","14:44:00",0.684,0.2052,0,300,1,1,"D",2,6,"medium",NA,51.56427,2.77154,312.67001,10.8,8.0435,1015.43597,NA,57.5452,10.4527,-32.3,NA,NA,1.3332
65719,110065719,110001056,"2023-04-20","14:46:00",0.686,0.2058,0,300,1,1,"D",2,6,"medium",NA,51.56854,2.76441,314.60999,11,8.0829,1015.474,NA,51.6842,9.6288,-31.7,34.7325,9.8493,1.2726
65720,110065720,110001056,"2023-04-20","14:48:00",0.676,0.2028,0,300,1,1,"D",2,6,"medium",NA,51.57278,2.757315,313.82999,10.9,8.058,1015.65698,NA,94.0006,15.4697,-32,34.7413,9.8437,1.212
65721,110065721,110001056,"2023-04-20","14:50:00",0.666,0.1998,0,300,1,1,"D",2,6,"medium",NA,51.57699,2.75037,315.64001,10.7,8.1064,1015.60101,NA,92.3802,15.9362,-15.2,NA,NA,1.0302
65722,110065722,110001056,"2023-04-20","14:52:00",0.688,0.2064,0,300,1,1,"D",2,6,"medium",NA,51.581235,2.74336,313.22,11,8.0933,1015.43799,NA,38.6729,10.805,-24.9,34.7616,9.8613,1.0302
65723,110065723,110001056,"2023-04-20","14:54:00",0.689,0.2067,0,300,1,1,"D",2,6,"medium",NA,51.585525,2.73619,316.64001,11,8.2718,1014.88599,NA,97.5486,18.1837,-34.7,NA,NA,0.9696
65724,110065724,110001056,"2023-04-20","14:56:00",0.674,0.2022,0,300,1,1,"D",2,6,"medium",NA,51.58977,2.72909,313.78,11.2,8.1804,1015.263,NA,96.7471,15.0772,-38.7,NA,NA,0.9696
65725,110065725,110001056,"2023-04-20","14:58:00",0.697,0.2091,0,300,1,1,"D",2,6,"medium",NA,51.59405,2.72196,316.64001,11.1,8.1731,1015.10999,NA,99.4734,17.5457,-39.1,NA,NA,1.0908
65726,110065726,110001056,"2023-04-20","15:00:00",0.691,0.2073,0,300,1,1,"D",2,6,"medium",NA,51.59839,2.71475,312.56,11.5,8.1685,1015.58698,NA,101.0744,15.3291,-42.2,NA,NA,1.1514
65727,110065727,110001056,"2023-04-20","15:02:00",0.696,0.2088,0,300,1,1,"D",2,6,"medium",NA,51.602715,2.707525,313.88,11.4,8.1993,1015.73102,NA,53.0906,8.592,-44.9,NA,NA,1.1514
65728,110065728,110001056,"2023-04-20","15:04:00",0.689,0.2067,0,300,1,1,"D",2,6,"medium",NA,51.607025,2.700295,315.44,11.2,8.184,1015.86401,NA,97.2659,14.4542,-39.5,34.7737,9.9031,1.212
65729,110065729,110001056,"2023-04-20","15:06:00",0.686,0.2058,0,300,1,1,"D",2,6,"medium",NA,51.61132,2.69315,314.03,11.3,8.1755,1015.65198,NA,97.9778,15.3633,-35,NA,NA,1.4544
65730,110065730,110001056,"2023-04-20","15:08:00",0.681,0.2043,0,300,1,1,"D",2,6,"medium",NA,51.615595,2.686055,314.59,10.6,8.208,1015.04797,NA,92.1498,18.3398,-18.1,NA,NA,1.4544
65731,110065731,110001056,"2023-04-20","15:10:00",0.676,0.2028,0,300,1,1,"D",2,6,"medium",NA,51.61984,2.67901,314.14999,10.6,8.1825,1015.53699,NA,44.9017,10.1036,-22.9,34.7705,9.9095,1.515
65732,110065732,110001056,"2023-04-20","15:12:00",0.691,0.2073,0,300,1,1,"D",2,6,"medium",NA,51.62411,2.6719,315.17001,11.1,8.3109,1015.09497,NA,101.4089,17.2942,-24,NA,NA,1.4544
65733,110065733,110001056,"2023-04-20","15:14:00",0.693,0.2079,0,300,1,1,"D",2,6,"medium",NA,51.628415,2.664675,312.89001,11.1,8.228,1015.03302,NA,95.8816,17.4216,-34.3,34.7753,9.906,1.515
65734,110065734,110001056,"2023-04-20","15:16:00",0.682,0.2046,0,300,1,1,"D",2,6,"medium",NA,51.63248,2.6572,315.51999,11.3,8.2543,1015.34198,NA,101.6425,16.085,-39.1,34.7698,9.915,1.5756
65735,110065735,110001056,"2023-04-20","15:18:00",0.621,0.1863,1,300,1,1,"D",2,6,"strong",NA,51.63422,2.648855,295.32001,10.4,8.2173,1015.60797,NA,167.0457,12.5484,-37.8,NA,NA,1.6968
65736,110065736,110001056,"2023-04-20","15:20:00",0.596,0.1788,0,300,1,1,"D",2,6,"strong",NA,51.63227,2.64115,239.72,9.3,8.3389,1016.21698,NA,60.1346,6.8111,-40.4,34.8073,9.9116,1.7574
65737,110065737,110001056,"2023-04-20","15:22:00",0.607,0.1821,0,300,1,1,"D",2,6,"strong",NA,51.628455,2.635005,214.91,9,8.5677,1016.125,NA,48.7463,7.5881,-38.4,34.8209,9.9082,1.515
65738,110065738,110001056,"2023-04-20","15:24:00",0.558,0.1674,0,300,1,1,"D",2,6,"strong",NA,51.624545,2.629405,223.55,10.1,8.6628,1016.12903,NA,55.7053,9.5361,-38.7,34.8095,9.9152,1.515
65739,110065739,110001056,"2023-04-20","15:26:00",0.622,0.1866,0,300,1,1,"D",2,6,"strong",NA,51.62058,2.62374,221.48,9.8,8.5841,1016.052,NA,57.7293,10.9116,-38.7,NA,NA,1.515
65740,110065740,110001056,"2023-04-20","15:28:00",0.623,0.1869,0,300,1,1,"D",2,6,"strong",NA,51.616405,2.61774,226.25999,10,8.5862,1015.95398,NA,51.3977,9.1526,-38.3,34.7833,9.9135,1.5756
65741,110065741,110001056,"2023-04-20","15:30:00",0.63,0.189,0,300,1,1,"D",2,6,"strong",NA,51.612195,2.611725,223.33,9.9,8.5114,1015.91901,NA,249.11259,0.4285,-39.3,NA,NA,1.6968
65742,110065742,110001056,"2023-04-20","15:32:00",0.341,0.1023,0,300,1,1,"D",2,6,"strong",NA,51.608875,2.607175,223.5,9.7,8.6776,1015.953,NA,16.4804,1.0043,-38.6,NA,NA,1.6968
65743,110065743,110001056,"2023-04-20","15:33:00",0.606,0.1818,1,300,1,1,"D",2,6,"none",NA,51.604975,2.605145,212.82001,10.4,8.8019,1015.77301,NA,263.36069,1.8073,-38.7,NA,NA,1.7574
65744,110065744,110001056,"2023-04-20","15:35:00",0.619,0.1857,0,300,1,1,"D",2,6,"none",NA,51.599925,2.60706,166.28999,9.9,8.5948,1015.09802,NA,44.8402,12.7776,-35.9,NA,NA,1.818
65745,110065745,110001056,"2023-04-20","15:37:00",0.654,0.1962,0,300,1,1,"D",2,6,"none",NA,51.59557,2.612905,130.25999,10.3,8.4957,1015.00098,NA,30.7333,10.3013,-36.7,NA,NA,2.1816
65746,110065746,110001056,"2023-04-20","15:39:00",0.593,0.1779,0,300,1,1,"D",2,6,"none",NA,51.591705,2.61943,132.14999,10.2,8.4238,1014.83398,NA,29.1171,12.5059,-36.2,34.7707,9.9468,2.5452
65747,110065747,110001056,"2023-04-20","15:41:00",0.64,0.192,0,300,1,1,"D",2,6,"none",NA,51.58786,2.62585,131,10.7,8.4317,1014.14099,NA,315.44641,18.3923,-37.2,34.7766,9.9642,2.9088
65748,110065748,110001056,"2023-04-20","15:43:00",0.633,0.1899,0,300,1,1,"D",2,6,"none",NA,51.583905,2.632495,136.09,9.6,8.3743,1014.10901,NA,38.994,12.2351,-39.2,34.7721,9.9445,3.03
65749,110065749,110001056,"2023-04-20","15:45:00",0.647,0.1941,0,300,1,1,"D",2,6,"none",NA,51.579905,2.639135,132.59,10.5,8.4534,1014.68799,NA,326.80511,16.5058,-41.6,NA,NA,2.8482
65750,110065750,110001056,"2023-04-20","15:47:00",0.648,0.1944,0,300,1,1,"D",2,6,"none",NA,51.575855,2.645845,132.00999,10.3,8.4468,1014.46802,NA,310.2702,17.1026,-36.9,34.7437,9.946,2.7876
65751,110065751,110001056,"2023-04-20","15:49:00",0.643,0.1929,0,300,1,1,"D",2,6,"none",NA,51.57184,2.652575,133.50999,10.7,8.4465,1014.565,NA,26.3208,11.9765,-31,34.7376,9.9226,2.6058
65752,110065752,110001056,"2023-04-20","15:51:00",0.642,0.1926,0,300,1,1,"D",2,6,"none",NA,51.567835,2.65926,132.03,10,8.5145,1014.27698,NA,322.01761,15.1653,-25.3,34.7255,9.9149,2.4846
65753,110065753,110001056,"2023-04-20","15:53:00",0.644,0.1932,0,300,1,1,"D",2,6,"none",NA,51.56385,2.66598,129.45,9.7,8.5172,1013.776,NA,324.9808,16.4172,-14.6,NA,NA,2.1816
65754,110065754,110001056,"2023-04-20","15:55:00",0.646,0.1938,0,300,1,1,"D",2,6,"none",NA,51.55986,2.67274,134.25,10.8,8.4474,1014.32202,NA,314.37711,15.8098,-36,NA,NA,1.9998
65755,110065755,110001056,"2023-04-20","15:57:00",0.646,0.1938,0,300,1,1,"D",2,6,"none",NA,51.55584,2.67948,134.89999,10.2,8.4822,1014.26898,NA,318.20609,16.3216,-40.1,NA,NA,1.818
65756,110065756,110001056,"2023-04-20","15:59:00",0.646,0.1938,0,300,1,1,"D",2,6,"none",NA,51.55182,2.68622,130.75,10.4,8.5378,1014.229,NA,319.92941,17.2403,-38,NA,NA,2.0604
65757,110065757,110001056,"2023-04-20","16:01:00",0.638,0.1914,0,300,1,1,"D",2,6,"none",NA,51.547815,2.692895,132.00999,10.3,8.5395,1014.37799,NA,321.0849,16.8787,-39.1,34.6974,9.9064,1.7574
65758,110065758,110001056,"2023-04-20","16:03:00",0.641,0.1923,0,300,1,1,"D",2,6,"none",NA,51.543835,2.699555,132.74001,10.1,8.5679,1014.19501,NA,34.1737,8.9792,-38.1,34.7064,9.9017,1.5756
65759,110065759,110001056,"2023-04-20","16:05:00",0.639,0.1917,0,300,1,1,"D",2,6,"none",NA,51.539865,2.706245,127.72,10.5,8.5447,1013.55902,NA,39.6823,9.6858,-34.3,NA,NA,1.6362
65760,110065760,110001056,"2023-04-20","16:07:00",0.643,0.1929,0,300,1,1,"D",2,6,"none",NA,51.535885,2.71294,132.11,10.2,8.5921,1013.901,NA,28.0802,10.3042,-33.9,34.6352,9.9127,1.9392
65761,110065761,110001056,"2023-04-20","16:09:00",0.644,0.1932,0,300,1,1,"D",2,6,"none",NA,51.531885,2.71965,130.60001,10.6,8.7117,1014.63202,NA,32.0091,10.3803,-30.5,NA,NA,2.121
65762,110065762,110001056,"2023-04-20","16:11:00",0.649,0.1947,0,300,1,1,"D",2,6,"none",NA,51.52786,2.726375,130.67,10.3,8.509,1013.38098,NA,42.8124,10.8572,-22.6,NA,NA,2.1816
65763,110065763,110001056,"2023-04-20","16:13:00",0.654,0.1962,0,300,1,1,"D",2,6,"none",NA,51.523815,2.73317,131.88,10,8.6573,1014.44,NA,32.8065,12.6776,-33.3,34.6167,9.9096,2.121
65764,110065764,110001056,"2023-04-20","16:15:00",0.656,0.1968,0,300,1,1,"D",2,6,"none",NA,51.51975,2.74001,135.95,10.1,8.49,1014.28802,NA,38.4614,12.4575,-34,NA,NA,1.8786
65765,110065765,110001056,"2023-04-20","16:17:00",0.653,0.1959,0,300,1,1,"D",2,6,"none",NA,51.51566,2.7468,131.25,10.5,8.4725,1014.22198,NA,28.8818,11.4547,-32.9,NA,NA,1.818
65766,110065766,110001056,"2023-04-20","16:19:00",0.597,0.1791,0,300,1,1,"D",2,6,"none",NA,51.51176,2.753285,137.35001,10.6,8.4087,1014.18597,NA,38.062,9.1438,-37.1,34.6666,9.8905,1.7574
65767,110065767,110001056,"2023-04-20","16:21:00",0.658,0.1974,0,300,1,1,"D",2,6,"none",NA,51.507875,2.759845,138.97,10.7,8.3764,1014.24298,NA,320.52319,16.5386,-31.6,34.6688,9.8821,1.6968
65768,110065768,110001056,"2023-04-20","16:23:00",0.656,0.1968,0,300,1,1,"D",2,6,"none",NA,51.503805,2.766715,132.03999,10.7,8.4365,1014.37799,NA,30.5227,9.9298,-29.3,34.6608,9.879,1.7574
65769,110065769,110001056,"2023-04-20","16:25:00",0.656,0.1968,0,300,1,1,"D",2,6,"none",NA,51.49974,2.773575,129.36,10.5,8.2174,1013.99402,NA,314.96951,16.0832,-27.9,34.6407,9.8769,2.0604
65770,110065770,110001056,"2023-04-20","16:27:00",0.664,0.1992,0,300,1,1,"D",2,6,"none",NA,51.49564,2.78046,136.75999,10.8,8.1529,1014.83801,NA,21.7061,11.5827,-25.3,NA,NA,2.0604
65771,110065771,110001056,"2023-04-20","16:29:00",0.659,0.1977,0,300,1,1,"D",2,6,"none",NA,51.491515,2.787335,131.60001,10.6,8.1821,1014.39203,NA,315.6087,15.688,-24.6,34.5705,9.9073,1.8786
65772,110065772,110001056,"2023-04-20","16:31:00",0.647,0.1941,0,300,1,1,"D",2,6,"none",NA,51.487465,2.79415,135.83,10.5,8.1519,1014.966,NA,21.2861,9.3847,-23.3,NA,NA,1.7574
65773,110065773,110001056,"2023-04-20","16:33:00",0.654,0.1962,0,300,1,1,"D",2,6,"none",NA,51.483425,2.800925,134.03,10.5,8.2071,1014.90503,NA,314.06451,13.5857,-25.5,34.2137,10.0385,2.121
65774,110065774,110001056,"2023-04-20","16:35:00",0.657,0.1971,0,300,1,1,"D",2,6,"none",NA,51.47933,2.80772,131.77,10.8,8.3298,1015.18903,NA,15.4514,8.6485,-28.8,34.1017,10.0584,2.4846
65775,110065775,110001056,"2023-04-20","16:37:00",0.659,0.1977,0,300,1,1,"D",2,6,"none",NA,51.47523,2.81456,130.34,10.5,8.4854,1014.72601,NA,19.7473,7.8197,-32.1,34.0363,10.0618,2.727
65776,110065776,110001056,"2023-04-20","16:39:00",0.664,0.1992,0,300,1,1,"D",2,6,"none",NA,51.471115,2.821445,132.73,10.7,8.4928,1014.93799,NA,28.4726,7.8587,-33,33.9746,10.0751,2.7876
65777,110065777,110001056,"2023-04-20","16:41:00",0.657,0.1971,0,300,1,1,"D",2,6,"none",NA,51.46702,2.828335,132.92999,10,8.5255,1014.83502,NA,324.64569,12.7711,-28.7,33.9647,10.0841,2.9088
65778,110065778,110001056,"2023-04-20","16:43:00",0.657,0.1971,0,300,1,1,"D",2,6,"none",NA,51.462955,2.8352,133.75999,10.6,8.5991,1014.47998,NA,30.3198,9.4496,-26.6,34.0153,10.1088,3.1512
65779,110065779,110001056,"2023-04-20","16:45:00",0.656,0.1968,0,300,1,1,"D",2,6,"none",NA,51.458875,2.84203,131.28999,10,8.6946,1014.53497,NA,320.83679,13.3577,-25.5,33.9911,10.0958,3.5754
65780,110065780,110001056,"2023-04-20","16:47:00",0.647,0.1941,0,300,1,1,"D",2,6,"none",NA,51.454815,2.848795,134.33,10.8,8.6756,1014.90198,NA,319.2457,13.5039,-21.6,33.9293,10.1042,3.939
65781,110065781,110001056,"2023-04-20","16:49:00",0.652,0.1956,0,300,1,1,"D",2,6,"none",NA,51.45078,2.855565,135.11,10.5,8.7706,1014.54102,NA,28.9742,7.3946,-19.8,33.8176,10.1107,3.8784
65782,110065782,110001056,"2023-04-20","16:51:00",0.593,0.1779,0,300,1,1,"D",2,6,"none",NA,51.446985,2.862155,132.84,10.2,8.8428,1014.51398,NA,327.45639,13.3754,-22.4,NA,NA,3.8784
65783,110065783,110001056,"2023-04-20","16:53:00",0.648,0.1944,0,300,1,1,"D",2,6,"none",NA,51.44323,2.868765,134.27,10.7,8.9179,1014.76001,NA,29.7106,8.1952,-26.9,33.5178,10.0591,3.2118
65784,110065784,110001056,"2023-04-20","16:55:00",0.655,0.1965,0,300,1,1,"D",2,6,"none",NA,51.439215,2.8756,132.46001,10.5,9.0172,1014.49799,NA,322.42639,13.1613,-27.1,33.4299,10.0444,2.7876
65785,110065785,110001056,"2023-04-20","16:57:00",0.645,0.1935,0,300,1,1,"D",2,6,"none",NA,51.43515,2.88233,134.31,10.5,9.1199,1014.48499,NA,323.285,13.4614,-26.5,33.271,10.1197,2.9088
65786,110065786,110001056,"2023-04-20","16:59:00",0.653,0.1959,0,300,1,1,"D",2,6,"none",NA,51.431025,2.88894,132.10001,11.2,9.1707,1014.54303,NA,324.30731,14.403,-28.3,33.2146,10.1492,3.03
65787,110065787,110001056,"2023-04-20","17:01:00",0.658,0.1974,0,300,1,1,"D",2,6,"none",NA,51.426485,2.894895,144.42999,10.9,9.3889,1014.20697,NA,327.25851,14.9836,-25.5,33.2058,10.2001,3.2118
65788,110065788,110001056,"2023-04-20","17:03:00",0.648,0.1944,0,300,1,1,"D",2,6,"none",NA,51.421615,2.900145,144.67999,10.3,9.4441,1014.29999,NA,324.98529,14.7615,-19,33.1667,10.2487,4.1208
65789,110065789,110001056,"2023-04-20","17:05:00",0.655,0.1965,0,300,1,1,"D",2,6,"none",NA,51.41675,2.905365,145.41,10.3,9.4865,1014.27399,NA,326.99109,14.3781,-21.8,32.9284,10.3174,4.1208
65790,110065790,110001056,"2023-04-20","17:07:00",0.649,0.1947,0,300,1,1,"D",2,6,"none",NA,51.41189,2.91061,145.52,10.7,9.4858,1014.38599,NA,41.5998,10.3587,-17.8,32.7342,10.3082,3.7572
65791,110065791,110001056,"2023-04-20","17:09:00",0.652,0.1956,0,300,1,1,"D",2,6,"none",NA,51.407015,2.91578,147.16,10.1,9.5532,1013.75098,NA,328.9566,15.5918,-21.7,32.6119,10.2883,3.5754
65792,110065792,110001056,"2023-04-20","17:11:00",0.655,0.1965,0,300,1,1,"D",2,6,"none",NA,51.40214,2.92102,145.58,10.4,9.5807,1014.16901,NA,330.94958,16.0881,-21.4,32.5322,10.248,3.333
65793,110065793,110001056,"2023-04-20","17:13:00",0.646,0.1938,0,300,1,1,"D",2,6,"none",NA,51.397315,2.926305,145.24001,10.4,9.6665,1013.31702,NA,330.53601,16.2048,-20.2,32.4588,10.2472,2.9088
65794,110065794,110001056,"2023-04-20","17:15:00",0.639,0.1917,1,300,1,1,"D",2,6,"none",NA,51.392645,2.931735,145.64999,10.3,9.7015,1013.65601,NA,326.12411,14.81,-15.3,32.1767,10.3381,2.6664
65795,110065795,110001056,"2023-04-20","17:17:00",0.635,0.1905,0,300,1,1,"D",2,6,"none",NA,51.38822,2.93755,140.19,10.2,9.72,1013.659,NA,35.0086,11.9756,-18.4,31.7639,10.3083,2.5452
65796,110065796,110001056,"2023-04-20","17:19:00",0.619,0.1857,0,300,1,1,"D",2,6,"none",NA,51.38401,2.943545,135.45,10.2,9.685,1012.763,NA,326.54391,17.1259,-17,31.7153,10.244,2.3028
65797,110065797,110001056,"2023-04-20","17:21:00",0.63,0.189,0,300,1,1,"D",2,6,"none",NA,51.37985,2.94957,137.45,9.9,9.6832,1012.50702,NA,54.2128,11.1799,-17.5,31.6787,10.2397,1.9392
65798,110065798,110001056,"2023-04-20","17:23:00",0.633,0.1899,0,300,1,1,"D",2,6,"none",NA,51.37567,2.95571,138.28,10.1,9.7456,1012.961,NA,56.7184,9.5956,-17.4,31.642,10.2646,1.8786
65799,110065799,110001056,"2023-04-20","17:25:00",0.618,0.1854,0,300,1,1,"D",2,6,"none",NA,51.371715,2.962095,132.56,9.8,9.748,1013.245,NA,331.8335,15.3816,-17.6,31.488,10.3284,1.8786
65800,110065800,110001056,"2023-04-20","17:27:00",0.6,0.18,0,300,1,1,"D",2,6,"none",NA,51.36823,2.968835,131.75999,9.9,9.6828,1012.771,NA,59.8619,10.8382,-15.5,31.015,10.3498,1.818
65801,110065801,110001057,"2023-04-23","07:43:00",0.734,0.2202,0,300,1,1,"D",1,4,"none",NA,51.166885,2.60344,314.97,12,10.3997,1002.48901,NA,178.51511,6.904,-15.7,33.7027,10.4106,6.8478
65802,110065802,110001057,"2023-04-23","07:45:00",0.593,0.1779,1,300,1,1,"D",1,4,"none",NA,51.172025,2.60052,334.60001,11.1,10.4226,1002.58899,NA,195.0038,4.6978,-12.3,33.7298,10.4092,8.1204
65803,110065803,110001057,"2023-04-23","07:47:00",0.631,0.1893,0,300,1,1,"D",1,4,"none",NA,51.176945,2.603735,32.91,10,10.4593,1002.50702,NA,179.8873,NA,-8.7,33.8788,10.3573,6.06
65804,110065804,110001057,"2023-04-23","07:49:00",0.652,0.1956,0,300,1,1,"D",1,4,"none",NA,51.181575,2.609205,36.11,10.4,10.4976,1002.48102,NA,179.8873,NA,-8.9,33.991,10.3437,4.0602
65805,110065805,110001057,"2023-04-23","07:51:00",0.644,0.1932,0,300,1,1,"D",1,4,"none",NA,51.186255,2.614725,36.45,10.4,10.5298,1002.47498,NA,179.8873,NA,-10.1,34.0565,10.3176,2.8482
65806,110065806,110001057,"2023-04-23","07:53:00",0.642,0.1926,0,300,1,1,"D",1,4,"none",NA,51.190895,2.62021,35.92,10.4,10.5832,1002.61401,NA,179.8873,NA,-11,34.0818,10.3072,4.242
65807,110065807,110001057,"2023-04-23","07:55:00",0.645,0.1935,0,300,1,1,"D",1,4,"none",NA,51.195545,2.62569,36.57,10.4,10.6459,1002.56299,NA,179.8873,NA,-11.5,34.0642,10.3002,3.939
65808,110065808,110001057,"2023-04-23","07:57:00",0.644,0.1932,0,300,1,1,"D",1,4,"none",NA,51.20026,2.631055,36.38,10.3,10.6491,1002.54102,NA,179.8873,NA,-11.6,34.0243,10.3146,3.9996
65809,110065809,110001057,"2023-04-23","07:59:00",0.654,0.1962,0,300,1,1,"D",1,4,"none",NA,51.205085,2.63628,33.37,10.4,10.6812,1002.41602,NA,179.8873,NA,-11.5,33.8346,10.3552,4.4844
65810,110065810,110001057,"2023-04-23","08:01:00",0.648,0.1944,0,300,1,1,"D",1,4,"none",NA,51.20995,2.64146,33.05,10.5,10.6963,1002.53101,NA,179.8873,NA,-10.8,33.8604,10.3568,4.3026
65811,110065811,110001057,"2023-04-23","08:03:00",0.609,0.1827,0,300,1,1,"D",1,4,"none",NA,51.214585,2.646605,34.38,10.5,10.7351,1002.50598,NA,179.8873,NA,-10.8,33.8874,10.3515,3.6966
65812,110065812,110001057,"2023-04-23","08:05:00",0.634,0.1902,0,300,1,1,"D",1,4,"none",NA,51.219245,2.651505,33.81,10.4,10.6841,1002.55402,NA,179.8873,NA,-11.2,33.9263,10.3601,4.3632
65813,110065813,110001057,"2023-04-23","08:07:00",0.647,0.1941,0,300,1,1,"D",1,4,"none",NA,51.22422,2.65613,34.19,10.5,10.6769,1002.51703,NA,179.8873,NA,-12.6,33.8644,10.3882,4.4238
65814,110065814,110001057,"2023-04-23","08:09:00",0.357,0.1071,0,300,1,1,"D",1,4,"none",NA,51.22827,2.65924,22.3,10.4,10.7089,1002.54401,NA,179.8873,NA,-11.3,33.8395,10.3853,4.6662
65815,110065815,110001057,"2023-04-23","08:10:00",0.663,0.1989,1,300,1,1,"D",1,4,"none",NA,51.232715,2.660955,12.78,10.6,10.7056,1002.57898,NA,179.8873,NA,-11.3,33.8371,10.3863,4.7268
65816,110065816,110001057,"2023-04-23","08:12:00",0.674,0.2022,0,300,1,1,"D",1,4,"none",NA,51.238615,2.662735,10.88,10.8,10.7167,1002.57501,NA,179.8873,NA,-11.2,33.8108,10.3937,3.8784
65817,110065817,110001057,"2023-04-23","08:14:00",0.677,0.2031,0,300,1,1,"D",1,4,"none",NA,51.244575,2.66453,10.05,10.8,10.7272,1002.58698,NA,175.916,NA,-11,33.7712,10.4072,3.333
65818,110065818,110001057,"2023-04-23","08:16:00",0.676,0.2028,0,300,1,1,"D",1,4,"none",NA,51.25054,2.666375,10.65,11,10.7358,1002.57001,NA,173.02699,NA,-11.7,33.7651,10.4108,2.9694
65819,110065819,110001057,"2023-04-23","08:18:00",0.683,0.2049,0,300,1,1,"D",1,4,"none",NA,51.25649,2.66854,11.87,11,10.7755,1002.56799,NA,173.02699,NA,-12.7,33.7102,10.4217,3.03
65820,110065820,110001057,"2023-04-23","08:20:00",0.682,0.2046,0,300,1,1,"D",1,4,"none",NA,51.262415,2.671055,15.09,10.9,10.782,1002.55298,NA,173.02699,NA,-14.7,33.7354,10.4228,3.333
65821,110065821,110001057,"2023-04-23","08:22:00",0.672,0.2016,0,300,1,1,"D",1,4,"none",NA,51.268275,2.673645,15.32,11,10.7954,1002.56,NA,173.02699,NA,-16.9,33.6516,10.4207,3.5148
65822,110065822,110001057,"2023-04-23","08:24:00",0.667,0.2001,0,300,1,1,"D",1,4,"none",NA,51.274075,2.676195,15.81,10.8,10.7933,1002.59302,NA,173.02699,NA,-18.4,33.6719,10.437,4.1208
65823,110065823,110001057,"2023-04-23","08:26:00",0.671,0.2013,0,300,1,1,"D",1,4,"none",NA,51.279885,2.678665,15.43,10.8,10.8085,1002.57501,NA,173.02699,NA,-20.2,33.5406,10.4502,5.3934
65824,110065824,110001057,"2023-04-23","08:28:00",0.612,0.1836,0,300,1,1,"D",1,4,"none",NA,51.28547,2.680935,14.44,10.8,10.8303,1002.617,NA,173.02699,NA,-21,33.4877,10.4517,7.878
65825,110065825,110001057,"2023-04-23","08:30:00",0.67,0.201,0,300,1,1,"D",1,4,"none",NA,51.291075,2.683055,13.27,10.8,10.8425,1002.59003,NA,173.02699,NA,-20.9,33.4165,10.4457,7.2114
65826,110065826,110001057,"2023-04-23","08:32:00",0.569,0.1707,1,300,1,1,"D",1,4,"none",NA,51.296225,2.682085,12.24,10.7,10.8747,1002.57001,NA,173.02699,NA,-20.1,33.1292,10.44,4.848
65827,110065827,110001057,"2023-04-23","08:34:00",0.773,0.2319,0,300,1,1,"D",1,4,"none",NA,51.29925,2.67464,288.60001,11.7,10.8886,1001.91199,NA,201.0016,NA,-14.9,33.0221,10.4296,3.8784
65828,110065828,110001057,"2023-04-23","08:36:00",0.798,0.2394,0,300,1,1,"D",1,4,"none",NA,51.300935,2.66368,284.01999,12.8,10.9104,1001.74902,NA,201.0016,NA,-17.8,33.0133,10.4444,3.3936
65829,110065829,110001057,"2023-04-23","08:38:00",0.781,0.2343,0,300,1,1,"D",1,4,"none",NA,51.302625,2.652665,283.54999,12.6,10.9024,1001.81897,NA,201.0016,NA,-24.7,33.4405,10.406,3.5148
65830,110065830,110001057,"2023-04-23","08:40:00",0.767,0.2301,0,300,1,1,"D",1,4,"none",NA,51.30422,2.641845,283.23001,12.4,10.8993,1001.784,NA,201.0016,NA,-24.4,33.6158,10.3944,4.3632
65831,110065831,110001057,"2023-04-23","08:42:00",0.763,0.2289,0,300,1,1,"D",1,4,"none",NA,51.30576,2.631135,283.34,12.4,10.877,1001.84399,NA,201.0016,NA,-24.5,33.6404,10.3832,4.545
65832,110065832,110001057,"2023-04-23","08:44:00",0.776,0.2328,0,300,1,1,"D",1,4,"none",NA,51.30729,2.620355,282.79999,12.4,10.8858,1001.84302,NA,201.0016,NA,-22,33.6921,10.3706,3.9996
65833,110065833,110001057,"2023-04-23","08:46:00",0.786,0.2358,0,300,1,1,"D",1,4,"none",NA,51.30889,2.60943,283.26999,12.5,10.8909,1001.81598,NA,201.0016,NA,-14.6,33.6753,10.3748,3.2118
65834,110065834,110001057,"2023-04-23","08:48:00",0.789,0.2367,0,300,1,1,"D",1,4,"none",NA,51.310545,2.598425,283.76999,12.8,10.875,1001.737,NA,201.0016,NA,-21.9,33.6913,10.3585,2.9088
65835,110065835,110001057,"2023-04-23","08:50:00",0.786,0.2358,0,300,1,1,"D",1,4,"none",NA,51.312105,2.587385,282.76001,12.7,10.879,1001.703,NA,201.0016,NA,-22.1,33.682,10.3641,2.6058
65836,110065836,110001057,"2023-04-23","08:52:00",0.781,0.2343,0,300,1,1,"D",1,4,"none",NA,51.31362,2.57639,281.63,12.5,10.8635,1001.83099,NA,201.0016,NA,-18.6,33.9292,10.2818,2.6664
65837,110065837,110001057,"2023-04-23","08:54:00",0.779,0.2337,0,300,1,1,"D",1,4,"none",NA,51.315265,2.565495,283.94,12.5,10.839,1001.84698,NA,201.0016,NA,-16.3,33.9691,10.2483,3.9996
65838,110065838,110001057,"2023-04-23","08:56:00",0.763,0.2289,0,300,1,1,"D",1,4,"none",NA,51.316985,2.55476,284.20001,12.5,10.8111,1001.70099,NA,201.0016,NA,-20.9,33.9484,10.2463,4.3026
65839,110065839,110001057,"2023-04-23","08:58:00",0.773,0.2319,0,300,1,1,"D",1,4,"none",NA,51.318785,2.544105,286.03,12.3,10.8281,1001.755,NA,201.0016,NA,-27,33.8965,10.2622,5.757
65840,110065840,110001057,"2023-04-23","09:00:00",0.77,0.231,0,300,1,1,"D",1,4,"none",NA,51.320815,2.533505,285.78,12.4,10.9104,1001.54901,NA,201.0016,NA,-29.6,NA,NA,NA
65841,110065841,110001057,"2023-04-23","09:02:00",0.699,0.2097,0,300,1,1,"D",1,4,"none",NA,51.323035,2.523565,291.07001,12.3,10.9922,1001.64301,NA,201.0016,NA,-28.4,NA,NA,NA
65842,110065842,110001057,"2023-04-23","09:04:00",0.775,0.2325,0,300,1,1,"D",1,4,"none",NA,51.325465,2.51371,291.60999,12.3,11.0026,1001.65997,NA,201.0016,NA,-28,NA,NA,0.0606
65843,110065843,110001057,"2023-04-23","09:06:00",0.784,0.2352,0,300,1,1,"D",1,4,"none",NA,51.32815,2.503365,292.23999,12.5,11.0208,1001.56299,NA,201.0016,NA,-17,NA,NA,0.4242
65844,110065844,110001057,"2023-04-23","09:08:00",0.783,0.2349,0,300,1,1,"D",1,4,"none",NA,51.33057,2.49281,293.89999,12.9,11.0423,1001.56403,NA,201.0016,NA,-12.3,NA,NA,0.4848
65845,110065845,110001057,"2023-04-23","10:29:00",0.466,0.1398,0,300,1,1,"D",1,4,"none",NA,51.35834,2.509515,50.47,8.6,11.1107,1001.29999,NA,168.0798,7.7849,-23.6,33.9656,10.2274,3.03
65846,110065846,110001057,"2023-04-23","10:31:00",0.511,0.1533,0,300,1,1,"D",1,4,"none",NA,51.35962,2.5161,68.77,8.2,11.1722,1001.08502,NA,166.6312,NA,-24.7,33.906,10.2501,2.8482
65847,110065847,110001057,"2023-04-23","10:33:00",0.525,0.1575,0,300,1,1,"D",1,4,"none",NA,51.359425,2.523455,90.52,8.3,11.2753,1000.789,NA,173.9325,NA,-21.4,33.8974,10.237,2.6664
65848,110065848,110001057,"2023-04-23","10:35:00",0.549,0.1647,0,300,1,1,"D",1,4,"none",NA,51.358405,2.531005,101.66,8.8,11.3799,1000.78101,NA,173.9325,NA,-16.7,33.9004,10.2345,2.6664
65849,110065849,110001057,"2023-04-23","10:37:00",0.579,0.1737,0,300,1,1,"D",1,4,"none",NA,51.35725,2.5389,103.28,9.1,11.416,1000.86902,NA,173.9325,NA,-17.4,33.9079,10.2297,2.7876
65850,110065850,110001057,"2023-04-23","10:39:00",0.576,0.1728,0,300,1,1,"D",1,4,"none",NA,51.356095,2.547,102.58,9.5,11.4177,1000.63397,NA,173.9325,NA,-20,33.9141,10.2299,3.03
65851,110065851,110001057,"2023-04-23","10:41:00",0.56,0.168,0,300,1,1,"D",1,4,"none",NA,51.35501,2.554985,102.08,9.2,11.4752,1000.664,NA,173.9325,NA,-26.9,33.7071,10.3312,2.7876
65852,110065852,110001057,"2023-04-23","10:43:00",0.547,0.1641,0,300,1,1,"D",1,4,"none",NA,51.354,2.56278,102.7,8.8,11.4082,1000.69501,NA,173.9325,NA,-30.7,33.5271,10.3855,2.5452
65853,110065853,110001057,"2023-04-23","10:45:00",0.542,0.1626,0,300,1,1,"D",1,4,"none",NA,51.35303,2.570455,101.9,8.7,11.4323,1000.58502,NA,172.8308,NA,-30.4,33.4487,10.3731,2.3634
65854,110065854,110001057,"2023-04-23","10:47:00",0.547,0.1641,0,300,1,1,"D",1,4,"none",NA,51.35211,2.57814,99.94,8.7,11.4822,1000.67999,NA,172.8308,NA,-30.1,33.3673,10.4171,2.3028
65855,110065855,110001057,"2023-04-23","10:49:00",0.542,0.1626,0,300,1,1,"D",1,4,"none",NA,51.35125,2.585845,99.42,8.8,11.3745,1000.63397,NA,169.758,NA,-30.8,33.3392,10.4066,2.2422
65856,110065856,110001057,"2023-04-23","10:51:00",0.551,0.1653,0,300,1,1,"D",1,4,"none",NA,51.350465,2.5936,99.36,8.8,11.2552,1000.64899,NA,165.582,NA,-31.1,33.481,10.3491,2.2422
65857,110065857,110001057,"2023-04-23","10:53:00",0.568,0.1704,0,300,1,1,"D",1,4,"none",NA,51.349765,2.60157,98.35,9,11.14,1000.60999,NA,160.7681,NA,-25.4,33.5561,10.3119,2.727
65858,110065858,110001057,"2023-04-23","10:55:00",0.575,0.1725,0,300,1,1,"D",1,4,"none",NA,51.349095,2.609725,97.76,9.1,11.1566,1000.53699,NA,166.38229,NA,-24.4,33.6417,10.2833,2.6664
65859,110065859,110001057,"2023-04-23","10:57:00",0.586,0.1758,0,300,1,1,"D",1,4,"none",NA,51.348425,2.61801,98.04,9.4,11.1763,1000.45099,NA,165.86,NA,-22.5,33.6376,10.2567,2.7876
65860,110065860,110001057,"2023-04-23","10:59:00",0.584,0.1752,0,300,1,1,"D",1,4,"none",NA,51.34774,2.626355,97.69,9.5,11.3303,1000.27301,NA,175.133,NA,-23.9,33.6164,10.2476,2.727
65861,110065861,110001057,"2023-04-23","11:01:00",0.581,0.1743,0,300,1,1,"D",1,4,"none",NA,51.34704,2.63466,97.09,9.4,11.3537,1000.26202,NA,164.9026,8.686,-23.6,33.5727,10.2411,2.5452
65862,110065862,110001057,"2023-04-23","11:03:00",0.586,0.1758,0,300,1,1,"D",1,4,"none",NA,51.346345,2.64298,97.37,9.4,11.3728,1000.45898,NA,164.13789,8.4723,-23.7,33.4474,10.2739,2.4846
65863,110065863,110001057,"2023-04-23","11:05:00",0.584,0.1752,0,300,1,1,"D",1,4,"none",NA,51.345715,2.651335,97.6,9.4,11.3919,1000.46002,NA,171.3954,NA,-23.7,33.3694,10.2733,2.3634
65864,110065864,110001057,"2023-04-23","11:07:00",0.582,0.1746,0,300,1,1,"D",1,4,"none",NA,51.345235,2.659685,92.17,9.4,11.3446,1000.46899,NA,167.8056,NA,-24.6,33.3408,10.3222,2.424
65865,110065865,110001057,"2023-04-23","11:09:00",0.59,0.177,0,300,1,1,"D",1,4,"none",NA,51.344875,2.668095,93.08,9.4,11.3823,1000.38,NA,165.2142,NA,-25.8,33.2167,10.3088,2.3028
65866,110065866,110001057,"2023-04-23","11:11:00",0.591,0.1773,0,300,1,1,"D",1,4,"none",NA,51.34454,2.676575,93.18,9.5,11.356,1000.50299,NA,169.983,NA,-25.8,33.2604,10.2842,2.6664
65867,110065867,110001057,"2023-04-23","11:13:00",0.592,0.1776,0,300,1,1,"D",1,4,"none",NA,51.34425,2.68507,92.84,9.5,11.3731,1000.29199,NA,164.08031,NA,-26,33.174,10.3004,2.727
65868,110065868,110001057,"2023-04-23","11:15:00",0.596,0.1788,0,300,1,1,"D",1,4,"none",NA,51.344015,2.693605,93.66,9.6,11.3119,1000.31897,NA,161.18829,NA,-25.6,33.1521,10.2945,2.9088
65869,110065869,110001057,"2023-04-23","11:17:00",0.589,0.1767,0,300,1,1,"D",1,4,"none",NA,51.343815,2.70212,91.51,9.7,11.4502,1000.24402,NA,172.3448,11.7939,-19.5,33.1333,10.2797,2.9088
65870,110065870,110001057,"2023-04-23","11:19:00",0.575,0.1725,0,300,1,1,"D",1,4,"none",NA,51.34368,2.710485,92.06,9.3,11.5549,1000.39899,NA,165.5309,NA,-16.9,32.4998,10.4076,2.3634
65871,110065871,110001057,"2023-04-23","11:21:00",0.563,0.1689,0,300,1,1,"D",1,4,"none",NA,51.343705,2.718665,88.37,9.2,11.6036,999.85522,NA,167.4745,NA,-22.6,32.395,10.3888,1.8786
65872,110065872,110001057,"2023-04-23","11:23:00",0.516,0.1548,0,300,1,1,"D",1,4,"none",NA,51.34385,2.72642,88.05,9.1,11.6906,1000.03302,NA,179.8201,NA,-25.1,32.3909,10.3803,1.7574
65873,110065873,110001057,"2023-04-23","11:25:00",0.563,0.1689,0,300,1,1,"D",1,4,"none",NA,51.344055,2.734175,87.77,9.1,11.5496,1000.08197,NA,155.8683,11.3316,-26.6,32.2542,10.4433,1.6362
65874,110065874,110001057,"2023-04-23","11:27:00",0.572,0.1716,0,300,1,1,"D",1,4,"none",NA,51.344345,2.742325,84.28,9.2,11.2857,1000.01703,NA,174.06599,NA,-27,32.0295,10.4321,1.3938
65875,110065875,110001057,"2023-04-23","11:29:00",0.571,0.1713,0,300,1,1,"D",1,4,"none",NA,51.34467,2.75053,87.58,9.2,11.3318,1000.03601,NA,164.4274,12.4724,-26.2,31.6218,10.4689,1.3332
65876,110065876,110001057,"2023-04-23","11:31:00",0.57,0.171,0,300,1,1,"D",1,4,"none",NA,51.344995,2.75872,85.41,9.2,11.2335,999.8418,NA,174.7439,NA,-24.5,31.6001,10.4271,1.3332
65877,110065877,110001057,"2023-04-23","11:33:00",0.57,0.171,0,300,1,1,"D",1,4,"none",NA,51.34526,2.766905,87.96,9.2,11.23,1000.07898,NA,172.1077,12.1667,-23.3,31.6033,10.4252,1.3332
65878,110065878,110001057,"2023-04-23","11:35:00",0.581,0.1743,0,300,1,1,"D",1,4,"none",NA,51.34539,2.775175,89.86,9.2,11.2829,999.77991,NA,169.0712,NA,-23.4,31.6903,10.4181,1.2726
65879,110065879,110001057,"2023-04-23","11:37:00",0.579,0.1737,0,300,1,1,"D",1,4,"none",NA,51.34561,2.783505,84.94,9.4,11.2434,1000.09302,NA,165.77859,NA,-15.9,31.7454,10.4041,1.212
65880,110065880,110001057,"2023-04-23","11:39:00",0.586,0.1758,0,300,1,1,"D",1,4,"none",NA,51.34596,2.791865,86.07,9.4,11.262,1000.12097,NA,171.33279,11.2539,-16.8,31.7242,10.4096,1.212
65881,110065881,110001057,"2023-04-23","11:41:00",0.579,0.1737,0,300,1,1,"D",1,4,"none",NA,51.34628,2.800225,86.43,9.4,11.0327,1000.03302,NA,163.34579,NA,-18.1,31.6091,10.4099,1.212
65882,110065882,110001057,"2023-04-23","11:43:00",0.585,0.1755,0,300,1,1,"D",1,4,"none",NA,51.34661,2.808575,86.18,9.3,11.1649,1000.03003,NA,168.8363,NA,-20.2,31.7072,10.3949,1.2726
65883,110065883,110001057,"2023-04-23","11:45:00",0.589,0.1767,0,300,1,1,"D",1,4,"none",NA,51.34695,2.816995,85.56,9.4,11.1816,999.98633,NA,170.498,NA,-22,31.6228,10.4054,1.2726
65884,110065884,110001057,"2023-04-23","11:47:00",0.589,0.1767,0,300,1,1,"D",1,4,"none",NA,51.347275,2.82545,85.76,9.5,11.2038,1000.18298,NA,171.3409,NA,-22.8,31.6216,10.4086,1.2726
65885,110065885,110001057,"2023-04-23","11:49:00",0.599,0.1797,0,300,1,1,"D",1,4,"none",NA,51.34761,2.833975,86.54,9.6,11.2215,1000.14001,NA,170.17619,NA,-23.3,31.7197,10.3907,1.3332
65886,110065886,110001057,"2023-04-23","11:51:00",0.6,0.18,0,300,1,1,"D",1,4,"none",NA,51.347965,2.842575,85.45,9.6,11.2896,1000.06799,NA,167.81129,9.525,-22.8,31.6025,10.4142,1.3332
65887,110065887,110001057,"2023-04-23","11:53:00",0.599,0.1797,0,300,1,1,"D",1,4,"none",NA,51.34831,2.85118,85.28,9.6,11.4729,1000.065,NA,162.284,NA,-21.1,31.5696,10.4024,1.3332
65888,110065888,110001057,"2023-04-23","11:55:00",0.611,0.1833,0,300,1,1,"D",1,4,"none",NA,51.348655,2.859865,86.14,9.7,11.5393,1000.16302,NA,167.73061,NA,-18.5,31.5719,10.3993,1.3938
65889,110065889,110001057,"2023-04-23","11:57:00",0.617,0.1851,0,300,1,1,"D",1,4,"none",NA,51.34898,2.86868,86.69,9.8,11.5954,999.98779,NA,165.30791,9.3638,-16.3,31.5445,10.3983,1.3332
65890,110065890,110001057,"2023-04-23","11:59:00",0.615,0.1845,0,300,1,1,"D",1,4,"none",NA,51.349225,2.87753,86.87,9.9,11.6033,1000.11499,NA,161.7139,NA,-14.9,31.524,10.3807,1.3938
65891,110065891,110001057,"2023-04-23","12:01:00",0.565,0.1695,0,300,1,1,"D",1,4,"none",NA,51.349385,2.88601,89.08,10,11.5673,999.82501,NA,161.6759,NA,-15.5,31.4728,10.3926,1.2726
65892,110065892,110001057,"2023-04-23","12:03:00",0.62,0.186,0,300,1,1,"D",1,4,"none",NA,51.349765,2.8945,84.23,10,11.4795,999.94189,NA,164.3309,NA,-16.7,31.4047,10.3807,1.2726
65893,110065893,110001057,"2023-04-23","12:05:00",0.618,0.1854,0,300,1,1,"D",1,4,"none",NA,51.350395,2.903345,83.01,9.9,11.5275,999.76581,NA,165.0304,NA,-16.9,31.0391,10.4242,1.4544
65894,110065894,110001057,"2023-04-23","12:07:00",0.614,0.1842,0,300,1,1,"D",1,4,"none",NA,51.35102,2.91215,84.06,9.9,11.5052,999.86188,NA,164.73,NA,-17,30.9598,10.403,1.6362
65895,110065895,110001057,"2023-04-23","12:09:00",0.625,0.1875,0,300,1,1,"D",1,4,"none",NA,51.351625,2.92101,84.37,10,11.4882,1000.073,NA,161.7823,NA,-16.9,30.9471,10.382,1.6968
65896,110065896,110001057,"2023-04-23","12:11:00",0.631,0.1893,0,300,1,1,"D",1,4,"none",NA,51.352205,2.929995,84.59,10.1,11.4764,999.83289,NA,161.7823,NA,-16.3,30.917,10.398,1.7574
65897,110065897,110001057,"2023-04-23","12:13:00",0.632,0.1896,0,300,1,1,"D",1,4,"none",NA,51.352785,2.93903,83.11,10.2,11.4629,999.74139,NA,161.7823,NA,-15.4,30.8168,10.4051,1.9392
65898,110065898,110001057,"2023-04-23","12:15:00",0.642,0.1926,0,300,1,1,"D",1,4,"none",NA,51.353375,2.948145,83.67,10.3,11.492,999.80603,NA,161.7823,NA,-14.4,30.7821,10.4005,1.9998
65899,110065899,110001057,"2023-04-23","12:17:00",0.644,0.1932,0,300,1,1,"D",1,4,"none",NA,51.35397,2.95735,83.82,10.3,11.4901,999.70477,NA,161.7823,NA,-13.7,30.7316,10.4017,2.2422
65900,110065900,110001057,"2023-04-23","12:19:00",0.644,0.1932,0,300,1,1,"D",1,4,"none",NA,51.35457,2.966565,84.66,10.3,11.5276,999.85718,NA,161.7823,NA,-13.3,30.6699,10.4309,2.2422
65901,110065901,110001057,"2023-04-23","12:21:00",0.658,0.1974,0,300,1,1,"D",1,4,"none",NA,51.35525,2.975865,82.89,10.5,11.6642,999.56812,NA,161.7823,NA,-12.7,30.5937,10.45,2.3028
65902,110065902,110001057,"2023-04-23","12:23:00",0.666,0.1998,0,300,1,1,"D",1,4,"none",NA,51.356035,2.985305,82.08,10.6,11.6704,999.79901,NA,161.7823,NA,-12.3,30.5015,10.4562,2.3028
65903,110065903,110001057,"2023-04-23","12:25:00",0.668,0.2004,0,300,1,1,"D",1,4,"none",NA,51.356845,2.99481,81.58,10.8,11.8185,999.69318,NA,161.7823,NA,-12,30.4073,10.4624,2.3634
65904,110065904,110001057,"2023-04-23","12:27:00",0.677,0.2031,0,300,1,1,"D",1,4,"none",NA,51.357695,3.00439,81.09,10.9,11.7713,999.70032,NA,161.7823,NA,-11.8,30.3604,10.4533,2.424
65905,110065905,110001057,"2023-04-23","12:29:00",0.674,0.2022,0,300,1,1,"D",1,4,"none",NA,51.35859,3.014005,80.27,10.9,11.8168,999.41022,NA,161.7823,NA,-11.9,30.4342,10.4898,2.727
65906,110065906,110001057,"2023-04-23","12:31:00",0.682,0.2046,0,300,1,1,"D",1,4,"none",NA,51.359505,3.02365,82.45,10.9,11.8385,999.23108,NA,161.7823,NA,-11.9,30.4611,10.4804,2.6664
65907,110065907,110001057,"2023-04-23","12:33:00",0.523,0.1569,0,300,1,1,"D",1,4,"none",NA,51.36037,3.03221,82.48,10.7,11.891,999.14899,NA,161.7823,NA,-11.9,30.497,10.4595,2.727
65908,110065908,110001057,"2023-04-23","12:35:00",0.523,0.1569,0,300,1,1,"D",1,4,"none",NA,51.36119,3.03962,80.82,8.4,11.87,999.60858,NA,161.77901,NA,-12.3,30.5929,10.4478,2.727
65909,110065909,110001057,"2023-04-23","12:37:00",0.588,0.1764,0,300,1,1,"D",1,4,"none",NA,51.361985,3.047505,80.02,9.1,11.8957,999.6059,NA,162.19299,NA,-12.3,30.7089,10.4448,2.6058
65910,110065910,110001057,"2023-04-23","12:39:00",0.611,0.1833,0,300,1,1,"D",1,4,"none",NA,51.362775,3.056035,80.31,9.6,12.0626,998.87061,NA,152.36481,NA,-12.4,30.9959,10.4107,2.3028
65911,110065911,110001057,"2023-04-23","12:41:00",0.677,0.2031,0,300,1,1,"D",1,4,"none",NA,51.36366,3.06519,80.93,10.5,12.0805,998.64429,NA,153.0434,NA,-12.4,31.0476,10.4001,2.3028
65912,110065912,110001057,"2023-04-23","12:43:00",0.705,0.2115,0,300,1,1,"D",1,4,"none",NA,51.364615,3.075015,82.06,11.2,12.1555,998.94781,NA,153.0434,NA,-12.4,31.0327,10.4084,2.3028
65913,110065913,110001057,"2023-04-23","12:45:00",0.713,0.2139,0,300,1,1,"D",1,4,"none",NA,51.36556,3.085105,80.52,11.4,12.196,999.078,NA,153.0434,NA,-12.6,31.0599,10.3904,2.1816
65914,110065914,110001057,"2023-04-23","12:47:00",0.725,0.2175,0,300,1,1,"D",1,4,"none",NA,51.366505,3.095335,81.1,11.5,12.2599,998.90552,NA,153.0434,NA,-12.9,30.9947,10.3841,2.121
65915,110065915,110001057,"2023-04-23","12:49:00",0.723,0.2169,0,300,1,1,"D",1,4,"none",NA,51.36749,3.10563,79.25,11.7,12.1755,999.1286,NA,153.0434,NA,-12.9,30.9251,10.4134,2.2422
65916,110065916,110001057,"2023-04-23","12:51:00",0.725,0.2175,0,300,1,1,"D",1,4,"none",NA,51.368295,3.11596,81.61,11.7,12.2308,999.21082,NA,153.0434,NA,-12.9,30.8354,10.399,2.121
65917,110065917,110001057,"2023-04-23","12:53:00",0.738,0.2214,0,300,1,1,"D",1,4,"none",NA,51.368905,3.12644,85.64,11.8,12.2432,998.24628,NA,153.0434,NA,-13.3,30.7987,10.4233,2.121
65918,110065918,110001057,"2023-04-23","12:55:00",0.749,0.2247,0,300,1,1,"D",1,4,"none",NA,51.36955,3.13709,83.95,12,12.3143,998.3136,NA,153.0434,NA,-13.3,30.7201,10.4712,2.3634
65919,110065919,110001057,"2023-04-23","12:57:00",0.756,0.2268,0,300,1,1,"D",1,4,"none",NA,51.37027,3.147855,83.9,12,12.3062,998.75488,NA,153.0434,NA,-13.5,30.6588,10.4685,2.6058
65920,110065920,110001057,"2023-04-23","12:59:00",0.341,0.1023,0,300,1,1,"D",1,4,"none",NA,51.37083,3.1557,81.92,12.1,12.3721,998.43152,NA,153.0434,NA,-14,30.4197,10.5263,2.9088
65921,110065921,110001057,"2023-04-23","13:00:00",0.667,0.2001,1,300,1,1,"D",1,4,"none",NA,51.37079,3.162925,83.18,11.9,12.4341,998.26172,NA,153.0434,NA,-14.5,30.3524,10.5303,3.03
65922,110065922,110001057,"2023-04-23","13:02:00",0.647,0.1941,0,300,1,1,"D",1,4,"none",NA,51.370125,3.17231,97.66,10.4,12.4664,998.65338,NA,153.0434,NA,-15.5,30.326,10.4969,2.9088
65923,110065923,110001057,"2023-04-23","13:04:00",0.603,0.1809,0,300,1,1,"D",1,4,"none",NA,51.36864,3.180915,100.17,10.5,12.3742,998.54291,NA,162.2048,9.6469,-17.7,NA,NA,NA
65924,110065924,110001057,"2023-04-23","13:06:00",0.601,0.1803,0,300,1,1,"D",1,4,"none",NA,51.3658,3.188145,129.47,9.4,12.3633,999.41217,NA,156.0777,7.6958,-20.5,NA,NA,NA
68027,110068027,110001068,"2023-10-26","08:24:00",0.562,0.1686,0,300,1,1,"D",0,3,NA,NA,51.365255,3.190575,324.77,NA,9.6,993.22,NA,129.86,5.57,-17.7,NA,NA,NA
68028,110068028,110001068,"2023-10-26","08:26:00",0.591,0.1773,0,300,1,1,"D",0,3,NA,NA,51.369425,3.1857,322.03,NA,9.8,993.07,NA,128.09,6.13,-18,NA,NA,NA
68029,110068029,110001068,"2023-10-26","08:28:00",0.595,0.1785,0,300,1,1,"D",0,3,NA,NA,51.373315,3.17988,308.57,NA,9.92,993.11,NA,135.37,5.09,-18.2,NA,NA,NA
68030,110068030,110001068,"2023-10-26","08:30:00",0.589,0.1767,0,300,1,1,"D",0,3,NA,NA,51.377,3.17374,308.53,NA,10.01,993.03,NA,126.05,5.38,-17.2,NA,NA,NA
68031,110068031,110001068,"2023-10-26","08:32:00",0.601,0.1803,0,300,1,1,"D",0,3,NA,NA,51.38063,3.16746,309.01,NA,10.08,993,NA,133.13,5.53,-16.8,NA,NA,NA
68032,110068032,110001068,"2023-10-26","08:34:00",0.588,0.1764,0,300,1,1,"D",0,3,NA,NA,51.38426,3.161185,309.78,NA,10,992.97,NA,127.13,6.34,-16.7,NA,NA,NA
68033,110068033,110001068,"2023-10-26","08:36:00",0.323,0.0969,0,300,1,1,"D",0,3,NA,NA,51.38707,3.156415,308.83,NA,10.12,992.91,NA,120.44,6.15,-16.7,NA,NA,NA
68034,110068034,110001068,"2023-10-26","08:44:00",0.558,0.1674,0,300,1,1,"D",0,3,NA,NA,51.40046,3.12844,292.64,NA,10.43,992.9,NA,131.22,6.25,-21.4,NA,NA,NA
68035,110068035,110001068,"2023-10-26","08:46:00",0.541,0.1623,0,300,1,1,"D",0,3,NA,NA,51.402565,3.12128,292.93,NA,10.56,992.84,NA,136.98,6.33,-21.5,NA,NA,NA
68036,110068036,110001068,"2023-10-26","08:48:00",0.545,0.1635,0,300,1,1,"D",0,3,NA,NA,51.40456,3.114145,293.25,NA,10.52,992.91,NA,127.15,5.42,-16.7,NA,NA,NA
68037,110068037,110001068,"2023-10-26","08:50:00",0.575,0.1725,0,300,1,1,"D",0,3,NA,NA,51.406595,3.10677,292.47,NA,10.58,992.91,NA,134.79,5.88,-15,NA,NA,NA
68038,110068038,110001068,"2023-10-26","08:52:00",0.582,0.1746,0,300,1,1,"D",0,3,NA,NA,51.408725,3.09917,292.42,NA,10.47,992.89,NA,133.88,6.96,-15,NA,NA,NA
68039,110068039,110001068,"2023-10-26","08:54:00",0.527,0.1581,0,300,1,1,"D",0,3,NA,NA,51.4108,3.091915,293.07,NA,10.52,992.91,NA,130.82,6.12,-14,NA,NA,NA
68040,110068040,110001068,"2023-10-26","08:56:00",0.572,0.1716,0,300,1,1,"D",0,3,NA,NA,51.412895,3.08475,293.01,NA,10.63,992.82,NA,133.17,6.78,-14.4,NA,NA,NA
68041,110068041,110001068,"2023-10-26","08:58:00",0.599,0.1797,0,300,1,1,"D",0,3,NA,NA,51.41518,3.07715,293.21,NA,10.74,992.87,NA,138.11,6.34,-15.3,NA,NA,NA
68042,110068042,110001068,"2023-10-26","09:00:00",0.548,0.1644,0,300,1,1,"D",0,3,NA,NA,51.417475,3.06975,293,NA,10.72,992.9,NA,139.87,6.3,-15.9,NA,NA,NA
68043,110068043,110001068,"2023-10-26","09:02:00",0.576,0.1728,0,300,1,1,"D",0,3,NA,NA,51.41975,3.06252,292.96,NA,10.9,992.89,NA,152.65,6.69,-15.6,NA,NA,NA
68044,110068044,110001068,"2023-10-26","09:04:00",0.598,0.1794,0,300,1,1,"D",0,3,NA,NA,51.422435,3.055265,293.65,NA,10.97,992.97,NA,151.58,7.3,-15.1,NA,NA,NA
68045,110068045,110001068,"2023-10-26","09:06:00",0.561,0.1683,0,300,1,1,"D",0,3,NA,NA,51.425475,3.04849,302.24,NA,11.02,992.95,NA,155.64,6.18,-14.2,NA,NA,NA
68046,110068046,110001068,"2023-10-26","09:08:00",0.596,0.1788,0,300,1,1,"D",0,3,NA,NA,51.428605,3.041835,301.68,NA,11.05,992.96,NA,155.49,8.64,-14.5,NA,NA,NA
68047,110068047,110001068,"2023-10-26","09:10:00",0.584,0.1752,0,300,1,1,"C",0,3,NA,"R",51.4318,3.035055,301.75,NA,10.94,992.88,NA,162.07,8.52,-14.2,NA,NA,NA
68048,110068048,110001068,"2023-10-26","09:12:00",0.571,0.1713,0,300,1,1,"D",0,3,NA,"R",51.43495,3.028445,302.46,NA,10.7,992.92,NA,160.58,7.94,-13.6,NA,NA,NA
68049,110068049,110001068,"2023-10-26","09:14:00",0.608,0.1824,0,300,1,1,"D",0,3,NA,"R",51.43809,3.021605,301.57,NA,10.76,992.88,NA,153.33,8.32,-15.5,NA,NA,NA
68050,110068050,110001068,"2023-10-26","09:16:00",0.607,0.1821,0,300,1,1,"D",0,3,NA,"R",51.441165,3.014375,297.73,NA,10.71,992.84,NA,156.34,8.33,-17.1,NA,NA,NA
68051,110068051,110001068,"2023-10-26","09:18:00",0.642,0.1926,0,300,1,1,"D",0,3,NA,"R",51.44429,3.0069,298.44,NA,10.76,992.86,NA,154.21,6.52,-21.7,NA,NA,NA
68052,110068052,110001068,"2023-10-26","09:20:00",0.608,0.1824,0,300,1,1,"D",0,3,NA,"R",51.447165,2.99918,297.89,NA,10.64,992.82,NA,154.19,7.35,-26.7,NA,NA,NA
68053,110068053,110001068,"2023-10-26","09:22:00",0.62,0.186,0,300,1,1,"D",0,3,NA,"R",51.44918,2.99099,280.34,NA,10.72,992.71,NA,151.06,7.11,-26.2,NA,NA,NA
68054,110068054,110001068,"2023-10-26","09:24:00",0.621,0.1863,0,300,1,1,"D",0,3,NA,"R",51.45101,2.98256,279.73,NA,10.57,992.57,NA,155.26,7.75,-21.2,NA,NA,NA
68055,110068055,110001068,"2023-10-26","09:26:00",0.606,0.1818,0,300,1,1,"D",0,3,NA,"R",51.4539,2.97518,296.21,NA,10.49,992.68,NA,156.15,7.53,-20.2,NA,NA,NA
68056,110068056,110001068,"2023-10-26","09:28:00",0.642,0.1926,0,300,1,1,"D",0,3,NA,"R",51.45798,2.96905,313.34,NA,10.6,992.86,NA,149.02,5.92,-19.9,NA,NA,NA
68057,110068057,110001068,"2023-10-26","09:30:00",0.689,0.2067,0,300,1,1,"D",0,3,NA,"R",51.46268,2.96311,315.13,NA,10.47,992.83,NA,175.6,4.36,-27.7,NA,NA,NA
68058,110068058,110001068,"2023-10-26","09:32:00",0.66,0.198,0,300,1,1,"D",0,3,NA,"R",51.467475,2.957165,314.52,NA,10.57,992.81,NA,175.68,4.88,-31.3,NA,NA,NA
68059,110068059,110001068,"2023-10-26","09:34:00",0.596,0.1788,0,300,1,1,"D",0,3,NA,"R",51.471975,2.95171,315.03,NA,10.43,992.8,NA,194.9,4.6,-30.1,NA,NA,NA
68060,110068060,110001068,"2023-10-26","09:36:00",0.653,0.1959,0,300,1,1,"D",0,3,NA,"R",51.47646,2.946295,315.27,NA,10.55,992.86,NA,154.49,7.26,-29.3,NA,NA,NA
68061,110068061,110001068,"2023-10-26","09:38:00",0.649,0.1947,0,300,1,1,"D",0,3,NA,"R",51.4811,2.940575,314.53,NA,10.55,992.73,NA,158.79,8.83,-27.1,NA,NA,NA
68062,110068062,110001068,"2023-10-26","09:40:00",0.632,0.1896,0,300,1,1,"D",0,3,NA,"R",51.48564,2.934905,315,NA,10.61,992.76,NA,188.45,3.44,-26.3,NA,NA,NA
68063,110068063,110001068,"2023-10-26","09:42:00",0.68,0.204,0,300,1,1,"D",0,3,NA,"R",51.490295,2.929105,314.72,NA,10.76,992.71,NA,171.66,5.67,-28.7,NA,NA,NA
68064,110068064,110001068,"2023-10-26","09:44:00",0.618,0.1854,0,300,1,1,"D",0,3,NA,"R",51.494945,2.92345,315.51,NA,10.55,992.62,NA,171.58,5.39,-29.4,NA,NA,NA
68065,110068065,110001068,"2023-10-26","09:46:00",0.646,0.1938,0,300,1,1,"D",0,3,NA,"R",51.499535,2.91808,315.25,NA,10.65,992.69,NA,166.1,4.35,-31,NA,NA,NA
68066,110068066,110001068,"2023-10-26","09:48:00",0.656,0.1968,0,300,1,1,"D",0,3,NA,"R",51.504275,2.912585,314.88,NA,10.67,992.66,NA,159.88,7.59,-35.6,NA,NA,NA
68067,110068067,110001068,"2023-10-26","09:50:00",0.608,0.1824,0,300,1,1,"D",0,3,NA,"R",51.508875,2.907245,315.24,NA,10.6,992.79,NA,181.15,5.63,-35.8,NA,NA,NA
68068,110068068,110001068,"2023-10-26","09:52:00",0.639,0.1917,0,300,1,1,"D",0,3,NA,"R",51.513415,2.90197,314.94,NA,10.51,992.69,NA,154.88,8.33,-29.8,NA,NA,NA
68069,110068069,110001068,"2023-10-26","09:54:00",0.647,0.1941,0,300,1,1,"D",0,3,NA,"R",51.51808,2.896495,313.93,NA,10.65,992.79,NA,185.43,6.46,-20.3,NA,NA,NA
68070,110068070,110001068,"2023-10-26","09:56:00",0.635,0.1905,0,300,1,1,"D",0,3,NA,"R",51.52272,2.89102,314.74,NA,10.63,992.59,NA,177.46,6.1,-22.5,NA,NA,NA
68071,110068071,110001068,"2023-10-26","09:58:00",0.671,0.2013,0,300,1,1,"D",0,3,NA,"R",51.527445,2.88543,315.6,NA,10.77,992.62,NA,161.76,8.65,-20.7,NA,NA,NA
68072,110068072,110001068,"2023-10-26","10:00:00",0.338,0.1014,0,300,1,1,"D",0,3,NA,"R",51.5311,2.88112,315.35,NA,10.7,992.67,NA,171.47,4.87,-23,NA,NA,NA
68073,110068073,110001068,"2023-10-26","11:38:00",0.699,0.2097,0,300,1,1,"D",0,3,NA,NA,51.67771,2.786325,10.86,NA,12.04,992.27,NA,155.85,8.55,-34.9,NA,NA,NA
68074,110068074,110001068,"2023-10-26","11:40:00",0.713,0.2139,0,300,1,1,"D",0,3,NA,NA,51.68385,2.78888,10.81,NA,11.61,992.49,NA,161.93,8,-31.4,NA,NA,NA
68075,110068075,110001068,"2023-10-26","11:42:00",0.627,0.1881,0,300,1,1,"D",0,3,NA,NA,51.68955,2.79193,10.77,NA,11.44,992.44,NA,161.51,5.71,-34.6,NA,NA,NA
68076,110068076,110001068,"2023-10-26","11:44:00",0.738,0.2214,0,300,1,1,"D",0,3,NA,NA,51.69493,2.79659,29.61,NA,11.43,992.34,NA,167.06,7.2,-30.5,NA,NA,NA
68077,110068077,110001068,"2023-10-26","11:46:00",0.683,0.2049,0,300,1,1,"D",0,3,NA,NA,51.700345,2.80204,31.55,NA,11.45,992.06,NA,155.17,5.95,-28.8,NA,NA,NA
68078,110068078,110001068,"2023-10-26","11:48:00",0.599,0.1797,0,300,1,1,"D",0,3,NA,NA,51.70501,2.807425,29.69,NA,11.62,992.24,NA,161.18,4.68,-31.5,NA,NA,NA
68079,110068079,110001068,"2023-10-26","11:50:00",0.329,0.0987,1,300,1,1,"D",0,3,NA,NA,51.70597,2.811915,93.13,NA,11.48,991.39,NA,161.85,7.6,-31.6,NA,NA,NA
68080,110068080,110001068,"2023-10-26","11:52:00",0.358,0.1074,0,300,1,1,"D",0,3,NA,NA,51.7034,2.81263,200.77,NA,11.59,991.9,NA,148.72,5.49,-30.7,NA,NA,NA
68081,110068081,110001068,"2023-10-26","11:54:00",0.299,0.0897,0,300,1,1,"D",0,3,NA,NA,51.70064,2.810945,202.73,NA,11.71,991.48,NA,143.64,6.73,-27.3,NA,NA,NA
68082,110068082,110001068,"2023-10-26","11:56:00",0.322,0.0966,0,300,1,1,"D",0,3,NA,NA,51.69803,2.809355,202.27,NA,11.72,991.42,NA,151.96,8.11,-31.7,NA,NA,NA
68083,110068083,110001068,"2023-10-26","11:58:00",0.238,0.0714,0,300,1,1,"D",0,3,NA,NA,51.695685,2.807895,201.16,NA,11.7,991.4,NA,147.14,7.88,-26.9,NA,NA,NA
68084,110068084,110001069,"2023-10-27","07:22:00",0.675,0.2025,0,300,1,1,"D",1,4,NA,NA,51.543365,3.071905,316.29,NA,13.68,988.12,NA,222.98,8.14,-30.7,33.85,14.82,NA
68085,110068085,110001069,"2023-10-27","07:24:00",0.604,0.1812,0,300,1,1,"D",1,4,NA,NA,51.54724,3.065095,321.8,NA,13.75,987.82,NA,227.2,8.54,-31.8,33.9,14.87,NA
68086,110068086,110001069,"2023-10-27","07:26:00",0.569,0.1707,0,300,1,1,"D",1,4,NA,NA,51.55091,3.059015,318.94,NA,13.7,988.14,NA,220.74,8.33,-23.9,34.33,15.65,NA
68087,110068087,110001069,"2023-10-27","07:28:00",0.584,0.1752,0,300,1,1,"D",1,4,NA,NA,51.554485,3.052985,319.04,NA,13.74,987.92,NA,243.05,5.08,-21,34.38,15.69,NA
68088,110068088,110001069,"2023-10-27","07:30:00",0.628,0.1884,0,300,1,1,"D",1,4,NA,NA,51.558245,3.04665,320.23,NA,13.83,988.35,NA,226.4,6.75,-23.3,34.41,15.77,NA
68089,110068089,110001069,"2023-10-27","07:32:00",0.584,0.1752,0,300,1,1,"D",1,4,NA,NA,51.56201,3.040325,317.86,NA,13.75,988.4,NA,213.4,7.36,-29.7,34.43,15.8,NA
68090,110068090,110001069,"2023-10-27","07:34:00",0.581,0.1743,0,300,1,1,"D",1,4,NA,NA,51.56562,3.03423,320.41,NA,13.9,988.09,NA,237.29,7.77,-34.6,34.44,15.81,NA
68091,110068091,110001069,"2023-10-27","07:36:00",0.563,0.1689,0,300,1,1,"D",1,4,NA,NA,51.569165,3.028245,319.7,NA,13.86,988.47,NA,230.46,5.3,-27.2,34.43,15.79,NA
68092,110068092,110001069,"2023-10-27","07:38:00",0.574,0.1722,0,300,1,1,"D",1,4,NA,NA,51.572685,3.022295,319.95,NA,13.75,988.12,NA,224.32,7.82,-19.2,34.44,15.8,NA
68093,110068093,110001069,"2023-10-27","07:40:00",0.577,0.1731,0,300,1,1,"D",1,4,NA,NA,51.57625,3.01627,318.79,NA,13.81,988.45,NA,215.77,6.58,-15.4,34.45,15.82,NA
68094,110068094,110001069,"2023-10-27","07:42:00",0.589,0.1767,0,300,1,1,"D",1,4,NA,NA,51.579875,3.01018,319.33,NA,13.86,988.45,NA,233.99,5.83,-18.3,34.47,15.85,NA
68095,110068095,110001069,"2023-10-27","07:44:00",0.573,0.1719,0,300,1,1,"D",1,4,NA,NA,51.58348,3.004105,320.02,NA,13.87,987.98,NA,216.57,7.14,-24,34.49,15.89,NA
68096,110068096,110001069,"2023-10-27","07:46:00",0.643,0.1929,0,300,1,1,"D",1,4,NA,NA,51.58724,2.997735,319.54,NA,13.8,988.68,NA,218.59,5.41,-27.8,34.5,15.91,NA
68097,110068097,110001069,"2023-10-27","07:48:00",0.613,0.1839,0,300,1,1,"D",1,4,NA,NA,51.591135,2.991175,319.08,NA,13.92,988.43,NA,208.67,7.95,-29.5,34.51,15.94,NA
68098,110068098,110001069,"2023-10-27","07:50:00",0.567,0.1701,0,300,1,1,"D",1,4,NA,NA,51.594805,2.98502,319.65,NA,13.74,988.75,NA,225.03,6.77,-32.4,34.52,15.96,NA
68099,110068099,110001069,"2023-10-27","07:52:00",0.656,0.1968,0,300,1,1,"D",1,4,NA,NA,51.598605,2.97863,319.57,NA,13.8,988.56,NA,214.95,7.84,-31.9,34.51,15.95,NA
68100,110068100,110001069,"2023-10-27","07:54:00",0.61,0.183,0,300,1,1,"D",1,4,NA,NA,51.602535,2.97201,319.71,NA,13.74,988.59,NA,213.29,6.89,-33.1,34.51,15.95,NA
68101,110068101,110001069,"2023-10-27","07:56:00",0.566,0.1698,0,300,1,1,"D",1,4,NA,NA,51.606185,2.96586,317.97,NA,13.76,988.3,NA,209.71,9.47,-36.6,34.47,15.94,NA
68102,110068102,110001069,"2023-10-27","07:58:00",0.655,0.1965,0,300,1,1,"D",1,4,NA,NA,51.60996,2.95946,317.93,NA,13.83,988.16,NA,223.67,7.87,-34.3,34.44,16.01,NA
68103,110068103,110001069,"2023-10-27","08:00:00",0.592,0.1776,0,300,1,1,"D",1,4,NA,NA,51.61381,2.95291,318.87,NA,13.82,988.25,NA,227.03,NA,-33.4,34.48,16.11,NA
68104,110068104,110001069,"2023-10-27","08:02:00",0.562,0.1686,0,300,1,1,"D",1,4,NA,NA,51.617385,2.946865,319.22,NA,13.78,988.81,NA,208.19,8.4,-36.6,34.52,16.19,NA
68105,110068105,110001069,"2023-10-27","08:04:00",0.605,0.1815,0,300,1,1,"D",1,4,NA,NA,51.620785,2.940455,320.01,NA,13.82,988.28,NA,216.12,8.29,-32.1,34.54,16.2,NA
68106,110068106,110001069,"2023-10-27","08:06:00",0.626,0.1878,0,300,1,1,"D",1,4,NA,NA,51.623955,2.933165,296.67,NA,13.76,988.16,NA,212.91,8.51,-24.3,34.56,16.23,NA
68107,110068107,110001069,"2023-10-27","08:08:00",0.561,0.1683,0,300,1,1,"D",1,4,NA,NA,51.62719,2.92638,321.47,NA,13.85,988.54,NA,208.47,6.94,-22.2,34.58,16.25,NA
68108,110068108,110001069,"2023-10-27","08:10:00",0.6,0.18,0,300,1,1,"D",1,4,NA,NA,51.63073,2.92021,317.56,NA,13.88,988.72,NA,204.1,5.8,-25.2,34.58,16.23,NA
68109,110068109,110001069,"2023-10-27","08:12:00",0.594,0.1782,0,300,1,1,"D",1,4,NA,NA,51.63436,2.913855,317.84,NA,13.86,988.66,NA,205.16,7.35,-27.1,34.57,16.22,NA
68110,110068110,110001069,"2023-10-27","08:14:00",0.607,0.1821,0,300,1,1,"D",1,4,NA,NA,51.63801,2.907455,317.95,NA,13.85,988.33,NA,213.7,6.69,-29.8,34.57,16.23,NA
68111,110068111,110001069,"2023-10-27","08:16:00",0.63,0.189,0,300,1,1,"D",1,4,NA,NA,51.641705,2.90077,318.23,NA,13.76,988.63,NA,201.62,6.81,-30.5,34.58,16.25,NA
68112,110068112,110001069,"2023-10-27","08:18:00",0.59,0.177,0,300,1,1,"D",1,4,NA,NA,51.645275,2.894075,315.01,NA,13.76,988.9,NA,210.6,5.62,-32.2,34.58,16.28,NA
68113,110068113,110001069,"2023-10-27","08:20:00",0.615,0.1845,0,300,1,1,"D",1,4,NA,NA,51.64877,2.887415,314.8,NA,13.8,988.65,NA,220.41,5.79,-34.6,34.58,16.3,NA
68114,110068114,110001069,"2023-10-27","08:22:00",0.623,0.1869,0,300,1,1,"D",1,4,NA,NA,51.652355,2.880565,314.91,NA,13.8,988.55,NA,218.83,5.94,-34.2,34.58,16.29,NA
68115,110068115,110001069,"2023-10-27","08:24:00",0.61,0.183,0,300,1,1,"D",1,4,NA,NA,51.65592,2.873735,314.24,NA,13.79,988.75,NA,218.12,5.19,-35.3,34.58,16.31,NA
68116,110068116,110001069,"2023-10-27","08:26:00",0.635,0.1905,0,300,1,1,"D",1,4,NA,NA,51.65951,2.86682,313.44,NA,13.77,988.1,NA,208.55,6.5,-30.6,34.58,16.34,NA
68117,110068117,110001069,"2023-10-27","08:28:00",0.599,0.1797,0,300,1,1,"D",1,4,NA,NA,51.66313,2.860055,313.72,NA,13.78,988.2,NA,209.61,8.18,-31.5,34.59,16.36,NA
68118,110068118,110001069,"2023-10-27","08:30:00",0.566,0.1698,0,300,1,1,"D",1,4,NA,NA,51.666625,2.853775,315.96,NA,13.65,988.12,NA,213.61,8.64,-32.6,34.59,16.36,NA
68119,110068119,110001069,"2023-10-27","08:32:00",0.649,0.1947,0,300,1,1,"D",1,4,NA,NA,51.67028,2.84724,316.35,NA,13.52,988.15,NA,217.56,7.46,-34.4,34.58,16.36,NA
68120,110068120,110001069,"2023-10-27","08:34:00",0.553,0.1659,0,300,1,1,"D",1,4,NA,NA,51.673885,2.840765,316.12,NA,13.45,988.13,NA,231.16,7.05,-34.2,34.57,16.36,NA
68121,110068121,110001069,"2023-10-27","08:36:00",0.643,0.1929,0,300,1,1,"D",1,4,NA,NA,51.677475,2.83432,316.22,NA,13.44,988.79,NA,214.24,6.73,-39.6,34.56,16.37,NA
68122,110068122,110001069,"2023-10-27","08:38:00",0.6,0.18,0,300,1,1,"D",1,4,NA,NA,51.681215,2.827635,316.05,NA,13.54,988.25,NA,217.86,8.58,-36.2,34.56,16.38,NA
68123,110068123,110001069,"2023-10-27","08:40:00",0.565,0.1695,0,300,1,1,"C",1,4,NA,"R",51.68472,2.82137,317.36,NA,13.3,988.84,NA,229.86,5.09,-33.4,34.55,16.39,NA
68124,110068124,110001069,"2023-10-27","08:42:00",0.596,0.1788,0,300,1,1,"C",1,4,NA,"R",51.68821,2.815115,315.97,NA,13.32,988.77,NA,219.3,7.3,-26.3,34.55,16.39,NA
68125,110068125,110001069,"2023-10-27","08:44:00",0.626,0.1878,0,300,1,1,"D",1,4,NA,NA,51.691895,2.808545,314.97,NA,13.34,988.48,NA,218.59,8.13,-21.1,34.57,16.39,NA
68126,110068126,110001069,"2023-10-27","08:46:00",0.625,0.1875,0,300,1,1,"D",1,4,NA,NA,51.695665,2.80182,314.23,NA,13.55,988.76,NA,226.3,6.31,-30.6,34.59,16.38,NA
68127,110068127,110001069,"2023-10-27","08:48:00",0.599,0.1797,0,300,1,1,"D",1,4,NA,NA,51.69926,2.795115,313.72,NA,13.64,988.57,NA,212.55,8.39,-31.6,34.62,16.38,NA
68128,110068128,110001069,"2023-10-27","08:50:00",0.605,0.1815,0,300,1,1,"D",1,4,NA,NA,51.702705,2.788395,310.78,NA,13.41,988.44,NA,212.23,9.51,-35,34.63,16.38,NA
68129,110068129,110001069,"2023-10-27","08:52:00",0.603,0.1809,0,300,1,1,"D",1,4,NA,NA,51.70616,2.78165,311.98,NA,13.36,988.59,NA,222.33,8.91,-37.6,34.64,16.39,NA
68130,110068130,110001069,"2023-10-27","08:54:00",0.539,0.1617,0,300,1,1,"D",1,4,NA,NA,51.708985,2.774805,311.66,NA,13.58,988.14,NA,225.91,8.93,-39.7,34.62,16.39,NA
68131,110068131,110001069,"2023-10-27","09:00:00",0.591,0.1773,0,300,1,1,"D",1,4,NA,NA,51.704605,2.750705,235.02,NA,13.16,989.08,NA,218.75,5.62,-38.2,34.61,16.39,NA
68132,110068132,110001069,"2023-10-27","09:02:00",0.657,0.1971,0,300,1,1,"D",1,4,NA,NA,51.70114,2.743595,235.32,NA,13.03,989.01,NA,226.41,5.74,-39.2,34.61,16.39,NA
68133,110068133,110001069,"2023-10-27","09:04:00",0.626,0.1878,0,300,1,1,"D",1,4,NA,NA,51.69757,2.736295,234.67,NA,13.28,989.06,NA,237.93,7.16,-37,34.6,16.39,NA
68134,110068134,110001069,"2023-10-27","09:06:00",0.603,0.1809,1,300,1,1,"D",1,4,NA,NA,51.693155,2.731895,224.22,NA,13.26,988.9,NA,239.02,5.74,-36.8,34.59,16.39,NA
68135,110068135,110001069,"2023-10-27","09:10:00",0.661,0.1983,0,300,1,1,"D",1,4,NA,NA,51.681975,2.735725,164.42,NA,13.19,988.19,NA,241.3,9.29,-38.4,34.56,16.4,NA
68136,110068136,110001069,"2023-10-27","09:12:00",0.65,0.195,0,300,1,1,"D",1,4,NA,NA,51.676845,2.74018,153.42,NA,13.25,988.43,NA,233.15,9.77,-38.3,34.55,16.4,NA
68137,110068137,110001069,"2023-10-27","09:14:00",0.664,0.1992,0,300,1,1,"D",1,4,NA,NA,51.672145,2.745935,142.34,NA,13.34,988.49,NA,240.84,9.7,-37,34.53,16.4,NA
68138,110068138,110001069,"2023-10-27","09:16:00",0.655,0.1965,0,300,1,1,"D",1,4,NA,NA,51.66747,2.751805,142.62,NA,13.17,988.73,NA,242.02,10.36,-37.9,34.54,16.4,NA
68139,110068139,110001069,"2023-10-27","09:18:00",0.61,0.183,0,300,1,1,"D",1,4,NA,NA,51.663025,2.75751,142.72,NA,13.11,988.87,NA,239.11,10.19,-40.3,34.54,16.41,NA
68140,110068140,110001069,"2023-10-27","09:20:00",0.656,0.1968,0,300,1,1,"D",1,4,NA,NA,51.658875,2.763755,135.52,NA,13.05,989.02,NA,239.68,9.49,-35.4,34.53,16.41,NA
68141,110068141,110001069,"2023-10-27","09:22:00",0.62,0.186,0,300,1,1,"D",1,4,NA,NA,51.655545,2.771175,135.66,NA,13.06,989.03,NA,236.47,9.71,-38.2,34.51,16.42,NA
68142,110068142,110001069,"2023-10-27","09:24:00",0.633,0.1899,0,300,1,1,"D",1,4,NA,NA,51.653595,2.7796,89.48,NA,13.13,989.63,NA,244.11,8.56,-31,34.51,16.41,NA
68143,110068143,110001069,"2023-10-27","09:26:00",0.638,0.1914,0,300,1,1,"D",1,4,NA,NA,51.650945,2.787355,136.55,NA,13.35,988.7,NA,235.68,10.17,-28.1,34.52,16.38,NA
68144,110068144,110001069,"2023-10-27","09:28:00",0.693,0.2079,0,300,1,1,"D",1,4,NA,NA,51.646825,2.79433,135.65,NA,13.26,988.93,NA,232.38,9.28,-23.6,34.53,16.36,NA
68145,110068145,110001069,"2023-10-27","09:30:00",0.625,0.1875,0,300,1,1,"D",1,4,NA,NA,51.642795,2.80132,137,NA,13.25,988.74,NA,230.47,10.86,-24.3,34.53,16.33,NA
68146,110068146,110001069,"2023-10-27","09:32:00",0.654,0.1962,0,300,1,1,"D",1,4,NA,NA,51.63888,2.808095,136.69,NA,13.39,988.56,NA,224.8,11.98,-27.6,34.53,16.3,NA
68147,110068147,110001069,"2023-10-27","09:34:00",0.688,0.2064,0,300,1,1,"D",1,4,NA,NA,51.6347,2.815085,135.95,NA,13.49,988.73,NA,232.8,12.48,-38,34.53,16.29,NA
68148,110068148,110001069,"2023-10-27","09:36:00",0.573,0.1719,0,300,1,1,"D",1,4,NA,NA,51.63,2.819435,151.35,NA,13.41,988.62,NA,233.01,10.39,-40.7,34.53,16.28,NA
68149,110068149,110001069,"2023-10-27","09:38:00",0.609,0.1827,0,300,1,1,"D",1,4,NA,NA,51.625445,2.823205,167.41,NA,13.48,988.06,NA,228.36,11.77,-40,34.54,16.29,NA
68150,110068150,110001069,"2023-10-27","09:40:00",0.639,0.1917,0,300,1,1,"D",1,4,NA,NA,51.62146,2.82954,135.78,NA,13.28,988.62,NA,234.21,11.82,-39,34.55,16.32,NA
68151,110068151,110001069,"2023-10-27","09:42:00",0.646,0.1938,0,300,1,1,"D",1,4,NA,NA,51.617555,2.83638,137.06,NA,13.29,988.83,NA,227.06,10.11,-33.3,34.56,16.33,NA
68152,110068152,110001069,"2023-10-27","09:44:00",0.663,0.1989,0,300,1,1,"D",1,4,NA,NA,51.61358,2.84335,138.38,NA,13.3,988.54,NA,227.93,9.75,-34,34.56,16.29,NA
68153,110068153,110001069,"2023-10-27","09:46:00",0.653,0.1959,0,300,1,1,"D",1,4,NA,NA,51.609575,2.850345,138.14,NA,13.29,988.47,NA,237.06,13.3,-32.8,34.56,16.29,NA
68154,110068154,110001069,"2023-10-27","09:48:00",0.62,0.186,0,300,1,1,"D",1,4,NA,NA,51.60571,2.85713,138.59,NA,13.19,988.64,NA,236.91,10.77,-28.8,34.57,16.28,NA
68155,110068155,110001069,"2023-10-27","09:50:00",0.65,0.195,0,300,1,1,"D",1,4,NA,NA,51.601865,2.863915,139.55,NA,13.25,988.6,NA,240.81,11.98,-26,34.57,16.26,NA
68156,110068156,110001069,"2023-10-27","09:52:00",0.697,0.2091,0,300,1,1,"D",1,4,NA,NA,51.59781,2.87114,138.53,NA,13.14,988.66,NA,232.99,11.4,-25.3,34.57,16.24,NA
68157,110068157,110001069,"2023-10-27","09:54:00",0.648,0.1944,0,300,1,1,"D",1,4,NA,NA,51.59369,2.87825,138.69,NA,12.95,989.08,NA,237.92,12.01,-29,34.57,16.22,NA
68158,110068158,110001069,"2023-10-27","09:56:00",0.637,0.1911,0,300,1,1,"D",1,4,NA,NA,51.58966,2.884905,141.47,NA,13.17,989.08,NA,230.88,10.78,-36.8,34.55,16.18,NA
68159,110068159,110001069,"2023-10-27","09:58:00",0.622,0.1866,0,300,1,1,"D",1,4,NA,NA,51.58572,2.891435,142.98,NA,13.13,988.8,NA,233.53,12.67,-39.5,34.54,16.16,NA
68160,110068160,110001069,"2023-10-27","10:00:00",0.665,0.1995,0,300,1,1,"D",1,4,NA,NA,51.5817,2.89812,141.94,NA,13.06,988.94,NA,229.57,10.85,-36.6,34.56,16.18,NA
68161,110068161,110001069,"2023-10-27","10:02:00",0.659,0.1977,0,300,1,1,"D",1,4,NA,NA,51.57756,2.904995,143.48,NA,12.87,988.78,NA,234.62,11.94,-34.9,34.57,16.18,NA
68162,110068162,110001069,"2023-10-27","10:04:00",0.601,0.1803,0,300,1,1,"D",1,4,NA,NA,51.57364,2.911565,142.11,NA,12.95,989.02,NA,233.69,10.37,-34.2,34.54,16.11,NA
68163,110068163,110001069,"2023-10-27","10:06:00",0.69,0.207,0,300,1,1,"D",1,4,NA,NA,51.56964,2.918315,143.31,NA,12.86,989.07,NA,230.14,12.31,-31.5,34.51,16.06,NA
68164,110068164,110001069,"2023-10-27","10:08:00",0.644,0.1932,0,300,1,1,"D",1,4,NA,NA,51.56549,2.92527,141.85,NA,12.92,989.2,NA,234.91,10.22,-31.6,34.49,16.01,NA
68165,110068165,110001069,"2023-10-27","10:10:00",0.599,0.1797,0,300,1,1,"D",1,4,NA,NA,51.561625,2.93175,142.4,NA,12.86,989.2,NA,237.68,8.77,-30.9,34.47,15.98,NA
68166,110068166,110001069,"2023-10-27","10:12:00",0.647,0.1941,0,300,1,1,"D",1,4,NA,NA,51.557755,2.93825,142.73,NA,13.03,989.27,NA,236.73,9.54,-27.9,34.47,15.95,NA
68167,110068167,110001069,"2023-10-27","10:14:00",0.649,0.1947,0,300,1,1,"D",1,4,NA,NA,51.55374,2.94503,143.03,NA,13.04,989.39,NA,238.96,9.79,-29.6,34.51,15.97,NA
68168,110068168,110001069,"2023-10-27","10:16:00",0.633,0.1899,0,300,1,1,"D",1,4,NA,NA,51.549765,2.951725,142.98,NA,13.15,989.2,NA,236.71,9.67,-25.8,34.52,15.98,NA
68169,110068169,110001069,"2023-10-27","10:18:00",0.691,0.2073,0,300,1,1,"D",1,4,NA,NA,51.545655,2.95863,143.55,NA,13.03,989.17,NA,225,10.61,-22.9,34.52,15.99,NA
68170,110068170,110001069,"2023-10-27","10:20:00",0.608,0.1824,0,300,1,1,"D",1,4,NA,NA,51.54162,2.965405,144.28,NA,13.14,989.06,NA,241.5,12.47,-19.3,34.52,15.97,NA
68171,110068171,110001069,"2023-10-27","10:22:00",0.684,0.2052,0,300,1,1,"D",1,4,NA,NA,51.537595,2.97213,145.94,NA,13.21,988.87,NA,246.67,13.74,-17.7,34.51,15.95,NA
68172,110068172,110001069,"2023-10-27","10:24:00",0.63,0.189,0,300,1,1,"D",1,4,NA,NA,51.53353,2.97901,144.13,NA,13.2,988.79,NA,237.02,14.04,-36,34.5,15.94,NA
68173,110068173,110001069,"2023-10-27","10:26:00",0.618,0.1854,0,300,1,1,"D",1,4,NA,NA,51.52968,2.985555,146.97,NA,13.04,988.89,NA,234.68,11.33,-33.3,34.48,15.93,NA
68174,110068174,110001069,"2023-10-27","10:28:00",0.614,0.1842,0,300,1,1,"D",1,4,NA,NA,51.52585,2.991975,150.1,NA,12.93,989.27,NA,239.86,11.65,-31,34.46,15.92,NA
68175,110068175,110001069,"2023-10-27","10:30:00",0.633,0.1899,0,300,1,1,"D",1,4,NA,NA,51.521945,2.998435,146.78,NA,13.09,989.1,NA,230.1,12.59,-29.5,34.48,15.89,NA
68176,110068176,110001069,"2023-10-27","10:32:00",0.662,0.1986,0,300,1,1,"D",1,4,NA,NA,51.517905,3.00516,146.17,NA,12.88,989.36,NA,236.47,13.48,-29,34.49,15.78,NA
68177,110068177,110001069,"2023-10-27","10:34:00",0.513,0.1539,1,300,1,1,"D",1,4,NA,NA,51.513685,3.009875,147.66,NA,12.92,989.18,NA,243.78,12.7,-30,34.43,15.74,NA
68178,110068178,110001069,"2023-10-27","10:36:00",0.556,0.1668,0,300,1,1,"D",1,4,NA,NA,51.509045,3.01169,187.59,NA,12.82,987.94,NA,240.24,11.99,-29.4,34.42,15.74,NA
68179,110068179,110001069,"2023-10-27","11:13:00",0.478,0.1434,0,300,1,1,"D",1,4,NA,NA,51.50593,3.04869,240.16,NA,12.03,989.08,NA,208.71,9.51,-28.8,34.16,15.15,NA
68180,110068180,110001069,"2023-10-27","11:15:00",0.443,0.1329,0,300,1,1,"D",1,4,NA,NA,51.50414,3.042695,239.7,NA,12.04,989.13,NA,201.75,9.29,-28.4,34.21,15.22,NA
68181,110068181,110001069,"2023-10-27","11:17:00",0.53,0.159,0,300,1,1,"D",1,4,NA,NA,51.50224,3.03637,240.04,NA,12.21,989.08,NA,203.54,9.92,-29,34.23,15.23,NA
68182,110068182,110001069,"2023-10-27","11:19:00",0.543,0.1629,0,300,1,1,"D",1,4,NA,NA,51.50012,3.029415,240.36,NA,12.12,988.91,NA,199.45,10.41,-29.8,34.23,15.22,NA
68183,110068183,110001069,"2023-10-27","11:21:00",0.613,0.1839,0,300,1,1,"D",1,4,NA,NA,51.497815,3.02194,240.17,NA,12.33,989.04,NA,209.49,10.87,-29.7,34.26,15.32,NA
68184,110068184,110001069,"2023-10-27","11:23:00",0.556,0.1668,0,300,1,1,"D",1,4,NA,NA,51.49537,3.01448,240.21,NA,12.31,989.23,NA,211.41,10.41,-29.7,34.3,15.45,NA
68185,110068185,110001069,"2023-10-27","11:25:00",0.568,0.1704,0,300,1,1,"D",1,4,NA,NA,51.49238,3.008025,224.83,NA,12.38,989.76,NA,217.81,11.11,-30.7,34.33,15.48,NA
68186,110068186,110001069,"2023-10-27","11:27:00",0.571,0.1713,0,300,1,1,"D",1,4,NA,NA,51.488885,3.00203,227.31,NA,12.4,989.71,NA,231.23,9.47,-31.4,34.33,15.47,NA
68187,110068187,110001069,"2023-10-27","11:29:00",0.622,0.1866,0,300,1,1,"D",1,4,NA,NA,51.48528,2.995665,227.89,NA,12.36,989.93,NA,234.83,8.5,-32.2,34.34,15.48,NA
68188,110068188,110001069,"2023-10-27","11:31:00",0.271,0.0813,0,300,1,1,"D",1,4,NA,NA,51.482575,2.990905,228.73,NA,12.71,989.99,NA,347.93,16.54,-31.4,34.37,15.53,NA
68189,110068189,110001069,"2023-10-27","11:32:00",0.605,0.1815,0,300,1,1,"D",1,4,NA,NA,51.47991,2.986255,226.41,NA,12.58,990.04,NA,103.42,14.78,-30.4,34.39,15.53,NA
68190,110068190,110001069,"2023-10-27","11:34:00",0.54,0.162,0,300,1,1,"D",1,4,NA,NA,51.476915,2.979615,228.4,NA,12.69,989.69,NA,230.95,8.68,-32.4,34.42,15.63,NA
68191,110068191,110001069,"2023-10-27","11:36:00",0.325,0.0975,0,300,1,1,"D",1,4,NA,NA,51.476085,2.97392,262.95,NA,12.44,988.8,NA,224.57,8.31,-33.5,34.44,15.65,NA
68192,110068192,110001069,"2023-10-27","11:40:00",0.566,0.1698,0,300,1,1,"D",1,4,NA,NA,51.48411,2.95847,300.05,NA,12.45,988.9,NA,233.9,7.43,-29.4,34.44,15.68,NA
68193,110068193,110001069,"2023-10-27","11:42:00",0.632,0.1896,0,300,1,1,"D",1,4,NA,NA,51.487795,2.95217,301.96,NA,12.05,989.15,NA,240.62,8.37,-27.3,34.42,15.64,NA
68194,110068194,110001069,"2023-10-27","11:44:00",0.601,0.1803,0,300,1,1,"D",1,4,NA,NA,51.49159,2.94569,300.84,NA,12.28,989.09,NA,230.34,9,-24.8,34.44,15.71,NA
68195,110068195,110001069,"2023-10-27","11:46:00",0.655,0.1965,0,300,1,1,"D",1,4,NA,NA,51.495465,2.93911,303.31,NA,12.2,988.79,NA,336.99,5.04,-30.2,34.45,15.72,NA
68196,110068196,110001069,"2023-10-27","11:48:00",0.585,0.1755,0,300,1,1,"D",1,4,NA,NA,51.499315,2.93265,300.79,NA,12.15,988.63,NA,239.52,8.99,-30.6,34.45,15.76,NA
68197,110068197,110001069,"2023-10-27","11:50:00",0.573,0.1719,0,300,1,1,"C",2,5,NA,NA,51.502885,2.926575,299.75,NA,12.18,989.12,NA,236.07,7.96,-32.7,34.42,15.92,NA
68198,110068198,110001069,"2023-10-27","11:52:00",0.598,0.1794,0,300,1,1,"C",2,5,NA,NA,51.50651,2.920455,300.61,NA,12.45,988.89,NA,233.96,8.84,-35.6,34.4,15.99,NA
68199,110068199,110001069,"2023-10-27","11:54:00",0.623,0.1869,0,300,1,1,"C",2,5,NA,NA,51.510315,2.91411,299.64,NA,12.24,989.35,NA,244.04,7.89,-37.8,34.41,16.07,NA
68200,110068200,110001069,"2023-10-27","11:56:00",0.605,0.1815,0,300,1,1,"C",2,5,NA,NA,51.514115,2.90768,300.84,NA,12.49,989.1,NA,259.95,7.18,-29.9,34.41,16.09,NA
68201,110068201,110001069,"2023-10-27","11:58:00",0.638,0.1914,0,300,1,1,"C",2,5,NA,NA,51.51796,2.901175,301.76,NA,12.54,989.6,NA,259.58,6.4,-21.1,34.43,16.08,NA
68202,110068202,110001069,"2023-10-27","12:00:00",0.637,0.1911,0,300,1,1,"C",2,5,NA,NA,51.521915,2.894525,302.99,NA,12.4,989.27,NA,0.86,7.68,-21.3,34.44,16.07,NA
68203,110068203,110001069,"2023-10-27","12:02:00",0.592,0.1776,0,300,1,1,"C",2,5,NA,NA,51.52573,2.888115,303.04,NA,12.45,989.52,NA,267.37,7.58,-22,34.45,16.06,NA
68204,110068204,110001069,"2023-10-27","12:04:00",0.622,0.1866,0,300,1,1,"C",2,5,NA,NA,51.5295,2.881785,302.13,NA,12.24,989.43,NA,13.02,7.17,-24.4,34.45,16.05,NA
68205,110068205,110001069,"2023-10-27","12:06:00",0.677,0.2031,0,300,1,1,"C",2,5,NA,NA,51.53354,2.875025,302.35,NA,12.21,989.33,NA,254.03,5.35,-24.3,34.46,16.07,NA
68206,110068206,110001069,"2023-10-27","12:08:00",0.624,0.1872,0,300,1,1,"C",2,5,NA,NA,51.53758,2.868245,302.22,NA,12.32,989.2,NA,261.88,6.62,-27.3,34.46,16.13,NA
68207,110068207,110001069,"2023-10-27","12:10:00",0.629,0.1887,0,300,1,1,"C",2,5,NA,NA,51.541445,2.86167,301.97,NA,12.49,989.25,NA,265.08,6.28,-31.8,34.47,16.28,NA
68208,110068208,110001069,"2023-10-27","12:12:00",0.649,0.1947,0,300,1,1,"C",2,5,NA,NA,51.545405,2.854985,302.02,NA,12.51,989.38,NA,276.08,14.34,-33.2,34.49,16.35,NA
68209,110068209,110001069,"2023-10-27","12:14:00",0.596,0.1788,0,300,1,1,"C",2,5,NA,NA,51.549275,2.84849,303.18,NA,12.76,989.4,NA,281.43,6.01,-33,34.49,16.34,NA
68210,110068210,110001069,"2023-10-27","12:16:00",0.634,0.1902,0,300,1,1,"C",2,5,NA,NA,51.5531,2.842075,303.82,NA,12.64,989.34,NA,271.86,6.23,-36,34.48,16.34,NA
68211,110068211,110001069,"2023-10-27","12:18:00",0.618,0.1854,0,300,1,1,"C",2,5,NA,NA,51.55699,2.83554,302.32,NA,12.69,989.62,NA,279.98,5.15,-34.5,34.48,16.35,NA
68212,110068212,110001069,"2023-10-27","12:20:00",0.648,0.1944,0,300,1,1,"C",2,5,NA,NA,51.560925,2.828935,302.48,NA,12.72,989.83,NA,265.97,4.48,-36.1,34.5,16.45,NA
68213,110068213,110001069,"2023-10-27","12:22:00",0.647,0.1941,0,300,1,1,"C",2,5,NA,NA,51.564945,2.82217,302.66,NA,12.79,990.03,NA,289.08,4.45,-35.1,34.53,16.51,NA
68214,110068214,110001069,"2023-10-27","12:24:00",0.617,0.1851,0,300,1,1,"C",2,5,NA,NA,51.568865,2.81556,303.53,NA,12.74,989.7,NA,282.34,6.05,-34.9,34.54,16.53,NA
68215,110068215,110001069,"2023-10-27","12:26:00",0.66,0.198,0,300,1,1,"C",2,5,NA,NA,51.572815,2.80887,303.9,NA,12.79,989.94,NA,275.49,4.94,-30.1,34.55,16.53,NA
68216,110068216,110001069,"2023-10-27","12:28:00",0.641,0.1923,0,300,1,1,"C",2,5,NA,NA,51.576835,2.80205,303.92,NA,12.85,989.63,NA,264.43,6.5,-31.3,34.56,16.53,NA
68217,110068217,110001069,"2023-10-27","12:30:00",0.65,0.195,0,300,1,1,"C",2,5,NA,NA,51.58086,2.79533,302.69,NA,12.98,989.67,NA,262.89,5.44,-32.7,34.55,16.51,NA
68218,110068218,110001069,"2023-10-27","12:32:00",0.599,0.1797,0,300,1,1,"C",2,5,NA,NA,51.584765,2.788845,302.36,NA,12.97,989.93,NA,274.6,4.79,-35.6,34.54,16.49,NA
68219,110068219,110001069,"2023-10-27","12:34:00",0.692,0.2076,0,300,1,1,"C",2,5,NA,NA,51.588775,2.7821,303.83,NA,12.95,989.89,NA,259.17,3.63,-34.8,34.55,16.49,NA
68220,110068220,110001069,"2023-10-27","12:36:00",0.631,0.1893,0,300,1,1,"C",2,5,NA,NA,51.59286,2.77515,304.75,NA,12.94,989.74,NA,261.3,4.83,-35.3,34.54,16.46,NA
68221,110068221,110001069,"2023-10-27","12:38:00",0.624,0.1872,0,300,1,1,"C",2,5,NA,NA,51.596745,2.768575,305.06,NA,12.92,989.64,NA,251.71,4.57,-18.4,34.57,16.51,NA
68222,110068222,110001069,"2023-10-27","12:40:00",0.622,0.1866,0,300,1,1,"C",2,5,NA,NA,51.60062,2.762075,303.64,NA,12.89,989.97,NA,270.12,3.59,-26.2,34.6,16.54,NA
68223,110068223,110001069,"2023-10-27","12:42:00",0.629,0.1887,0,300,1,1,"C",2,5,NA,NA,51.604525,2.755575,303.16,NA,12.99,989.95,NA,269.07,4.27,-30.8,34.64,16.56,NA
68224,110068224,110001069,"2023-10-27","12:44:00",0.645,0.1935,0,300,1,1,"C",2,5,NA,NA,51.608485,2.74893,302.69,NA,13.06,989.89,NA,263.38,3.95,-39.4,34.66,16.56,NA
68225,110068225,110001069,"2023-10-27","12:46:00",0.669,0.2007,0,300,1,1,"C",2,5,NA,NA,51.61255,2.74204,301.78,NA,13.09,990.03,NA,132.05,3.49,-38,34.65,16.56,NA
68226,110068226,110001069,"2023-10-27","12:48:00",0.644,0.1932,0,300,1,1,"C",2,5,NA,NA,51.616605,2.735145,301.56,NA,13.21,989.79,NA,258.66,3.7,-39.8,34.64,16.56,NA
68227,110068227,110001069,"2023-10-27","12:50:00",0.68,0.204,0,300,1,1,"C",2,5,NA,NA,51.620695,2.728195,303.51,NA,13.17,989.86,NA,256.36,3.43,-35.6,34.63,16.54,NA
68228,110068228,110001069,"2023-10-27","12:52:00",0.672,0.2016,0,300,1,1,"C",2,5,NA,NA,51.62488,2.721105,304.69,NA,13.12,989.93,NA,268.99,3.17,-38.3,34.64,16.56,NA
68229,110068229,110001069,"2023-10-27","12:54:00",0.684,0.2052,0,300,1,1,"C",2,5,NA,NA,51.62909,2.714015,305.5,NA,13.17,989.91,NA,251.47,4.03,-37.3,34.64,16.56,NA
68230,110068230,110001069,"2023-10-27","12:56:00",0.666,0.1998,0,300,1,1,"C",2,5,NA,NA,51.63329,2.706975,304.2,NA,13.31,989.84,NA,257.11,3.74,-37.9,34.67,16.59,NA
68231,110068231,110001069,"2023-10-27","12:58:00",0.605,0.1815,0,300,1,1,"C",2,5,NA,NA,51.63725,2.700355,302.65,NA,13.25,989.71,NA,248.77,4.55,-34.2,34.67,16.59,NA
68232,110068232,110001069,"2023-10-27","13:00:00",0.68,0.204,0,300,1,1,"C",2,5,NA,NA,51.64127,2.69368,302.85,NA,13.34,989.63,NA,243.95,6.16,-27.2,34.67,16.59,NA
68233,110068233,110001069,"2023-10-27","13:02:00",0.63,0.189,0,300,1,1,"C",2,5,NA,NA,51.64535,2.686845,300.22,NA,13.41,989.73,NA,261.58,4.79,-22.4,34.67,16.59,NA
68234,110068234,110001069,"2023-10-27","13:04:00",0.675,0.2025,0,300,1,1,"C",2,5,NA,NA,51.649385,2.679995,304.13,NA,13.46,989.7,NA,246.23,5.6,-27.7,34.66,16.58,NA
68235,110068235,110001069,"2023-10-27","13:06:00",0.656,0.1968,0,300,1,1,"C",2,5,NA,NA,51.6535,2.673005,304.14,NA,13.55,989.34,NA,239.1,5.6,-32.6,34.65,16.57,NA
68236,110068236,110001069,"2023-10-27","13:08:00",0.626,0.1878,0,300,1,1,"C",2,5,NA,NA,51.65747,2.66628,303.91,NA,13.51,989.66,NA,245.33,6.06,-36.9,34.63,16.56,NA
68237,110068237,110001069,"2023-10-27","13:10:00",0.667,0.2001,0,300,1,1,"C",2,5,NA,NA,51.661475,2.6595,302.97,NA,13.56,989.51,NA,233.43,5.89,-41.6,34.63,16.56,NA
68238,110068238,110001069,"2023-10-27","13:12:00",0.682,0.2046,0,300,1,1,"C",2,5,NA,NA,51.665665,2.65244,303.46,NA,13.45,989.72,NA,242.73,6.27,-40.3,34.61,16.56,NA
68239,110068239,110001069,"2023-10-27","13:14:00",0.65,0.195,0,300,1,1,"C",2,5,NA,NA,51.669805,2.645475,302.59,NA,13.52,989.47,NA,236.95,5.88,-39.6,34.63,16.57,NA
68240,110068240,110001069,"2023-10-27","13:16:00",0.338,0.1014,0,300,1,1,"C",2,5,NA,NA,51.67277,2.64016,302.16,NA,13.53,989.73,NA,229.62,5.01,-40.5,34.64,16.57,NA
68241,110068241,110001069,"2023-10-27","13:17:00",0.527,0.1581,1,300,1,1,"C",2,5,NA,NA,51.6736,2.634435,283.64,NA,13.41,989.7,NA,233.84,5.98,-41.6,34.64,16.57,NA
68242,110068242,110001069,"2023-10-27","13:19:00",0.55,0.165,0,300,1,1,"C",2,5,NA,NA,51.67171,2.627845,232.95,NA,13.53,989.65,NA,253.21,6.03,-40.5,34.66,16.59,NA
68243,110068243,110001069,"2023-10-27","13:21:00",0.522,0.1566,0,300,1,1,"C",2,5,NA,NA,51.66823,2.622485,220.86,NA,13.44,989.24,NA,256.09,7.29,-40.2,34.66,16.6,NA
68244,110068244,110001069,"2023-10-27","13:23:00",0.584,0.1752,0,300,1,1,"C",2,5,NA,NA,51.66461,2.617005,222.01,NA,13.45,989.38,NA,262.79,6.67,-40,34.67,16.6,NA
68245,110068245,110001069,"2023-10-27","13:25:00",0.515,0.1545,0,300,1,1,"C",2,5,NA,NA,51.66101,2.611565,221.59,NA,13.48,989.27,NA,256.9,5.73,-38.4,34.67,16.6,NA
68246,110068246,110001069,"2023-10-27","13:27:00",0.567,0.1701,0,300,1,1,"C",2,5,NA,NA,51.65745,2.606235,221.4,NA,13.55,989.24,NA,253.09,7.75,-37.2,34.68,16.59,NA
68247,110068247,110001069,"2023-10-27","13:29:00",0.569,0.1707,0,300,1,1,"C",2,5,NA,NA,51.653715,2.60063,222.56,NA,13.39,989.83,NA,245.67,5.7,-36.6,34.68,16.6,NA
68248,110068248,110001069,"2023-10-27","13:31:00",0.526,0.1578,0,300,1,1,"C",2,5,NA,NA,51.65011,2.595235,221.8,NA,13.33,989.72,NA,249.35,6.38,-29.7,34.69,16.6,NA
68249,110068249,110001069,"2023-10-27","13:33:00",0.561,0.1683,0,300,1,1,"C",2,5,NA,NA,51.646135,2.590785,222.52,NA,13.29,989.38,NA,272.19,8.39,-23.8,34.7,16.6,NA
68250,110068250,110001069,"2023-10-27","13:35:00",0.543,0.1629,0,300,1,1,"C",2,5,NA,NA,51.641725,2.59069,184.66,NA,12.83,990.14,NA,264.87,9.53,-19,34.71,16.6,NA
68251,110068251,110001069,"2023-10-27","13:37:00",0.639,0.1917,0,300,1,1,"C",2,5,NA,NA,51.637605,2.595875,137.7,NA,13.02,990.4,NA,260.9,7.48,-33.7,34.7,16.59,NA
68252,110068252,110001069,"2023-10-27","13:39:00",0.62,0.186,0,300,1,1,"C",2,5,NA,NA,51.63371,2.602485,143.64,NA,13.06,990.35,NA,269.35,6.36,-38.8,34.69,16.59,NA
68253,110068253,110001069,"2023-10-27","13:41:00",0.653,0.1959,0,300,1,1,"C",2,5,NA,NA,51.629725,2.60909,141.6,NA,13.2,990.35,NA,269.79,7.08,-39.9,34.68,16.58,NA
68254,110068254,110001069,"2023-10-27","13:43:00",0.596,0.1788,0,300,1,1,"C",2,5,NA,NA,51.62583,2.61559,141.35,NA,13.17,990.51,NA,265.52,5.91,-40.5,34.67,16.55,NA
68255,110068255,110001069,"2023-10-27","13:45:00",0.654,0.1962,0,300,1,1,"C",2,5,NA,NA,51.62195,2.62213,141.06,NA,13.22,990.42,NA,267.11,5.89,-40,34.65,16.56,NA
68256,110068256,110001069,"2023-10-27","13:47:00",0.594,0.1782,0,300,1,1,"C",2,5,NA,NA,51.61806,2.62863,140.89,NA,13.34,990.47,NA,273.67,6.46,-35.5,34.67,16.56,NA
68257,110068257,110001069,"2023-10-27","13:49:00",0.632,0.1896,0,300,1,1,"C",2,5,NA,NA,51.614235,2.635005,139.47,NA,13.34,990.41,NA,274.71,6.18,-39,34.69,16.57,NA
68258,110068258,110001069,"2023-10-27","13:51:00",0.621,0.1863,0,300,1,1,"C",2,5,NA,NA,51.61036,2.64158,141.04,NA,13.42,990.56,NA,272.48,5.68,-40.6,34.69,16.56,NA
68259,110068259,110001069,"2023-10-27","13:53:00",0.651,0.1953,0,300,1,1,"C",2,5,NA,NA,51.606425,2.648255,141.25,NA,13.64,990.46,NA,268.34,7.61,-40.1,34.68,16.58,NA
68260,110068260,110001069,"2023-10-27","13:55:00",0.612,0.1836,0,300,1,1,"C",2,5,NA,NA,51.602515,2.65488,144.33,NA,14,990.36,NA,259.59,7.21,-36.1,34.67,16.58,NA
68261,110068261,110001069,"2023-10-27","13:57:00",0.587,0.1761,0,300,1,1,"C",2,5,NA,NA,51.59879,2.661145,142.67,NA,14.09,990.37,NA,244.34,11.34,-32.6,34.66,16.58,NA
68262,110068262,110001069,"2023-10-27","13:59:00",0.642,0.1926,0,300,1,1,"C",2,5,NA,NA,51.594955,2.66754,142.77,NA,14.24,990.2,NA,246.89,10.56,-29.3,34.66,16.58,NA
68263,110068263,110001069,"2023-10-27","14:01:00",0.628,0.1884,0,300,1,1,"C",2,5,NA,NA,51.590995,2.67415,142.59,NA,14.31,990.27,NA,239.92,10.42,-27.2,34.66,16.56,NA
68264,110068264,110001069,"2023-10-27","14:03:00",0.625,0.1875,0,300,1,1,"C",2,5,NA,NA,51.587105,2.68069,141.61,NA,14.24,990.02,NA,255.16,10.6,-20.2,34.65,16.55,NA
68265,110068265,110001069,"2023-10-27","14:05:00",0.578,0.1734,0,300,1,1,"C",2,5,NA,NA,51.5834,2.68702,139.88,NA,14.3,990.35,NA,254.53,9.36,-30.1,34.65,16.55,NA
68266,110068266,110001069,"2023-10-27","14:07:00",0.639,0.1917,0,300,1,1,"C",2,5,NA,NA,51.57963,2.693395,142.94,NA,14.31,990.26,NA,254.09,9.99,-41.2,34.64,16.54,NA
68267,110068267,110001069,"2023-10-27","14:09:00",0.626,0.1878,0,300,1,1,"C",2,5,NA,NA,51.57569,2.699985,140.34,NA,14.3,990.15,NA,253.5,9.69,-40.7,34.64,16.53,NA
68268,110068268,110001069,"2023-10-27","14:11:00",0.645,0.1935,0,300,1,1,"C",2,5,NA,NA,51.57173,2.7066,141.61,NA,14.39,990.21,NA,255.21,8.58,-39.3,34.64,16.52,NA
68269,110068269,110001069,"2023-10-27","14:13:00",0.615,0.1845,0,300,1,1,"C",2,5,NA,NA,51.56781,2.713165,141.23,NA,14.42,990.21,NA,251.42,10.74,-38.5,34.64,16.51,NA
68270,110068270,110001069,"2023-10-27","14:15:00",0.575,0.1725,0,300,1,1,"C",2,5,NA,NA,51.564125,2.719395,142.79,NA,14.48,990.15,NA,247.41,8.7,-34.3,34.63,16.54,NA
68271,110068271,110001069,"2023-10-27","14:17:00",0.627,0.1881,0,300,1,1,"C",2,5,NA,NA,51.56038,2.725655,141.38,NA,14.4,990.02,NA,246.37,9.97,-33.8,34.63,16.56,NA
68272,110068272,110001069,"2023-10-27","14:19:00",0.633,0.1899,0,300,1,1,"C",2,5,NA,NA,51.556455,2.732215,141.25,NA,14.46,990.49,NA,250.15,10.6,-25.4,34.63,16.59,NA
68273,110068273,110001069,"2023-10-27","14:21:00",0.627,0.1881,0,300,1,1,"C",2,5,NA,NA,51.55254,2.73879,141.16,NA,14.42,990.24,NA,254.02,9.86,-18.1,34.63,16.59,NA
68274,110068274,110001069,"2023-10-27","14:23:00",0.583,0.1749,0,300,1,1,"C",2,5,NA,NA,51.548795,2.74513,138.39,NA,14.49,990.12,NA,250.82,10.13,-22.6,34.62,16.59,NA
68275,110068275,110001069,"2023-10-27","14:25:00",0.64,0.192,0,300,1,1,"C",2,5,NA,NA,51.545015,2.751545,140.24,NA,14.35,989.95,NA,235.16,11.89,-30.3,34.61,16.59,NA
68276,110068276,110001069,"2023-10-27","14:27:00",0.634,0.1902,0,300,1,1,"C",2,5,NA,NA,51.541065,2.758205,141.39,NA,14.26,989.7,NA,228.36,14.33,-33.7,34.59,16.57,NA
68277,110068277,110001069,"2023-10-27","14:29:00",0.573,0.1719,0,300,1,1,"C",2,5,NA,NA,51.537305,2.764485,140.61,NA,14.27,989.82,NA,220.03,11.59,-33,34.57,16.55,NA
68278,110068278,110001069,"2023-10-27","14:31:00",0.658,0.1974,0,300,1,1,"C",2,5,NA,NA,51.533475,2.770895,140.86,NA,14.17,989.76,NA,216.97,13.85,-32.7,34.54,16.52,NA
68279,110068279,110001069,"2023-10-27","14:33:00",0.575,0.1725,0,300,1,1,"C",2,5,NA,NA,51.529655,2.77734,141.64,NA,14.16,989.62,NA,220.48,14.41,-31.2,34.52,16.49,NA
68280,110068280,110001069,"2023-10-27","14:35:00",0.567,0.1701,0,300,1,1,"C",2,5,NA,NA,51.5261,2.78328,141.58,NA,14.07,989.29,NA,214.05,11.97,-29.3,34.53,16.5,NA
68281,110068281,110001069,"2023-10-27","14:37:00",0.527,0.1581,0,300,1,1,"C",2,5,NA,NA,51.5227,2.788975,141.37,NA,13.87,989.74,NA,213.02,13.02,-28.8,34.54,16.5,NA
68282,110068282,110001069,"2023-10-27","14:39:00",0.578,0.1734,0,300,1,1,"C",2,5,NA,NA,51.519295,2.79477,141.46,NA,13.99,989.67,NA,216.42,13.62,-29.8,34.52,16.46,NA
68283,110068283,110001069,"2023-10-27","14:41:00",0.547,0.1641,0,300,1,1,"C",2,5,NA,NA,51.51581,2.800645,142.39,NA,13.99,989.65,NA,225.59,11.38,-29.8,34.49,16.42,NA
68284,110068284,110001069,"2023-10-27","14:43:00",0.592,0.1776,0,300,1,1,"C",2,5,NA,NA,51.51225,2.806545,141.97,NA,13.91,989.82,NA,222.69,13.19,-29.3,34.48,16.4,NA
68285,110068285,110001069,"2023-10-27","14:45:00",0.541,0.1623,0,300,1,1,"C",2,5,NA,NA,51.50873,2.81245,140.74,NA,13.23,990.24,NA,220.62,12.68,-26.4,34.47,16.39,NA
68286,110068286,110001069,"2023-10-27","14:47:00",0.563,0.1689,0,300,1,1,"C",2,5,NA,NA,51.50531,2.81822,141.28,NA,13.34,990.06,NA,214.58,11.66,-24.8,34.48,16.4,NA
68287,110068287,110001069,"2023-10-27","14:49:00",0.267,0.0801,0,300,1,1,"C",2,5,NA,NA,51.50272,2.82253,141.07,NA,13.26,990.23,NA,217.14,12.11,-24.7,34.5,16.44,NA
68288,110068288,110001069,"2023-10-27","14:58:00",0.532,0.1596,0,300,1,1,"C",2,5,NA,NA,51.4992,2.82865,145.79,NA,13.17,990.85,NA,254.11,3.29,-24.1,34.48,16.4,NA
68289,110068289,110001069,"2023-10-27","15:00:00",0.622,0.1866,0,300,1,1,"C",2,5,NA,NA,51.495535,2.83453,138.39,NA,13.36,990.36,NA,240.08,9.71,-26.3,34.45,16.28,NA
68290,110068290,110001069,"2023-10-27","15:02:00",0.567,0.1701,0,300,1,1,"C",2,5,NA,NA,51.491865,2.84076,138.8,NA,13.76,989.35,NA,230.51,15.02,-29.8,34.44,16.26,NA
68291,110068291,110001069,"2023-10-27","15:04:00",0.583,0.1749,0,300,1,1,"C",2,5,NA,NA,51.488295,2.846755,138.61,NA,13.86,989.22,NA,228.62,14.34,-29.1,34.41,16.2,NA
68292,110068292,110001069,"2023-10-27","15:06:00",0.664,0.1992,0,300,1,1,"C",2,5,NA,NA,51.484415,2.853245,138.51,NA,13.88,989.39,NA,236.92,14.65,-27.6,34.39,16.19,NA
68293,110068293,110001069,"2023-10-27","15:08:00",0.595,0.1785,0,300,1,1,"C",2,5,NA,NA,51.480485,2.859775,138.33,NA,13.83,989.88,NA,239.43,14.1,-28.8,34.4,16.22,NA
68294,110068294,110001069,"2023-10-27","15:10:00",0.6,0.18,0,300,1,1,"C",2,5,NA,NA,51.47678,2.86601,138.62,NA,13.83,990.3,NA,236.45,10.84,-28.8,34.41,16.26,NA
68295,110068295,110001069,"2023-10-27","15:12:00",0.645,0.1935,0,300,1,1,"C",2,5,NA,NA,51.472925,2.87252,138.08,NA,13.9,990,NA,238.52,13.75,-27.5,34.42,16.26,NA
68296,110068296,110001069,"2023-10-27","15:14:00",0.592,0.1776,0,300,1,1,"C",2,5,NA,NA,51.46908,2.87896,136.83,NA,14.1,990.08,NA,230.68,11.75,-22.2,34.39,16.2,NA
68297,110068297,110001069,"2023-10-27","15:16:00",0.625,0.1875,0,300,1,1,"C",2,5,NA,NA,51.465305,2.8853,138.34,NA,14.08,990.28,NA,242.04,11.48,-22.1,34.36,16.02,NA
68298,110068298,110001069,"2023-10-27","15:18:00",0.611,0.1833,0,300,1,1,"C",2,5,NA,NA,51.46148,2.89175,136.96,NA,14.03,990.21,NA,229.67,12.72,-20.3,34.35,15.89,NA
68299,110068299,110001069,"2023-10-27","15:20:00",0.65,0.195,0,300,1,1,"C",2,5,NA,NA,51.45758,2.89834,138.59,NA,13.99,990.4,NA,242.14,13.5,-22.6,34.34,15.87,NA
68300,110068300,110001069,"2023-10-27","15:22:00",0.643,0.1929,0,300,1,1,"C",2,5,NA,NA,51.45356,2.905065,138.05,NA,14.2,990.59,NA,240.79,10.43,-24.5,34.34,15.85,NA
68301,110068301,110001069,"2023-10-27","15:24:00",0.571,0.1713,0,300,1,1,"C",2,5,NA,NA,51.449765,2.91135,137.04,NA,14.01,990.41,NA,226.68,11.01,-27.6,34.35,15.78,NA
68302,110068302,110001069,"2023-10-27","15:26:00",0.62,0.186,0,300,1,1,"C",2,5,NA,NA,51.446045,2.917525,135.08,NA,13.97,990.74,NA,232.52,9.4,-25.9,34.36,15.67,NA
68303,110068303,110001069,"2023-10-27","15:28:00",0.318,0.0954,0,300,1,1,"C",2,5,NA,NA,51.443115,2.92238,136.2,NA,14.06,990.86,NA,228.09,9.02,-23.4,34.35,15.7,NA
68304,110068304,110001070,"2023-10-30","07:02:00",0.612,0.1836,0,300,1,1,"D",2,5,NA,NA,51.481685,3.049135,29.43,NA,12.23,997.02,NA,194.59,NA,-21.9,34.21,14.84,NA
68305,110068305,110001070,"2023-10-30","07:04:00",0.647,0.1941,0,300,1,1,"D",2,5,NA,NA,51.486825,3.05292,27.47,NA,12.02,996.98,NA,186.73,NA,-21.4,34.22,14.8,NA
68306,110068306,110001070,"2023-10-30","07:06:00",0.631,0.1893,0,300,1,1,"D",2,5,NA,NA,51.492045,3.056755,27.76,NA,12.13,997.09,NA,186.73,NA,-21.4,34.23,14.77,NA
68307,110068307,110001070,"2023-10-30","07:08:00",0.593,0.1779,0,300,1,1,"D",2,5,NA,NA,51.49711,3.060165,28.52,NA,12.16,997.02,NA,186.73,NA,-21.2,34.24,14.79,NA
68308,110068308,110001070,"2023-10-30","07:10:00",0.68,0.204,0,300,1,1,"D",2,5,NA,NA,51.50264,3.06214,15.6,NA,12.18,997.06,NA,179.6,6.64,-22.5,34.25,14.86,NA
68309,110068309,110001070,"2023-10-30","07:12:00",0.609,0.1827,0,300,1,1,"D",2,5,NA,NA,51.5084,3.06216,4.58,NA,12.23,996.99,NA,202.86,11.22,-24.3,34.29,15.29,NA
68310,110068310,110001070,"2023-10-30","07:14:00",0.656,0.1968,0,300,1,1,"D",2,5,NA,NA,51.514015,3.06083,356.16,NA,12.31,996.98,NA,195.44,NA,-25.7,34.34,15.32,NA
68311,110068311,110001070,"2023-10-30","07:16:00",0.665,0.1995,0,300,1,1,"D",2,5,NA,NA,51.519745,3.05843,348.25,NA,12.27,996.68,NA,195.44,NA,-27.6,34.34,15.38,NA
68312,110068312,110001070,"2023-10-30","07:18:00",0.657,0.1971,1,300,1,1,"D",2,5,NA,NA,51.524785,3.053765,335.85,NA,12.44,996.44,NA,195.44,NA,-27.6,34.34,15.33,NA
68313,110068313,110001070,"2023-10-30","07:20:00",0.635,0.1905,0,300,1,1,"D",2,5,NA,NA,51.528995,3.047345,319.25,NA,12.33,996.24,NA,195.44,NA,-27.3,34.33,15.24,NA
68314,110068314,110001070,"2023-10-30","07:22:00",0.624,0.1872,0,300,1,1,"D",2,5,NA,NA,51.53288,3.04074,319.9,NA,12.39,996.41,NA,195.44,NA,-26.7,34.33,15.12,NA
68315,110068315,110001070,"2023-10-30","07:24:00",0.636,0.1908,0,300,1,1,"D",2,5,NA,NA,51.53561,3.033015,310.21,NA,12.39,995.82,NA,195.44,NA,-25.6,34.34,15.43,NA
68316,110068316,110001070,"2023-10-30","07:26:00",0.631,0.1893,0,300,1,1,"D",2,5,NA,NA,51.537145,3.024205,281.21,NA,12.38,995.42,NA,195.44,NA,-25,34.38,15.56,NA
68317,110068317,110001070,"2023-10-30","07:28:00",0.537,0.1611,1,300,1,1,"D",2,5,NA,NA,51.539945,3.01791,309.19,NA,12.48,995.78,NA,195.44,NA,-24,34.41,15.6,NA
68318,110068318,110001070,"2023-10-30","07:30:00",0.564,0.1692,0,300,1,1,"D",2,5,NA,NA,51.54449,3.01488,349.96,NA,12.43,996.74,NA,195.44,NA,-24.6,34.41,15.59,NA
68319,110068319,110001070,"2023-10-30","07:32:00",0.564,0.1692,0,300,1,1,"D",2,5,NA,NA,51.549425,3.01435,1.69,NA,12.53,996.53,NA,195.44,NA,NA,34.38,15.59,NA
68320,110068320,110001070,"2023-10-30","07:34:00",0.545,0.1635,0,300,1,1,"D",2,5,NA,NA,51.55428,3.016085,20.32,NA,12.69,996.77,NA,201.81,NA,NA,34.38,15.6,NA
68321,110068321,110001070,"2023-10-30","07:36:00",0.51,0.153,1,300,1,1,"D",2,5,NA,NA,51.558835,3.018195,19.98,NA,12.67,996.86,NA,194.03,NA,NA,34.38,15.6,NA
68322,110068322,110001070,"2023-10-30","07:38:00",0.264,0.0792,0,300,1,1,"D",2,5,NA,NA,51.56222,3.019395,15.87,NA,12.71,996.81,NA,195.25,NA,-28.8,34.41,15.63,NA
68323,110068323,110001070,"2023-10-30","07:39:00",0.404,0.1212,1,300,1,1,"D",2,5,NA,NA,51.56502,3.01828,7.46,NA,12.72,996.56,NA,212.29,9.34,-22.3,34.41,15.65,NA
68324,110068324,110001070,"2023-10-30","08:56:00",0.524,0.1572,0,300,1,1,"D",2,5,NA,NA,51.563365,2.988115,3.31,NA,12.95,996.91,NA,204.26,7.47,-17.2,34.43,15.68,NA
68325,110068325,110001070,"2023-10-30","08:58:00",0.593,0.1779,0,300,1,1,"D",2,5,NA,NA,51.567505,2.98359,327.7,NA,12.94,996.6,NA,204.12,NA,-21.8,34.44,15.69,NA
68326,110068326,110001070,"2023-10-30","09:00:00",0.634,0.1902,0,300,1,1,"D",2,5,NA,NA,51.571295,2.977255,327.62,NA,12.89,996.63,NA,204.12,NA,-20.9,34.45,15.71,NA
68327,110068327,110001070,"2023-10-30","09:02:00",0.639,0.1917,0,300,1,1,"D",2,5,NA,NA,51.57427,2.96944,308.18,NA,12.87,996.48,NA,204.12,NA,-27.8,34.46,15.72,NA
68328,110068328,110001070,"2023-10-30","09:04:00",0.603,0.1809,0,300,1,1,"D",2,5,NA,NA,51.576975,2.9616,303.31,NA,12.92,996.11,NA,204.12,NA,-29.3,34.46,15.76,NA
68329,110068329,110001070,"2023-10-30","09:06:00",0.654,0.1962,0,300,1,1,"D",2,5,NA,NA,51.580365,2.954375,316.14,NA,12.95,996.41,NA,204.12,NA,NA,34.46,15.8,NA
68330,110068330,110001070,"2023-10-30","09:08:00",0.643,0.1929,0,300,1,1,"D",2,5,NA,NA,51.58432,2.94749,322,NA,12.98,996.62,NA,204.12,NA,NA,34.46,15.79,NA
68331,110068331,110001070,"2023-10-30","09:10:00",0.623,0.1869,0,300,1,1,"D",2,5,NA,NA,51.58825,2.94087,322.82,NA,13.02,996.33,NA,204.12,NA,NA,34.47,15.85,NA
68332,110068332,110001070,"2023-10-30","09:12:00",0.608,0.1824,0,300,1,1,"D",2,5,NA,NA,51.59205,2.934405,321.15,NA,13.1,996.58,NA,204.12,NA,NA,34.47,15.87,NA
68333,110068333,110001070,"2023-10-30","09:14:00",0.618,0.1854,0,300,1,1,"D",2,5,NA,NA,51.5958,2.92792,322.76,NA,13.13,996.51,NA,204.12,NA,NA,34.47,15.89,NA
68334,110068334,110001070,"2023-10-30","09:16:00",0.626,0.1878,0,300,1,1,"D",2,5,NA,NA,51.59965,2.9214,322.95,NA,13.11,996.08,NA,204.12,NA,NA,34.49,15.94,NA
68335,110068335,110001070,"2023-10-30","09:18:00",0.576,0.1728,1,300,1,1,"D",2,5,NA,NA,51.60407,2.91687,331.46,NA,13.01,996.63,NA,204.12,NA,NA,34.51,15.97,NA
68336,110068336,110001070,"2023-10-30","09:20:00",0.559,0.1677,0,300,1,1,"D",2,5,NA,NA,51.608905,2.91427,356.34,NA,13.23,996.67,NA,204.12,NA,-26.6,34.53,16.01,NA
68337,110068337,110001070,"2023-10-30","09:22:00",0.558,0.1674,0,300,1,1,"D",2,5,NA,NA,51.61297,2.909965,332.23,NA,13.12,996.47,NA,204.12,NA,-23,34.55,16.03,NA
68338,110068338,110001070,"2023-10-30","09:24:00",0.631,0.1893,0,300,1,1,"D",2,5,NA,NA,51.616515,2.903525,317.59,NA,13.06,996.11,NA,204.12,NA,-19.8,34.55,16.03,NA
68339,110068339,110001070,"2023-10-30","09:26:00",0.598,0.1794,0,300,1,1,"D",2,5,NA,NA,51.620105,2.896765,317.3,NA,13.14,996.58,NA,204.12,NA,-24.2,34.55,16.02,NA
68340,110068340,110001070,"2023-10-30","09:28:00",0.661,0.1983,0,300,1,1,"D",2,5,NA,NA,51.62367,2.88969,318.83,NA,13.17,996.21,NA,204.12,NA,-26.5,34.55,16.03,NA
68341,110068341,110001070,"2023-10-30","09:30:00",0.775,0.2325,0,300,1,1,"D",2,5,NA,NA,51.626435,2.880515,304.42,NA,13.21,996.04,NA,204.12,NA,-29,34.56,16.06,NA
68342,110068342,110001070,"2023-10-30","09:32:00",0.442,0.1326,0,300,1,1,"D",2,5,NA,NA,51.628445,2.872425,292.29,NA,13.15,995.82,NA,204.12,NA,-31.5,34.58,16.08,NA
68343,110068343,110001070,"2023-10-30","09:34:00",0.624,0.1872,0,300,1,1,"D",2,5,NA,NA,51.631455,2.86647,323.3,NA,13.34,996.52,NA,204.12,NA,-35.4,34.6,16.1,NA
68344,110068344,110001070,"2023-10-30","09:36:00",0.631,0.1893,0,300,1,1,"D",2,5,NA,NA,51.63534,2.859885,321.18,NA,13.45,996.5,NA,204.12,NA,-32.3,34.61,16.11,NA
68345,110068345,110001070,"2023-10-30","09:38:00",0.611,0.1833,0,300,1,1,"D",2,5,NA,NA,51.63916,2.85333,320.7,NA,13.47,996.57,NA,204.12,NA,-35.9,34.61,16.12,NA
68346,110068346,110001070,"2023-10-30","09:40:00",0.618,0.1854,0,300,1,1,"D",2,5,NA,NA,51.642925,2.846825,321.54,NA,13.34,995.93,NA,204.12,NA,-34.1,34.62,16.1,NA
68347,110068347,110001070,"2023-10-30","09:42:00",0.612,0.1836,0,300,1,1,"D",2,5,NA,NA,51.646575,2.84015,319.54,NA,13.29,996.29,NA,204.12,NA,-36.6,34.63,16.09,NA
68348,110068348,110001070,"2023-10-30","09:44:00",0.599,0.1797,0,300,1,1,"D",2,5,NA,NA,51.65003,2.833375,315.22,NA,13.33,996.21,NA,204.12,NA,-36.4,34.64,16.07,NA
68349,110068349,110001070,"2023-10-30","09:46:00",0.59,0.177,0,300,1,1,"D",2,5,NA,NA,51.65339,2.82668,315.93,NA,13.36,995.89,NA,204.12,NA,-36.3,34.64,16.07,NA
68350,110068350,110001070,"2023-10-30","09:48:00",0.625,0.1875,0,300,1,1,"D",2,5,NA,NA,51.656805,2.81982,316.69,NA,13.36,996.07,NA,204.12,NA,-35.6,34.65,16.07,NA
68351,110068351,110001070,"2023-10-30","09:50:00",0.643,0.1929,0,300,1,1,"D",2,5,NA,NA,51.660365,2.81266,316.91,NA,13.33,996.06,NA,204.12,NA,-34,34.66,16.07,NA
68352,110068352,110001070,"2023-10-30","09:52:00",0.605,0.1815,0,300,1,1,"D",2,5,NA,NA,51.663885,2.805635,316.08,NA,13.44,995.83,NA,204.12,NA,-21.5,34.66,16.08,NA
68353,110068353,110001070,"2023-10-30","09:54:00",0.618,0.1854,0,300,1,1,"D",2,5,NA,NA,51.667345,2.798755,315.12,NA,13.32,996.09,NA,204.12,NA,-22.7,34.66,16.08,NA
68354,110068354,110001070,"2023-10-30","09:56:00",0.6,0.18,0,300,1,1,"D",2,5,NA,NA,51.67077,2.79187,317.42,NA,13.39,995.98,NA,204.12,NA,-25,34.66,16.08,NA
68355,110068355,110001070,"2023-10-30","09:58:00",0.645,0.1935,0,300,1,1,"D",2,5,NA,NA,51.67444,2.78507,315.48,NA,13.26,995.94,NA,204.12,NA,-29.8,34.66,16.08,NA
68356,110068356,110001070,"2023-10-30","10:00:00",0.586,0.1758,0,300,1,1,"D",2,5,NA,NA,51.67833,2.77873,323.61,NA,13.46,996.2,NA,204.12,NA,-34.7,34.66,16.08,NA
68357,110068357,110001070,"2023-10-30","10:02:00",0.642,0.1926,0,300,1,1,"D",2,5,NA,NA,51.68229,2.772535,323.82,NA,13.46,996.11,NA,204.12,NA,-35.7,34.66,16.08,NA
68358,110068358,110001070,"2023-10-30","10:04:00",0.577,0.1731,0,300,1,1,"D",2,5,NA,NA,51.68648,2.766895,323.28,NA,13.51,996.06,NA,204.12,NA,-36.4,34.66,16.08,NA
68359,110068359,110001070,"2023-10-30","10:06:00",0.559,0.1677,0,300,1,1,"D",2,5,NA,NA,51.69095,2.763045,345.57,NA,13.6,996.33,NA,204.12,NA,-38.9,34.66,16.09,NA
68360,110068360,110001070,"2023-10-30","10:08:00",0.608,0.1824,0,300,1,1,"D",2,5,NA,NA,51.69557,2.75915,343.07,NA,13.59,996.42,NA,204.12,NA,-38.2,34.66,16.1,NA
68361,110068361,110001070,"2023-10-30","10:10:00",0.589,0.1767,0,300,1,1,"D",2,5,NA,NA,51.70001,2.754255,329.1,NA,13.57,995.82,NA,204.12,NA,-35.8,34.67,16.11,NA
68362,110068362,110001070,"2023-10-30","10:12:00",0.591,0.1773,0,300,1,1,"D",2,5,NA,NA,51.70432,2.749275,331.59,NA,13.62,996.01,NA,204.12,NA,-37.2,34.67,16.11,NA
68363,110068363,110001070,"2023-10-30","10:14:00",0.576,0.1728,0,300,1,1,"D",2,5,NA,NA,51.708565,2.74431,331.41,NA,13.64,996.01,NA,204.12,NA,-37.3,34.68,16.12,NA
68364,110068364,110001070,"2023-10-30","10:16:00",0.59,0.177,0,300,1,1,"D",2,5,NA,NA,51.712805,2.739345,330.64,NA,13.58,996.05,NA,204.12,NA,-32,34.68,16.12,NA
68365,110068365,110001070,"2023-10-30","10:18:00",0.583,0.1749,0,300,1,1,"D",2,5,NA,NA,51.71706,2.73433,330.5,NA,13.57,996.18,NA,204.12,NA,-34.1,34.69,16.12,NA
68366,110068366,110001070,"2023-10-30","10:20:00",0.614,0.1842,0,300,1,1,"D",2,5,NA,NA,51.72045,2.727885,321.14,NA,13.6,996.18,NA,204.12,NA,-37.7,34.69,16.12,NA
68367,110068367,110001070,"2023-10-30","10:22:00",0.632,0.1896,0,300,1,1,"D",2,5,NA,NA,51.72264,2.7196,292.41,NA,13.56,995.13,NA,204.12,NA,-37.3,34.68,16.14,NA
68368,110068368,110001070,"2023-10-30","10:24:00",0.6,0.18,1,300,1,1,"D",2,5,NA,NA,51.723875,2.71094,296.29,NA,13.52,995.77,NA,204.12,NA,-35.6,34.69,16.15,NA
68369,110068369,110001070,"2023-10-30","10:26:00",0.645,0.1935,0,300,1,1,"D",2,5,NA,NA,51.72255,2.70278,256.58,NA,13.6,993.92,NA,204.12,NA,-39.1,34.69,16.15,NA
68370,110068370,110001070,"2023-10-30","10:28:00",0.685,0.2055,0,300,1,1,"D",2,5,NA,NA,51.71855,2.695735,218.1,NA,13.72,995.85,NA,204.12,NA,-37.7,34.7,16.15,NA
68371,110068371,110001070,"2023-10-30","10:30:00",0.727,0.2181,0,300,1,1,"D",2,5,NA,NA,51.713745,2.68905,222.07,NA,13.66,995.6,NA,204.12,NA,-34.9,34.71,16.16,NA
68372,110068372,110001070,"2023-10-30","10:32:00",0.674,0.2022,0,300,1,1,"D",2,5,NA,NA,51.708995,2.682385,221.3,NA,13.65,995.15,NA,204.12,NA,-37.9,34.71,16.16,NA
68373,110068373,110001070,"2023-10-30","10:34:00",0.633,0.1899,0,300,1,1,"D",2,5,NA,NA,51.704555,2.67619,222.52,NA,13.6,995.3,NA,204.12,NA,-36.3,34.71,16.16,NA
68374,110068374,110001070,"2023-10-30","10:36:00",0.721,0.2163,0,300,1,1,"D",2,5,NA,NA,51.699925,2.669835,221.85,NA,13.69,995.27,NA,204.12,NA,-37.9,34.72,16.16,NA
68375,110068375,110001070,"2023-10-30","10:38:00",0.629,0.1887,1,300,1,1,"D",2,5,NA,NA,51.69464,2.665885,209.14,NA,13.62,996.17,NA,204.12,NA,-39.8,34.72,16.16,NA
68376,110068376,110001070,"2023-10-30","10:40:00",0.656,0.1968,0,300,1,1,"D",2,5,NA,NA,51.68938,2.667895,163.96,NA,13.62,994.9,NA,204.12,NA,-39,34.71,16.16,NA
68377,110068377,110001070,"2023-10-30","10:42:00",0.609,0.1827,0,300,1,1,"D",2,5,NA,NA,51.685385,2.67416,129.28,NA,13.53,995.21,NA,204.12,NA,-42,34.7,16.15,NA
68378,110068378,110001070,"2023-10-30","10:44:00",0.64,0.192,0,300,1,1,"D",2,5,NA,NA,51.681825,2.6811,127.41,NA,13.47,995.66,NA,204.12,NA,-39,34.7,16.13,NA
68379,110068379,110001070,"2023-10-30","10:46:00",0.627,0.1881,0,300,1,1,"D",2,5,NA,NA,51.67778,2.687555,132.49,NA,13.41,995.51,NA,204.12,NA,-37.8,34.7,16.12,NA
68380,110068380,110001070,"2023-10-30","10:48:00",0.623,0.1869,0,300,1,1,"D",2,5,NA,NA,51.673755,2.69387,132.72,NA,13.39,994.71,NA,204.12,NA,-36,34.7,16.12,NA
68381,110068381,110001070,"2023-10-30","10:50:00",0.658,0.1974,0,300,1,1,"D",2,5,NA,NA,51.66968,2.70042,133.32,NA,13.35,995.08,NA,204.12,NA,-33.1,34.7,16.11,NA
68382,110068382,110001070,"2023-10-30","10:52:00",0.649,0.1947,0,300,1,1,"D",2,5,NA,NA,51.665585,2.7072,132.14,NA,13.53,995.53,NA,204.12,NA,-31.3,34.69,16.11,NA
68383,110068383,110001070,"2023-10-30","10:54:00",0.625,0.1875,0,300,1,1,"D",2,5,NA,NA,51.66162,2.71385,131.48,NA,13.36,995.59,NA,204.12,NA,-31,34.68,16.11,NA
68384,110068384,110001070,"2023-10-30","10:56:00",0.637,0.1911,0,300,1,1,"D",2,5,NA,NA,51.65769,2.720435,132.47,NA,13.4,995.36,NA,204.12,NA,-36.1,34.68,16.1,NA
68385,110068385,110001070,"2023-10-30","10:58:00",0.543,0.1629,0,300,1,1,"D",2,5,NA,NA,51.65398,2.72654,131.61,NA,13.33,995.35,NA,204.12,NA,-37,34.68,16.1,NA
68386,110068386,110001070,"2023-10-30","11:42:00",0.579,0.1737,0,300,1,1,"D",2,5,NA,NA,51.6474,2.7393,136.29,NA,13.61,995.31,NA,190.42,NA,-38.7,34.68,16.1,NA
68387,110068387,110001070,"2023-10-30","11:44:00",0.584,0.1752,0,300,1,1,"D",2,5,NA,NA,51.643375,2.74466,150,NA,13.53,995.06,NA,190.42,NA,-38.2,34.67,16.08,NA
68388,110068388,110001070,"2023-10-30","11:46:00",0.637,0.1911,0,300,1,1,"D",2,5,NA,NA,51.639425,2.750785,138.27,NA,13.56,994.76,NA,190.42,NA,-35.1,34.67,16.09,NA
68389,110068389,110001070,"2023-10-30","11:48:00",0.652,0.1956,0,300,1,1,"D",2,5,NA,NA,51.635405,2.7575,138.51,NA,13.51,994.74,NA,190.42,NA,-32.7,34.68,16.09,NA
68390,110068390,110001070,"2023-10-30","11:50:00",0.679,0.2037,0,300,1,1,"D",2,5,NA,NA,51.631255,2.76443,138.72,NA,13.52,994.72,NA,190.42,NA,-37.5,34.68,16.08,NA
68391,110068391,110001070,"2023-10-30","11:52:00",0.59,0.177,0,300,1,1,"D",2,5,NA,NA,51.627305,2.77105,139.21,NA,13.54,994.6,NA,190.42,NA,-35,34.68,16.08,NA
68392,110068392,110001070,"2023-10-30","11:54:00",0.643,0.1929,0,300,1,1,"D",2,5,NA,NA,51.623475,2.77749,140.88,NA,13.45,994.73,NA,190.42,NA,-32.3,34.69,16.07,NA
68393,110068393,110001070,"2023-10-30","11:56:00",0.702,0.2106,0,300,1,1,"D",2,5,NA,NA,51.6193,2.78452,140.43,NA,13.55,994.77,NA,190.42,NA,-27.3,34.69,16.07,NA
68394,110068394,110001070,"2023-10-30","11:58:00",0.608,0.1824,0,300,1,1,"D",2,5,NA,NA,51.61523,2.79136,142.91,NA,13.51,994.76,NA,190.42,NA,-19,34.68,16.07,NA
68395,110068395,110001070,"2023-10-30","12:00:00",0.632,0.1896,0,300,1,1,"D",2,5,NA,NA,51.611365,2.79781,142.34,NA,13.55,994.69,NA,190.42,NA,-37.7,34.68,16.07,NA
68396,110068396,110001070,"2023-10-30","12:02:00",0.67,0.201,0,300,1,1,"D",2,5,NA,NA,51.6073,2.80458,140.97,NA,13.58,994.85,NA,190.42,NA,-41,34.66,16.06,NA
68397,110068397,110001070,"2023-10-30","12:04:00",0.627,0.1881,0,300,1,1,"D",2,5,NA,NA,51.603265,2.811345,140.06,NA,13.48,994.84,NA,190.42,NA,-37.2,34.64,16.05,NA
68398,110068398,110001070,"2023-10-30","12:06:00",0.631,0.1893,0,300,1,1,"D",2,5,NA,NA,51.599365,2.817925,140.36,NA,13.4,994.72,NA,190.42,NA,-33.7,34.63,16.07,NA
68399,110068399,110001070,"2023-10-30","12:08:00",0.631,0.1893,0,300,1,1,"D",2,5,NA,NA,51.595435,2.8245,141.75,NA,13.26,994.9,NA,190.42,NA,-35.3,34.63,16.08,NA
68400,110068400,110001070,"2023-10-30","12:10:00",0.659,0.1977,0,300,1,1,"D",2,5,NA,NA,51.59141,2.831205,140.52,NA,13.23,994.78,NA,190.42,NA,-33.2,34.62,16.08,NA
68401,110068401,110001070,"2023-10-30","12:12:00",0.654,0.1962,0,300,1,1,"D",2,5,NA,NA,51.58734,2.83807,141.38,NA,13.15,994.52,NA,190.42,NA,-29.6,34.62,16.09,NA
68402,110068402,110001070,"2023-10-30","12:14:00",0.63,0.189,0,300,1,1,"D",2,5,NA,NA,51.583355,2.84478,142.76,NA,13.02,994.5,NA,190.42,NA,-29.7,34.61,16.09,NA
68403,110068403,110001070,"2023-10-30","12:16:00",0.632,0.1896,0,300,1,1,"D",2,5,NA,NA,51.57944,2.85138,141.95,NA,13.08,994.67,NA,190.42,NA,-34.6,34.6,16.07,NA
68404,110068404,110001070,"2023-10-30","12:18:00",0.65,0.195,0,300,1,1,"D",2,5,NA,NA,51.575465,2.85808,143.69,NA,13.07,994.79,NA,190.42,NA,-35.4,34.58,16.05,NA
68405,110068405,110001070,"2023-10-30","12:20:00",0.653,0.1959,0,300,1,1,"D",2,5,NA,NA,51.5714,2.864855,142.99,NA,13.04,994.83,NA,190.42,NA,-40.7,34.58,16.03,NA
68406,110068406,110001070,"2023-10-30","12:22:00",0.596,0.1788,0,300,1,1,"D",2,5,NA,NA,51.56751,2.87136,143.18,NA,13.07,994.84,NA,190.42,NA,-38.3,34.57,16.01,NA
68407,110068407,110001070,"2023-10-30","12:24:00",0.642,0.1926,0,300,1,1,"D",2,5,NA,NA,51.56366,2.877815,144.22,NA,12.98,994.49,NA,190.42,NA,-34.5,34.55,16.01,NA
68408,110068408,110001070,"2023-10-30","12:26:00",0.64,0.192,0,300,1,1,"D",2,5,NA,NA,51.55967,2.884495,143.24,NA,13.15,994.93,NA,190.42,NA,-33.8,34.55,16,NA
68409,110068409,110001070,"2023-10-30","12:28:00",0.691,0.2073,0,300,1,1,"D",2,5,NA,NA,51.555615,2.89156,143.36,NA,12.96,994.83,NA,190.42,NA,-33.3,34.53,15.97,NA
68410,110068410,110001070,"2023-10-30","12:30:00",0.586,0.1758,0,300,1,1,"D",2,5,NA,NA,51.55183,2.898495,137.45,NA,13.08,994.87,NA,190.42,NA,-30.1,34.51,15.94,NA
68411,110068411,110001070,"2023-10-30","12:32:00",0.666,0.1998,0,300,1,1,"D",2,5,NA,NA,51.548135,2.905315,140.51,NA,13.01,994.77,NA,190.42,NA,-27.1,34.5,15.91,NA
68412,110068412,110001070,"2023-10-30","12:34:00",0.68,0.204,0,300,1,1,"D",2,5,NA,NA,51.54416,2.91264,140.02,NA,12.93,995.05,NA,190.42,NA,-27.9,34.5,15.89,NA
68413,110068413,110001070,"2023-10-30","12:36:00",0.623,0.1869,0,300,1,1,"D",2,5,NA,NA,51.540335,2.91976,139.58,NA,12.92,994.69,NA,190.42,NA,-24.6,34.49,15.87,NA
68414,110068414,110001070,"2023-10-30","12:38:00",0.669,0.2007,0,300,1,1,"D",2,5,NA,NA,51.536555,2.926835,141.09,NA,12.94,995.23,NA,190.42,NA,-21.9,34.48,15.85,NA
68415,110068415,110001070,"2023-10-30","12:40:00",0.615,0.1845,0,300,1,1,"D",2,5,NA,NA,51.532795,2.933865,142.06,NA,12.85,994.93,NA,190.42,NA,-22.6,34.48,15.83,NA
68416,110068416,110001070,"2023-10-30","12:42:00",0.639,0.1917,0,300,1,1,"D",2,5,NA,NA,51.529135,2.94075,142.75,NA,12.8,995.01,NA,190.42,NA,-22.2,34.48,15.82,NA
68417,110068417,110001070,"2023-10-30","12:44:00",0.623,0.1869,0,300,1,1,"D",2,5,NA,NA,51.525445,2.94767,140.93,NA,12.91,995.07,NA,190.42,NA,-20.6,34.48,15.81,NA
68418,110068418,110001070,"2023-10-30","12:46:00",0.668,0.2004,0,300,1,1,"D",2,5,NA,NA,51.52132,2.95419,149.76,NA,12.87,995.13,NA,190.42,NA,-34.9,34.47,15.79,NA
68419,110068419,110001070,"2023-10-30","12:48:00",0.651,0.1953,0,300,1,1,"D",2,5,NA,NA,51.5168,2.960345,151.89,NA,12.9,995.1,NA,190.42,NA,-33.1,34.48,15.74,NA
68420,110068420,110001070,"2023-10-30","12:50:00",0.539,0.1617,0,300,1,1,"D",2,5,NA,NA,51.51241,2.96514,152.74,NA,12.83,995.07,NA,190.42,NA,-32.7,34.5,15.72,NA
68421,110068421,110001070,"2023-10-30","12:52:00",0.549,0.1647,0,300,1,1,"D",2,5,NA,NA,51.507805,2.96638,187.27,NA,12.74,995.1,NA,190.42,NA,-31,34.46,15.7,NA
68422,110068422,110001070,"2023-10-30","12:54:00",0.503,0.1509,0,300,1,1,"D",2,5,NA,NA,51.50316,2.96502,201.91,NA,12.84,995,NA,190.42,NA,-30.8,34.44,15.68,NA
68423,110068423,110001070,"2023-10-30","12:56:00",0.271,0.0813,0,300,1,1,"D",2,5,NA,NA,51.49977,2.96376,199.32,NA,12.79,995.28,NA,190.42,NA,-29.9,34.43,15.66,NA
68424,110068424,110001070,"2023-10-30","12:57:00",0.589,0.1767,0,300,1,1,"D",2,5,NA,NA,51.496,2.962395,200.8,NA,12.82,995.08,NA,190.42,NA,-28.6,34.42,15.66,NA
68425,110068425,110001070,"2023-10-30","12:59:00",0.5,0.15,0,300,1,1,"D",2,5,NA,NA,51.49123,2.96064,198.58,NA,12.81,994.95,NA,190.42,NA,-27.2,34.41,15.63,NA
68426,110068426,110001070,"2023-10-30","13:01:00",0.568,0.1704,0,300,1,1,"D",2,5,NA,NA,51.486545,2.95896,198.72,NA,12.78,994.93,NA,190.42,NA,-26.3,34.39,15.61,NA
68427,110068427,110001070,"2023-10-30","13:03:00",0.53,0.159,0,300,1,1,"D",2,5,NA,NA,51.481725,2.95726,198.36,NA,12.84,995.03,NA,190.42,NA,-28.1,34.39,15.59,NA
68428,110068428,110001070,"2023-10-30","13:05:00",0.55,0.165,0,300,1,1,"D",2,5,NA,NA,51.476985,2.95558,199.4,NA,12.75,995.15,NA,190.42,NA,-30.9,34.4,15.6,NA
68429,110068429,110001070,"2023-10-30","13:07:00",0.559,0.1677,0,300,1,1,"D",2,5,NA,NA,51.47213,2.95377,199.81,NA,12.77,994.73,NA,190.42,NA,-31,34.42,15.62,NA
68430,110068430,110001070,"2023-10-30","13:09:00",0.547,0.1641,0,300,1,1,"D",2,5,NA,NA,51.46795,2.950025,210.99,NA,12.71,994.95,NA,190.42,NA,-30.4,34.43,15.63,NA
68431,110068431,110001070,"2023-10-30","13:11:00",0.555,0.1665,0,300,1,1,"D",2,5,NA,NA,51.46582,2.94329,241.53,NA,12.72,994.92,NA,190.42,NA,-31.4,34.43,15.63,NA
68432,110068432,110001070,"2023-10-30","13:13:00",0.64,0.192,0,300,1,1,"D",2,5,NA,NA,51.466835,2.935315,272.64,NA,12.75,994.97,NA,190.42,NA,-30.8,34.43,15.64,NA
68433,110068433,110001070,"2023-10-30","13:15:00",0.66,0.198,0,300,1,1,"D",2,5,NA,NA,51.4703,2.92787,305.26,NA,12.72,995.24,NA,190.42,NA,-29.8,34.44,15.65,NA
68434,110068434,110001070,"2023-10-30","13:17:00",0.638,0.1914,0,300,1,1,"D",2,5,NA,NA,51.47432,2.92109,303.66,NA,12.75,995.15,NA,190.42,NA,-27.7,34.43,15.64,NA
68435,110068435,110001070,"2023-10-30","13:19:00",0.709,0.2127,0,300,1,1,"D",2,5,NA,NA,51.47847,2.914015,304.36,NA,12.79,995.19,NA,190.42,NA,-24.7,34.42,15.65,NA
68436,110068436,110001070,"2023-10-30","13:21:00",0.64,0.192,0,300,1,1,"D",2,5,NA,NA,51.482665,2.90699,306,NA,12.76,995.06,NA,190.42,NA,-27.8,34.42,15.67,NA
68437,110068437,110001070,"2023-10-30","13:23:00",0.677,0.2031,0,300,1,1,"D",2,5,NA,NA,51.48702,2.90058,304.54,NA,12.76,995.08,NA,190.42,NA,-29.2,34.42,15.68,NA
68438,110068438,110001070,"2023-10-30","13:25:00",0.732,0.2196,0,300,1,1,"D",2,5,NA,NA,51.49209,2.89451,315.11,NA,12.82,995.06,NA,190.42,NA,-31.8,34.47,15.71,NA
68439,110068439,110001070,"2023-10-30","13:27:00",0.647,0.1941,0,300,1,1,"D",2,5,NA,NA,51.497165,2.8888,315,NA,12.88,994.98,NA,190.42,NA,-33.9,34.51,15.73,NA
68440,110068440,110001070,"2023-10-30","13:29:00",0.689,0.2067,0,300,1,1,"D",2,5,NA,NA,51.50189,2.882865,309.96,NA,12.81,995.01,NA,190.42,NA,-32.7,34.48,15.77,NA
68441,110068441,110001070,"2023-10-30","13:31:00",0.659,0.1977,0,300,1,1,"D",2,5,NA,NA,51.506345,2.87629,309.81,NA,12.85,995,NA,190.42,NA,-32.1,34.48,15.79,NA
68442,110068442,110001070,"2023-10-30","13:33:00",0.636,0.1908,0,300,1,1,"D",2,5,NA,NA,51.510005,2.86908,295.72,NA,12.84,994.94,NA,190.42,NA,-27.2,34.5,15.79,NA
68443,110068443,110001070,"2023-10-30","13:35:00",0.646,0.1938,0,300,1,1,"D",2,5,NA,NA,51.513015,2.861195,290.5,NA,12.89,994.75,NA,190.42,NA,-23.2,34.51,15.79,NA
68444,110068444,110001070,"2023-10-30","13:37:00",0.675,0.2025,0,300,1,1,"D",2,5,NA,NA,51.515955,2.85291,289.87,NA,12.94,994.86,NA,190.42,NA,-23.3,34.51,15.79,NA
68445,110068445,110001070,"2023-10-30","13:39:00",0.672,0.2016,0,300,1,1,"D",2,5,NA,NA,51.519695,2.845425,295.49,NA,12.82,994.84,NA,190.42,NA,-27.9,34.52,15.81,NA
68446,110068446,110001070,"2023-10-30","13:41:00",0.613,0.1839,0,300,1,1,"D",2,5,NA,NA,51.52376,2.838865,308.96,NA,12.83,994.92,NA,190.42,NA,-30.8,34.53,15.83,NA
68447,110068447,110001070,"2023-10-30","13:43:00",0.69,0.207,0,300,1,1,"D",2,5,NA,NA,51.527775,2.832025,302.21,NA,12.84,995.02,NA,190.42,NA,-31.2,34.54,15.85,NA
68448,110068448,110001070,"2023-10-30","13:45:00",0.6,0.18,0,300,1,1,"D",2,5,NA,NA,51.53182,2.825355,301.8,NA,12.83,994.86,NA,190.42,NA,-30.3,34.54,15.87,NA
68449,110068449,110001070,"2023-10-30","13:47:00",0.654,0.1962,0,300,1,1,"D",2,5,NA,NA,51.535725,2.81883,304.18,NA,12.85,994.85,NA,190.42,NA,-33.5,34.54,15.93,NA
68450,110068450,110001070,"2023-10-30","13:49:00",0.647,0.1941,0,300,1,1,"D",2,5,NA,NA,51.53979,2.812085,303.33,NA,12.9,994.84,NA,190.42,NA,-33.5,34.56,15.96,NA
68451,110068451,110001070,"2023-10-30","13:51:00",0.67,0.201,0,300,1,1,"D",2,5,NA,NA,51.5439,2.80525,303.79,NA,12.94,994.78,NA,190.42,NA,-34.5,34.59,16.02,NA
68452,110068452,110001070,"2023-10-30","13:53:00",0.628,0.1884,0,300,1,1,"D",2,5,NA,NA,51.547955,2.798515,303.76,NA,13.04,994.66,NA,190.42,NA,-35.2,34.63,16.05,NA
68453,110068453,110001070,"2023-10-30","13:55:00",0.639,0.1917,0,300,1,1,"D",2,5,NA,NA,51.55192,2.791945,302.28,NA,12.97,994.71,NA,190.42,NA,-35.3,34.65,16.05,NA
68454,110068454,110001070,"2023-10-30","13:57:00",0.663,0.1989,0,300,1,1,"D",2,5,NA,NA,51.55601,2.785215,300.77,NA,12.99,994.75,NA,190.42,NA,-35.6,34.65,16.06,NA
68455,110068455,110001070,"2023-10-30","13:59:00",0.632,0.1896,0,300,1,1,"D",2,5,NA,NA,51.560065,2.7785,301.25,NA,12.97,994.8,NA,190.42,NA,-33.8,34.66,16.07,NA
68456,110068456,110001070,"2023-10-30","14:01:00",0.681,0.2043,0,300,1,1,"D",2,5,NA,NA,51.564145,2.77165,303.67,NA,13.01,994.68,NA,190.42,NA,-31.9,34.67,16.07,NA
68457,110068457,110001070,"2023-10-30","14:03:00",0.625,0.1875,0,300,1,1,"D",2,5,NA,NA,51.56819,2.764825,304.2,NA,13.03,994.7,NA,190.42,NA,-33.1,34.67,16.07,NA
68458,110068458,110001070,"2023-10-30","14:05:00",0.694,0.2082,0,300,1,1,"D",2,5,NA,NA,51.572325,2.758,302.85,NA,13.05,994.64,NA,190.42,NA,-33.4,34.68,16.08,NA
68459,110068459,110001070,"2023-10-30","14:07:00",0.578,0.1734,0,300,1,1,"D",2,5,NA,NA,51.576325,2.75143,303.42,NA,13.1,994.65,NA,190.42,NA,-17.9,34.69,16.08,NA
68460,110068460,110001070,"2023-10-30","14:09:00",0.683,0.2049,0,300,1,1,"D",2,5,NA,NA,51.58026,2.74487,304.33,NA,13.1,994.62,NA,190.42,NA,-25.7,34.7,16.09,NA
68461,110068461,110001070,"2023-10-30","14:11:00",0.625,0.1875,0,300,1,1,"D",2,5,NA,NA,51.58435,2.73808,302.06,NA,13.23,994.53,NA,190.42,NA,-32.5,34.69,16.08,NA
68462,110068462,110001070,"2023-10-30","14:13:00",0.707,0.2121,0,300,1,1,"D",2,5,NA,NA,51.588505,2.73115,302.41,NA,13.16,994.66,NA,190.42,NA,-37.5,34.67,16.09,NA
68463,110068463,110001070,"2023-10-30","14:15:00",0.656,0.1968,0,300,1,1,"D",2,5,NA,NA,51.592755,2.72406,301.99,NA,13.2,994.47,NA,190.42,NA,-41.9,34.67,16.1,NA
68464,110068464,110001070,"2023-10-30","14:17:00",0.651,0.1953,0,300,1,1,"D",2,5,NA,NA,51.596825,2.717255,301.95,NA,13.27,994.38,NA,190.42,NA,-42.9,34.69,16.11,NA
68465,110068465,110001070,"2023-10-30","14:19:00",0.68,0.204,0,300,1,1,"D",2,5,NA,NA,51.600965,2.71031,301.61,NA,13.41,994.43,NA,190.42,NA,-45.6,34.68,16.11,NA
68466,110068466,110001070,"2023-10-30","14:21:00",0.636,0.1908,0,300,1,1,"D",2,5,NA,NA,51.605055,2.703435,303.79,NA,13.36,994.33,NA,190.42,NA,-41.8,34.71,16.12,NA
68467,110068467,110001070,"2023-10-30","14:23:00",0.325,0.0975,0,300,1,1,"D",2,5,NA,NA,51.607965,2.698305,304.04,NA,13.39,994.31,NA,190.42,NA,-37.9,34.74,16.14,NA
68468,110068468,110001070,"2023-10-30","14:24:00",0.476,0.1428,1,300,1,1,"D",2,5,NA,NA,51.60778,2.693565,274.15,NA,13.4,994.2,NA,190.42,NA,-32.7,34.74,16.14,NA
68469,110068469,110001070,"2023-10-30","14:26:00",0.57,0.171,0,300,1,1,"D",2,5,NA,NA,51.604715,2.687945,221.36,NA,13.45,993.93,NA,190.42,NA,-27.7,34.74,16.14,NA
68470,110068470,110001070,"2023-10-30","14:28:00",0.53,0.159,0,300,1,1,"D",2,5,NA,NA,51.600985,2.682725,223.02,NA,13.46,994.09,NA,190.42,NA,-22.1,34.74,16.13,NA
68471,110068471,110001070,"2023-10-30","14:30:00",0.61,0.183,0,300,1,1,"D",2,5,NA,NA,51.597175,2.677215,221.74,NA,13.46,993.79,NA,190.42,NA,-22,34.73,16.13,NA
68472,110068472,110001070,"2023-10-30","14:32:00",0.525,0.1575,0,300,1,1,"D",2,5,NA,NA,51.59344,2.671625,221.94,NA,13.38,993.63,NA,190.42,NA,-27.6,34.72,16.13,NA
68473,110068473,110001070,"2023-10-30","14:34:00",0.547,0.1641,0,300,1,1,"D",2,5,NA,NA,51.589935,2.66631,222.02,NA,13.34,993.6,NA,190.42,NA,-31.1,34.7,16.13,NA
68474,110068474,110001070,"2023-10-30","14:36:00",0.574,0.1722,0,300,1,1,"D",2,5,NA,NA,51.58628,2.66074,222.13,NA,13.39,993.84,NA,190.42,NA,-34.9,34.69,16.12,NA
68475,110068475,110001070,"2023-10-30","14:38:00",0.537,0.1611,0,300,1,1,"D",2,5,NA,NA,51.582695,2.65516,222.51,NA,13.36,994.03,NA,190.42,NA,-31.3,34.68,16.12,NA
68476,110068476,110001070,"2023-10-30","14:40:00",0.318,0.0954,0,300,1,1,"D",2,5,NA,NA,51.57992,2.65089,221.63,NA,13.38,994.06,NA,190.42,NA,-33.4,34.68,16.12,NA
68477,110068477,110001070,"2023-10-30","14:41:00",0.499,0.1497,1,300,1,1,"D",2,5,NA,NA,51.576955,2.65121,210.92,NA,13.3,993.85,NA,190.42,NA,-34.1,34.68,16.12,NA
68478,110068478,110001070,"2023-10-30","14:43:00",0.626,0.1878,0,300,1,1,"D",2,5,NA,NA,51.57278,2.65578,148.15,NA,13.3,993.82,NA,190.42,NA,-29.7,34.66,16.12,NA
68479,110068479,110001070,"2023-10-30","14:45:00",0.63,0.189,0,300,1,1,"D",2,5,NA,NA,51.568185,2.661045,154.93,NA,13.27,994.07,NA,190.42,NA,-22.5,34.66,16.12,NA
68480,110068480,110001070,"2023-10-30","14:47:00",0.653,0.1959,0,300,1,1,"D",2,5,NA,NA,51.563805,2.667,149.05,NA,13.26,994.02,NA,190.42,NA,-17,34.65,16.12,NA
68481,110068481,110001070,"2023-10-30","14:49:00",0.625,0.1875,0,300,1,1,"D",2,5,NA,NA,51.559765,2.67356,149.33,NA,13.13,993.87,NA,190.42,NA,-39.5,34.65,16.12,NA
68482,110068482,110001070,"2023-10-30","14:51:00",0.667,0.2001,0,300,1,1,"D",2,5,NA,NA,51.555685,2.6802,140.41,NA,12.99,994,NA,190.42,NA,-40.8,34.64,16.12,NA
68483,110068483,110001070,"2023-10-30","14:53:00",0.631,0.1893,0,300,1,1,"D",2,5,NA,NA,51.55164,2.686955,143.66,NA,12.98,993.92,NA,190.42,NA,-38.8,34.62,16.14,NA
68484,110068484,110001070,"2023-10-30","14:55:00",0.673,0.2019,0,300,1,1,"D",2,5,NA,NA,51.54758,2.693745,146.38,NA,12.92,994.2,NA,190.42,NA,-39.3,34.63,16.14,NA
68485,110068485,110001070,"2023-10-30","14:57:00",0.608,0.1824,0,300,1,1,"D",2,5,NA,NA,51.54358,2.70039,144.92,NA,12.95,994.14,NA,190.42,NA,-39,34.63,16.13,NA
68486,110068486,110001070,"2023-10-30","14:59:00",0.643,0.1929,0,300,1,1,"D",2,5,NA,NA,51.53968,2.706885,144.47,NA,12.88,994.01,NA,190.42,NA,-34.8,34.63,16.11,NA
68487,110068487,110001070,"2023-10-30","15:01:00",0.654,0.1962,0,300,1,1,"D",2,5,NA,NA,51.53564,2.71363,144.05,NA,12.89,994.15,NA,190.42,NA,-32.8,34.63,16.1,NA
68488,110068488,110001070,"2023-10-30","15:03:00",0.691,0.2073,0,300,1,1,"D",2,5,NA,NA,51.531445,2.720625,142.69,NA,12.87,994.08,NA,190.42,NA,-30.4,34.64,16.08,NA
68489,110068489,110001070,"2023-10-30","15:05:00",0.662,0.1986,0,300,1,1,"D",2,5,NA,NA,51.52722,2.72765,143.37,NA,12.83,993.94,NA,190.42,NA,-25.4,34.65,16.07,NA
68490,110068490,110001070,"2023-10-30","15:07:00",0.637,0.1911,0,300,1,1,"D",2,5,NA,NA,51.523185,2.73442,142.15,NA,12.86,994.15,NA,190.42,NA,-36.4,34.65,16.05,NA
68491,110068491,110001070,"2023-10-30","15:09:00",0.686,0.2058,0,300,1,1,"D",2,5,NA,NA,51.51909,2.74134,144.15,NA,12.83,994.19,NA,190.42,NA,-36.9,34.64,16.03,NA
68492,110068492,110001070,"2023-10-30","15:11:00",0.635,0.1905,0,300,1,1,"D",2,5,NA,NA,51.51498,2.74822,142.92,NA,12.77,994.01,NA,190.42,NA,-31.1,34.64,16.03,NA
68493,110068493,110001070,"2023-10-30","15:13:00",0.711,0.2133,0,300,1,1,"D",2,5,NA,NA,51.51079,2.75522,141.5,NA,12.65,994.18,NA,190.42,NA,-36.2,34.64,16.03,NA
68494,110068494,110001070,"2023-10-30","15:15:00",0.673,0.2019,0,300,1,1,"D",2,5,NA,NA,51.506475,2.76241,141.6,NA,12.71,994.07,NA,190.42,NA,-31.8,34.63,16,NA
68495,110068495,110001070,"2023-10-30","15:17:00",0.661,0.1983,0,300,1,1,"D",2,5,NA,NA,51.502325,2.76936,142.33,NA,12.52,994.06,NA,190.42,NA,-30.3,34.61,15.98,NA
68496,110068496,110001070,"2023-10-30","15:19:00",0.667,0.2001,0,300,1,1,"D",2,5,NA,NA,51.49821,2.776295,142.23,NA,12.46,994.17,NA,190.42,NA,-29.3,34.61,15.97,NA
68497,110068497,110001070,"2023-10-30","15:21:00",0.635,0.1905,0,300,1,1,"D",2,5,NA,NA,51.49433,2.783315,142.8,NA,12.44,993.94,NA,190.42,NA,-26.6,34.61,15.95,NA
68498,110068498,110001070,"2023-10-30","15:23:00",0.697,0.2091,0,300,1,1,"D",2,5,NA,NA,51.49057,2.790795,135.46,NA,12.5,994.11,NA,190.42,NA,-24.5,34.61,15.92,NA
68499,110068499,110001070,"2023-10-30","15:25:00",0.653,0.1959,0,300,1,1,"D",2,5,NA,NA,51.48681,2.798435,135.23,NA,12.41,994.01,NA,190.42,NA,-27.8,34.6,15.89,NA
68500,110068500,110001070,"2023-10-30","15:27:00",0.673,0.2019,0,300,1,1,"D",2,5,NA,NA,51.48268,2.805255,136.06,NA,12.42,993.89,NA,190.42,NA,-27.9,34.58,15.84,NA
68501,110068501,110001070,"2023-10-30","15:29:00",0.607,0.1821,0,300,1,1,"D",2,5,NA,NA,51.47771,2.809395,169.54,NA,12.28,994.28,NA,190.42,NA,-30.6,34.53,15.76,NA
68502,110068502,110001070,"2023-10-30","15:31:00",0.641,0.1923,0,300,1,1,"D",2,5,NA,NA,51.47279,2.81326,166.56,NA,12.27,994.23,NA,190.42,NA,-29.6,34.52,15.75,NA
68503,110068503,110001070,"2023-10-30","15:33:00",0.612,0.1836,0,300,1,1,"D",2,5,NA,NA,51.468735,2.819455,138.29,NA,12.29,994.08,NA,190.42,NA,-30.9,34.52,15.73,NA
68504,110068504,110001070,"2023-10-30","15:35:00",0.489,0.1467,0,300,1,1,"D",2,5,NA,NA,51.46556,2.82554,137.65,NA,12.19,994.24,NA,190.42,NA,-28.5,34.49,15.7,NA
68505,110068505,110001070,"2023-10-30","15:37:00",0.507,0.1521,0,300,1,1,"D",2,5,NA,NA,51.46276,2.83114,138.08,NA,12.22,994.11,NA,190.42,NA,-27.1,34.49,15.7,NA
68506,110068506,110001070,"2023-10-30","15:39:00",0.512,0.1536,0,300,1,1,"D",2,5,NA,NA,51.45988,2.836845,138.39,NA,12.25,994.16,NA,190.42,NA,-26.9,34.47,15.7,NA
68507,110068507,110001070,"2023-10-30","15:41:00",0.541,0.1623,0,300,1,1,"D",2,5,NA,NA,51.45684,2.842655,138.53,NA,12.14,994.14,NA,190.42,NA,-25.1,34.46,15.7,NA
68508,110068508,110001070,"2023-10-30","15:43:00",0.509,0.1527,0,300,1,1,"D",2,5,NA,NA,51.45383,2.848475,137.78,NA,12.08,994.18,NA,190.42,NA,-20.9,34.46,15.69,NA
68509,110068509,110001070,"2023-10-30","15:45:00",0.483,0.1449,0,300,1,1,"D",2,5,NA,NA,51.451015,2.854015,138.49,NA,12.03,994.14,NA,190.42,NA,-20.7,34.46,15.69,NA
68510,110068510,110001070,"2023-10-30","15:47:00",0.52,0.156,0,300,1,1,"D",2,5,NA,NA,51.448145,2.85959,138.71,NA,11.87,994.16,NA,190.42,NA,-23.6,34.48,15.67,NA
68511,110068511,110001070,"2023-10-30","15:49:00",0.545,0.1635,0,300,1,1,"D",2,5,NA,NA,51.445065,2.86546,137.97,NA,11.92,994.04,NA,190.42,NA,-26.4,34.49,15.66,NA
68512,110068512,110001070,"2023-10-30","15:51:00",0.506,0.1518,0,300,1,1,"D",2,5,NA,NA,51.441995,2.871215,138.2,NA,11.88,994.11,NA,190.42,NA,-27.7,34.49,15.65,NA
68513,110068513,110001070,"2023-10-30","15:53:00",0.531,0.1593,0,300,1,1,"D",2,5,NA,NA,51.43896,2.876885,138.14,NA,11.85,994.2,NA,190.42,NA,-29.1,34.47,15.63,NA
68514,110068514,110001070,"2023-10-30","15:55:00",0.558,0.1674,0,300,1,1,"D",2,5,NA,NA,51.43596,2.88307,138.27,NA,11.93,994.15,NA,180.02,NA,-27.1,34.47,15.59,NA
68515,110068515,110001070,"2023-10-30","15:57:00",0.546,0.1638,0,300,1,1,"D",2,5,NA,NA,51.43335,2.889815,124.95,NA,11.84,994.04,NA,180.02,NA,-30.8,34.45,15.56,NA
68516,110068516,110001071,"2023-10-31","11:59:00",0.649,0.1947,0,300,1,1,"C",2,5,NA,NA,51.506335,2.913055,143.25,NA,11.67,999.8,NA,193.4,7.74,-35.9,34.49,15.63,NA
68517,110068517,110001071,"2023-10-31","12:01:00",0.67,0.201,0,300,1,1,"C",2,5,NA,NA,51.50182,2.919215,143.13,NA,11.58,999.61,NA,42.17,11.51,-36,34.47,15.59,NA
68518,110068518,110001071,"2023-10-31","12:03:00",0.713,0.2139,0,300,1,1,"C",2,5,NA,NA,51.497005,2.925515,142.98,NA,11.57,999.73,NA,40.38,10.93,-31.5,34.43,15.58,NA
68519,110068519,110001071,"2023-10-31","12:05:00",0.663,0.1989,0,300,1,1,"C",2,5,NA,NA,51.4921,2.93156,145.39,NA,11.52,999.63,NA,47.88,11.42,-29.5,34.41,15.53,NA
68520,110068520,110001071,"2023-10-31","12:07:00",0.671,0.2013,0,300,1,1,"C",2,5,NA,NA,51.487325,2.937375,145.3,NA,11.47,999.75,NA,44.59,11.5,-27.4,34.4,15.52,NA
68521,110068521,110001071,"2023-10-31","12:09:00",0.647,0.1941,0,300,1,1,"C",2,5,NA,NA,51.48264,2.94318,144.86,NA,11.51,999.46,NA,46.52,11.65,-24.4,34.39,15.5,NA
68522,110068522,110001071,"2023-10-31","12:11:00",0.652,0.1956,0,300,1,1,"C",2,5,NA,NA,51.47807,2.949005,145.04,NA,11.41,999.9,NA,44.54,10.74,-28.1,34.42,15.51,NA
68523,110068523,110001071,"2023-10-31","12:13:00",0.681,0.2043,0,300,1,1,"C",2,5,NA,NA,51.47341,2.955045,144.93,NA,11.37,999.61,NA,52.09,11.42,-30,34.42,15.39,NA
68524,110068524,110001071,"2023-10-31","12:15:00",0.675,0.2025,0,300,1,1,"C",2,5,NA,NA,51.4686,2.96104,146.87,NA,11.39,999.65,NA,193.58,7.72,-30.6,34.35,15.24,NA
68525,110068525,110001071,"2023-10-31","12:17:00",0.662,0.1986,0,300,1,1,"C",2,5,NA,NA,51.4638,2.966835,146.86,NA,11.24,999.76,NA,195.11,7.69,-31.1,34.21,14.79,NA
68526,110068526,110001071,"2023-10-31","12:19:00",0.625,0.1875,0,300,1,1,"C",2,5,NA,NA,51.459145,2.972335,148.65,NA,11.13,999.88,NA,49.8,10.35,-23.8,34.22,14.86,NA
68527,110068527,110001071,"2023-10-31","12:21:00",0.668,0.2004,0,300,1,1,"C",2,5,NA,NA,51.45444,2.9778,149.18,NA,11.13,999.84,NA,51.93,10.71,-19.2,34.16,14.74,NA
68528,110068528,110001071,"2023-10-31","12:23:00",0.668,0.2004,0,300,1,1,"C",2,5,NA,NA,51.449615,2.983525,149.25,NA,11.11,999.91,NA,51.92,10.66,-17.7,34.15,14.64,NA
68529,110068529,110001071,"2023-10-31","12:25:00",0.669,0.2007,0,300,1,1,"C",2,5,NA,NA,51.44481,2.9893,148.94,NA,11.24,999.9,NA,46.31,10.22,-24.3,34.2,14.83,NA
68530,110068530,110001071,"2023-10-31","12:27:00",0.652,0.1956,0,300,1,1,"C",2,5,NA,NA,51.440065,2.99501,149.14,NA,11.17,999.99,NA,201.86,6.99,-27.5,34.09,14.28,NA
68531,110068531,110001071,"2023-10-31","12:29:00",0.7,0.21,0,300,1,1,"C",2,5,NA,NA,51.435225,3.00089,148.87,NA,11.17,1000.27,NA,200.53,6.58,-25.8,33.92,14.24,NA
68532,110068532,110001071,"2023-10-31","12:31:00",0.649,0.1947,0,300,1,1,"C",2,5,NA,NA,51.430705,3.007325,141.54,NA,11.23,1000.1,NA,207.81,7.46,-21.6,33.94,14.26,NA
68533,110068533,110001071,"2023-10-31","12:33:00",0.716,0.2148,0,300,1,1,"C",2,5,NA,NA,51.42649,3.014465,138.83,NA,11.16,1000.04,NA,45.4,10.25,-18,33.96,14.27,NA
68534,110068534,110001071,"2023-10-31","12:35:00",0.668,0.2004,0,300,1,1,"C",2,5,NA,NA,51.422265,3.02178,139.69,NA,11.15,1000.1,NA,45.9,9.48,-15.7,34,14.35,NA
68535,110068535,110001071,"2023-10-31","12:37:00",0.742,0.2226,0,300,1,1,"C",2,5,NA,NA,51.41803,3.029335,138.54,NA,11.18,1000.02,NA,40.94,9.41,-15.8,34.07,14.5,NA
68536,110068536,110001071,"2023-10-31","12:39:00",0.672,0.2016,0,300,1,1,"C",2,5,NA,NA,51.413875,3.037035,139.13,NA,11.23,1000.24,NA,41.61,9.5,-18.5,34.04,14.52,NA
68537,110068537,110001071,"2023-10-31","12:41:00",0.755,0.2265,0,300,1,1,"C",2,5,NA,NA,51.410335,3.04553,139,NA,11.37,1000.55,NA,205.66,7.86,-22.1,33.98,14.49,NA
68538,110068538,110001071,"2023-10-31","12:43:00",0.72,0.216,0,300,1,1,"C",2,5,NA,NA,51.40745,3.05509,120.41,NA,11.27,1000.34,NA,28.01,9.06,-23.7,33.94,14.49,NA
68539,110068539,110001071,"2023-10-31","12:45:00",0.77,0.231,0,300,1,1,"C",2,5,NA,NA,51.405015,3.065075,120.18,NA,11.35,1000.42,NA,31.14,8.38,-22.4,33.92,14.43,NA
68540,110068540,110001071,"2023-10-31","12:47:00",0.77,0.231,0,300,1,1,"C",2,5,NA,NA,51.403,3.07567,109.58,NA,11.22,1000.65,NA,22.49,7.88,-22.3,33.89,14.38,NA
68541,110068541,110001071,"2023-10-31","12:49:00",0.845,0.2535,0,300,1,1,"C",2,5,NA,NA,51.40115,3.086915,110.35,NA,11.18,1000.76,NA,197.92,8.11,-22.5,33.82,14.31,NA
68542,110068542,110001071,"2023-10-31","12:51:00",0.748,0.2244,0,300,1,1,"C",2,5,NA,NA,51.399255,3.097975,109.78,NA,11.3,1000.76,NA,19.45,6.97,-22.9,33.82,14.26,NA
68543,110068543,110001071,"2023-10-31","12:53:00",0.724,0.2172,0,300,1,1,"C",2,5,NA,NA,51.397405,3.10815,112.03,NA,11.19,1000.56,NA,194.67,9.87,-23,33.83,14.31,NA
68544,110068544,110001071,"2023-10-31","12:55:00",0.713,0.2139,0,300,1,1,"C",2,5,NA,NA,51.39565,3.118105,111.96,NA,11.24,1000.8,NA,28.68,6.96,-22.5,33.86,14.32,NA
68545,110068545,110001071,"2023-10-31","12:57:00",0.594,0.1782,0,300,1,1,"C",2,5,NA,NA,51.394195,3.12722,111.93,NA,11.41,1000.69,NA,190.41,7.77,-22.6,33.69,14.18,NA
68546,110068546,110001071,"2023-10-31","12:59:00",0.495,0.1485,0,300,1,1,"C",2,5,NA,NA,51.39307,3.134855,112.49,NA,11.43,1000.8,NA,192.14,8.9,-22.7,33.53,14.11,NA
68547,110068547,110001071,"2023-10-31","13:01:00",0.272,0.0816,0,300,1,1,"C",2,5,NA,NA,51.39231,3.140245,111.98,NA,11.39,1000.7,NA,192.93,9.05,-22.3,33.45,14.08,NA
68548,110068548,110001071,"2023-10-31","13:02:00",0.485,0.1455,1,300,1,1,"C",2,5,NA,NA,51.39107,3.14528,112.42,NA,11.37,1000.91,NA,196.62,8.45,-22.1,33.42,14.06,NA
68549,110068549,110001071,"2023-10-31","13:04:00",0.454,0.1362,0,300,1,1,"C",2,5,NA,NA,51.388595,3.150625,152.39,NA,11.45,1000.41,NA,195.18,7.86,-22.2,33.26,13.97,NA
68550,110068550,110001071,"2023-10-31","13:06:00",0.46,0.138,0,300,1,1,"C",2,5,NA,NA,51.385605,3.155135,155.95,NA,11.42,1000.52,NA,196.62,7.97,-21.9,32.96,13.87,NA
68551,110068551,110001071,"2023-10-31","13:08:00",0.477,0.1431,0,300,1,1,"C",2,5,NA,NA,51.382615,3.15988,154.97,NA,11.56,1000.68,NA,194.12,6.45,-22.2,32.7,13.82,NA
68552,110068552,110001071,"2023-10-31","13:10:00",0.424,0.1272,0,300,1,1,"C",2,5,NA,NA,51.379715,3.164405,155.49,NA,11.52,1000.6,NA,207.42,7.67,-21.7,32.26,13.74,NA
68553,110068553,110001071,"2023-10-31","13:12:00",0.419,0.1257,0,300,1,1,"C",2,5,NA,NA,51.376775,3.168215,169.65,NA,11.62,1000.72,NA,202.38,7.74,-22.1,32.05,1.71,NA
68554,110068554,110001071,"2023-10-31","13:14:00",0.496,0.1488,0,300,1,1,"C",2,5,NA,NA,51.37367,3.172495,167.8,NA,11.71,1000.95,NA,191.94,6.52,-21.7,32.04,13.72,NA
68555,110068555,110001071,"2023-10-31","13:16:00",0.659,0.1977,0,300,1,1,"C",2,5,NA,NA,51.370145,3.17859,150.27,NA,11.62,1000.48,NA,210.73,8.87,-21.2,32.13,13.74,NA
68556,110068556,110001071,"2023-10-31","13:18:00",0.379,0.1137,0,300,1,1,"C",2,5,NA,NA,51.36708,3.18422,144.09,NA,11.6,1000.37,NA,206.11,8.67,-22,NA,NA,NA
68557,110068557,110001072,"2023-12-14","07:34:00",0.573,0.1719,0,300,1,1,"D",2,5,NA,NA,51.51277,3.052965,31.13,9.3,7.96,1016.16,NA,294.77,5.17,-26.8,32.92,8.94,0.48
68558,110068558,110001072,"2023-12-14","07:36:00",0.583,0.1749,0,300,1,1,"D",2,5,NA,NA,51.51778,3.0545,17.34,9.4,7.94,1015.82,NA,304.51,6.96,-27.5,32.96,8.98,0.48
68559,110068559,110001072,"2023-12-14","07:38:00",0.628,0.1884,0,300,1,1,"D",2,5,NA,NA,51.523105,3.05321,350.8,9.6,8.04,1016.32,NA,318.51,5.52,-27.6,33.01,9.01,0.48
68560,110068560,110001072,"2023-12-14","07:40:00",0.638,0.1914,0,300,1,1,"D",2,5,NA,NA,51.528435,3.05008,347.13,10,8.06,1016.34,NA,312.58,6.43,-27.7,33.07,9.01,0.48
68561,110068561,110001072,"2023-12-14","07:42:00",0.574,0.1722,0,300,1,1,"D",2,5,NA,NA,51.533365,3.04639,340.69,9.9,7.93,1016.61,NA,320.54,6.45,-27.3,33.6,9.6,0.36
68562,110068562,110001072,"2023-12-14","07:44:00",0.606,0.1818,0,300,1,1,"D",2,5,NA,NA,51.538115,3.042615,340.27,9.7,7.81,1016.58,NA,313.97,5.72,-26.8,33.65,9.6,0.3
68563,110068563,110001072,"2023-12-14","07:46:00",0.617,0.1851,0,300,1,1,"D",2,5,NA,NA,51.54305,3.038735,340.11,9.8,7.81,1016.68,NA,313.55,5.44,-23.5,33.72,9.67,0.3
68564,110068564,110001072,"2023-12-14","07:48:00",0.643,0.1929,0,300,1,1,"D",2,5,NA,NA,51.54814,3.03476,340.2,9.8,7.67,1016.24,NA,311.52,5.47,-21.9,33.85,9.75,0.24
68565,110068565,110001072,"2023-12-14","07:50:00",0.559,0.1677,0,300,1,1,"D",2,5,NA,NA,51.553,3.030975,341.15,9.7,7.59,1016.35,NA,302.49,4.8,-23.2,33.86,9.86,0.3
68566,110068566,110001072,"2023-12-14","07:52:00",0.632,0.1896,0,300,1,1,"D",2,5,NA,NA,51.55782,3.02723,340.99,9.8,7.57,1016.75,NA,312.98,5.52,-32.2,33.92,9.9,0.24
68567,110068567,110001072,"2023-12-14","07:54:00",0.585,0.1755,0,300,1,1,"D",2,5,NA,NA,51.562625,3.02305,340.14,9.8,7.5,1016.43,NA,309.69,5.78,-34,34.05,10.15,0.24
68568,110068568,110001072,"2023-12-14","07:56:00",0.62,0.186,0,300,1,1,"D",2,5,NA,NA,51.56699,3.01794,330.71,9.6,7.49,1016.87,NA,317.07,5.3,-20,34.13,10.14,0.24
68569,110068569,110001072,"2023-12-14","07:58:00",0.575,0.1725,0,300,1,1,"D",2,5,NA,NA,51.57073,3.011795,323.99,9.6,7.3,1017.18,NA,314.11,5.3,-13.2,34.17,10.19,0.3
68570,110068570,110001072,"2023-12-14","08:00:00",0.615,0.1845,1,300,1,1,"D",2,5,NA,NA,51.572385,3.004115,306.13,10,7.39,1017.17,NA,306.18,5.14,-15,34.19,10.28,0.3
68571,110068571,110001072,"2023-12-14","08:02:00",0.724,0.2172,0,300,1,1,"D",2,5,NA,NA,51.5706,2.995335,253.37,11.1,7.38,1016.99,NA,315.92,2.93,-19.3,34.21,10.36,0.3
68572,110068572,110001072,"2023-12-14","08:04:00",0.607,0.1821,0,300,1,1,"D",2,5,NA,NA,51.56876,2.986615,236.33,12.1,7.41,1016.71,NA,316.86,6.45,-20.3,34.21,10.37,0.3
68573,110068573,110001072,"2023-12-14","08:06:00",0.58,0.174,0,300,1,1,"D",2,5,NA,NA,51.570405,2.979005,316.88,9.6,7.42,1017.38,NA,327.81,5.24,-20.9,34.21,10.38,0.3
68574,110068574,110001072,"2023-12-14","08:08:00",0.67,0.201,0,300,1,1,"D",2,5,NA,NA,51.573605,2.971615,313.87,10.1,7.36,1017.35,NA,322.03,4.35,-26.1,34.22,10.42,0.3
68575,110068575,110001072,"2023-12-14","08:10:00",0.642,0.1926,0,300,1,1,"D",2,5,NA,NA,51.576655,2.963505,309.45,10.5,7.36,1017.62,NA,43.98,9.16,-28.8,34.26,10.48,0.3
68576,110068576,110001072,"2023-12-14","08:12:00",0.614,0.1842,0,300,1,1,"D",2,5,NA,NA,51.57991,2.956115,312.11,10.5,7.27,1017.47,NA,331.38,2.75,-29.5,34.3,10.52,0.3
68577,110068577,110001072,"2023-12-14","08:14:00",0.634,0.1902,0,300,1,1,"D",2,5,NA,NA,51.58345,2.949115,321.42,10.1,7.28,1017.69,NA,326.63,3.13,-32.3,34.3,10.48,0.3
68578,110068578,110001072,"2023-12-14","08:16:00",0.648,0.1944,0,300,1,1,"D",2,5,NA,NA,51.587275,2.9422,325.68,10.2,7.17,1017.42,NA,307.59,2.12,-32.3,34.3,10.47,0.3
68579,110068579,110001072,"2023-12-14","08:18:00",0.617,0.1851,0,300,1,1,"D",2,5,NA,NA,51.591215,2.935615,324.04,10.3,7.09,1017.52,NA,68.31,7.87,-32.4,34.33,10.48,0.3
68580,110068580,110001072,"2023-12-14","08:20:00",0.676,0.2028,0,300,1,1,"D",2,5,NA,NA,51.595225,2.92885,323.49,10.3,7.09,1017.61,NA,323.59,3.26,-32.2,34.35,10.52,0.24
68581,110068581,110001072,"2023-12-14","08:22:00",0.629,0.1887,0,300,1,1,"D",2,5,NA,NA,51.599235,2.921965,321.77,10.4,7.07,1017.53,NA,307.55,1.9,-33.5,34.37,10.56,0.24
68582,110068582,110001072,"2023-12-14","08:24:00",0.538,0.1614,0,300,1,1,"D",2,5,NA,NA,51.603405,2.91723,327.26,10,7.26,1017.73,NA,62.11,5.99,-33.8,34.38,10.6,0
68583,110068583,110001072,"2023-12-14","08:26:00",0.577,0.1731,0,300,1,1,"D",2,5,NA,NA,51.60815,2.914685,356.06,9.4,7.31,1017.53,NA,331.86,3.2,-30.5,34.39,10.63,0
68584,110068584,110001072,"2023-12-14","08:28:00",0.611,0.1833,0,300,1,1,"D",2,5,NA,NA,51.61254,2.91034,336.33,9.5,7.48,1017.69,NA,352.09,2.85,-19.7,34.4,10.64,0
68585,110068585,110001072,"2023-12-14","08:30:00",0.646,0.1938,0,300,1,1,"D",2,5,NA,NA,51.616355,2.903635,318.6,10,7.83,1017.74,NA,339.4,2.59,-20.3,34.4,10.66,3.64
68586,110068586,110001072,"2023-12-14","08:32:00",0.618,0.1854,0,300,1,1,"D",2,5,NA,NA,51.62006,2.8967,319,10,7.9,1017.54,NA,340.4,4.96,-23,34.42,10.69,0
68587,110068587,110001072,"2023-12-14","08:34:00",0.579,0.1737,0,300,1,1,"D",2,5,NA,NA,51.623485,2.890025,320.23,9.9,7.95,1017.55,NA,317.02,6.14,-24.8,34.43,10.73,0
68588,110068588,110001072,"2023-12-14","08:36:00",0.687,0.2061,0,300,1,1,"D",2,5,NA,NA,51.625995,2.882005,306.89,9.9,7.96,1017.31,NA,47.88,10.09,-28.6,34.45,10.79,0
68589,110068589,110001072,"2023-12-14","08:38:00",0.621,0.1863,0,300,1,1,"D",2,5,NA,NA,51.62825,2.873335,295.11,11,7.96,1017.1,NA,347.24,6.13,-30.8,34.48,10.84,0
68590,110068590,110001072,"2023-12-14","08:40:00",0.645,0.1935,0,300,1,1,"D",2,5,NA,NA,51.63162,2.86604,326.43,9.8,7.92,1017.95,NA,337.42,5.63,-33.4,34.51,10.88,0.42
68591,110068591,110001072,"2023-12-14","08:42:00",0.591,0.1773,0,300,1,1,"D",2,5,NA,NA,51.63544,2.85955,324.01,10,7.87,1017.93,NA,337.04,4.31,-30.4,34.51,10.87,0.3
68592,110068592,110001072,"2023-12-14","08:44:00",0.636,0.1908,0,300,1,1,"D",2,5,NA,NA,51.639215,2.853075,323.13,10.1,7.95,1017.85,NA,337.18,6.44,-36.3,34.49,10.85,0.3
68593,110068593,110001072,"2023-12-14","08:46:00",0.603,0.1809,0,300,1,1,"D",2,5,NA,NA,51.64301,2.846515,324.09,9.9,7.93,1017.78,NA,338.05,3.68,-34.3,34.49,10.85,0.3
68594,110068594,110001072,"2023-12-14","08:48:00",0.618,0.1854,0,300,1,1,"D",2,5,NA,NA,51.646615,2.839865,324.19,10.1,7.91,1017.97,NA,341.38,4.52,-36.3,34.5,10.86,0.3
68595,110068595,110001072,"2023-12-14","08:50:00",0.605,0.1815,0,300,1,1,"D",2,5,NA,NA,51.65009,2.83301,319.04,10.2,7.94,1017.91,NA,308.05,4.26,-36.2,34.51,10.88,0.3
68596,110068596,110001072,"2023-12-14","08:52:00",0.624,0.1872,0,300,1,1,"D",2,5,NA,NA,51.653575,2.82611,320.44,10,7.97,1017.89,NA,336.95,5.49,-35.9,34.54,10.91,0.24
68597,110068597,110001072,"2023-12-14","08:54:00",0.626,0.1878,0,300,1,1,"D",2,5,NA,NA,51.657115,2.819085,320.12,9.9,7.92,1018.11,NA,338.93,5.27,-35.6,34.57,10.95,0.24
68598,110068598,110001072,"2023-12-14","08:56:00",0.617,0.1851,0,300,1,1,"D",2,5,NA,NA,51.660595,2.81205,318.01,10.1,8,1017.96,NA,40.62,9.85,-32.4,34.61,10.98,0.24
68599,110068599,110001072,"2023-12-14","08:58:00",0.635,0.1905,0,300,1,1,"D",2,5,NA,NA,51.664095,2.804955,321.66,10,7.92,1017.7,NA,305.96,4.66,-21.5,34.63,11.02,0.24
68600,110068600,110001072,"2023-12-14","09:00:00",0.659,0.1977,0,300,1,1,"D",2,5,NA,NA,51.66776,2.79768,318.26,10.3,7.86,1018.14,NA,335.48,4.07,-18.6,34.63,11.01,0.3
68601,110068601,110001072,"2023-12-14","09:02:00",0.62,0.186,0,300,1,1,"D",2,5,NA,NA,51.671365,2.79047,316.29,10.4,7.89,1018.08,NA,47.98,10.34,-18.1,34.62,11.02,0.24
68602,110068602,110001072,"2023-12-14","09:04:00",0.64,0.192,0,300,1,1,"D",2,5,NA,NA,51.675135,2.78369,319.08,10.2,7.88,1018.1,NA,47.19,10.17,-31.3,34.63,11.02,0.24
68603,110068603,110001072,"2023-12-14","09:06:00",0.572,0.1716,0,300,1,1,"D",2,5,NA,NA,51.67902,2.77754,325.98,9.8,7.87,1017.86,NA,305.03,4.06,-34.8,34.65,11.05,0.24
68604,110068604,110001072,"2023-12-14","09:08:00",0.623,0.1869,0,300,1,1,"D",2,5,NA,NA,51.68288,2.771515,325.02,9.8,7.81,1017.38,NA,301.71,5.37,-34.5,34.66,11.06,0.24
68605,110068605,110001072,"2023-12-14","09:10:00",0.564,0.1692,0,300,1,1,"D",2,5,NA,NA,51.687055,2.76625,325.02,10,7.75,1018.07,NA,307.33,5.62,-34,34.65,11.05,0.24
68606,110068606,110001072,"2023-12-14","09:12:00",0.577,0.1731,0,300,1,1,"D",2,5,NA,NA,51.691625,2.762575,346.01,9.2,7.72,1017.88,NA,318.38,4.71,-35.9,34.61,11,0.24
68607,110068607,110001072,"2023-12-14","09:14:00",0.618,0.1854,0,300,1,1,"D",2,5,NA,NA,51.69629,2.758415,339.99,9.4,7.66,1017.59,NA,300.49,5.39,-38.5,34.59,10.99,0.3
68608,110068608,110001072,"2023-12-14","09:16:00",0.568,0.1704,0,300,1,1,"D",2,5,NA,NA,51.700625,2.75342,332.2,9.8,7.62,1018.06,NA,313.72,4.76,-35.2,34.59,10.99,0.3
68609,110068609,110001072,"2023-12-14","09:18:00",0.616,0.1848,0,300,1,1,"D",2,5,NA,NA,51.70495,2.74843,332.16,9.5,7.57,1017.95,NA,303.69,5.97,-31.3,34.62,11.01,0.3
68610,110068610,110001072,"2023-12-14","09:20:00",0.567,0.1701,0,300,1,1,"D",2,5,NA,NA,51.70926,2.743415,331.8,9.6,7.71,1017.86,NA,311.55,6.09,-37.2,34.63,11.02,0.18
68611,110068611,110001072,"2023-12-14","09:22:00",0.583,0.1749,0,300,1,1,"D",2,5,NA,NA,51.713445,2.738525,332.59,9.6,7.62,1017.96,NA,306.03,5.29,-34.9,34.64,11.04,0.24
68612,110068612,110001072,"2023-12-14","09:24:00",0.607,0.1821,0,300,1,1,"D",2,5,NA,NA,51.71768,2.73326,332.61,9.5,7.6,1018.06,NA,301.79,5.11,-30.3,34.65,11.05,0.24
68613,110068613,110001072,"2023-12-14","09:26:00",0.636,0.1908,0,300,1,1,"D",2,5,NA,NA,51.720895,2.72622,314.57,9.6,7.63,1018.35,NA,309.14,6.18,-35,34.65,11.07,0.24
68614,110068614,110001072,"2023-12-14","09:28:00",0.639,0.1917,0,300,1,1,"D",2,5,NA,NA,51.722955,2.7176,297.87,10.6,7.7,1018.23,NA,333.26,6.53,-36.5,34.65,11.07,0.24
68615,110068615,110001072,"2023-12-14","09:30:00",0.665,0.1995,0,300,1,1,"D",2,5,NA,NA,51.72367,2.708425,295.78,10.6,7.64,1017.99,NA,104.34,17.92,-35.3,34.65,11.08,0.24
68616,110068616,110001072,"2023-12-14","09:32:00",0.733,0.2199,1,300,1,1,"D",2,5,NA,NA,51.720945,2.700135,244.54,11.2,7.56,1018.04,NA,76.05,15.78,-40.3,34.67,11.08,0.18
68617,110068617,110001072,"2023-12-14","09:34:00",0.791,0.2373,0,300,1,1,"D",2,5,NA,NA,51.71566,2.693125,219.86,12,7.47,1018.56,NA,315,8.24,-38.4,34.67,11.09,0.18
68618,110068618,110001072,"2023-12-14","09:36:00",0.713,0.2139,0,300,1,1,"D",2,5,NA,NA,51.710335,2.686425,220.87,11.9,7.47,1018.33,NA,61.58,16.22,-41,34.67,11.08,0.18
68619,110068619,110001072,"2023-12-14","09:38:00",0.818,0.2454,0,300,1,1,"D",2,5,NA,NA,51.704915,2.679595,220.25,12.7,7.46,1018.52,NA,61.19,15.55,-37.4,34.66,11.08,0.24
68620,110068620,110001072,"2023-12-14","09:40:00",0.748,0.2244,0,300,1,1,"D",2,5,NA,NA,51.699305,2.672745,220.73,12.4,7.59,1018.34,NA,57.9,15.43,-38.7,34.65,11.08,0.3
68621,110068621,110001072,"2023-12-14","09:42:00",0.699,0.2097,0,300,1,1,"D",2,5,NA,NA,51.69367,2.66769,205.51,12.2,7.46,1018.63,NA,53.46,14.29,-39.6,34.64,11.07,0.3
68622,110068622,110001072,"2023-12-14","09:44:00",0.761,0.2283,0,300,1,1,"D",2,5,NA,NA,51.68756,2.663855,200.85,12.1,7.4,1018.66,NA,304.07,6.87,-40.9,34.64,11.06,0.18
68623,110068623,110001072,"2023-12-14","09:46:00",0.762,0.2286,0,300,1,1,"D",2,5,NA,NA,51.68114,2.660045,200.03,12,7.46,1018.64,NA,117.79,5.66,-35,34.65,11.07,0.3
68624,110068624,110001072,"2023-12-14","09:48:00",0.761,0.2283,0,300,1,1,"D",2,5,NA,NA,51.674635,2.656635,195.57,12.5,7.5,1018.75,NA,126.42,4.73,-39.4,34.67,11.08,0.24
68625,110068625,110001072,"2023-12-14","09:50:00",0.814,0.2442,0,300,1,1,"D",2,5,NA,NA,51.66781,2.653635,195.75,12,7.5,1018.65,NA,304.29,8.56,-38.3,34.68,11.08,0.18
68626,110068626,110001072,"2023-12-14","09:52:00",0.687,0.2061,0,300,1,1,"D",2,5,NA,NA,51.66126,2.651045,191.04,12.4,7.46,1018.75,NA,300.68,7.82,-41.5,34.69,11.1,0.18
68627,110068627,110001072,"2023-12-14","09:54:00",0.768,0.2304,0,300,1,1,"D",2,5,NA,NA,51.654845,2.64912,191.21,12.6,7.47,1018.86,NA,118.71,3.81,-39.8,34.7,11.11,0.18
68628,110068628,110001072,"2023-12-14","09:56:00",0.732,0.2196,0,300,1,1,"D",2,5,NA,NA,51.648145,2.6482,179.39,12.1,7.61,1018.89,NA,302.94,6.96,-38.8,34.71,11.13,0.18
68629,110068629,110001072,"2023-12-14","09:58:00",0.702,0.2106,1,300,1,1,"D",2,5,NA,NA,51.641955,2.650015,160.2,11.7,7.68,1019.15,NA,321.41,7.06,-36.3,34.73,11.15,0.24
68630,110068630,110001072,"2023-12-14","10:00:00",0.695,0.2085,0,300,1,1,"D",2,5,NA,NA,51.636575,2.65506,135.66,11.4,7.7,1019.2,NA,303.78,6.99,-39.8,34.74,11.16,0.24
68631,110068631,110001072,"2023-12-14","10:02:00",0.683,0.2049,0,300,1,1,"D",2,5,NA,NA,51.63166,2.661125,135.6,11.1,7.56,1019.21,NA,302.95,7.73,-38.7,34.74,11.16,0.3
68632,110068632,110001072,"2023-12-14","10:04:00",0.681,0.2043,0,300,1,1,"D",2,5,NA,NA,51.62689,2.667315,134.62,11.4,7.7,1019.2,NA,293.32,2.49,-35.6,34.73,11.15,0.18
68633,110068633,110001072,"2023-12-14","10:06:00",0.719,0.2157,0,300,1,1,"D",2,5,NA,NA,51.622255,2.67415,127.66,11.1,7.62,1019.17,NA,312.29,6.28,-28.7,34.73,11.15,0.3
68634,110068634,110001072,"2023-12-14","10:08:00",0.594,0.1782,0,300,1,1,"D",2,5,NA,NA,51.618255,2.681105,129.18,10.6,7.89,1019.22,NA,304.1,4.3,-20.9,34.73,11.15,0.3
68635,110068635,110001072,"2023-12-14","10:10:00",0.657,0.1971,0,300,1,1,"D",2,5,NA,NA,51.614695,2.6881,121.88,10.5,7.81,1019.24,NA,301.16,3.04,-20.3,34.73,11.15,0.24
68636,110068636,110001072,"2023-12-14","10:12:00",0.671,0.2013,0,300,1,1,"D",2,5,NA,NA,51.61082,2.695395,120.41,10.8,7.77,1019.22,NA,287.78,4.1,-27.9,34.73,11.14,0.36
68637,110068637,110001072,"2023-12-14","10:14:00",0.734,0.2202,0,300,1,1,"D",2,5,NA,NA,51.60658,2.702915,125.66,11.1,7.91,1019.24,NA,304.02,4.28,-36,34.72,11.13,0.24
68638,110068638,110001072,"2023-12-14","10:16:00",0.643,0.1929,0,300,1,1,"D",2,5,NA,NA,51.60239,2.710235,124.86,11.1,7.69,1019.26,NA,300.54,7.39,-40.8,34.72,11.11,0.3
68639,110068639,110001072,"2023-12-14","10:18:00",0.676,0.2028,0,300,1,1,"D",2,5,NA,NA,51.59839,2.71727,124.95,10.8,7.64,1019.24,NA,311.15,7.16,-45.7,34.72,11.11,0.3
68640,110068640,110001072,"2023-12-14","10:20:00",0.685,0.2055,0,300,1,1,"D",2,5,NA,NA,51.594205,2.72444,125.81,10.9,7.7,1019.3,NA,298.48,4.48,-41.8,34.7,11.08,0.3
68641,110068641,110001072,"2023-12-14","10:22:00",0.741,0.2223,0,300,1,1,"D",2,5,NA,NA,51.58964,2.73167,130.56,11,7.7,1019.33,NA,307.8,6.02,-38.6,34.65,11.02,0.3
68642,110068642,110001072,"2023-12-14","10:24:00",0.669,0.2007,0,300,1,1,"D",2,5,NA,NA,51.585015,2.738635,130.2,11,7.75,1019.37,NA,304.96,4.81,-36.1,34.62,10.99,0.3
68643,110068643,110001072,"2023-12-14","10:26:00",0.677,0.2031,0,300,1,1,"D",2,5,NA,NA,51.580615,2.74531,130.28,11.3,7.97,1019.45,NA,315.65,4.28,-30.3,34.6,10.97,0.3
68644,110068644,110001072,"2023-12-14","10:28:00",0.634,0.1902,0,300,1,1,"D",2,5,NA,NA,51.57636,2.751865,130.54,10.9,7.89,1019.38,NA,286.91,4.14,-22.8,34.59,10.96,0.24
68645,110068645,110001072,"2023-12-14","10:30:00",0.681,0.2043,0,300,1,1,"D",2,5,NA,NA,51.57207,2.758395,129.78,11,7.63,1019.39,NA,299.29,7.93,-14.5,34.59,10.97,0.24
68646,110068646,110001072,"2023-12-14","10:32:00",0.718,0.2154,0,300,1,1,"D",2,5,NA,NA,51.567495,2.76532,129.41,11.4,7.69,1019.39,NA,282.15,3.27,-32.2,34.62,11,0.24
68647,110068647,110001072,"2023-12-14","10:34:00",0.674,0.2022,0,300,1,1,"D",2,5,NA,NA,51.56298,2.772275,129.49,11.2,7.68,1019.39,NA,306.36,7.51,-33.4,34.65,11.04,0.3
68648,110068648,110001072,"2023-12-14","10:36:00",0.678,0.2034,0,300,1,1,"D",2,5,NA,NA,51.55863,2.779085,130.75,11,7.67,1019.4,NA,292.05,4.26,-33.1,34.66,11.05,0.3
68649,110068649,110001072,"2023-12-14","10:38:00",0.693,0.2079,0,300,1,1,"D",2,5,NA,NA,51.554235,2.78602,129.97,11.1,7.71,1019.39,NA,313.95,7.57,-32.9,34.65,11.03,0.36
68650,110068650,110001072,"2023-12-14","10:40:00",0.684,0.2052,0,300,1,1,"D",2,5,NA,NA,51.54987,2.79307,130.08,11.1,7.82,1019.41,NA,316.72,6.54,-33.6,34.63,11,0.24
68651,110068651,110001072,"2023-12-14","10:42:00",0.728,0.2184,0,300,1,1,"D",2,5,NA,NA,51.545535,2.80051,127.52,11,7.89,1019.35,NA,317.75,7.52,-30.7,34.55,10.9,0.24
68652,110068652,110001072,"2023-12-14","10:44:00",0.676,0.2028,0,300,1,1,"D",2,5,NA,NA,51.5413,2.808025,127.86,11.1,7.81,1019.46,NA,309.67,5.48,-30.2,34.47,10.8,0.36
68653,110068653,110001072,"2023-12-14","10:46:00",0.68,0.204,0,300,1,1,"D",2,5,NA,NA,51.537175,2.81523,127.52,11.3,7.9,1019.52,NA,301.09,7.87,-34.1,34.43,10.76,0.3
68654,110068654,110001072,"2023-12-14","10:48:00",0.651,0.1953,0,300,1,1,"D",2,5,NA,NA,51.533155,2.822335,127.03,11,7.77,1019.31,NA,300.69,4.07,-32.5,34.43,10.77,0.3
68655,110068655,110001072,"2023-12-14","10:50:00",0.734,0.2202,0,300,1,1,"D",2,5,NA,NA,51.52901,2.82979,127.49,10.9,7.79,1019.45,NA,318.05,6.79,-28.9,34.42,10.74,0.3
68656,110068656,110001072,"2023-12-14","10:52:00",0.66,0.198,0,300,1,1,"D",2,5,NA,NA,51.52484,2.8373,127.63,11.1,7.8,1019.42,NA,296.81,5.87,-27.5,34.39,10.67,0.3
68657,110068657,110001072,"2023-12-14","10:54:00",0.733,0.2199,0,300,1,1,"D",2,5,NA,NA,51.520685,2.84482,127.56,11.5,7.93,1019.44,NA,312.26,5.78,-27.6,34.36,10.59,0.3
68658,110068658,110001072,"2023-12-14","10:56:00",0.648,0.1944,0,300,1,1,"D",2,5,NA,NA,51.51659,2.85231,126.7,11.5,7.89,1019.57,NA,302.23,5.52,-24.7,34.35,10.55,0.3
68659,110068659,110001072,"2023-12-14","10:58:00",0.745,0.2235,0,300,1,1,"D",2,5,NA,NA,51.5125,2.859915,127.19,11.2,7.82,1019.47,NA,308.56,7.87,-20.9,34.33,10.55,0.3
68660,110068660,110001072,"2023-12-14","11:00:00",0.64,0.192,0,300,1,1,"D",2,5,NA,NA,51.508445,2.86749,126.66,11.4,7.77,1019.52,NA,302.66,7.34,-21.4,34.33,10.55,0.3
68661,110068661,110001072,"2023-12-14","11:02:00",0.695,0.2085,0,300,1,1,"D",2,5,NA,NA,51.50449,2.874725,127.26,11.6,7.93,1019.46,NA,303.6,6.72,-29.2,34.33,10.56,0.3
68662,110068662,110001072,"2023-12-14","11:04:00",0.697,0.2091,0,300,1,1,"D",2,5,NA,NA,51.499965,2.881605,135.22,11.3,8.01,1019.43,NA,294.08,3.53,-30.9,34.34,10.56,0.3
68663,110068663,110001072,"2023-12-14","11:06:00",0.723,0.2169,0,300,1,1,"D",2,5,NA,NA,51.49484,2.88769,144.6,11.3,7.93,1019.45,NA,301.57,7.12,-32.6,34.28,10.49,0.36
68664,110068664,110001072,"2023-12-14","11:08:00",0.67,0.201,0,300,1,1,"D",2,5,NA,NA,51.489645,2.89328,145.88,11.1,7.82,1019.5,NA,295.89,2.81,-30.6,34.21,10.39,0.36
68665,110068665,110001072,"2023-12-14","11:10:00",0.686,0.2058,0,300,1,1,"D",2,5,NA,NA,51.4845,2.898505,147.46,10.9,7.87,1019.56,NA,306.85,8.45,-28.9,34.18,10.31,0.3
68666,110068666,110001072,"2023-12-14","11:12:00",0.756,0.2268,0,300,1,1,"D",2,5,NA,NA,51.47897,2.90392,147.74,11.3,7.85,1019.6,NA,289.02,2.01,-26,34.16,10.25,0.3
68667,110068667,110001072,"2023-12-14","11:14:00",0.656,0.1968,0,300,1,1,"D",2,5,NA,NA,51.47356,2.90924,147.2,11.6,7.75,1019.53,NA,308.95,8.27,-23.8,34.15,10.29,0.36
68668,110068668,110001072,"2023-12-14","11:16:00",0.69,0.207,0,300,1,1,"D",2,5,NA,NA,51.46853,2.91462,148.22,10.9,7.78,1019.57,NA,307.58,6.75,-22.2,34.13,10.25,0.36
68669,110068669,110001072,"2023-12-14","11:18:00",0.75,0.225,0,300,1,1,"D",2,5,NA,NA,51.46346,2.921055,139.72,11.5,7.84,1019.58,NA,299.92,4.77,-29,34.04,10.08,0.36
68670,110068670,110001072,"2023-12-14","11:20:00",0.669,0.2007,0,300,1,1,"D",2,5,NA,NA,51.458755,2.927955,135.25,11.3,7.77,1019.57,NA,316.16,5.76,-29.2,33.97,9.98,0.36
68671,110068671,110001072,"2023-12-14","11:22:00",0.696,0.2088,0,300,1,1,"D",2,5,NA,NA,51.45454,2.93509,131.75,10.8,7.91,1019.52,NA,307.56,5.77,-29.4,33.49,9.33,0.36
68672,110068672,110001072,"2023-12-14","11:24:00",0.655,0.1965,0,300,1,1,"D",2,5,NA,NA,51.45056,2.94244,128.96,10.9,7.92,1019.53,NA,312.66,7.56,-27.1,33.03,8.96,0.42
68673,110068673,110001072,"2023-12-14","11:26:00",0.61,0.183,0,300,1,1,"D",2,5,NA,NA,51.446845,2.949345,128.9,10.7,7.92,1019.51,NA,290.48,4.8,-21.2,33.3,9.28,0.42
68674,110068674,110001072,"2023-12-14","11:28:00",0.622,0.1866,0,300,1,1,"D",2,5,NA,NA,51.4432,2.95603,128.61,10.3,8.01,1019.57,NA,311.49,5.36,-18.5,33.32,9.32,0.42
68675,110068675,110001073,"2023-12-15","07:38:00",0.642,0.1926,0,300,1,1,"D",1,3,NA,NA,51.5369,3.080855,342.03,10,10.65,1030.79,NA,264.52,5.21,-27.4,33.15,9.15,0.48
68676,110068676,110001073,"2023-12-15","07:40:00",0.282,0.0846,0,300,1,1,"D",1,3,NA,NA,51.54023,3.07696,320.89,10.2,10.58,1031.39,NA,44.54,6.2,-27.4,33.31,9.28,0.42
68677,110068677,110001073,"2023-12-15","07:41:00",0.655,0.1965,0,300,1,1,"D",1,3,NA,NA,51.54316,3.0721,315.38,10.5,10.53,1031.51,NA,45.98,6.64,-29.5,33.33,9.28,0.42
68678,110068678,110001073,"2023-12-15","07:43:00",0.641,0.1923,0,300,1,1,"D",1,3,NA,NA,51.547205,3.06537,317.76,10.6,10.54,1031.32,NA,278.78,3.33,-30.7,33.38,9.36,0.36
68679,110068679,110001073,"2023-12-15","07:45:00",0.699,0.2097,0,300,1,1,"D",1,3,NA,NA,51.55136,3.05837,316.93,10.6,10.54,1031.3,NA,29.91,4.75,-22.5,33.51,9.5,0.42
68680,110068680,110001073,"2023-12-15","07:47:00",0.605,0.1815,0,300,1,1,"D",1,3,NA,NA,51.5554,3.051545,316.7,10.5,10.53,1031.61,NA,48.91,5.97,-19.2,33.7,9.68,0.3
68681,110068681,110001073,"2023-12-15","07:49:00",0.639,0.1917,0,300,1,1,"D",1,3,NA,NA,51.559245,3.045025,317.03,10.6,10.58,1031.73,NA,287.82,3.12,-22.8,33.87,9.87,0.3
68682,110068682,110001073,"2023-12-15","07:51:00",0.659,0.1977,0,300,1,1,"D",1,3,NA,NA,51.563265,3.03824,317.64,10.5,10.6,1031.76,NA,328.49,5.42,-32.1,33.95,9.95,0.3
68683,110068683,110001073,"2023-12-15","07:53:00",0.656,0.1968,0,300,1,1,"D",1,3,NA,NA,51.567335,3.03136,318.86,10.5,10.66,1031.67,NA,40.27,6.59,-33.3,33.98,9.99,0.24
68684,110068684,110001073,"2023-12-15","07:55:00",0.648,0.1944,0,300,1,1,"D",1,3,NA,NA,51.571375,3.02454,319.95,10.2,10.67,1031.82,NA,48,6.09,-20.4,34.1,10.15,0.3
68685,110068685,110001073,"2023-12-15","07:57:00",0.59,0.177,0,300,1,1,"D",1,3,NA,NA,51.575215,3.01807,319.25,10.1,10.66,1031.69,NA,38.89,5.1,-15.5,34.17,10.26,0.3
68686,110068686,110001073,"2023-12-15","07:59:00",0.666,0.1998,0,300,1,1,"D",1,3,NA,NA,51.57911,3.011505,318.47,10.3,10.66,1031.82,NA,275.5,3.49,-15.1,34.17,10.3,0.24
68687,110068687,110001073,"2023-12-15","08:01:00",0.612,0.1836,0,300,1,1,"D",1,3,NA,NA,51.583075,3.00483,317.15,10.4,10.66,1031.72,NA,45.58,4.96,-22.5,34.18,10.33,0.3
68688,110068688,110001073,"2023-12-15","08:03:00",0.699,0.2097,0,300,1,1,"D",1,3,NA,NA,51.587135,2.99797,318.21,10.4,10.64,1031.83,NA,275.05,2.75,-25.6,34.21,10.37,0.3
68689,110068689,110001073,"2023-12-15","08:05:00",0.603,0.1809,0,300,1,1,"D",1,3,NA,NA,51.59116,2.99114,317.95,10.5,10.65,1032,NA,54.42,5.94,-28.1,34.28,10.46,0.36
68690,110068690,110001073,"2023-12-15","08:07:00",0.631,0.1893,0,300,1,1,"D",1,3,NA,NA,51.594985,2.98468,318.89,10.4,10.7,1031.83,NA,29.53,6.76,-31.3,34.35,10.52,0.36
68691,110068691,110001073,"2023-12-15","08:09:00",0.674,0.2022,0,300,1,1,"D",1,3,NA,NA,51.599035,2.97786,318.31,10.3,10.72,1031.99,NA,40.04,8.38,-30.9,34.3,10.45,0.36
68692,110068692,110001073,"2023-12-15","08:11:00",0.614,0.1842,0,300,1,1,"D",1,3,NA,NA,51.603035,2.97113,320.48,10.3,10.72,1031.97,NA,52.49,6.52,-31.6,34.28,10.43,0.3
68693,110068693,110001073,"2023-12-15","08:13:00",0.615,0.1845,0,300,1,1,"D",1,3,NA,NA,51.60685,2.964705,320.13,10.3,10.71,1031.83,NA,41.6,5.61,-35.1,34.28,10.43,NA
68694,110068694,110001073,"2023-12-15","08:15:00",0.634,0.1902,0,300,1,1,"D",1,3,NA,NA,51.61072,2.958165,319.37,10.3,10.73,1031.98,NA,46.98,6.54,-30.5,34.28,10.42,NA
68695,110068695,110001073,"2023-12-15","08:17:00",0.628,0.1884,0,300,1,1,"D",1,3,NA,NA,51.614635,2.95156,320.11,10.3,10.73,1031.87,NA,278.12,3.04,-30.9,34.29,10.41,0.3
68696,110068696,110001073,"2023-12-15","08:19:00",0.648,0.1944,0,300,1,1,"D",1,3,NA,NA,51.61858,2.944865,319.74,10.3,10.69,1031.89,NA,250.99,2.69,-35.2,34.32,10.43,0.24
68697,110068697,110001073,"2023-12-15","08:21:00",0.621,0.1863,0,300,1,1,"D",1,3,NA,NA,51.621945,2.937545,320.3,10.2,10.68,1031.96,NA,47.42,5.11,-26.3,34.35,10.49,0.24
68698,110068698,110001073,"2023-12-15","08:23:00",0.655,0.1965,0,300,1,1,"D",1,3,NA,NA,51.625235,2.930045,306.46,10.3,10.71,1032.01,NA,42.04,6.05,-21.9,34.37,10.54,0.24
68699,110068699,110001073,"2023-12-15","08:25:00",0.6,0.18,0,300,1,1,"D",1,3,NA,NA,51.628985,2.92327,319.07,10,10.71,1032.11,NA,292.39,2.66,-22.3,34.39,10.58,NA
68700,110068700,110001073,"2023-12-15","08:27:00",0.614,0.1842,0,300,1,1,"D",1,3,NA,NA,51.63267,2.916795,319.65,10.2,10.7,1031.84,NA,282.12,2.06,-24.5,34.4,10.63,NA
68701,110068701,110001073,"2023-12-15","08:29:00",0.637,0.1911,0,300,1,1,"D",1,3,NA,NA,51.636475,2.910125,319.76,10.3,10.7,1031.88,NA,270.99,4.09,-26.2,34.47,10.76,NA
68702,110068702,110001073,"2023-12-15","08:31:00",0.626,0.1878,0,300,1,1,"D",1,3,NA,NA,51.640305,2.90338,319.68,10.3,10.71,1031.89,NA,265.18,4.15,-28.6,34.55,10.85,NA
68703,110068703,110001073,"2023-12-15","08:33:00",0.669,0.2007,0,300,1,1,"D",1,3,NA,NA,51.644115,2.8963,316.77,10.3,10.72,1032.02,NA,265.88,3.21,-30,34.59,10.91,NA
68704,110068704,110001073,"2023-12-15","08:35:00",0.646,0.1938,0,300,1,1,"D",1,3,NA,NA,51.647905,2.889,318.06,10.2,10.69,1032.18,NA,35.79,5.94,-32.2,34.59,10.9,0.24
68705,110068705,110001073,"2023-12-15","08:37:00",0.57,0.171,0,300,1,1,"D",1,3,NA,NA,51.651425,2.88227,318.77,10.2,10.65,1032.04,NA,34.55,6.48,-33.3,34.55,10.86,0.24
68706,110068706,110001073,"2023-12-15","08:39:00",0.631,0.1893,0,300,1,1,"D",1,3,NA,NA,51.654905,2.875625,318.18,10.2,10.6,1032.07,NA,278.39,3.85,-34.8,34.52,10.82,0.36
68707,110068707,110001073,"2023-12-15","08:41:00",0.624,0.1872,0,300,1,1,"D",1,3,NA,NA,51.65853,2.86867,318.46,10.1,10.59,1032.27,NA,30.3,5.54,-30.1,34.5,10.81,NA
68708,110068708,110001073,"2023-12-15","08:43:00",0.616,0.1848,0,300,1,1,"D",1,3,NA,NA,51.66215,2.86185,318.55,10.1,10.57,1032.26,NA,281.77,2.7,-28.6,34.51,10.81,NA
68709,110068709,110001073,"2023-12-15","08:45:00",0.813,0.2439,0,300,1,1,"D",1,3,NA,NA,51.666405,2.854105,320.12,10,10.56,1032.24,NA,283.57,3.58,-31.3,34.51,10.82,NA
68710,110068710,110001073,"2023-12-15","08:47:00",0.431,0.1293,0,300,1,1,"D",1,3,NA,NA,51.67014,2.84741,321.97,9.9,10.51,1032.49,NA,273.29,4.87,-33.2,34.53,10.86,0.3
68711,110068711,110001073,"2023-12-15","08:49:00",0.608,0.1824,0,300,1,1,"D",1,3,NA,NA,51.673265,2.841825,319.6,10,10.39,1032.44,NA,269.88,3.79,-32.2,34.56,10.88,0.3
68712,110068712,110001073,"2023-12-15","08:51:00",0.641,0.1923,0,300,1,1,"D",1,3,NA,NA,51.67701,2.83509,320.57,9.9,10.33,1032.24,NA,252.65,3.97,-38.5,34.59,10.92,0.18
68713,110068713,110001073,"2023-12-15","08:53:00",0.587,0.1761,0,300,1,1,"D",1,3,NA,NA,51.68069,2.82846,320.18,9.9,10.18,1032.01,NA,262.28,5.81,-35.1,34.62,10.94,0.24
68714,110068714,110001073,"2023-12-15","08:55:00",0.658,0.1974,0,300,1,1,"D",1,3,NA,NA,51.68443,2.82175,320.86,9.9,10.18,1032.5,NA,287.28,3.56,-32.3,34.64,10.97,0.3
68715,110068715,110001073,"2023-12-15","08:57:00",0.575,0.1725,0,300,1,1,"D",1,3,NA,NA,51.688145,2.81512,320.42,10,10.18,1032.42,NA,282.21,4.37,-25.1,34.65,10.99,0.24
68716,110068716,110001073,"2023-12-15","08:59:00",0.628,0.1884,0,300,1,1,"D",1,3,NA,NA,51.69178,2.808665,322.08,10.1,10.15,1032.48,NA,273.02,5.34,-20.7,34.66,11,0.24
68717,110068717,110001073,"2023-12-15","09:01:00",0.62,0.186,0,300,1,1,"D",1,3,NA,NA,51.695545,2.80196,320.73,10.1,10.15,1032.46,NA,286.2,4.7,-29.1,34.67,11,0.24
68718,110068718,110001073,"2023-12-15","09:03:00",0.622,0.1866,0,300,1,1,"D",1,3,NA,NA,51.699175,2.795125,319.2,10.1,10.17,1032.71,NA,40.5,5.87,-30.1,34.69,11.03,0.24
68719,110068719,110001073,"2023-12-15","09:05:00",0.643,0.1929,0,300,1,1,"D",1,3,NA,NA,51.70279,2.788055,318.92,10.2,10.14,1032.47,NA,26.84,5.99,-34.4,34.69,11.03,0.24
68720,110068720,110001073,"2023-12-15","09:07:00",0.62,0.186,0,300,1,1,"D",1,3,NA,NA,51.70643,2.781035,317.7,10.1,10.17,1032.87,NA,30.56,8.1,-36.1,34.68,11.01,0.24
68721,110068721,110001073,"2023-12-15","09:09:00",0.323,0.0969,0,300,1,1,"D",1,3,NA,NA,51.70897,2.775585,316.13,10,10.17,1032.74,NA,298.56,4.64,-37.6,34.65,10.98,0.24
68722,110068722,110001073,"2023-12-15","09:10:00",0.643,0.1929,1,300,1,1,"D",1,3,NA,NA,51.709365,2.768955,296.4,10.2,10.16,1033.23,NA,302.93,4.78,-37.5,34.63,10.96,0.24
68723,110068723,110001073,"2023-12-15","09:12:00",0.693,0.2079,0,300,1,1,"D",1,3,NA,NA,51.70783,2.759685,263.98,11.4,10.13,1033.14,NA,297.91,4.02,-30.1,34.6,10.95,0.18
68724,110068724,110001073,"2023-12-15","09:14:00",0.742,0.2226,0,300,1,1,"D",1,3,NA,NA,51.704585,2.75082,238.97,11.8,10.1,1032.74,NA,60.41,15.79,-37.7,34.61,10.96,0.24
68725,110068725,110001073,"2023-12-15","09:16:00",0.741,0.2223,0,300,1,1,"D",1,3,NA,NA,51.70048,2.742355,237.54,12.1,10.12,1032.51,NA,286.36,4.78,-38.3,34.62,10.98,0.18
68726,110068726,110001073,"2023-12-15","09:18:00",0.728,0.2184,0,300,1,1,"D",1,3,NA,NA,51.696145,2.73435,235.76,12.1,10.11,1032.7,NA,306.61,6.3,-35.1,34.65,11.01,0.24
68727,110068727,110001073,"2023-12-15","09:20:00",0.675,0.2025,1,300,1,1,"D",1,3,NA,NA,51.69086,2.731395,192.14,11.7,10.11,1033.4,NA,290.25,5.33,-37,34.67,11.02,0.24
68728,110068728,110001073,"2023-12-15","09:22:00",0.72,0.216,0,300,1,1,"D",1,3,NA,NA,51.684795,2.73381,152.56,11.3,10.16,1033.72,NA,72.62,1.53,-31.9,34.67,11.02,0.24
68729,110068729,110001073,"2023-12-15","09:24:00",0.717,0.2151,0,300,1,1,"D",1,3,NA,NA,51.678905,2.73795,151.54,11.5,10.08,1033.6,NA,281.17,5.6,-35.8,34.65,11.02,0.24
68730,110068730,110001073,"2023-12-15","09:26:00",0.645,0.1935,0,300,1,1,"D",1,3,NA,NA,51.67384,2.74342,130.76,10.8,10.11,1033.76,NA,289.49,2.21,-36.2,34.66,11.01,0.3
68731,110068731,110001073,"2023-12-15","09:28:00",0.647,0.1941,0,300,1,1,"D",1,3,NA,NA,51.66931,2.74927,133.12,11.1,10.11,1033.88,NA,330.75,1.47,-35.1,34.68,11.04,0.24
68732,110068732,110001073,"2023-12-15","09:30:00",0.725,0.2175,0,300,1,1,"D",1,3,NA,NA,51.664465,2.755415,133.6,11,10.14,1033.82,NA,295.24,4.49,-35.2,34.71,11.06,0.24
68733,110068733,110001073,"2023-12-15","09:32:00",0.616,0.1848,0,300,1,1,"D",1,3,NA,NA,51.659945,2.76181,131.01,11,10.18,1033.89,NA,289.32,7.74,-35.3,34.71,11.06,0.24
68734,110068734,110001073,"2023-12-15","09:34:00",0.652,0.1956,0,300,1,1,"D",1,3,NA,NA,51.65617,2.768665,124.14,10.6,10.18,1033.98,NA,294.79,3.2,-37.8,34.71,11.04,0.3
68735,110068735,110001073,"2023-12-15","09:36:00",0.6,0.18,1,300,1,1,"D",1,3,NA,NA,51.65411,2.77669,93.78,9.6,10.32,1033.89,NA,305.76,8.13,-28.7,34.7,11.03,0.36
68736,110068736,110001073,"2023-12-15","09:38:00",0.601,0.1803,0,300,1,1,"D",1,3,NA,NA,51.6521,2.784305,99.56,9.5,10.22,1034.06,NA,287.24,5.67,-27.9,34.69,11.01,0.3
68737,110068737,110001073,"2023-12-15","09:40:00",0.607,0.1821,0,300,1,1,"D",1,3,NA,NA,51.64849,2.79083,124.98,10.4,10.2,1034.13,NA,285.9,2.66,-23.6,34.67,10.99,0.24
68738,110068738,110001073,"2023-12-15","09:42:00",0.613,0.1839,0,300,1,1,"D",1,3,NA,NA,51.64479,2.797345,121.58,10.2,10.2,1034.17,NA,318.7,3.59,-21.6,34.64,10.96,NA
68739,110068739,110001073,"2023-12-15","09:44:00",0.665,0.1995,0,300,1,1,"D",1,3,NA,NA,51.640935,2.804205,121.18,10.1,10.22,1034.11,NA,308.41,3.7,-21.6,34.62,10.94,NA
68740,110068740,110001073,"2023-12-15","09:46:00",0.614,0.1842,0,300,1,1,"D",1,3,NA,NA,51.637055,2.811035,121.6,10.4,10.24,1034.12,NA,285.86,4.19,-31,34.6,10.91,NA
68741,110068741,110001073,"2023-12-15","09:48:00",0.692,0.2076,0,300,1,1,"D",1,3,NA,NA,51.632515,2.81688,122.36,10.7,10.24,1034.26,NA,303.75,5.53,-37.2,34.57,10.88,NA
68742,110068742,110001073,"2023-12-15","09:50:00",0.3,0.09,1,300,1,1,"D",1,3,NA,NA,51.62852,2.819735,169.49,11.3,10.28,1034.23,NA,42.03,4.06,-37.6,34.53,10.84,0.3
68743,110068743,110001073,"2023-12-15","09:51:00",0.628,0.1884,1,300,1,1,"D",1,3,NA,NA,51.625115,2.82308,151.73,11.2,10.29,1034.34,NA,307.39,6.19,-39,34.52,10.84,0.3
68744,110068744,110001073,"2023-12-15","09:53:00",0.639,0.1917,0,300,1,1,"D",1,3,NA,NA,51.621105,2.82957,119.82,10.3,10.35,1034.5,NA,308.67,5.33,-36.5,34.54,10.86,0.24
68745,110068745,110001073,"2023-12-15","09:55:00",0.645,0.1935,0,300,1,1,"D",1,3,NA,NA,51.617245,2.836475,121.09,10.4,10.34,1034.56,NA,291.09,4.27,-30.5,34.55,10.87,0.3
68746,110068746,110001073,"2023-12-15","09:57:00",0.639,0.1917,0,300,1,1,"D",1,3,NA,NA,51.613395,2.84339,124.49,10.5,10.42,1034.59,NA,310.47,5.24,-33.1,34.59,10.91,0.3
68747,110068747,110001073,"2023-12-15","09:59:00",0.662,0.1986,0,300,1,1,"D",1,3,NA,NA,51.609465,2.85035,122.19,10.5,10.36,1034.61,NA,297.68,4.71,-31.3,34.62,10.94,0.24
68748,110068748,110001073,"2023-12-15","10:01:00",0.667,0.2001,0,300,1,1,"D",1,3,NA,NA,51.60544,2.85745,123.58,10.7,10.37,1034.68,NA,313.77,6.77,-27.1,34.63,10.95,0.24
68749,110068749,110001073,"2023-12-15","10:03:00",0.653,0.1959,0,300,1,1,"D",1,3,NA,NA,51.60143,2.86448,123.4,10.6,10.45,1034.72,NA,285.84,3.99,-23.7,34.61,10.92,0.24
68750,110068750,110001073,"2023-12-15","10:05:00",0.647,0.1941,0,300,1,1,"D",1,3,NA,NA,51.59747,2.87138,124.76,10.6,10.44,1034.78,NA,312.4,5.02,-24.1,34.58,10.89,0.24
68751,110068751,110001073,"2023-12-15","10:07:00",0.647,0.1941,0,300,1,1,"D",1,3,NA,NA,51.59346,2.878145,126.32,10.6,10.46,1034.8,NA,313.37,5.41,-26.7,34.53,10.82,0.3
68752,110068752,110001073,"2023-12-15","10:09:00",0.646,0.1938,0,300,1,1,"D",1,3,NA,NA,51.58942,2.88486,125.54,10.5,10.46,1034.74,NA,322.96,6.25,-35.5,34.45,10.68,0.24
68753,110068753,110001073,"2023-12-15","10:11:00",0.638,0.1914,0,300,1,1,"D",1,3,NA,NA,51.585425,2.89156,125.32,10.3,10.51,1034.73,NA,315.48,4.09,-36.2,34.38,10.54,0.24
68754,110068754,110001073,"2023-12-15","10:13:00",0.648,0.1944,0,300,1,1,"D",1,3,NA,NA,51.58141,2.898245,124.18,10.4,10.5,1034.7,NA,300.75,3.72,-33.9,34.34,10.46,0.3
68755,110068755,110001073,"2023-12-15","10:15:00",0.644,0.1932,0,300,1,1,"D",1,3,NA,NA,51.577375,2.90495,122.57,10.3,10.55,1034.84,NA,303.52,6.28,-32.9,34.31,10.42,0.3
68756,110068756,110001073,"2023-12-15","10:17:00",0.331,0.0993,0,300,1,1,"D",1,3,NA,NA,51.574365,2.91006,123.98,10.4,10.56,1034.89,NA,309.89,5.05,-31.5,34.29,10.42,0.3
68757,110068757,110001073,"2023-12-15","10:18:00",0.629,0.1887,0,300,1,1,"D",1,3,NA,NA,51.57139,2.91508,125.86,10.4,10.57,1034.82,NA,300.74,5.57,-31.3,34.29,10.42,0.3
68758,110068758,110001073,"2023-12-15","10:20:00",0.679,0.2037,0,300,1,1,"D",1,3,NA,NA,51.567325,2.92191,124.18,10.4,10.56,1034.93,NA,312.29,4.88,-29.7,34.28,10.43,0.3
68759,110068759,110001073,"2023-12-15","10:22:00",0.658,0.1974,0,300,1,1,"D",1,3,NA,NA,51.563175,2.9289,123.68,10.5,10.54,1034.88,NA,297.25,6.93,-28.5,34.27,10.43,0.3
68760,110068760,110001073,"2023-12-15","10:24:00",0.617,0.1851,0,300,1,1,"D",1,3,NA,NA,51.559195,2.93553,125.27,10.5,10.63,1034.82,NA,278.13,2.27,-26.3,34.29,10.45,0.36
68761,110068761,110001073,"2023-12-15","10:26:00",0.705,0.2115,0,300,1,1,"D",1,3,NA,NA,51.55507,2.942405,126.03,10.6,10.67,1034.83,NA,325.12,2.98,-27.2,34.33,10.5,0.3
68762,110068762,110001073,"2023-12-15","10:28:00",0.624,0.1872,0,300,1,1,"D",1,3,NA,NA,51.550935,2.94933,125.97,10.7,10.68,1034.9,NA,288.79,6.7,-24.6,34.32,10.5,0.3
68763,110068763,110001073,"2023-12-15","10:30:00",0.709,0.2127,0,300,1,1,"D",1,3,NA,NA,51.54679,2.956275,126.18,10.8,10.64,1034.85,NA,289.96,7.06,-21.4,34.29,10.46,0.3
68764,110068764,110001073,"2023-12-15","10:32:00",0.3,0.09,0,300,1,1,"D",1,3,NA,NA,51.54365,2.961525,126.26,10.9,10.66,1034.83,NA,325.89,2.94,-15.8,34.25,10.41,0.36
68765,110068765,110001073,"2023-12-15","10:33:00",0.646,0.1938,0,300,1,1,"D",1,3,NA,NA,51.540705,2.96645,123.9,10.7,10.67,1034.87,NA,289.14,6.77,-15.2,34.24,10.39,0.3
68766,110068766,110001073,"2023-12-15","10:35:00",0.666,0.1998,0,300,1,1,"D",1,3,NA,NA,51.53662,2.97328,127.27,10.9,10.7,1034.86,NA,326.93,4,-16.6,34.21,10.36,0.3
68767,110068767,110001073,"2023-12-15","10:37:00",0.638,0.1914,0,300,1,1,"D",1,3,NA,NA,51.53256,2.98006,128.11,10.6,10.7,1034.86,NA,320.46,4.07,-36.1,34.18,10.24,0.36
68768,110068768,110001073,"2023-12-15","10:39:00",0.635,0.1905,0,300,1,1,"D",1,3,NA,NA,51.5286,2.98669,123.29,10.3,10.69,1034.76,NA,344.82,4.19,-29.9,33.91,9.85,0.3
68769,110068769,110001073,"2023-12-15","10:41:00",0.65,0.195,0,300,1,1,"D",1,3,NA,NA,51.524615,2.99341,123.4,10.3,10.67,1034.73,NA,325.76,3.04,-27.9,33.88,9.88,0.36
68770,110068770,110001073,"2023-12-15","10:43:00",0.662,0.1986,0,300,1,1,"D",1,3,NA,NA,51.520535,3.00025,124.16,10.5,10.66,1034.73,NA,297.6,4.78,-27.1,33.87,10.12,2.18
68771,110068771,110001073,"2023-12-15","10:45:00",0.616,0.1848,0,300,1,1,"D",1,3,NA,NA,51.516435,3.0067,125.96,10.4,10.66,1034.72,NA,328.55,5.32,-26.5,33.7,9.62,0.36
68772,110068772,110001073,"2023-12-15","10:47:00",0.722,0.2166,1,300,1,1,"D",1,3,NA,NA,51.5112,3.010565,152.74,10.4,10.67,1034.82,NA,289.92,4.64,-27.3,33.42,9.3,0.36
68773,110068773,110001073,"2023-12-15","10:49:00",0.301,0.0903,0,300,1,1,"D",1,3,NA,NA,51.506665,3.01175,163.46,11.2,10.65,1034.77,NA,34.81,4.16,-27.4,33.41,9.3,0.42
68774,110068774,110001073,"2023-12-15","10:50:00",0.697,0.2091,0,300,1,1,"D",1,3,NA,NA,51.50224,3.012865,163.92,11.3,10.6,1034.69,NA,288.15,4.55,-27.7,33.35,9.25,0.36
68775,110068775,110001073,"2023-12-15","10:52:00",0.696,0.2088,0,300,1,1,"D",1,3,NA,NA,51.496235,3.01183,164.16,11.3,10.62,1034.79,NA,49.23,4.51,-28,33.29,9.24,0.42
68776,110068776,110001073,"2023-12-15","10:54:00",0.642,0.1926,0,300,1,1,"D",1,3,NA,NA,51.491405,3.006545,232.32,10.9,10.63,1034.43,NA,309.12,2.93,-28.5,33.3,9.22,0.48
68777,110068777,110001073,"2023-12-15","10:56:00",0.671,0.2013,0,300,1,1,"D",1,3,NA,NA,51.487475,2.99948,229.36,11,10.66,1034.28,NA,302.9,4.52,-30,33.33,9.28,0.42
68778,110068778,110001073,"2023-12-15","10:58:00",0.636,0.1908,0,300,1,1,"D",1,3,NA,NA,51.48389,2.992045,226.54,10.7,10.61,1034.26,NA,53.25,13.34,-29.6,32.69,8.75,0.42
68779,110068779,110001073,"2023-12-15","11:00:00",0.368,0.1104,0,300,1,1,"D",1,3,NA,NA,51.481925,2.98563,254.94,10.4,10.48,1034.36,NA,70,14.02,-29.7,32.63,8.67,0.48
68780,110068780,110001073,"2023-12-15","11:01:00",0.579,0.1737,1,300,1,1,"D",1,3,NA,NA,51.481705,2.978885,270.01,10.3,10.48,1034.49,NA,75.38,14.54,-29.8,32.54,8.61,0.42
68781,110068781,110001073,"2023-12-15","11:03:00",0.643,0.1929,0,300,1,1,"D",1,3,NA,NA,51.482345,2.970145,286.33,10.2,10.55,1034.73,NA,282.71,3.77,-28.6,33.11,9.15,0.42
68782,110068782,110001073,"2023-12-15","11:05:00",0.286,0.0858,0,300,1,1,"D",1,3,NA,NA,51.48317,2.96359,286.81,10.1,10.51,1034.77,NA,295.8,4.3,-27.4,33.54,9.49,0.36
68783,110068783,110001073,"2023-12-15","11:45:00",0.587,0.1761,0,300,1,1,"D",1,3,NA,NA,51.491305,2.94542,319.61,8.7,10.24,1034.37,NA,297.12,7.25,-22.8,33.62,9.52,0.36
68784,110068784,110001073,"2023-12-15","11:47:00",0.551,0.1653,0,300,1,1,"D",1,3,NA,NA,51.49496,2.93968,316.94,9.1,10.24,1034.41,NA,288.36,5.99,-28.5,33.97,10.04,0.3
68785,110068785,110001073,"2023-12-15","11:49:00",0.575,0.1725,0,300,1,1,"D",1,3,NA,NA,51.49847,2.93383,317.7,9.2,10.21,1033.97,NA,286.16,5.98,-29.1,34.07,10.1,0.3
68786,110068786,110001073,"2023-12-15","11:51:00",0.568,0.1704,0,300,1,1,"D",1,3,NA,NA,51.502035,2.927895,316.48,9.4,10.19,1034.18,NA,280.24,6.46,-31.3,34.13,10.24,0.3
68787,110068787,110001073,"2023-12-15","11:53:00",0.583,0.1749,0,300,1,1,"D",1,3,NA,NA,51.50561,2.921895,313.92,9.4,10.22,1034.52,NA,289.24,6.24,-33.8,34.19,10.34,0.3
68788,110068788,110001073,"2023-12-15","11:55:00",0.595,0.1785,0,300,1,1,"D",1,3,NA,NA,51.50925,2.915725,314.02,9.5,10.19,1034.56,NA,290.31,6.68,-37.4,34.28,10.46,0.3
68789,110068789,110001073,"2023-12-15","11:57:00",0.625,0.1875,0,300,1,1,"D",1,3,NA,NA,51.513025,2.90934,313.74,9.4,10.23,1034.5,NA,291.54,5.63,-32,34.38,10.57,0.3
68790,110068790,110001073,"2023-12-15","11:59:00",0.543,0.1629,0,300,1,1,"D",1,3,NA,NA,51.516655,2.90325,315.53,9.2,10.27,1034.71,NA,304.5,5.73,-18.9,34.35,10.51,0.24
68791,110068791,110001073,"2023-12-15","12:01:00",0.548,0.1644,0,300,1,1,"D",1,3,NA,NA,51.52005,2.897565,314.37,9.1,10.4,1034.83,NA,106.56,15.67,-20.4,34.31,10.45,0.3
68792,110068792,110001073,"2023-12-15","12:03:00",0.551,0.1653,0,300,1,1,"D",1,3,NA,NA,51.523465,2.89183,314.28,9.1,10.35,1034.85,NA,161.18,15.04,-21.8,34.3,10.43,0.3
68793,110068793,110001073,"2023-12-15","12:05:00",0.614,0.1842,0,300,1,1,"D",1,3,NA,NA,51.527075,2.88574,314.27,9.1,10.42,1034.76,NA,319.32,5.8,-21.9,34.3,10.42,0.36
68794,110068794,110001073,"2023-12-15","12:07:00",0.56,0.168,0,300,1,1,"D",1,3,NA,NA,51.530715,2.87961,314.23,9.2,10.48,1034.92,NA,315.84,5.7,-23.7,34.3,10.42,0.36
68795,110068795,110001073,"2023-12-15","12:09:00",0.53,0.159,0,300,1,1,"D",1,3,NA,NA,51.5341,2.87393,313.82,9.2,10.48,1034.56,NA,294.31,6.05,-25.5,34.3,10.42,0.36
68796,110068796,110001073,"2023-12-15","12:11:00",0.582,0.1746,0,300,1,1,"D",1,3,NA,NA,51.53755,2.86813,313.64,9.4,10.49,1034.62,NA,296.06,4.33,-27.3,34.32,10.43,0.3
68797,110068797,110001073,"2023-12-15","12:13:00",0.576,0.1728,0,300,1,1,"D",1,3,NA,NA,51.541155,2.8621,311.42,9.3,10.47,1034.23,NA,269.75,4.51,-30.6,34.33,10.44,0.3
68798,110068798,110001073,"2023-12-15","12:15:00",0.588,0.1764,0,300,1,1,"D",1,3,NA,NA,51.544765,2.856015,311.8,9.4,10.45,1034.38,NA,260.43,5.28,-32.7,34.34,10.48,0.24
68799,110068799,110001073,"2023-12-15","12:17:00",0.609,0.1827,0,300,1,1,"D",1,3,NA,NA,51.548465,2.84974,312.93,9.5,10.45,1034.17,NA,270.63,5.07,-33.9,34.36,10.52,0.3
68800,110068800,110001073,"2023-12-15","12:19:00",0.571,0.1713,0,300,1,1,"D",1,3,NA,NA,51.552135,2.843585,312.72,9.4,10.45,1034.34,NA,260.81,4.45,-34.8,34.38,10.58,0.24
68801,110068801,110001073,"2023-12-15","12:21:00",0.576,0.1728,0,300,1,1,"D",1,3,NA,NA,51.55571,2.83762,311.12,9.4,10.46,1034.24,NA,263.49,5.12,-35.5,34.44,10.71,0.24
68802,110068802,110001073,"2023-12-15","12:23:00",0.622,0.1866,0,300,1,1,"D",1,3,NA,NA,51.55943,2.83137,310.84,9.4,10.47,1034.42,NA,270.7,4.75,-36.4,34.51,10.81,0.3
68803,110068803,110001073,"2023-12-15","12:25:00",0.578,0.1734,0,300,1,1,"D",1,3,NA,NA,51.56316,2.82511,310.71,9.5,10.46,1034.33,NA,270.62,4.54,-33.2,34.56,10.87,0.3
68804,110068804,110001073,"2023-12-15","12:27:00",0.56,0.168,0,300,1,1,"D",1,3,NA,NA,51.56669,2.819165,310.5,9.5,10.46,1034.41,NA,277.97,4.94,-34,34.62,10.92,0.3
68805,110068805,110001073,"2023-12-15","12:29:00",0.614,0.1842,0,300,1,1,"D",1,3,NA,NA,51.57032,2.813015,310.38,9.4,10.47,1034.25,NA,259.42,5.45,-33.4,34.65,10.95,0.3
68806,110068806,110001073,"2023-12-15","12:31:00",0.548,0.1644,0,300,1,1,"D",1,3,NA,NA,51.573925,2.80694,310.22,9.4,10.49,1034.26,NA,257.54,5.22,-29.7,34.65,10.95,0.24
68807,110068807,110001073,"2023-12-15","12:33:00",0.592,0.1776,0,300,1,1,"D",1,3,NA,NA,51.577465,2.800985,309.41,9.3,10.5,1034.2,NA,257.88,6.12,-31.8,34.62,10.92,0.3
68808,110068808,110001073,"2023-12-15","12:35:00",0.581,0.1743,0,300,1,1,"D",1,3,NA,NA,51.5811,2.79485,309,9.4,10.5,1034.28,NA,264.32,4.79,-34.1,34.59,10.89,0.3
68809,110068809,110001073,"2023-12-15","12:37:00",0.595,0.1785,0,300,1,1,"D",1,3,NA,NA,51.584755,2.788715,310.62,9.4,10.51,1034.28,NA,263.95,6.28,-33.1,34.55,10.85,0.24
68810,110068810,110001073,"2023-12-15","12:39:00",0.563,0.1689,0,300,1,1,"D",1,3,NA,NA,51.58836,2.782685,309.35,9.4,10.51,1034.18,NA,264.52,5.4,-35.8,34.53,10.83,0.24
68811,110068811,110001073,"2023-12-15","12:41:00",0.61,0.183,0,300,1,1,"D",1,3,NA,NA,51.592,2.77656,308.98,9.5,10.51,1034.35,NA,271.24,6.06,-36.3,34.55,10.86,0.24
68812,110068812,110001073,"2023-12-15","12:43:00",0.53,0.159,0,300,1,1,"D",1,3,NA,NA,51.59554,2.770605,308.46,9.2,10.54,1034.35,NA,273,5.92,-22.3,34.58,10.88,0.3
68813,110068813,110001073,"2023-12-15","12:45:00",0.574,0.1722,0,300,1,1,"D",1,3,NA,NA,51.59897,2.764835,306.95,8.9,10.54,1034.57,NA,273.53,5.97,-22.8,34.6,10.9,0.3
68814,110068814,110001073,"2023-12-15","12:47:00",0.564,0.1692,0,300,1,1,"D",1,3,NA,NA,51.6025,2.758885,307.78,9.2,10.55,1034.51,NA,270.53,6.06,-28.5,34.62,10.92,0.36
68815,110068815,110001073,"2023-12-15","12:49:00",0.629,0.1887,0,300,1,1,"D",1,3,NA,NA,51.606185,2.75263,309.38,9.5,10.55,1034.8,NA,275.77,6.23,-33.7,34.64,10.96,0.3
68816,110068816,110001073,"2023-12-15","12:51:00",0.562,0.1686,0,300,1,1,"D",1,3,NA,NA,51.60987,2.74639,308.74,9.6,10.59,1034.87,NA,275.53,6.19,-38.9,34.67,10.99,0.24
68817,110068817,110001073,"2023-12-15","12:53:00",0.622,0.1866,0,300,1,1,"D",1,3,NA,NA,51.61355,2.740205,307.95,9.6,10.61,1034.76,NA,275.74,6.22,-39.7,34.71,11.02,0.36
68818,110068818,110001073,"2023-12-15","12:55:00",0.568,0.1704,0,300,1,1,"D",1,3,NA,NA,51.61725,2.733995,307.53,9.6,10.62,1034.75,NA,281.44,6.16,-40.1,34.71,11.03,0.3
68819,110068819,110001073,"2023-12-15","12:57:00",0.609,0.1827,0,300,1,1,"D",1,3,NA,NA,51.62091,2.727855,307.92,9.6,10.61,1034.47,NA,274.33,7.16,-40,34.72,11.05,0.3
68820,110068820,110001073,"2023-12-15","12:59:00",0.629,0.1887,0,300,1,1,"D",1,3,NA,NA,51.624745,2.72137,309.46,9.6,10.61,1034.51,NA,280.79,8.19,-37.5,34.7,11.04,0.3
68821,110068821,110001073,"2023-12-15","13:01:00",0.551,0.1653,0,300,1,1,"D",1,3,NA,NA,51.62841,2.715205,308.52,9.6,10.64,1034.67,NA,286.88,6.68,-39.9,34.68,11.01,0.24
68822,110068822,110001073,"2023-12-15","13:03:00",0.607,0.1821,0,300,1,1,"D",1,3,NA,NA,51.632015,2.709165,308.46,9.7,10.58,1034.96,NA,292.08,6.73,-38.9,34.66,11,0.24
68823,110068823,110001073,"2023-12-15","13:05:00",0.58,0.174,0,300,1,1,"D",1,3,NA,NA,51.635695,2.70295,306.57,9.6,10.55,1034.64,NA,285.43,6.79,-37.3,34.67,11.01,0.3
68824,110068824,110001073,"2023-12-15","13:07:00",0.58,0.174,0,300,1,1,"D",1,3,NA,NA,51.6393,2.696895,307.2,9.5,10.56,1034.91,NA,286.15,5.96,-29.3,34.69,11.03,0.24
68825,110068825,110001073,"2023-12-15","13:09:00",0.566,0.1698,0,300,1,1,"D",1,3,NA,NA,51.64284,2.69088,306.22,9.3,10.55,1034.71,NA,275.61,6.66,-20.5,34.71,11.05,0.36
68826,110068826,110001073,"2023-12-15","13:11:00",0.615,0.1845,0,300,1,1,"D",1,3,NA,NA,51.646495,2.684685,305.29,9.2,10.58,1034.47,NA,276.41,7.12,-28,34.71,11.05,0.3
68827,110068827,110001073,"2023-12-15","13:13:00",0.593,0.1779,0,300,1,1,"D",1,3,NA,NA,51.650265,2.678395,306.22,9.5,10.51,1034.65,NA,280.83,7.2,-33.1,34.71,11.06,0.3
68828,110068828,110001073,"2023-12-15","13:15:00",0.558,0.1674,0,300,1,1,"D",1,3,NA,NA,51.65384,2.67238,305.89,9.6,10.44,1035.04,NA,289.86,6.74,-35.4,34.72,11.07,0.3
68829,110068829,110001073,"2023-12-15","13:17:00",0.595,0.1785,0,300,1,1,"D",1,3,NA,NA,51.65741,2.66634,306.89,9.7,10.39,1035.09,NA,287.12,6.24,-37.1,34.73,11.07,0.3
68830,110068830,110001073,"2023-12-15","13:19:00",0.61,0.183,0,300,1,1,"D",1,3,NA,NA,51.66114,2.660025,306.3,9.8,10.36,1034.79,NA,280.8,7.27,-43,34.72,11.06,NA
68831,110068831,110001073,"2023-12-15","13:21:00",0.635,0.1905,0,300,1,1,"D",1,3,NA,NA,51.665005,2.65351,306.08,9.7,10.3,1034.77,NA,281.4,7.77,-42.8,34.7,11.04,NA
68832,110068832,110001073,"2023-12-15","13:23:00",0.634,0.1902,0,300,1,1,"D",1,3,NA,NA,51.668965,2.6469,305.22,9.7,10.28,1034.89,NA,286.97,7.03,-41.5,34.67,11.02,NA
68833,110068833,110001073,"2023-12-15","13:25:00",0.348,0.1044,0,300,1,1,"D",1,3,NA,NA,51.671995,2.64174,305.66,8.2,10.26,1034.87,NA,275.97,6.24,-42.1,34.68,11.03,0.3
68834,110068834,110001073,"2023-12-15","13:27:00",0.395,0.1185,0,300,1,1,"D",1,3,NA,NA,51.673575,2.63714,294.98,6.7,10.2,1035.05,NA,278.55,6.58,-43.1,34.71,11.05,0.18
68835,110068835,110001073,"2023-12-15","13:29:00",0.53,0.159,1,300,1,1,"D",1,3,NA,NA,51.672955,2.631055,260.22,7.7,10.22,1034.3,NA,289.29,7.75,-43.3,34.74,11.09,0.24
68836,110068836,110001073,"2023-12-15","13:31:00",0.508,0.1524,0,300,1,1,"D",1,3,NA,NA,51.670105,2.62524,222.95,8.7,10.27,1034.24,NA,284,8.75,-44.3,34.76,11.11,0.18
68837,110068837,110001073,"2023-12-15","13:33:00",0.548,0.1644,0,300,1,1,"D",1,3,NA,NA,51.666615,2.620065,226.03,8.9,10.27,1034.56,NA,296.84,7.94,-41.4,34.76,11.11,0.18
68838,110068838,110001073,"2023-12-15","13:35:00",0.55,0.165,0,300,1,1,"D",1,3,NA,NA,51.66301,2.614635,225.88,8.8,10.38,1034.05,NA,281.44,8.84,-40.8,34.77,11.12,0.18
68839,110068839,110001073,"2023-12-15","13:37:00",0.572,0.1716,0,300,1,1,"D",1,3,NA,NA,51.659315,2.60911,226.08,8.7,10.28,1034.13,NA,285.68,9.14,-39.3,34.78,11.13,0.24
68840,110068840,110001073,"2023-12-15","13:39:00",0.519,0.1557,0,300,1,1,"D",1,3,NA,NA,51.65572,2.60375,226.9,8.8,10.14,1033.99,NA,287.35,9.54,-37.7,34.79,11.14,0.18
68841,110068841,110001073,"2023-12-15","13:41:00",0.535,0.1605,0,300,1,1,"D",1,3,NA,NA,51.65225,2.598565,226.92,8.7,10.22,1034.24,NA,284.08,8.86,-35.2,34.79,11.15,0.18
68842,110068842,110001073,"2023-12-15","13:43:00",0.553,0.1659,0,300,1,1,"D",1,3,NA,NA,51.64865,2.593245,228.01,8.7,10.11,1034.28,NA,276.93,8.17,-25.3,34.8,11.16,0.24
68843,110068843,110001073,"2023-12-15","13:45:00",0.522,0.1566,0,300,1,1,"D",1,3,NA,NA,51.644485,2.590055,220.81,8.7,10.05,1034.24,NA,285.38,8.86,-21.6,34.81,11.16,0.3
68844,110068844,110001073,"2023-12-15","13:47:00",0.631,0.1893,0,300,1,1,"D",1,3,NA,NA,51.640015,2.59254,168.19,9.7,10.12,1035.06,NA,270.77,8.35,-28.8,34.81,11.16,0.24
68845,110068845,110001073,"2023-12-15","13:49:00",0.652,0.1956,1,300,1,1,"D",1,3,NA,NA,51.635825,2.598905,141.63,10.7,10.09,1035.33,NA,286.05,8.46,-38.5,34.79,11.14,0.24
68846,110068846,110001073,"2023-12-15","13:51:00",0.672,0.2016,0,300,1,1,"D",1,3,NA,NA,51.63168,2.60577,142.55,10.5,10.04,1035.37,NA,279.96,8.96,-41.2,34.74,11.1,0.24
68847,110068847,110001073,"2023-12-15","13:53:00",0.634,0.1902,0,300,1,1,"D",1,3,NA,NA,51.627605,2.612565,141.97,10.5,10.07,1035.36,NA,292.17,8.38,-41.2,34.72,11.07,0.18
68848,110068848,110001073,"2023-12-15","13:55:00",0.672,0.2016,0,300,1,1,"D",1,3,NA,NA,51.623545,2.61939,142.13,10.4,10.05,1035.48,NA,285.84,8.85,-42.1,34.7,11.05,0.18
68849,110068849,110001073,"2023-12-15","13:57:00",0.615,0.1845,0,300,1,1,"D",1,3,NA,NA,51.619545,2.62612,142.23,10.5,10.09,1035.28,NA,256.35,1.67,-40.3,34.68,11.03,0.24
68850,110068850,110001073,"2023-12-15","13:59:00",0.668,0.2004,0,300,1,1,"D",1,3,NA,NA,51.615565,2.63284,142.83,10.5,10.07,1035.33,NA,214.03,1.41,-40.4,34.68,11.03,0.24
68851,110068851,110001073,"2023-12-15","14:01:00",0.645,0.1935,0,300,1,1,"D",1,3,NA,NA,51.6115,2.63973,142.06,10.5,10.06,1035.42,NA,253.91,2.78,-41.6,34.7,11.05,0.18
68852,110068852,110001073,"2023-12-15","14:03:00",0.628,0.1884,0,300,1,1,"D",1,3,NA,NA,51.607555,2.6464,143.34,10.4,10.07,1035.39,NA,300.8,1.03,-41.7,34.73,11.06,0.24
68853,110068853,110001073,"2023-12-15","14:05:00",0.684,0.2052,0,300,1,1,"D",1,3,NA,NA,51.60348,2.653255,142.86,10.4,10.09,1035.38,NA,327.18,1.45,-38.1,34.74,11.06,0.24
68854,110068854,110001073,"2023-12-15","14:07:00",0.593,0.1779,0,300,1,1,"D",1,3,NA,NA,51.599505,2.659915,143.56,10.2,10.1,1035.47,NA,283.33,7.92,-35.9,34.75,11.05,0.3
68855,110068855,110001073,"2023-12-15","14:09:00",0.629,0.1887,0,300,1,1,"D",1,3,NA,NA,51.595715,2.66631,143.71,10.2,10.12,1035.45,NA,309.37,4.3,-31.3,34.74,11.03,0.3
68856,110068856,110001073,"2023-12-15","14:11:00",0.642,0.1926,0,300,1,1,"D",1,3,NA,NA,51.59178,2.67297,143.56,10.3,10.14,1035.45,NA,272.14,1.84,-28.1,34.73,11,0.3
68857,110068857,110001073,"2023-12-15","14:13:00",0.658,0.1974,0,300,1,1,"D",1,3,NA,NA,51.587735,2.679745,144.21,10.5,10.16,1035.47,NA,290.58,0.66,-21.6,34.72,10.98,0.3
68858,110068858,110001073,"2023-12-15","14:15:00",0.665,0.1995,0,300,1,1,"D",1,3,NA,NA,51.58361,2.686625,143.09,10.6,10.13,1035.44,NA,189.35,0.31,-29.6,34.71,10.98,0.36
68859,110068859,110001073,"2023-12-15","14:17:00",0.621,0.1863,0,300,1,1,"D",1,3,NA,NA,51.579625,2.69335,142.53,10.3,10.15,1035.45,NA,277.89,9,-43.1,34.7,10.97,0.3
68860,110068860,110001073,"2023-12-15","14:19:00",0.654,0.1962,0,300,1,1,"D",1,3,NA,NA,51.575685,2.700035,143.99,10.1,10.25,1035.46,NA,313.51,0.55,-42.4,34.68,10.91,0.3
68861,110068861,110001073,"2023-12-15","14:21:00",0.567,0.1701,0,300,1,1,"D",1,3,NA,NA,51.57189,2.70641,144.43,10,10.17,1035.44,NA,276.9,8.67,-40.8,34.67,10.89,0.36
68862,110068862,110001073,"2023-12-15","14:23:00",0.628,0.1884,0,300,1,1,"D",1,3,NA,NA,51.56817,2.712635,143.68,10,10.17,1035.41,NA,278.41,8.12,-40.8,34.67,10.91,0.36
68863,110068863,110001073,"2023-12-15","14:25:00",0.656,0.1968,0,300,1,1,"D",1,3,NA,NA,51.56418,2.719335,143.51,10.1,10.21,1035.39,NA,273.74,6.68,-36.9,34.68,10.95,0.3
68864,110068864,110001073,"2023-12-15","14:27:00",0.603,0.1809,0,300,1,1,"D",1,3,NA,NA,51.560265,2.725905,142.7,10.1,10.16,1035.34,NA,275.13,7.9,-35.5,34.7,10.97,0.3
68865,110068865,110001073,"2023-12-15","14:29:00",0.619,0.1857,0,300,1,1,"D",1,3,NA,NA,51.556475,2.732295,143.1,10,10.19,1035.36,NA,276.03,7.53,-27.7,34.69,10.98,0.3
68866,110068866,110001073,"2023-12-15","14:31:00",0.614,0.1842,0,300,1,1,"D",1,3,NA,NA,51.55264,2.738725,144.51,10,10.26,1035.53,NA,196.11,0.66,-18.1,34.69,10.97,0.3
68867,110068867,110001073,"2023-12-15","14:33:00",0.679,0.2037,0,300,1,1,"D",1,3,NA,NA,51.54862,2.74547,143.82,10.3,10.23,1035.44,NA,153,1.68,-24.8,34.68,10.96,0.3
68868,110068868,110001073,"2023-12-15","14:35:00",0.586,0.1758,0,300,1,1,"D",1,3,NA,NA,51.54471,2.752105,144.05,10.2,10.23,1035.52,NA,199.4,1.98,-32.2,34.68,10.94,0.42
68869,110068869,110001073,"2023-12-15","14:37:00",0.638,0.1914,0,300,1,1,"D",1,3,NA,NA,51.540915,2.7585,144.43,10.1,10.28,1035.66,NA,273.58,2.26,-36.5,34.67,10.94,0.36
68870,110068870,110001073,"2023-12-15","14:39:00",0.612,0.1836,0,300,1,1,"D",1,3,NA,NA,51.53703,2.76501,143.96,10.2,10.27,1035.63,NA,279.08,1.86,-35.2,34.66,10.93,0.3
68871,110068871,110001073,"2023-12-15","14:41:00",0.622,0.1866,0,300,1,1,"D",1,3,NA,NA,51.53319,2.771435,143.85,10.2,10.26,1035.66,NA,283.47,7.48,-34.3,34.64,10.91,0.36
68872,110068872,110001073,"2023-12-15","14:43:00",0.663,0.1989,0,300,1,1,"D",1,3,NA,NA,51.529195,2.77813,142.79,10.2,10.25,1035.68,NA,248.75,2.12,-32.8,34.62,10.89,0.3
68873,110068873,110001073,"2023-12-15","14:45:00",0.611,0.1833,0,300,1,1,"D",1,3,NA,NA,51.52524,2.78477,142.68,10.2,10.31,1035.69,NA,288.6,8.29,-31.3,34.6,10.87,0.3
68874,110068874,110001073,"2023-12-15","14:47:00",0.629,0.1887,0,300,1,1,"D",1,3,NA,NA,51.52139,2.79124,144.26,10.2,10.3,1035.64,NA,293.52,8.37,-31.6,34.59,10.86,0.3
68875,110068875,110001073,"2023-12-15","14:49:00",0.627,0.1881,0,300,1,1,"D",1,3,NA,NA,51.517495,2.7978,143.68,10.2,10.3,1035.74,NA,292.58,6.34,-33.2,34.58,10.85,0.3
68876,110068876,110001073,"2023-12-15","14:51:00",0.673,0.2019,0,300,1,1,"D",1,3,NA,NA,51.513465,2.804585,143.13,10.2,10.25,1035.64,NA,294.16,1.67,-30.4,34.53,10.78,0.36
68877,110068877,110001073,"2023-12-15","14:53:00",0.593,0.1779,0,300,1,1,"D",1,3,NA,NA,51.50954,2.81119,143.51,10.1,10.25,1035.63,NA,225.36,0.83,-28.2,34.48,10.72,0.36
68878,110068878,110001073,"2023-12-15","14:55:00",0.638,0.1914,0,300,1,1,"D",1,3,NA,NA,51.505715,2.8176,142.65,10,10.27,1035.69,NA,278.17,8.5,-26.4,34.45,10.65,0.3
68879,110068879,110001073,"2023-12-15","14:57:00",0.59,0.177,0,300,1,1,"D",1,3,NA,NA,51.501895,2.82399,142.2,10,10.23,1035.71,NA,283.31,7.53,-26.4,34.41,10.62,0.3
68880,110068880,110001073,"2023-12-15","14:59:00",0.655,0.1965,0,300,1,1,"D",1,3,NA,NA,51.498035,2.83049,141.32,10.1,10.21,1035.68,NA,279.02,9.4,-22.9,34.4,10.61,0.3
68881,110068881,110001073,"2023-12-15","15:01:00",0.595,0.1785,0,300,1,1,"D",1,3,NA,NA,51.49416,2.837015,140.79,10.3,10.18,1035.8,NA,286.09,10.33,-28.4,34.39,10.56,0.36
68882,110068882,110001073,"2023-12-15","15:03:00",0.646,0.1938,0,300,1,1,"D",1,3,NA,NA,51.490305,2.843475,142.92,10.3,10.18,1035.69,NA,196.76,1.67,-32.4,34.35,10.5,0.42
68883,110068883,110001073,"2023-12-15","15:05:00",0.638,0.1914,0,300,1,1,"D",1,3,NA,NA,51.486315,2.85016,144.38,10.4,10.19,1035.74,NA,285.3,8.83,-31,34.31,10.45,0.36
68884,110068884,110001073,"2023-12-15","15:07:00",0.681,0.2043,0,300,1,1,"D",1,3,NA,NA,51.48222,2.857035,143.71,10.3,10.18,1035.77,NA,249.47,2.16,-31.8,34.27,10.42,0.3
68885,110068885,110001073,"2023-12-15","15:09:00",0.595,0.1785,0,300,1,1,"D",1,3,NA,NA,51.47827,2.8637,142.77,10.3,10.19,1035.64,NA,136.92,0.68,-31.2,34.25,10.38,0.36
68886,110068886,110001073,"2023-12-15","15:11:00",0.571,0.1713,0,300,1,1,"D",1,3,NA,NA,51.47465,2.86977,144.15,9.4,10.21,1035.66,NA,275.53,8.71,-30,34.23,10.36,0.42
68887,110068887,110001073,"2023-12-15","15:13:00",0.521,0.1563,0,300,1,1,"D",1,3,NA,NA,51.47126,2.875455,145.17,8.8,10.22,1035.62,NA,274.16,8.93,-27.5,34.24,10.35,0.3
68888,110068888,110001073,"2023-12-15","15:15:00",0.375,0.1125,1,300,1,1,"D",1,3,NA,NA,51.46806,2.87907,143.93,8.1,10.22,1035.82,NA,278.33,7.19,-23.7,34.24,10.34,0.36
68889,110068889,110001073,"2023-12-15","15:17:00",0.33,0.099,0,300,1,1,"D",1,3,NA,NA,51.46559,2.878045,207.31,5.7,10.24,1035.48,NA,279.47,8.54,-22.6,34.24,10.34,0.42
68890,110068890,110001073,"2023-12-15","15:19:00",0.508,0.1524,0,300,1,1,"D",1,3,NA,NA,51.46606,2.873175,267.07,6.8,10.25,1035.57,NA,276.45,6.95,-23.9,34.25,10.36,0.42
70425,110070425,110001081,"2024-03-18","09:20:00",0.489,0.1467,0,300,1,1,"D",1,4,"none","N",51.369765,3.184345,307.01,8.78,8.83,1014.58,NA,241.48,5.42,NA,NA,NA,NA
70426,110070426,110001081,"2024-03-18","09:22:00",0.569,0.1707,0,300,1,1,"D",1,4,"none","N",51.369345,3.177085,248.41,8.63,8.8,1015.22,NA,243.55,4.78,NA,NA,NA,NA
70427,110070427,110001081,"2024-03-18","09:24:00",0.612,0.1836,0,300,1,1,"D",1,4,"none","N",51.36749,3.16913,248.14,9.66,8.86,1015.37,NA,253.89,4.07,NA,NA,NA,NA
70428,110070428,110001081,"2024-03-18","09:26:00",0.611,0.1833,0,300,1,1,"D",1,4,"none","N",51.36558,3.160885,248.65,9.88,8.9,1015.17,NA,253.31,4.26,NA,NA,NA,NA
70429,110070429,110001081,"2024-03-18","09:28:00",0.612,0.1836,0,300,1,1,"D",1,4,"none","N",51.363655,3.152645,248.67,10.12,8.95,1015.15,NA,235.26,4.08,NA,NA,NA,NA
70430,110070430,110001081,"2024-03-18","09:30:00",0.606,0.1818,0,300,1,1,"D",1,4,"none","N",51.361795,3.1444,248.57,9.81,9.05,1014.98,NA,228.57,3.45,NA,NA,NA,NA
70431,110070431,110001081,"2024-03-18","09:32:00",0.607,0.1821,0,300,1,1,"D",1,4,"none","N",51.360125,3.136095,252.35,9.72,9.02,1015.23,NA,238.58,4.09,NA,NA,NA,NA
70432,110070432,110001081,"2024-03-18","09:34:00",0.306,0.0918,0,300,1,1,"D",1,4,"none","N",51.358955,3.1298,252.86,9.92,9.08,1015.22,NA,13.7,9.97,NA,NA,NA,NA
70433,110070433,110001081,"2024-03-18","09:35:00",0.604,0.1812,1,300,1,1,"D",1,4,"none","N",51.35823,3.123375,252.52,9.89,9.09,1015.22,NA,92.95,13.78,NA,NA,NA,NA
70434,110070434,110001081,"2024-03-18","09:37:00",0.614,0.1842,0,300,1,1,"D",1,4,"none","N",51.357845,3.114645,268.9,9.96,9.14,1015.08,NA,242.74,4,NA,NA,NA,NA
70435,110070435,110001081,"2024-03-18","09:39:00",0.619,0.1857,0,300,1,1,"D",1,4,"none","N",51.35771,3.10578,267.77,9.85,9.17,1015.16,NA,245.31,3.39,NA,NA,NA,NA
70436,110070436,110001081,"2024-03-18","09:41:00",0.622,0.1866,0,300,1,1,"D",1,4,"none","N",51.357565,3.09686,267.87,10.19,9.22,1015.07,NA,66.62,3.36,NA,5.13,9.03,NA
70437,110070437,110001081,"2024-03-18","09:43:00",0.62,0.186,0,300,1,1,"D",1,4,"none","N",51.357455,3.08793,267.73,10.07,9.2,1014.79,NA,217.18,2.83,NA,29.89,8.98,NA
70438,110070438,110001081,"2024-03-18","09:45:00",0.62,0.186,0,300,1,1,"D",1,4,"none","N",51.357355,3.07901,268.05,10.09,9.23,1014.81,NA,218.93,2.9,NA,30.06,8.95,NA
70439,110070439,110001081,"2024-03-18","09:47:00",0.616,0.1848,0,300,1,1,"D",1,4,"none","N",51.35717,3.070125,267.22,10.15,9.32,1014.76,NA,209.75,3.16,NA,30.18,8.99,NA
70440,110070440,110001081,"2024-03-18","09:49:00",0.61,0.183,0,300,1,1,"D",1,4,"none","N",51.356865,3.06132,264.8,9.91,9.43,1014.85,NA,204.14,2.51,NA,30.35,9.03,NA
70441,110070441,110001081,"2024-03-18","09:51:00",0.606,0.1818,0,300,1,1,"D",1,4,"none","N",51.356565,3.052585,265.62,9.78,9.5,1014.83,NA,214.61,3.33,NA,30.51,9.06,NA
70442,110070442,110001081,"2024-03-18","09:53:00",0.605,0.1815,0,300,1,1,"D",1,4,"none","N",51.35632,3.04388,266.09,9.98,9.53,1014.85,NA,216.95,3.65,NA,30.79,9.09,NA
70443,110070443,110001081,"2024-03-18","09:55:00",0.608,0.1824,0,300,1,1,"D",1,4,"none","N",51.35605,3.035165,266.25,9.8,9.62,1014.82,NA,231.26,4.26,NA,30.96,9.11,NA
70444,110070444,110001081,"2024-03-18","09:57:00",0.606,0.1818,0,300,1,1,"D",1,4,"none","N",51.355805,3.026445,266.88,9.66,9.62,1014.82,NA,226.11,3.9,NA,30.99,9.15,NA
70445,110070445,110001081,"2024-03-18","09:59:00",0.603,0.1809,0,300,1,1,"D",1,4,"none","N",51.355615,3.017755,266.62,9.82,9.64,1014.95,NA,219.66,3.73,NA,31.05,9.2,NA
70446,110070446,110001081,"2024-03-18","10:01:00",0.605,0.1815,0,300,1,1,"D",1,4,"none","N",51.355435,3.00907,267.11,9.85,9.68,1014.82,NA,220.64,3.95,NA,31.12,9.21,NA
70447,110070447,110001081,"2024-03-18","10:03:00",0.612,0.1836,0,300,1,1,"D",1,4,"none","N",51.355245,3.000325,266.77,9.79,9.73,1014.84,NA,220.17,3.58,NA,31.22,9.25,NA
70448,110070448,110001081,"2024-03-18","10:05:00",0.607,0.1821,0,300,1,1,"D",1,4,"none","N",51.35507,2.991565,266.93,9.86,9.76,1014.79,NA,220.63,4.82,NA,31.36,9.31,NA
70449,110070449,110001081,"2024-03-18","10:07:00",0.602,0.1806,0,300,1,1,"D",1,4,"none","N",51.35492,2.98287,266.99,9.86,9.78,1014.85,NA,222.25,4.65,NA,31.49,9.3,NA
70450,110070450,110001081,"2024-03-18","10:09:00",0.606,0.1818,0,300,1,1,"D",1,4,"none","N",51.35474,2.974185,266.38,9.92,9.86,1014.91,NA,234.14,4.32,NA,31.58,9.29,NA
70451,110070451,110001081,"2024-03-18","10:11:00",0.603,0.1809,0,300,1,1,"D",1,4,"none","N",51.354545,2.965495,267.63,9.92,9.85,1014.92,NA,239.63,4.91,NA,31.68,9.34,NA
70452,110070452,110001081,"2024-03-18","10:13:00",0.598,0.1794,0,300,1,1,"D",1,4,"none","N",51.354845,2.956905,267.47,9.97,9.85,1014.9,NA,240.42,5.25,NA,31.81,9.41,NA
70453,110070453,110001081,"2024-03-18","10:15:00",0.599,0.1797,0,300,1,1,"D",1,4,"none","N",51.35584,2.94845,281.54,9.66,9.85,1014.74,NA,228.46,5.22,NA,31.88,9.49,NA
70454,110070454,110001081,"2024-03-18","10:17:00",0.6,0.18,0,300,1,1,"D",1,4,"none","N",51.357035,2.94004,281.92,9.66,9.86,1014.77,NA,231.13,5.98,NA,31.89,9.47,NA
70455,110070455,110001081,"2024-03-18","10:19:00",0.302,0.0906,0,300,1,1,"D",1,4,"none","N",51.35789,2.9337,282.19,9.79,9.81,1014.82,NA,238.04,5.37,NA,32,9.43,NA
70456,110070456,110001081,"2024-03-18","11:06:00",0.625,0.1875,0,300,1,1,"D",1,4,"none","N",51.42665,2.8069,352.41,10,9.44,1015.58,NA,238.69,4.41,NA,33.62,9.33,NA
70457,110070457,110001081,"2024-03-18","11:08:00",0.601,0.1803,0,300,1,1,"D",1,4,"none","N",51.43205,2.805185,351.65,9.95,9.45,1015.56,NA,236.34,4.6,NA,33.66,9.35,NA
70458,110070458,110001081,"2024-03-18","11:10:00",0.616,0.1848,1,300,1,1,"D",1,4,"none","N",51.43715,2.802215,331.43,9.79,9.38,1015.51,NA,241.62,4.46,NA,33.68,9.36,NA
70459,110070459,110001081,"2024-03-18","11:12:00",0.612,0.1836,0,300,1,1,"D",1,4,"none","N",51.4422,2.7987,334.47,10.1,9.44,1015.58,NA,231.26,4.53,NA,33.73,9.39,NA
70460,110070460,110001081,"2024-03-18","11:14:00",1.596,0.4788,0,300,1,1,"D",1,4,"none","N",51.451665,2.793985,345.36,9.85,9.43,1015.7,NA,235.51,3.4,NA,33.74,9.34,NA
70461,110070461,110001081,"2024-03-18","11:16:00",0.608,0.1824,0,300,1,1,"D",1,4,"none","N",51.461175,2.78957,344.95,9.86,9.34,1015.54,NA,238.01,3.28,NA,33.77,9.32,NA
70462,110070462,110001081,"2024-03-18","11:18:00",0.345,0.1035,0,300,1,1,"D",1,4,"none","N",51.46231,2.789045,344.92,9.8,9.21,1015.52,NA,230.1,2.72,NA,33.81,9.34,NA
70463,110070463,110001081,"2024-03-18","11:20:00",0.615,0.1845,0,300,1,1,"D",1,4,"none","N",51.46347,2.788485,344.13,9.84,9.16,1015.51,NA,243.19,3.18,NA,33.87,9.39,NA
70464,110070464,110001081,"2024-03-18","11:22:00",1.567,0.4701,0,300,1,1,"D",1,4,"none","N",51.47262,2.782895,344.04,10.05,9.1,1015.49,NA,231.66,3.22,NA,33.96,9.4,NA
70465,110070465,110001081,"2024-03-18","11:24:00",0.344,0.1032,0,300,1,1,"D",1,4,"none","N",51.477695,2.779515,337.74,9.92,9.11,1015.78,NA,230.71,3.08,NA,34,9.35,NA
70466,110070466,110001081,"2024-03-18","11:26:00",0.61,0.183,0,300,1,1,"D",1,4,"none","N",51.478795,2.778765,338.1,9.89,9.19,1015.73,NA,225.1,3.39,NA,34.08,9.38,NA
70467,110070467,110001081,"2024-03-18","11:28:00",1.56,0.468,0,300,1,1,"D",1,4,"none","N",51.48777,2.77267,338.49,9.72,9.24,1015.57,NA,227.35,3.81,NA,34.1,9.42,NA
70468,110070468,110001081,"2024-03-18","11:30:00",0.351,0.1053,0,300,1,1,"D",1,4,"none","N",51.49277,2.769275,337.98,9.79,9.31,1015.63,NA,224.36,3.4,NA,34.11,9.4,NA
70469,110070469,110001081,"2024-03-18","11:32:00",0.612,0.1836,0,300,1,1,"D",1,4,"none","N",51.49385,2.768535,338.05,9.87,9.34,1015.86,NA,227.2,3.21,NA,34.12,9.41,NA
70470,110070470,110001081,"2024-03-18","11:34:00",0.613,0.1839,0,300,1,1,"D",1,4,"none","N",51.498915,2.765065,337.97,10.02,9.32,1015.68,NA,229.79,3.12,NA,34.13,9.45,NA
70471,110070471,110001081,"2024-03-18","11:36:00",1.574,0.4722,0,300,1,1,"D",1,4,"none","N",51.50795,2.75887,338.11,9.92,9.29,1015.93,NA,224.31,3.81,NA,34.14,9.43,NA
70472,110070472,110001081,"2024-03-18","11:38:00",0.609,0.1827,0,300,1,1,"D",1,4,"none","N",51.51697,2.7527,338.27,9.76,9.33,1015.93,NA,235.62,3.85,NA,34.15,9.45,NA
70473,110070473,110001081,"2024-03-18","11:40:00",0.609,0.1827,0,300,1,1,"D",1,4,"none","N",51.522005,2.749255,338.49,9.63,9.47,1015.74,NA,227.66,3.77,NA,34.19,9.47,NA
70474,110070474,110001081,"2024-03-18","11:42:00",0.351,0.1053,0,300,1,1,"D",1,4,"none","N",51.523075,2.748525,338.19,10.05,9.38,1016.07,NA,243.11,3.26,NA,34.2,9.47,NA
70475,110070475,110001081,"2024-03-18","11:44:00",0.61,0.183,0,300,1,1,"D",1,4,"none","N",51.524145,2.74779,338.39,9.9,9.46,1015.73,NA,232.07,3.69,NA,34.21,9.5,NA
70476,110070476,110001081,"2024-03-18","11:46:00",0.612,0.1836,0,300,1,1,"D",1,4,"none","N",51.52919,2.744325,338.54,9.83,9.49,1015.77,NA,231.94,3.11,NA,34.23,9.47,NA
70477,110070477,110001081,"2024-03-18","11:48:00",1.58,0.474,0,300,1,1,"D",1,4,"none","N",51.538245,2.73811,337.95,10,9.5,1015.79,NA,232.54,3.01,NA,34.23,9.5,NA
70478,110070478,110001081,"2024-03-18","11:50:00",0.358,0.1074,0,300,1,1,"D",1,4,"none","N",51.54329,2.73464,338.29,10.15,9.51,1015.74,NA,251.94,3.71,NA,34.26,9.49,NA
70479,110070479,110001081,"2024-03-18","11:52:00",0.615,0.1845,0,300,1,1,"D",1,4,"none","N",51.544355,2.73393,338.47,9.76,9.46,1015.7,NA,255.24,3.67,NA,34.29,9.47,NA
70480,110070480,110001081,"2024-03-18","11:54:00",1.595,0.4785,0,300,1,1,"D",1,4,"none","N",51.55349,2.727675,338.98,10.22,9.48,1016.12,NA,237.58,4.41,NA,34.31,9.47,NA
70481,110070481,110001081,"2024-03-18","11:56:00",0.353,0.1059,0,300,1,1,"D",1,4,"none","N",51.558625,2.72417,338.23,10.05,9.51,1016.01,NA,231.81,4.21,NA,34.34,9.52,NA
70482,110070482,110001081,"2024-03-18","11:58:00",0.612,0.1836,0,300,1,1,"D",1,4,"none","N",51.559695,2.723435,337.51,9.86,9.51,1015.99,NA,237.18,4.45,NA,34.36,9.55,NA
70483,110070483,110001081,"2024-03-18","12:00:00",0.608,0.1824,0,300,1,1,"D",1,4,"none","N",51.564735,2.719975,337.32,9.86,9.62,1015.63,NA,227.28,4.38,NA,34.38,9.53,NA
70484,110070484,110001081,"2024-03-18","12:04:00",0.609,0.1827,0,300,1,1,"D",1,4,"none","N",51.574815,2.713045,337.86,9.73,9.55,1015.57,NA,227.73,3.62,NA,34.4,9.57,NA
70485,110070485,110001081,"2024-03-18","12:06:00",1.561,0.4683,0,300,1,1,"D",1,4,"none","N",51.583785,2.70691,337.99,9.8,9.53,1015.43,NA,230.18,3.9,NA,34.42,9.57,NA
70486,110070486,110001081,"2024-03-18","12:08:00",0.355,0.1065,0,300,1,1,"D",1,4,"none","N",51.58877,2.70349,337.82,9.94,9.55,1015.99,NA,224.8,3.85,NA,34.44,9.58,NA
70487,110070487,110001081,"2024-03-18","12:10:00",1.194,0.3582,0,300,1,1,"D",1,4,"none","N",51.589215,2.696415,338.88,9.8,9.59,1015.9,NA,250.63,3.48,NA,34.45,9.56,NA
70488,110070488,110001081,"2024-03-18","12:12:00",0.356,0.1068,1,300,1,1,"D",1,4,"none","N",51.591525,2.690845,307.25,9.08,9.58,1015.29,NA,222.79,4.9,NA,34.46,9.56,NA
70489,110070489,110001081,"2024-03-18","12:14:00",0.617,0.1851,0,300,1,1,"D",1,4,"none","N",51.591325,2.68898,252.83,9.78,9.63,1016.05,NA,224.96,2.74,NA,34.46,9.65,NA
70490,110070490,110001081,"2024-03-18","12:16:00",1.33,0.399,0,300,1,1,"D",1,4,"none","N",51.58974,2.67514,260.78,10.28,9.61,1015.14,NA,211.8,2.7,NA,34.53,9.61,NA
70491,110070491,110001081,"2024-03-18","12:19:00",1.638,0.4914,0,300,1,1,"D",1,4,"none","N",51.58805,2.65928,259.46,10.41,9.61,1016.13,NA,57.59,12.2,NA,34.54,9.71,NA
70492,110070492,110001081,"2024-03-18","12:21:00",0.369,0.1107,0,300,1,1,"D",1,4,"none","N",51.587065,2.65025,259.67,10.41,9.72,1015.09,NA,56.15,12.11,NA,34.55,9.69,NA
70493,110070493,110001081,"2024-03-18","12:23:00",0.637,0.1911,0,300,1,1,"D",1,4,"none","N",51.58686,2.64834,260.69,10.08,9.71,1016.04,NA,211.59,3.28,NA,34.56,9.65,NA
70494,110070494,110001081,"2024-03-18","12:25:00",0.63,0.189,0,300,1,1,"D",1,4,"none","N",51.58587,2.63932,259.93,10.22,9.8,1015.91,NA,221.3,3.32,NA,34.57,9.78,NA
70495,110070495,110001081,"2024-03-18","12:27:00",0.624,0.1872,0,300,1,1,"D",1,4,"none","N",51.584885,2.6304,260.1,10.21,9.68,1015.09,NA,220.68,4.05,NA,34.6,9.7,NA
70496,110070496,110001081,"2024-03-18","12:29:00",1.61,0.483,0,300,1,1,"D",1,4,"none","N",51.583125,2.614505,259.46,10.14,9.73,1016.11,NA,220.13,3.55,NA,34.62,9.74,NA
70497,110070497,110001081,"2024-03-18","12:31:00",0.36,0.108,0,300,1,1,"D",1,4,"none","N",51.58213,2.60561,259.09,10.13,9.75,1015.99,NA,215.01,3.38,NA,34.68,9.78,NA
70498,110070498,110001081,"2024-03-18","12:33:00",0.623,0.1869,0,300,1,1,"D",1,4,"none","N",51.58192,2.603735,260.44,10.19,9.75,1015.09,NA,227.08,12.09,NA,34.69,9.9,NA
70499,110070499,110001081,"2024-03-18","12:35:00",0.322,0.0966,0,300,1,1,"D",1,4,"none","N",51.58122,2.596995,261.12,10.36,9.73,1015.84,NA,217.7,3.14,NA,34.7,9.79,NA
70500,110070500,110001081,"2024-03-18","12:36:00",0.601,0.1803,1,300,1,1,"D",1,4,"none","N",51.581975,2.59063,282.55,9.85,9.71,1015.06,NA,195.86,3.3,NA,34.73,9.87,NA
70501,110070501,110001081,"2024-03-18","12:38:00",0.631,0.1893,0,300,1,1,"D",1,4,"none","N",51.58398,2.582325,295.8,9.96,9.74,1015.17,NA,213.1,4.3,NA,34.71,9.9,NA
70502,110070502,110001081,"2024-03-18","12:40:00",0.625,0.1875,0,300,1,1,"D",1,4,"none","N",51.586055,2.57388,294.78,10.25,9.73,1015,NA,218.57,4.22,NA,34.68,9.8,NA
70503,110070503,110001081,"2024-03-18","12:42:00",0.518,0.1554,0,300,1,1,"D",1,4,"none","N",51.58777,2.5661,294.29,9.71,9.77,1015.84,NA,219.14,3.79,NA,34.71,9.69,NA
70504,110070504,110001082,"2024-03-20","08:01:00",0.592,0.1776,0,300,1,1,"C",0,2,"none","N",51.59157,2.53692,24.07,9.26,9.84,1017.29,NA,169.91,3.68,-41.67,34.78,9.79,NA
70505,110070505,110001082,"2024-03-20","08:03:00",1.539,0.4617,0,300,1,1,"C",0,2,"none","N",51.60026,2.54338,23.76,9.63,9.79,1017.32,NA,175.35,3.76,-40.27,34.78,9.81,NA
70506,110070506,110001082,"2024-03-20","08:05:00",0.35,0.105,0,300,1,1,"C",0,2,"none","N",51.6051,2.54701,23.64,9.67,9.81,1017.34,NA,174.77,3.67,-39.92,34.79,9.82,NA
70507,110070507,110001082,"2024-03-20","08:07:00",0.605,0.1815,0,300,1,1,"C",0,2,"none","N",51.606135,2.547795,23.56,9.83,9.86,1017.32,NA,172.86,3.82,-39.55,34.79,9.83,NA
70508,110070508,110001082,"2024-03-20","08:09:00",0.598,0.1794,0,300,1,1,"C",0,2,"none","N",51.611025,2.551485,24,9.82,9.85,1017.35,NA,173.23,3.88,-39.01,34.78,9.8,NA
70509,110070509,110001082,"2024-03-20","08:11:00",1.545,0.4635,0,300,1,1,"C",0,2,"none","N",51.61978,2.557915,23.51,9.78,9.85,1017.37,NA,171.94,3.18,-37.28,34.77,9.79,NA
70510,110070510,110001082,"2024-03-20","08:13:00",0.345,0.1035,0,300,1,1,"C",0,2,"none","N",51.62466,2.56161,24.13,10.05,9.86,1017.41,NA,175.03,3.8,-37.35,34.76,9.78,NA
70511,110070511,110001082,"2024-03-20","08:15:00",0.891,0.2673,0,300,1,1,"C",0,2,"none","N",51.626595,2.55729,23.44,9.76,9.87,1017.41,NA,174.92,3.77,-34.03,34.76,9.78,NA
70512,110070512,110001082,"2024-03-20","08:16:00",0.54,0.162,1,300,1,1,"C",0,2,"none","N",51.6305,2.550035,1.98,9.31,9.89,1017.68,NA,187.85,3.57,-35.05,34.76,9.77,NA
70513,110070513,110001082,"2024-03-20","08:18:00",0.303,0.0909,0,300,1,1,"C",0,2,"none","N",51.630905,2.548405,290.53,8.77,9.87,1017.33,NA,187.66,NA,-39.64,34.75,9.76,NA
70514,110070514,110001082,"2024-03-20","08:20:00",0.476,0.1428,1,300,1,1,"C",0,2,"none","N",51.63027,2.54725,290.86,9.37,9.92,1017.3,NA,187.66,NA,-41.67,34.76,9.76,NA
70515,110070515,110001082,"2024-03-20","08:22:00",1.459,0.4377,0,300,1,1,"C",0,2,"none","N",51.62467,2.53724,220.76,8.75,9.94,1017.28,NA,187.66,NA,-43.12,34.77,9.76,NA
70516,110070516,110001082,"2024-03-20","08:24:00",0.335,0.1005,0,300,1,1,"C",0,2,"none","N",51.62074,2.532135,218.51,9.27,9.91,1017.27,NA,187.66,NA,-41.89,34.77,9.76,NA
70517,110070517,110001082,"2024-03-20","08:26:00",1.467,0.4401,0,300,1,1,"C",0,2,"none","N",51.616785,2.526995,219.77,9.29,9.84,1017.28,NA,187.66,NA,-41.13,34.77,9.76,NA
70518,110070518,110001082,"2024-03-20","08:28:00",0.572,0.1716,0,300,1,1,"C",0,2,"none","N",51.60961,2.517835,224.98,9.25,9.86,1017.36,NA,187.66,NA,-41.93,34.78,9.76,NA
70519,110070519,110001082,"2024-03-20","08:30:00",0.562,0.1686,0,300,1,1,"C",0,2,"none","N",51.605515,2.512955,216.55,9.29,9.91,1017.29,NA,187.66,NA,-41.3,34.78,9.78,NA
70520,110070520,110001082,"2024-03-20","08:32:00",0.329,0.0987,0,300,1,1,"C",0,2,"none","N",51.60468,2.511945,217.46,9.3,9.91,1017.3,NA,187.66,NA,-39.91,34.8,9.81,NA
70521,110070521,110001082,"2024-03-20","08:34:00",1.437,0.4311,0,300,1,1,"C",0,2,"none","N",51.600695,2.50715,217.3,9.22,9.91,1017.35,NA,187.66,NA,-38.31,34.81,9.83,NA
70522,110070522,110001082,"2024-03-20","08:36:00",0.552,0.1656,0,300,1,1,"C",0,2,"none","N",51.59353,2.498555,217.11,8.93,9.88,1017.32,NA,187.66,NA,-37.91,34.81,9.83,NA
70523,110070523,110001082,"2024-03-20","08:38:00",0.322,0.0966,0,300,1,1,"C",0,2,"none","N",51.592705,2.49755,216.66,8.98,9.93,1017.31,NA,187.66,NA,-38.45,34.81,9.82,NA
70524,110070524,110001082,"2024-03-20","08:40:00",1.426,0.4278,0,300,1,1,"C",0,2,"none","N",51.588725,2.492785,217.12,9,9.96,1017.31,NA,187.66,NA,-38.47,34.81,9.82,NA
70525,110070525,110001082,"2024-03-20","08:42:00",0.54,0.162,0,300,1,1,"C",0,2,"none","N",51.58164,2.4843,217.68,8.91,9.91,1017.35,NA,187.66,NA,-37.29,34.82,9.82,NA
70526,110070526,110001082,"2024-03-20","08:44:00",0.309,0.0927,0,300,1,1,"C",0,2,"none","N",51.58081,2.4833,217.56,8.97,9.93,1017.35,NA,187.66,NA,-34.5,34.83,9.82,NA
70527,110070527,110001082,"2024-03-20","08:46:00",0.545,0.1635,0,300,1,1,"C",0,2,"none","N",51.57996,2.482285,216.95,8.98,9.95,1017.59,NA,187.66,NA,-34.75,34.83,9.82,NA
70528,110070528,110001082,"2024-03-20","08:48:00",0.546,0.1638,0,300,1,1,"C",0,2,"none","N",51.57603,2.477575,216.86,8.77,9.94,1017.36,NA,187.66,NA,-34.93,34.84,9.82,NA
70529,110070529,110001082,"2024-03-20","08:50:00",1.399,0.4197,0,300,1,1,"C",0,2,"none","N",51.569025,2.469175,217.02,8.76,9.99,1017.41,NA,187.66,NA,-33.6,34.84,9.82,NA
70530,110070530,110001082,"2024-03-20","08:52:00",0.312,0.0936,0,300,1,1,"C",0,2,"none","N",51.565115,2.46448,216.98,8.74,9.91,1017.43,NA,187.66,NA,-38.87,34.84,9.83,NA
70531,110070531,110001082,"2024-03-20","08:54:00",1.401,0.4203,0,300,1,1,"C",0,2,"none","N",51.56119,2.459795,217.1,8.78,9.93,1017.41,NA,187.66,NA,-38.56,34.85,9.85,NA
70532,110070532,110001082,"2024-03-20","08:56:00",0.32,0.096,0,300,1,1,"C",0,2,"none","N",51.5573,2.45512,217.07,8.79,9.92,1017.46,NA,187.66,NA,-38.51,34.85,9.85,NA
70533,110070533,110001082,"2024-03-20","08:58:00",0.544,0.1632,0,300,1,1,"C",0,2,"none","N",51.5565,2.454135,217.3,8.95,9.85,1017.43,NA,187.66,NA,-40.34,34.86,9.85,NA
70534,110070534,110001082,"2024-03-20","09:00:00",0.543,0.1629,0,300,1,1,"C",0,2,"none","N",51.55258,2.449455,217.34,8.81,9.91,1017.47,NA,187.66,NA,-38.85,34.86,9.84,NA
70535,110070535,110001082,"2024-03-20","09:02:00",0.548,0.1644,0,300,1,1,"C",0,2,"none","N",51.548645,2.444755,217.21,8.66,9.87,1017.45,NA,187.66,NA,-40.47,34.86,9.83,NA
70536,110070536,110001082,"2024-03-20","09:04:00",0.536,0.1608,0,300,1,1,"C",0,2,"none","N",51.54474,2.44007,217.25,8.7,9.88,1017.45,NA,187.66,NA,-39.58,34.86,9.83,NA
70537,110070537,110001082,"2024-03-20","09:06:00",0.543,0.1629,0,300,1,1,"C",0,2,"none","N",51.540855,2.43541,217.38,8.62,9.84,1017.4,NA,187.66,NA,-35.72,34.86,9.84,NA
70538,110070538,110001082,"2024-03-20","09:08:00",0.543,0.1629,0,300,1,1,"C",0,2,"none","N",51.536945,2.430725,217.28,8.78,9.89,1017.4,NA,187.66,NA,-40.7,34.87,9.84,NA
70539,110070539,110001082,"2024-03-20","09:10:00",0.546,0.1638,0,300,1,1,"C",0,2,"none","N",51.533025,2.426025,217.19,8.69,9.88,1017.35,NA,187.66,NA,-40.21,34.87,9.85,NA
70540,110070540,110001082,"2024-03-20","09:12:00",0.543,0.1629,0,300,1,1,"C",0,2,"none","N",51.529105,2.42133,217.32,8.82,9.93,1017.31,NA,187.66,NA,-41.04,34.87,9.86,NA
70541,110070541,110001082,"2024-03-20","09:14:00",0.542,0.1626,0,300,1,1,"C",0,2,"none","N",51.525195,2.416655,217.28,8.78,9.85,1017.32,NA,187.66,NA,-38.37,34.88,9.88,NA
70542,110070542,110001082,"2024-03-20","09:16:00",0.54,0.162,0,300,1,1,"C",0,2,"none","N",51.521295,2.411995,217.48,8.91,9.89,1017.46,NA,187.66,NA,-40.29,34.89,9.9,NA
70543,110070543,110001082,"2024-03-20","09:18:00",0.532,0.1596,0,300,1,1,"C",0,2,"none","N",51.517435,2.40737,217,8.57,9.96,1017.29,NA,187.66,NA,-38.18,34.89,9.88,NA
70544,110070544,110001082,"2024-03-20","09:20:00",0.544,0.1632,0,300,1,1,"C",0,2,"none","N",51.51356,2.40273,216.99,8.81,9.95,1017.3,NA,187.66,NA,-36.4,34.88,9.86,NA
70545,110070545,110001082,"2024-03-20","09:22:00",0.535,0.1605,0,300,1,1,"C",0,2,"none","N",51.509675,2.39808,217.07,8.89,9.97,1017.32,NA,187.66,NA,-39.64,34.87,9.85,NA
70546,110070546,110001082,"2024-03-20","09:24:00",0.538,0.1614,0,300,1,1,"C",0,2,"none","N",51.50581,2.39346,217.26,8.61,9.98,1017.36,NA,187.66,NA,-37.97,34.87,9.84,NA
70547,110070547,110001082,"2024-03-20","09:26:00",0.524,0.1572,0,300,1,1,"C",0,2,"none","N",51.501985,2.388885,217.45,8.61,9.98,1017.36,NA,187.66,NA,-39.22,34.87,9.85,NA
70548,110070548,110001082,"2024-03-20","09:44:00",0.479,0.1437,0,300,1,1,"C",0,2,"none","N",51.488755,2.37316,218.54,6.97,10.01,1017.34,NA,153.39,NA,-37.83,34.89,9.88,NA
70549,110070549,110001082,"2024-03-20","09:46:00",0.52,0.156,0,300,1,1,"C",0,2,"none","N",51.48518,2.368805,217.63,8.48,10.05,1017.35,NA,153.39,NA,-38.48,34.88,9.88,NA
70550,110070550,110001082,"2024-03-20","09:48:00",0.523,0.1569,0,300,1,1,"C",0,2,"none","N",51.481425,2.364305,217.81,8.48,10.03,1017.32,NA,153.39,NA,-38.49,34.89,9.88,NA
70551,110070551,110001082,"2024-03-20","09:50:00",0.52,0.156,0,300,1,1,"C",0,2,"none","N",51.477675,2.359795,218.03,8.47,9.98,1017.33,NA,153.39,NA,-36.79,34.89,9.9,NA
70552,110070552,110001082,"2024-03-20","09:52:00",0.522,0.1566,0,300,1,1,"C",0,2,"none","N",51.47393,2.35529,217.92,8.59,9.97,1017.29,NA,153.39,NA,-38.37,34.89,9.92,NA
70553,110070553,110001082,"2024-03-20","09:54:00",0.522,0.1566,0,300,1,1,"C",0,2,"none","N",51.470165,2.350805,217.69,8.53,10.03,1017.42,NA,153.39,NA,-36.06,34.9,9.93,NA
70554,110070554,110001082,"2024-03-20","09:56:00",0.519,0.1557,0,300,1,1,"C",0,2,"none","N",51.46641,2.34633,217.59,8.49,10.01,1017.34,NA,153.39,NA,-34.56,34.9,9.93,NA
70555,110070555,110001082,"2024-03-20","09:58:00",0.521,0.1563,0,300,1,1,"C",0,2,"none","N",51.462665,2.34184,217.41,8.42,9.94,1017.31,NA,153.39,NA,NA,34.89,9.94,NA
70556,110070556,110001082,"2024-03-20","10:00:00",1.337,0.4011,0,300,1,1,"C",0,2,"none","N",51.4559,2.33399,217.59,8.57,9.93,1017.3,NA,153.39,NA,-30.15,34.9,9.96,NA
70557,110070557,110001082,"2024-03-20","10:02:00",0.453,0.1359,0,300,1,1,"C",0,2,"none","N",51.449595,2.330735,217.58,8.41,10.02,1017.29,NA,153.39,NA,-28.94,34.89,9.98,NA
70558,110070558,110001082,"2024-03-20","10:04:00",0.292,0.0876,0,300,1,1,"C",0,2,"none","N",51.44757,2.334945,217.07,8.36,9.97,1017.32,NA,153.39,NA,-26.95,34.91,9.98,NA
70559,110070559,110001082,"2024-03-20","10:05:00",0.335,0.1005,1,300,1,1,"C",0,2,"none","N",51.44766,2.33467,197.4,8.03,9.92,1017.28,NA,185.12,NA,-25.99,34.91,9.95,NA
70560,110070560,110001082,"2024-03-20","10:07:00",0.578,0.1734,0,300,1,1,"C",0,2,"none","N",51.447135,2.336205,122.63,9.14,9.95,1017.37,NA,185.12,NA,NA,34.9,9.97,NA
70561,110070561,110001082,"2024-03-20","10:09:00",1.527,0.4581,0,300,1,1,"C",0,2,"none","N",51.44218,2.34911,126.34,9.43,9.97,1017.43,NA,185.12,NA,-27.53,34.89,9.97,NA
70562,110070562,110001082,"2024-03-20","10:11:00",0.339,0.1017,0,300,1,1,"C",0,2,"none","N",51.4393,2.356315,130.48,9.62,9.92,1017.35,NA,185.12,NA,-36.57,34.86,9.92,NA
70563,110070563,110001082,"2024-03-20","10:13:00",0.593,0.1779,0,300,1,1,"C",0,2,"none","N",51.438665,2.357835,130.85,9.69,9.89,1017.33,NA,185.12,NA,-36.76,34.82,9.84,NA
70564,110070564,110001082,"2024-03-20","10:15:00",1.544,0.4632,0,300,1,1,"C",0,2,"none","N",51.433355,2.37066,130.52,9.49,9.89,1017.32,NA,185.12,NA,-31.88,34.82,9.84,NA
70565,110070565,110001082,"2024-03-20","10:17:00",0.589,0.1767,0,300,1,1,"C",0,2,"none","N",51.42811,2.38352,129.03,9.65,9.84,1017.37,NA,185.12,NA,NA,34.81,9.85,NA
70566,110070566,110001082,"2024-03-20","10:19:00",0.593,0.1779,0,300,1,1,"C",0,2,"none","N",51.42525,2.390695,127.32,9.64,9.88,1017.46,NA,185.12,NA,-29.4,34.83,9.82,NA
70567,110070567,110001082,"2024-03-20","10:21:00",0.572,0.1716,0,300,1,1,"C",0,2,"none","N",51.4241,2.398385,128.2,9.85,9.92,1017.29,NA,185.12,NA,-36.22,34.81,9.93,NA
70568,110070568,110001082,"2024-03-20","10:23:00",0.308,0.0924,0,300,1,1,"C",0,2,"none","N",51.42532,2.404125,129.17,9.62,9.85,1017.35,NA,185.12,NA,-36.84,34.8,9.85,NA
70569,110070569,110001082,"2024-03-20","10:24:00",0.625,0.1875,1,300,1,1,"C",0,2,"none","N",51.428615,2.4082,128.01,9.64,9.9,1017.27,NA,185.12,NA,-36.37,34.79,9.83,NA
70570,110070570,110001082,"2024-03-20","10:26:00",0.65,0.195,0,300,1,1,"C",0,2,"none","N",51.433375,2.413305,61.29,10.02,9.9,1017.17,NA,185.12,NA,-35.34,34.78,9.95,NA
70571,110070571,110001082,"2024-03-20","10:28:00",0.655,0.1965,0,300,1,1,"C",0,2,"none","N",51.43823,2.418565,36.48,10.12,9.87,1017.2,NA,137.12,NA,-35.47,34.78,9.95,NA
70572,110070572,110001082,"2024-03-20","10:30:00",0.379,0.1137,0,300,1,1,"C",0,2,"none","N",51.439255,2.419675,36.18,10.52,9.86,1017.28,NA,137.12,NA,-35.76,34.81,9.85,NA
70573,110070573,110001082,"2024-03-20","10:32:00",0.657,0.1971,0,300,1,1,"C",0,2,"none","N",51.440295,2.42078,32.7,10.71,9.85,1017.2,NA,137.12,NA,-35.31,34.78,9.83,NA
70574,110070574,110001082,"2024-03-20","10:34:00",0.658,0.1974,0,300,1,1,"C",0,2,"none","N",51.44526,2.42592,32.64,10.69,9.87,1017.24,NA,137.12,NA,-35.32,34.78,9.81,NA
70575,110070575,110001082,"2024-03-20","10:36:00",1.705,0.5115,0,300,1,1,"C",0,2,"none","N",51.454195,2.43512,32.3,10.71,9.92,1017.19,NA,137.12,NA,-35.64,34.78,9.82,NA
70576,110070576,110001082,"2024-03-20","10:38:00",0.643,0.1929,0,300,1,1,"C",0,2,"none","N",51.46307,2.44427,32.56,10.79,9.93,1017.2,NA,137.12,NA,-35.48,34.78,9.83,NA
70577,110070577,110001082,"2024-03-20","10:40:00",0.575,0.1725,0,300,1,1,"C",0,2,"none","N",51.46782,2.4486,32.36,10.7,9.88,1017.18,NA,137.12,2.07,-34.95,34.81,9.87,NA
70578,110070578,110001082,"2024-03-20","10:42:00",0.295,0.0885,0,300,1,1,"C",0,2,"none","N",51.46889,2.44971,31.75,10.63,9.9,1017.29,NA,137.12,NA,-34.9,34.82,9.86,NA
70579,110070579,110001082,"2024-03-20","11:12:00",0.274,0.0822,0,300,1,1,"C",0,2,"none","N",51.474235,2.45464,36.07,5.9,10.15,1017.42,NA,131.75,1.54,-35.47,34.82,9.89,NA
70580,110070580,110001082,"2024-03-20","11:14:00",1.411,0.4233,0,300,1,1,"C",0,2,"none","N",51.47844,2.459315,42.49,7.53,10.11,1017.27,NA,133.89,1.21,-32.5,34.83,9.87,NA
70581,110070581,110001082,"2024-03-20","11:16:00",0.612,0.1836,0,300,1,1,"C",0,2,"none","N",51.48586,2.46772,31.34,8.71,10,1017.28,NA,119.08,1.21,-30.85,34.84,9.87,NA
70582,110070582,110001082,"2024-03-20","11:18:00",0.35,0.105,0,300,1,1,"C",0,2,"none","N",51.486845,2.46875,33.58,9.59,9.97,1017.29,NA,128.97,1.42,-32.57,34.84,9.86,NA
70583,110070583,110001082,"2024-03-20","11:20:00",0.619,0.1857,0,300,1,1,"C",0,2,"none","N",51.48786,2.4698,32.12,10.03,10.06,1017.27,NA,141.33,2.01,-28.63,34.84,9.88,NA
70584,110070584,110001082,"2024-03-20","11:22:00",0.629,0.1887,0,300,1,1,"C",0,2,"none","N",51.49258,2.474655,31.94,10.16,10.09,1017.36,NA,137.5,NA,-30.27,34.85,9.91,NA
70585,110070585,110001082,"2024-03-20","11:24:00",1.612,0.4836,0,300,1,1,"C",0,2,"none","N",51.50105,2.48339,31.99,10.16,10.11,1017.38,NA,137.5,NA,-26.04,34.85,9.87,NA
70586,110070586,110001082,"2024-03-20","11:26:00",0.628,0.1884,0,300,1,1,"C",0,2,"none","N",51.509525,2.492105,31.83,10.12,10.08,1017.38,NA,137.5,NA,-22.11,34.86,9.91,NA
70587,110070587,110001082,"2024-03-20","11:28:00",0.362,0.1086,0,300,1,1,"C",0,2,"none","N",51.510535,2.493135,31.77,10.17,10.06,1017.42,NA,137.5,NA,-21.44,34.86,9.87,NA
70588,110070588,110001082,"2024-03-20","11:30:00",1.614,0.4842,0,300,1,1,"C",0,2,"none","N",51.515275,2.497995,31.82,10.1,10.08,1017.46,NA,137.5,1.28,-23.17,34.86,9.87,NA
70589,110070589,110001082,"2024-03-20","11:32:00",0.621,0.1863,0,300,1,1,"C",0,2,"none","N",51.52374,2.50666,31.7,10.26,10.15,1017.46,NA,137.5,NA,-21.66,34.86,9.88,NA
70590,110070590,110001082,"2024-03-20","11:34:00",0.62,0.186,0,300,1,1,"C",0,2,"none","N",51.528435,2.511485,32.51,10.16,10.09,1017.48,NA,137.5,NA,-18.74,34.86,9.87,NA
70591,110070591,110001082,"2024-03-20","11:36:00",0.616,0.1848,0,300,1,1,"C",0,2,"none","N",51.533105,2.516305,32.66,10.05,10.13,1017.48,NA,137.5,1.28,-27.19,34.87,9.89,NA
70592,110070592,110001082,"2024-03-20","11:38:00",0.352,0.1056,0,300,1,1,"C",0,2,"none","N",51.5341,2.517335,32.59,10.03,10.08,1017.62,NA,162.8,NA,-25.51,34.87,9.91,NA
70593,110070593,110001082,"2024-03-20","11:40:00",1.606,0.4818,0,300,1,1,"C",0,2,"none","N",51.53884,2.522225,33.74,10,10.11,1017.56,NA,162.8,1.08,-23.82,34.87,9.94,NA
70594,110070594,110001082,"2024-03-20","11:42:00",0.359,0.1077,0,300,1,1,"C",0,2,"none","N",51.54355,2.527095,33.24,10.2,10.08,1017.6,NA,164.46,NA,-28.3,34.87,9.93,NA
70595,110070595,110001082,"2024-03-20","11:44:00",0.625,0.1875,0,300,1,1,"C",0,2,"none","N",51.54455,2.52814,32.99,10.08,10.12,1017.64,NA,164.46,NA,-24.21,34.86,9.93,NA
70596,110070596,110001082,"2024-03-20","11:46:00",0.621,0.1863,0,300,1,1,"C",0,2,"none","N",51.54925,2.533015,33.06,10.12,10.1,1017.68,NA,164.46,NA,-26.05,34.86,9.92,NA
70597,110070597,110001082,"2024-03-20","11:48:00",0.624,0.1872,0,300,1,1,"C",0,2,"none","N",51.55395,2.537885,33.11,10.14,10.08,1017.66,NA,164.46,NA,-26.83,34.84,9.91,NA
70598,110070598,110001082,"2024-03-20","11:50:00",0.62,0.186,0,300,1,1,"C",0,2,"none","N",51.55865,2.542755,32.95,10.15,10.07,1017.68,NA,164.46,0.57,-28.46,34.82,9.89,NA
70599,110070599,110001082,"2024-03-20","11:52:00",1.587,0.4761,0,300,1,1,"C",0,2,"none","N",51.566995,2.551365,32.97,10.04,10.06,1017.68,NA,164.46,NA,-33.49,34.81,9.9,NA
70600,110070600,110001082,"2024-03-20","11:54:00",0.346,0.1038,0,300,1,1,"C",0,2,"none","N",51.571685,2.55621,33.41,10.07,10.07,1017.69,NA,158.57,NA,-33.24,34.82,9.93,NA
70601,110070601,110001082,"2024-03-20","11:56:00",1.556,0.4668,0,300,1,1,"C",0,2,"none","N",51.57625,2.560955,32.63,9.59,10.06,1017.66,NA,177.71,0.42,-28.53,34.83,9.92,NA
70602,110070602,110001082,"2024-03-20","11:58:00",0.349,0.1047,0,300,1,1,"C",0,2,"none","N",51.58081,2.565665,33.07,9.75,10.11,1017.74,NA,140.39,0.65,-33.61,34.83,9.88,NA
70603,110070603,110001082,"2024-03-20","12:00:00",1.567,0.4701,0,300,1,1,"C",0,2,"none","N",51.585405,2.570435,32.64,9.8,10.05,1017.63,NA,178.31,0.57,-34,34.83,9.9,NA
70604,110070604,110001082,"2024-03-20","12:02:00",0.345,0.1035,0,300,1,1,"C",0,2,"none","N",51.59002,2.57521,32.35,9.94,10.09,1017.58,NA,153.74,0.52,-30.97,34.83,9.98,NA
70605,110070605,110001082,"2024-03-20","12:04:00",0.612,0.1836,0,300,1,1,"C",0,2,"none","N",51.591035,2.576235,32.55,9.93,10.07,1017.57,NA,140.78,0.58,-36.22,34.82,9.95,NA
70606,110070606,110001082,"2024-03-20","12:06:00",1.571,0.4713,0,300,1,1,"C",0,2,"none","N",51.599295,2.584745,32.21,9.91,10.08,1017.54,NA,137.73,0.79,-37.57,34.83,9.93,NA
70607,110070607,110001082,"2024-03-20","12:08:00",0.597,0.1791,0,300,1,1,"C",0,2,"none","N",51.607495,2.59321,32.14,9.81,10.13,1017.59,NA,131.59,0.48,-38.62,34.82,9.9,NA
70608,110070608,110001082,"2024-03-20","12:10:00",0.345,0.1035,0,300,1,1,"C",0,2,"none","N",51.60845,2.59419,32.75,9.74,10.17,1017.59,NA,124.94,0.22,-38.97,34.82,9.88,NA
70609,110070609,110001082,"2024-03-20","12:12:00",0.609,0.1827,0,300,1,1,"C",0,2,"none","N",51.609445,2.59522,32.97,9.85,10.06,1017.55,NA,100.46,0.47,-38.1,34.79,9.89,NA
70610,110070610,110001082,"2024-03-20","12:14:00",1.531,0.4593,0,300,1,1,"C",0,2,"none","N",51.61723,2.604275,33.25,10.13,10.06,1017.57,NA,120.39,NA,-39.25,34.8,9.94,NA
70611,110070611,110001082,"2024-03-20","12:16:00",0.507,0.1521,0,300,1,1,"C",0,2,"none","N",51.6216,2.614135,33.23,10.2,10.1,1017.59,NA,120.39,NA,-38.71,34.79,9.91,NA
70612,110070612,110001082,"2024-03-20","12:18:00",0.303,0.0909,1,300,1,1,"C",0,2,"none","N",51.621195,2.615465,33.87,10.22,10.14,1017.64,NA,120.39,NA,-39.35,34.78,9.94,NA
70613,110070613,110001082,"2024-03-20","12:20:00",0.549,0.1647,0,300,1,1,"C",0,2,"none","N",51.62066,2.61702,131.09,8.17,10.06,1017.59,NA,120.39,NA,-40.11,34.77,9.94,NA
70614,110070614,110001082,"2024-03-20","12:22:00",1.509,0.4527,0,300,1,1,"C",0,2,"none","N",51.61617,2.63003,123.88,9.12,10.07,1017.6,NA,120.39,NA,-39.41,34.76,9.8,NA
70615,110070615,110001082,"2024-03-20","12:24:00",0.574,0.1722,0,300,1,1,"C",0,2,"none","N",51.611725,2.64329,123.96,9.34,10.13,1017.61,NA,120.39,NA,-37.73,34.73,9.84,NA
70616,110070616,110001082,"2024-03-20","12:26:00",0.56,0.168,0,300,1,1,"C",0,2,"none","N",51.609335,2.650535,121.94,10.13,10.14,1017.77,NA,120.39,NA,-39.83,34.72,9.81,NA
70617,110070617,110001082,"2024-03-20","12:28:00",0.325,0.0975,0,300,1,1,"C",0,2,"none","N",51.608835,2.652035,123,9.18,10.19,1017.74,NA,120.39,NA,-42.16,34.7,9.89,NA
70618,110070618,110001082,"2024-03-20","12:30:00",0.565,0.1695,0,300,1,1,"C",0,2,"none","N",51.608315,2.65356,123.96,9.2,10.11,1017.79,NA,120.39,NA,-38.4,34.68,9.86,NA
70619,110070619,110001082,"2024-03-20","12:32:00",0.565,0.1695,0,300,1,1,"C",0,2,"none","N",51.6059,2.660755,123.99,9.12,10.12,1017.75,NA,120.39,NA,-34.15,34.66,9.87,NA
70620,110070620,110001082,"2024-03-20","12:34:00",0.997,0.2991,0,300,1,1,"C",0,2,"none","N",51.60026,2.665395,123.98,9.17,10.07,1017.81,NA,120.39,NA,-29.82,34.67,9.83,NA
70621,110070621,110001082,"2024-03-20","12:36:00",0.531,0.1593,1,300,1,1,"C",0,2,"none","N",51.59364,2.664925,181.54,7.06,10.07,1017.73,NA,120.39,NA,-26.39,34.67,9.83,NA
70622,110070622,110001082,"2024-03-20","12:38:00",0.313,0.0939,0,300,1,1,"C",0,2,"none","N",51.592745,2.6643,202.47,8.2,10.1,1017.73,NA,120.39,NA,-27.62,34.67,9.81,NA
70623,110070623,110001082,"2024-03-20","12:40:00",0.536,0.1608,0,300,1,1,"C",0,2,"none","N",51.59183,2.66366,202.95,8.53,10.21,1017.7,NA,120.39,NA,-29.33,34.67,9.83,NA
70624,110070624,110001082,"2024-03-20","12:42:00",1.37,0.411,0,300,1,1,"C",0,2,"none","N",51.583975,2.65818,203.06,8.8,10.14,1017.63,NA,120.39,NA,-30.96,34.67,9.83,NA
70625,110070625,110001082,"2024-03-20","12:44:00",0.533,0.1599,0,300,1,1,"C",0,2,"none","N",51.57613,2.652705,203.21,8.59,10.15,1017.63,NA,120.39,NA,-29.27,34.68,9.83,NA
70626,110070626,110001082,"2024-03-20","12:49:00",0.535,0.1605,0,300,1,1,"C",0,2,"none","N",51.57205,2.649885,203.05,8.66,10.25,1017.51,NA,120.39,NA,-28.67,34.69,9.85,NA
70627,110070627,110001082,"2024-03-20","12:51:00",1.39,0.417,0,300,1,1,"C",0,2,"none","N",51.56411,2.644365,202.74,8.52,10.27,1017.48,NA,120.39,NA,-30.99,34.69,9.84,NA
70628,110070628,110001082,"2024-03-20","12:53:00",0.317,0.0951,0,300,1,1,"C",0,2,"none","N",51.55969,2.641275,202.76,8.66,10.34,1017.48,NA,120.39,NA,-28.32,34.69,9.85,NA
70629,110070629,110001082,"2024-03-20","12:55:00",1.391,0.4173,0,300,1,1,"C",0,2,"none","N",51.555265,2.638195,203.06,8.88,10.33,1017.47,NA,120.39,NA,-27.99,34.69,9.84,NA
70630,110070630,110001082,"2024-03-20","12:57:00",0.534,0.1602,0,300,1,1,"C",0,2,"none","N",51.547325,2.63269,202.29,8.74,10.29,1017.43,NA,120.39,NA,-28.51,34.69,9.83,NA
70631,110070631,110001082,"2024-03-20","12:59:00",0.301,0.0903,0,300,1,1,"C",0,2,"none","N",51.54636,2.632035,202.29,8.71,10.34,1017.38,NA,120.39,NA,-27.79,34.69,9.82,NA
70632,110070632,110001082,"2024-03-20","13:01:00",1.094,0.3282,0,300,1,1,"C",0,2,"none","N",51.543085,2.62979,203,8.6,10.34,1017.36,NA,120.39,NA,-27.47,34.66,9.85,NA
70633,110070633,110001082,"2024-03-20","13:02:00",0.304,0.0912,0,300,1,1,"C",0,2,"none","N",51.539825,2.62754,202.96,8.54,10.39,1017.35,NA,120.39,NA,-26.99,34.66,9.85,NA
70634,110070634,110001082,"2024-03-20","13:04:00",1.361,0.4083,0,300,1,1,"C",0,2,"none","N",51.535465,2.62451,203.54,8.58,10.39,1017.32,NA,120.39,NA,-27.94,34.64,9.85,NA
70635,110070635,110001082,"2024-03-20","13:06:00",0.533,0.1599,0,300,1,1,"C",0,2,"none","N",51.527655,2.619085,204.43,8.48,10.38,1017.27,NA,120.39,NA,NA,34.6,9.82,NA
70636,110070636,110001082,"2024-03-20","13:08:00",0.532,0.1596,0,300,1,1,"C",0,2,"none","N",51.52327,2.616005,203.88,8.53,10.4,1017.21,NA,120.39,NA,NA,34.59,9.8,NA
70637,110070637,110001082,"2024-03-20","13:10:00",0.306,0.0918,0,300,1,1,"C",0,2,"none","N",51.52234,2.615345,203.64,8.58,10.35,1017.21,NA,120.39,NA,-29.27,34.6,9.79,NA
70638,110070638,110001082,"2024-03-20","13:12:00",0.542,0.1626,0,300,1,1,"C",0,2,"none","N",51.521365,2.61468,203.76,8.69,10.34,1017.21,NA,120.39,NA,-31.12,34.6,9.77,NA
70639,110070639,110001082,"2024-03-20","13:14:00",0.543,0.1629,0,300,1,1,"C",0,2,"none","N",51.516895,2.61156,203.94,8.68,10.34,1017.15,NA,120.39,NA,-33.12,34.61,9.77,NA
70640,110070640,110001082,"2024-03-20","13:16:00",1.418,0.4254,0,300,1,1,"C",0,2,"none","N",51.5088,2.605985,202.99,8.71,10.33,1017.09,NA,120.39,NA,-33.9,34.61,9.79,NA
70641,110070641,110001082,"2024-03-20","13:18:00",0.558,0.1674,0,300,1,1,"C",0,2,"none","N",51.500565,2.6007,202.61,8.91,10.34,1017.07,NA,120.39,NA,-34.38,34.62,9.77,NA
70642,110070642,110001082,"2024-03-20","13:20:00",0.316,0.0948,0,300,1,1,"C",0,2,"none","N",51.499535,2.600145,202.06,9.04,10.29,1017.04,NA,120.39,NA,-34.93,34.64,9.78,NA
70643,110070643,110001082,"2024-03-20","13:22:00",1.428,0.4284,0,300,1,1,"C",0,2,"none","N",51.49489,2.597195,196.61,8.92,10.37,1017.02,NA,120.39,NA,-35.45,34.68,9.79,NA
70644,110070644,110001082,"2024-03-20","13:24:00",0.324,0.0972,0,300,1,1,"C",0,2,"none","N",51.490195,2.59458,197.06,8.8,10.37,1017.04,NA,120.39,NA,-34.03,34.73,9.83,NA
70645,110070645,110001082,"2024-03-20","13:26:00",0.554,0.1662,0,300,1,1,"C",0,2,"none","N",51.48933,2.59365,204.15,9.08,10.36,1017.13,NA,120.39,NA,-33.16,34.75,9.85,NA
70646,110070646,110001082,"2024-03-20","13:28:00",0.558,0.1674,0,300,1,1,"C",0,2,"none","N",51.48514,2.589305,215.02,9.11,10.3,1017.11,NA,120.39,NA,-36.28,34.74,9.81,NA
70647,110070647,110001082,"2024-03-20","13:30:00",0.525,0.1575,0,300,1,1,"C",0,2,"none","N",51.48118,2.584775,214.99,8.85,10.36,1017.09,NA,120.39,NA,-35.53,34.73,9.89,NA
70648,110070648,110001082,"2024-03-20","13:32:00",0.47,0.141,0,300,1,1,"C",0,2,"none","N",51.47752,2.58066,215.15,7.79,10.42,1017.09,NA,120.39,NA,-35.29,34.71,9.82,NA
70649,110070649,110001082,"2024-03-20","13:34:00",0.944,0.2832,0,300,1,1,"C",0,2,"none","N",51.4723,2.57486,215.35,7.62,10.46,1017.06,NA,120.39,NA,-36.76,34.68,9.82,NA
70650,110070650,110001082,"2024-03-20","14:10:00",0.504,0.1512,0,300,1,1,"C",0,2,"none","N",51.45757,2.564305,184.95,7.51,10.8,1017.17,NA,31.58,3.36,-33.09,34.65,9.83,NA
70651,110070651,110001082,"2024-03-20","14:12:00",0.54,0.162,0,300,1,1,"C",0,2,"none","N",51.45296,2.56302,190.34,8.65,10.71,1017.16,NA,31.73,3.37,-33.09,34.65,9.85,NA
70652,110070652,110001082,"2024-03-20","14:14:00",0.551,0.1653,0,300,1,1,"C",0,2,"none","N",51.448245,2.5609,196.33,8.75,10.73,1017.18,NA,28.42,3.24,-33.2,34.64,9.89,NA
70653,110070653,110001082,"2024-03-20","14:16:00",0.579,0.1737,0,300,1,1,"C",0,2,"none","N",51.44351,2.55799,200.49,9.07,10.71,1017.15,NA,24.25,3.41,-32.96,34.65,9.9,NA
70654,110070654,110001082,"2024-03-20","14:18:00",0.592,0.1776,0,300,1,1,"C",0,2,"none","N",51.4387,2.55458,201.86,9.49,10.9,1017.14,NA,24.76,3.38,-32.79,34.64,9.77,NA
70655,110070655,110001082,"2024-03-20","14:20:00",0.58,0.174,0,300,1,1,"C",0,2,"none","N",51.43386,2.551265,200.73,9.54,10.93,1017.18,NA,27.7,3.37,-33.59,34.64,9.83,NA
70656,110070656,110001082,"2024-03-20","14:22:00",0.59,0.177,0,300,1,1,"C",0,2,"none","N",51.42898,2.548135,200.17,9.4,10.91,1017.15,NA,27.46,3.22,-32.2,34.64,9.86,NA
70657,110070657,110001082,"2024-03-20","14:24:00",0.821,0.2463,0,300,1,1,"C",0,2,"none","N",51.423065,2.54449,200.16,9.47,10.91,1017.17,NA,27.96,3.19,-32.64,34.64,9.82,NA
70658,110070658,110001082,"2024-03-20","14:26:00",0.334,0.1002,0,300,1,1,"C",0,2,"none","N",51.41815,2.541895,200.25,9.57,10.92,1017.16,NA,26.57,3.48,-31.36,34.57,9.97,NA
70659,110070659,110001082,"2024-03-20","14:28:00",1.477,0.4431,0,300,1,1,"C",0,2,"none","N",51.410075,2.54041,190.2,9.3,10.84,1017.14,NA,25.98,3.54,-25.25,34.58,9.89,NA
70660,110070660,110001082,"2024-03-20","14:30:00",0.329,0.0987,0,300,1,1,"C",0,2,"none","N",51.404945,2.539525,182.22,9.17,10.87,1017.15,NA,24.35,3.63,-22.8,34.54,9.85,NA
70661,110070661,110001082,"2024-03-20","14:32:00",0.568,0.1704,0,300,1,1,"C",0,2,"none","N",51.40387,2.539505,180.09,9.35,10.72,1017.11,NA,21.86,3.41,-23.43,34.52,9.97,NA
70662,110070662,110001082,"2024-03-20","14:34:00",0.58,0.174,0,300,1,1,"C",0,2,"none","N",51.398715,2.539455,176.05,9.21,10.74,1017.09,NA,26.31,3.94,NA,34.58,9.77,NA
70663,110070663,110001082,"2024-03-20","14:36:00",1.468,0.4404,0,300,1,1,"C",0,2,"none","N",51.38958,2.540975,175.91,9.43,10.72,1017.05,NA,26.27,3.98,-24.27,34.54,9.79,NA
70664,110070664,110001082,"2024-03-20","14:38:00",0.324,0.0972,0,300,1,1,"C",0,2,"none","N",51.38446,2.541845,167.14,9.15,10.68,1016.97,NA,26.76,4.03,-30.69,34.53,9.83,NA
70665,110070665,110001082,"2024-03-20","14:40:00",1.365,0.4095,0,300,1,1,"C",0,2,"none","N",51.380615,2.546325,162.26,9.21,10.63,1016.93,NA,22.94,4.25,-30.14,34.49,9.76,NA
70666,110070666,110001082,"2024-03-20","14:42:00",0.563,0.1689,0,300,1,1,"C",0,2,"none","N",51.37711,2.548455,150.63,9.08,10.62,1016.92,NA,20.93,4.41,-30,34.47,9.82,NA
70667,110070667,110001082,"2024-03-20","14:43:00",1.257,0.3771,1,300,1,1,"C",0,2,"none","N",51.376795,2.55395,140.44,8.79,10.57,1016.9,NA,18.32,4.06,-30.89,34.47,9.83,NA
70668,110070668,110001082,"2024-03-20","14:45:00",0.298,0.0894,0,300,1,1,"C",0,2,"none","N",51.37476,2.560225,112.75,8.41,10.56,1016.96,NA,20.15,4.34,-30.37,34.47,9.81,NA
70669,110070669,110001082,"2024-03-20","14:47:00",1.374,0.4122,0,300,1,1,"C",0,2,"none","N",51.37465,2.567965,89.75,8.62,10.62,1016.68,NA,11.35,3.55,-31.17,34.46,10,NA
70670,110070670,110001082,"2024-03-20","14:49:00",0.307,0.0921,0,300,1,1,"C",0,2,"none","N",51.37457,2.575645,89.78,8.7,10.97,1016.71,NA,22.67,3.66,-30.35,34.43,9.75,NA
70671,110070671,110001082,"2024-03-20","14:51:00",1.389,0.4167,0,300,1,1,"C",0,2,"none","N",51.37437,2.583425,90.67,8.66,10.97,1016.7,NA,7.2,3.69,-23.85,34.41,9.79,NA
70672,110070672,110001082,"2024-03-20","14:53:00",0.312,0.0936,0,300,1,1,"C",0,2,"none","N",51.37417,2.591165,90.98,8.72,10.69,1016.73,NA,8.85,3.37,-24.77,34.41,9.79,NA
70673,110070673,110001082,"2024-03-20","14:55:00",1.342,0.4026,0,300,1,1,"C",0,2,"none","N",51.375845,2.59822,91.03,8.77,10.55,1016.74,NA,4.05,3.02,-26.17,34.41,9.82,NA
70674,110070674,110001082,"2024-03-20","14:57:00",0.532,0.1596,0,300,1,1,"C",0,2,"none","N",51.37835,2.611075,67.29,8.32,10.6,1016.85,NA,9.34,3.23,-29.25,34.4,9.77,NA
70675,110070675,110001082,"2024-03-20","14:59:00",0.307,0.0921,0,300,1,1,"C",0,2,"none","N",51.378745,2.612565,65.21,8.77,10.46,1016.77,NA,11.85,2.61,-27.69,34.4,9.82,NA
70676,110070676,110001082,"2024-03-20","15:01:00",0.536,0.1608,0,300,1,1,"C",0,2,"none","N",51.37912,2.6141,67.86,8.66,10.42,1016.77,NA,19.84,2.76,-28.45,34.38,9.87,NA
70677,110070677,110001082,"2024-03-20","15:03:00",0.529,0.1587,0,300,1,1,"C",0,2,"none","N",51.38082,2.621265,69.01,8.79,10.43,1016.8,NA,11.43,2.6,-27.26,34.4,9.81,NA
70678,110070678,110001082,"2024-03-20","15:05:00",0.526,0.1578,0,300,1,1,"C",0,2,"none","N",51.382475,2.628375,69.29,8.53,10.51,1016.72,NA,16.11,3.11,-27.79,34.37,9.79,NA
70679,110070679,110001082,"2024-03-20","15:07:00",0.52,0.156,0,300,1,1,"C",0,2,"none","N",51.3841,2.635435,69.04,8.63,10.49,1016.76,NA,26.03,3.26,-26.82,34.35,9.81,NA
70680,110070680,110001082,"2024-03-20","15:09:00",0.525,0.1575,0,300,1,1,"C",0,2,"none","N",51.385725,2.64249,68.75,8.42,10.57,1016.76,NA,16.77,3.08,-27.26,34.34,9.73,NA
70681,110070681,110001082,"2024-03-20","15:11:00",0.526,0.1578,0,300,1,1,"C",0,2,"none","N",51.387365,2.649585,68.91,8.57,10.46,1016.77,NA,10.77,3.17,-28.99,34.33,9.79,NA
70682,110070682,110001082,"2024-03-20","15:13:00",0.535,0.1605,0,300,1,1,"C",0,2,"none","N",51.389025,2.656745,68.74,8.47,10.34,1016.83,NA,3.62,3.36,-28.98,34.33,9.9,NA
70683,110070683,110001082,"2024-03-20","15:15:00",1.366,0.4098,0,300,1,1,"C",0,2,"none","N",51.391975,2.669585,68.94,8.56,10.3,1016.87,NA,0.53,3.49,-28.68,34.31,9.87,NA
70684,110070684,110001082,"2024-03-20","15:17:00",0.531,0.1593,0,300,1,1,"C",0,2,"none","N",51.394885,2.68242,68.84,8.55,10.22,1016.7,NA,2.84,3.59,-29.5,34.32,9.87,NA
70685,110070685,110001082,"2024-03-20","15:19:00",0.311,0.0933,0,300,1,1,"C",0,2,"none","N",51.395215,2.683915,69.28,8.68,10.26,1016.72,NA,12.58,3.31,-29.44,34.31,9.87,NA
70686,110070686,110001082,"2024-03-20","15:21:00",1.357,0.4071,0,300,1,1,"C",0,2,"none","N",51.396875,2.69096,68.73,8.55,10.3,1016.74,NA,20.04,3.04,-27.77,34.32,9.8,NA
70687,110070687,110001082,"2024-03-20","15:23:00",0.501,0.1503,0,300,1,1,"C",0,2,"none","N",51.40116,2.701175,69.23,8.72,10.36,1016.78,NA,21.22,3.02,-26.79,34.31,9.85,NA
70688,110070688,110001082,"2024-03-20","15:25:00",0.264,0.0792,0,300,1,1,"C",0,2,"none","N",51.404455,2.70273,68.85,8.57,10.35,1016.76,NA,18.94,3.27,-25.73,34.3,9.83,NA
70689,110070689,110001082,"2024-03-20","15:26:00",0.537,0.1611,1,300,1,1,"D",0,1,"none","N",51.40793,2.704215,43.16,7.62,10.37,1016.82,NA,11.47,3.57,-26.83,34.29,9.78,NA
70690,110070690,110001082,"2024-03-20","15:28:00",0.313,0.0939,0,300,1,1,"D",0,1,"none","N",51.4089,2.704625,17.6,8.56,10.34,1016.96,NA,23.82,2.85,-23.16,34.28,9.82,NA
70691,110070691,110001082,"2024-03-20","15:30:00",1.381,0.4143,0,300,1,1,"D",0,1,"none","N",51.413515,2.70671,19.09,8.64,10.32,1016.96,NA,32.88,3,-23.41,34.24,9.75,NA
70692,110070692,110001082,"2024-03-20","15:32:00",0.533,0.1599,0,300,1,1,"D",0,1,"none","N",51.421775,2.710515,20.17,8.66,10.37,1016.96,NA,30.42,3.02,-25,34.21,9.76,NA
70693,110070693,110001082,"2024-03-20","15:34:00",0.313,0.0939,0,300,1,1,"D",0,1,"none","N",51.422715,2.710985,19.75,8.6,10.5,1016.97,NA,34.52,3.06,-21.69,34.19,9.75,NA
70694,110070694,110001082,"2024-03-20","15:36:00",1.365,0.4095,0,300,1,1,"D",0,1,"none","N",51.427215,2.71329,21.72,8.55,10.6,1016.89,NA,39.64,3.3,-22.95,34.16,9.83,NA
70695,110070695,110001082,"2024-03-20","15:38:00",0.301,0.0903,0,300,1,1,"D",0,1,"none","N",51.43177,2.71561,21.95,8.56,10.71,1016.96,NA,35.35,3.35,-24.86,34.15,9.73,NA
70696,110070696,110001082,"2024-03-20","15:40:00",0.527,0.1581,0,300,1,1,"D",0,1,"none","N",51.43274,2.716095,22.18,8.57,10.79,1016.99,NA,33.68,3.13,-25.13,34.11,9.74,NA
70697,110070697,110001082,"2024-03-20","15:42:00",0.538,0.1614,0,300,1,1,"D",0,1,"none","N",51.43731,2.71836,22.43,8.64,10.74,1017.05,NA,29.07,2.9,-24.2,34.1,9.72,NA
70698,110070698,110001082,"2024-03-20","15:44:00",0.534,0.1602,0,300,1,1,"D",0,1,"none","N",51.44196,2.720345,17.57,8.66,10.72,1017.04,NA,33.06,3.36,-24.41,34.09,9.73,NA
70699,110070699,110001082,"2024-03-20","15:46:00",0.538,0.1614,0,300,1,1,"D",0,1,"none","N",51.446635,2.72221,18.34,8.77,10.95,1017.07,NA,36.26,3.16,-26.68,34.12,9.85,NA
70700,110070700,110001082,"2024-03-20","15:48:00",0.54,0.162,0,300,1,1,"D",0,1,"none","N",51.45131,2.72425,19.34,8.78,10.88,1017.05,NA,27.42,2.85,-27.09,34.18,9.73,NA
70701,110070701,110001082,"2024-03-20","15:50:00",0.53,0.159,0,300,1,1,"D",0,1,"none","N",51.45594,2.726335,19.04,8.48,10.85,1017.03,NA,30.48,3.12,-26.14,34.19,9.91,NA
70702,110070702,110001082,"2024-03-20","15:52:00",0.53,0.159,0,300,1,1,"D",0,1,"none","N",51.46054,2.728305,17.66,8.51,10.77,1017.02,NA,24.99,2.89,-29.25,34.23,9.97,NA
70703,110070703,110001082,"2024-03-20","15:54:00",0.527,0.1581,0,300,1,1,"D",0,1,"none","N",51.465155,2.73009,15.69,8.65,10.84,1017.14,NA,27.92,2.98,-29.19,34.26,9.98,NA
70704,110070704,110001082,"2024-03-20","15:56:00",1.346,0.4038,0,300,1,1,"D",0,1,"none","N",51.473325,2.73331,15.66,8.5,10.98,1016.97,NA,33.7,3.13,-30.29,34.25,9.95,NA
70705,110070705,110001082,"2024-03-20","15:58:00",0.525,0.1575,0,300,1,1,"D",0,1,"none","N",51.48148,2.736565,16.24,8.52,11.08,1017.07,NA,38.83,3.18,-30.67,34.28,9.82,NA
70706,110070706,110001082,"2024-03-20","16:00:00",0.52,0.156,0,300,1,1,"D",0,1,"none","N",51.486045,2.73833,15.67,8.6,11.38,1016.92,NA,39.11,3.19,-28.76,34.28,9.84,NA
70707,110070707,110001082,"2024-03-20","16:02:00",0.517,0.1551,0,300,1,1,"D",0,1,"none","N",51.49059,2.73999,16.19,8.5,11.13,1016.97,NA,33.31,2.91,-27.24,34.26,10.04,NA
70708,110070708,110001082,"2024-03-20","16:04:00",0.536,0.1608,0,300,1,1,"D",0,1,"none","N",51.495215,2.741595,15.95,8.47,11.23,1017.01,NA,38.19,2.84,-28.7,34.31,9.82,NA
70709,110070709,110001082,"2024-03-20","16:06:00",0.302,0.0906,0,300,1,1,"D",0,1,"none","N",51.496245,2.741945,16.21,8.47,11.26,1017.2,NA,26.83,2.38,-27.17,34.31,9.82,NA
70710,110070710,110001082,"2024-03-20","16:08:00",0.522,0.1566,0,300,1,1,"D",0,1,"none","N",51.49721,2.742295,16.09,8.48,11.16,1017.17,NA,34.76,2.44,-29.93,34.28,9.73,NA
70711,110070711,110001082,"2024-03-20","16:10:00",1.34,0.402,0,300,1,1,"D",0,1,"none","N",51.505375,2.74519,16.43,8.43,11.24,1016.99,NA,39.57,2.66,-31.43,34.24,9.86,NA
70712,110070712,110001082,"2024-03-20","16:12:00",0.295,0.0885,0,300,1,1,"D",0,1,"none","N",51.50996,2.74679,16.15,8.44,11.25,1017,NA,37.9,2.64,-31.76,34.3,9.76,NA
70713,110070713,110001082,"2024-03-20","16:14:00",1.329,0.3987,0,300,1,1,"D",0,1,"none","N",51.514465,2.74859,16.28,8.43,11.24,1017.02,NA,36.18,2.67,-31.35,34.33,10.03,NA
70714,110070714,110001082,"2024-03-20","16:16:00",0.518,0.1554,0,300,1,1,"D",0,1,"none","N",51.522525,2.75175,16.87,8.23,11.2,1017.07,NA,22.85,2.55,-36.21,34.3,10.18,NA
70715,110070715,110001082,"2024-03-20","16:18:00",0.299,0.0897,0,300,1,1,"D",0,1,"none","N",51.523485,2.752125,16.96,8.39,10.82,1017.17,NA,31.52,2.41,-31.93,34.36,10.05,NA
70716,110070716,110001082,"2024-03-20","16:20:00",0.516,0.1548,0,300,1,1,"D",0,1,"none","N",51.524435,2.75249,17.29,8.35,10.99,1017.04,NA,24.57,2.31,-32.68,34.37,9.87,NA
70717,110070717,110001082,"2024-03-20","16:22:00",0.515,0.1545,0,300,1,1,"D",0,1,"none","N",51.528945,2.75418,17.08,8.38,11.04,1017.05,NA,31.64,2.46,-33.35,34.37,9.66,NA
70718,110070718,110001082,"2024-03-20","16:24:00",0.521,0.1563,0,300,1,1,"D",0,1,"none","N",51.53348,2.755845,17.15,8.38,11.32,1016.97,NA,33.33,2.37,-31.89,34.35,9.69,NA
70719,110070719,110001082,"2024-03-20","16:26:00",1.323,0.3969,0,300,1,1,"D",0,1,"none","N",51.541555,2.75881,16.82,8.34,11.43,1016.88,NA,38.59,2.29,-34.57,34.35,9.74,NA
70720,110070720,110001082,"2024-03-20","16:28:00",0.52,0.156,0,300,1,1,"D",0,1,"none","N",51.54963,2.76177,17.19,8.37,11.32,1016.96,NA,36.1,2.46,-35.56,34.35,9.74,NA
70721,110070721,110001082,"2024-03-20","16:30:00",0.508,0.1524,0,300,1,1,"D",0,1,"none","N",51.554125,2.76347,17.17,8.37,11.34,1017.03,NA,33.06,2.33,-33.86,34.36,9.82,NA
70722,110070722,110001082,"2024-03-20","16:32:00",0.288,0.0864,0,300,1,1,"D",0,1,"none","N",51.555085,2.763835,16.47,8.29,11.26,1017.05,NA,30.44,2.21,-33.57,34.36,9.7,NA
70723,110070723,110001082,"2024-03-20","16:34:00",1.314,0.3942,0,300,1,1,"D",0,1,"none","N",51.55956,2.7656,17.09,8.33,11.1,1017.1,NA,24.5,2.36,-32.54,34.35,9.74,NA
70724,110070724,110001082,"2024-03-20","16:36:00",0.508,0.1524,0,300,1,1,"D",0,1,"none","N",51.567505,2.76875,16.92,8.22,11.13,1017.17,NA,24.92,2.36,-33.02,34.39,9.77,NA
70725,110070725,110001082,"2024-03-20","16:38:00",0.292,0.0876,0,300,1,1,"D",0,1,"none","N",51.568445,2.76913,16.93,8.25,11.05,1017.15,NA,22.95,2.3,-33.03,34.39,9.7,NA
70726,110070726,110001082,"2024-03-20","16:40:00",1.298,0.3894,0,300,1,1,"D",0,1,"none","N",51.572825,2.77092,16.74,8.2,10.88,1017.16,NA,24.64,2.61,-31,34.39,9.74,NA
70727,110070727,110001082,"2024-03-20","16:42:00",0.285,0.0855,0,300,1,1,"D",0,1,"none","N",51.57724,2.772705,17.04,8.23,10.82,1017.15,NA,21.82,2.49,-32.73,34.39,9.78,NA
70728,110070728,110001082,"2024-03-20","16:44:00",1.293,0.3879,0,300,1,1,"D",0,1,"none","N",51.581635,2.77447,17.14,8.22,10.9,1017.15,NA,28.07,2.33,-32.01,34.39,9.71,NA
70729,110070729,110001082,"2024-03-20","16:46:00",0.397,0.1191,0,300,1,1,"D",0,1,"none","N",51.588875,2.775495,17.28,8.21,10.84,1017.15,NA,23.7,2.4,-32.59,34.4,9.78,NA
70730,110070730,110001082,"2024-03-20","16:48:00",0.586,0.1758,0,300,1,1,"D",0,1,"none","N",51.59094,2.770075,16.86,8.16,10.68,1017.3,NA,27.29,2.72,-32.47,34.41,9.74,NA
70731,110070731,110001083,"2024-03-22","06:58:00",0.285,0.0855,0,300,1,1,"D",2,6,"none","N",51.42601,2.539875,201.67,8.93,9.97,1015.79,NA,251.23,10.45,NA,34.63,9.79,NA
70732,110070732,110001083,"2024-03-22","07:00:00",0.499,0.1497,0,300,1,1,"D",2,6,"none","N",51.42505,2.53984,181.79,6.6,9.99,1015.57,NA,248.58,12.47,NA,34.63,9.79,NA
70733,110070733,110001083,"2024-03-22","07:02:00",0.489,0.1467,0,300,1,1,"D",2,6,"none","N",51.420615,2.53967,181.22,7.76,9.99,1015.66,NA,258.66,10.61,NA,34.61,9.79,NA
70734,110070734,110001083,"2024-03-22","07:04:00",1.272,0.3816,0,300,1,1,"D",2,6,"none","N",51.41271,2.53935,181.41,7.52,9.94,1015.14,NA,242.01,12.69,NA,34.58,9.78,NA
70735,110070735,110001083,"2024-03-22","07:06:00",0.281,0.0843,0,300,1,1,"D",2,6,"none","N",51.40826,2.539145,181.73,8.43,9.96,1015.3,NA,258.08,10.89,NA,34.55,9.77,NA
70736,110070736,110001083,"2024-03-22","07:08:00",1.278,0.3834,0,300,1,1,"D",2,6,"none","N",51.403785,2.5389,181.03,8.01,9.98,1015.08,NA,252.73,11.68,NA,34.54,9.77,NA
70737,110070737,110001083,"2024-03-22","07:10:00",0.297,0.0891,0,300,1,1,"D",2,6,"none","N",51.399385,2.538645,181.03,8.17,9.97,1015.32,NA,251.21,10.59,NA,34.53,9.77,NA
70738,110070738,110001083,"2024-03-22","07:12:00",0.502,0.1506,0,300,1,1,"D",2,6,"none","N",51.398465,2.53857,180.85,7.14,9.92,1015.27,NA,257.8,13.12,NA,34.52,9.78,NA
70739,110070739,110001083,"2024-03-22","07:14:00",0.497,0.1491,0,300,1,1,"D",2,6,"none","N",51.39398,2.538335,180.9,8.35,10,1015.19,NA,256.72,11.37,NA,34.51,9.78,NA
70740,110070740,110001083,"2024-03-22","07:16:00",1.265,0.3795,0,300,1,1,"D",2,6,"none","N",51.38607,2.537965,180.69,8.6,9.99,1015.41,NA,255.74,10.76,NA,34.51,9.78,NA
70741,110070741,110001083,"2024-03-22","07:18:00",0.289,0.0867,0,300,1,1,"D",2,6,"none","N",51.381685,2.537805,181.07,7.16,9.95,1015.24,NA,249.76,12.67,NA,34.43,9.78,NA
70742,110070742,110001083,"2024-03-22","07:20:00",1.256,0.3768,0,300,1,1,"D",2,6,"none","N",51.37738,2.53905,180.67,7.25,9.97,1015.69,NA,256.29,12.34,NA,34.41,9.78,NA
70743,110070743,110001083,"2024-03-22","07:22:00",0.537,0.1611,0,300,1,1,"D",2,6,"none","N",51.370265,2.54318,180.73,8.45,9.92,1014.93,NA,260.03,10.62,NA,34.41,9.78,NA
70744,110070744,110001083,"2024-03-22","07:24:00",0.54,0.162,0,300,1,1,"D",2,6,"none","N",51.367995,2.54988,155.94,8.08,9.92,1015.72,NA,252.54,11.21,NA,34.39,9.78,NA
70745,110070745,110001083,"2024-03-22","07:26:00",0.551,0.1653,0,300,1,1,"D",2,6,"none","N",51.36664,2.557415,127.88,9.12,9.95,1016.68,NA,260.91,12.55,NA,34.38,9.78,NA
70746,110070746,110001083,"2024-03-22","07:28:00",0.322,0.0966,0,300,1,1,"D",2,6,"none","N",51.36636,2.559,101.53,8.96,9.92,1016.93,NA,250.77,12.17,NA,34.38,9.8,NA
70747,110070747,110001083,"2024-03-22","07:30:00",0.548,0.1644,0,300,1,1,"D",2,6,"none","N",51.366125,2.56058,98.04,8.9,9.89,1016.98,NA,256.66,12.59,NA,34.38,9.81,NA
70748,110070748,110001083,"2024-03-22","07:32:00",0.57,0.171,0,300,1,1,"D",2,6,"none","N",51.365045,2.568435,97.58,8.6,9.89,1016.98,NA,244.48,12.26,NA,34.38,9.81,NA
70749,110070749,110001083,"2024-03-22","07:34:00",1.439,0.4317,0,300,1,1,"D",2,6,"none","N",51.363145,2.582565,97.56,9.64,9.84,1016.96,NA,253.78,12.94,NA,34.36,9.8,NA
70750,110070750,110001083,"2024-03-22","07:36:00",0.531,0.1593,0,300,1,1,"D",2,6,"none","N",51.361025,2.59631,98.04,8.79,9.87,1016.83,NA,247.74,12.17,NA,34.34,9.79,NA
70751,110070751,110001083,"2024-03-22","07:38:00",0.303,0.0909,0,300,1,1,"D",2,6,"none","N",51.36074,2.59789,97.93,8.67,9.88,1016.82,NA,254.44,12.72,NA,34.32,9.79,NA
70752,110070752,110001083,"2024-03-22","07:40:00",0.511,0.1533,0,300,1,1,"D",2,6,"none","N",51.360415,2.599295,104.73,8.47,9.89,1016.71,NA,256.5,11.86,NA,34.28,9.79,NA
70753,110070753,110001083,"2024-03-22","07:42:00",0.488,0.1464,0,300,1,1,"D",2,6,"none","N",51.358865,2.60604,105.73,7.96,9.86,1016.83,NA,259.38,14.37,NA,34.27,9.8,NA
70754,110070754,110001083,"2024-03-22","07:44:00",1.218,0.3654,0,300,1,1,"D",2,6,"none","N",51.356235,2.617565,104.99,7.83,9.87,1016.96,NA,253.58,13.98,NA,34.26,9.82,NA
70755,110070755,110001083,"2024-03-22","07:46:00",0.465,0.1395,0,300,1,1,"D",2,6,"none","N",51.35368,2.62896,104.44,7.82,9.88,1016.72,NA,253.92,13.86,NA,34.23,9.81,NA
70756,110070756,110001083,"2024-03-22","07:48:00",0.273,0.0819,0,300,1,1,"D",2,6,"none","N",51.353405,2.63027,104.65,7.86,9.9,1016.85,NA,250.21,11.04,NA,34.2,9.81,NA
70757,110070757,110001083,"2024-03-22","07:50:00",1.002,0.3006,0,300,1,1,"D",2,6,"none","N",51.352335,2.635225,105.12,7.5,9.88,1016.75,NA,255.06,13.12,NA,34.18,9.81,NA
70758,110070758,110001083,"2024-03-22","07:53:00",0.475,0.1425,0,300,1,1,"D",2,6,"none","N",51.348675,2.65168,104.17,8.19,9.95,1016.83,NA,255.55,10.54,NA,34.16,9.81,NA
70759,110070759,110001083,"2024-03-22","07:55:00",0.476,0.1428,0,300,1,1,"D",2,6,"none","N",51.34726,2.65813,105.07,7.82,9.93,1016.83,NA,253.38,11.74,NA,34.13,9.82,NA
70760,110070760,110001083,"2024-03-22","07:57:00",0.481,0.1443,0,300,1,1,"D",2,6,"none","N",51.34588,2.66465,105.15,7.64,9.92,1016.72,NA,256.03,14.01,NA,34.09,9.83,NA
70761,110070761,110001083,"2024-03-22","07:59:00",0.281,0.0843,0,300,1,1,"D",2,6,"none","N",51.345595,2.666015,104.11,8.01,9.95,1016.72,NA,251.91,14.22,NA,34.06,9.84,NA
70762,110070762,110001083,"2024-03-22","08:01:00",1.249,0.3747,0,300,1,1,"D",2,6,"none","N",51.344225,2.67262,104.23,7.59,9.95,1016.88,NA,255.18,11.06,NA,34.02,9.87,NA
70763,110070763,110001083,"2024-03-22","08:03:00",0.473,0.1419,0,300,1,1,"D",2,6,"none","N",51.341575,2.68424,103.67,7.75,9.91,1016.99,NA,253.68,11.16,NA,33.99,9.9,NA
70764,110070764,110001083,"2024-03-22","08:05:00",0.281,0.0843,0,300,1,1,"D",2,6,"none","N",51.34129,2.685555,104.27,7.78,9.92,1016.81,NA,253.1,12.29,NA,33.98,9.91,NA
70765,110070765,110001083,"2024-03-22","08:07:00",0.468,0.1404,1,300,1,1,"D",2,6,"none","N",51.34059,2.686425,104.09,7.44,9.95,1016.84,NA,255.36,12.79,NA,33.96,9.92,NA
70766,110070766,110001083,"2024-03-22","08:09:00",1.262,0.3786,0,300,1,1,"D",2,6,"none","N",51.334565,2.694065,144.61,7.49,9.94,1015.59,NA,261.15,13.14,NA,33.96,9.93,NA
70767,110070767,110001083,"2024-03-22","08:11:00",0.464,0.1392,0,300,1,1,"D",2,6,"none","N",51.32775,2.699295,145.99,8.15,9.94,1015.89,NA,265.49,11.27,NA,34,9.94,NA
70768,110070768,110001083,"2024-03-22","08:13:00",0.274,0.0822,0,300,1,1,"D",2,6,"none","N",51.3269,2.699635,144.86,8.04,9.94,1015.66,NA,262.84,11.95,NA,33.87,9.98,NA
70769,110070769,110001083,"2024-03-22","08:15:00",1.251,0.3753,0,300,1,1,"D",2,6,"none","N",51.32255,2.698685,179.55,7.52,9.97,1015.5,NA,259.36,10.56,NA,33.65,10.01,NA
70770,110070770,110001083,"2024-03-22","08:17:00",0.492,0.1476,0,300,1,1,"D",2,6,"none","N",51.314785,2.697125,190.77,8.15,10,1015.68,NA,259.75,10.57,NA,33.61,10.02,NA
70771,110070771,110001083,"2024-03-22","08:19:00",0.503,0.1509,0,300,1,1,"D",2,6,"none","N",51.31036,2.696115,190.02,7.74,9.97,1015.4,NA,262.11,12.25,NA,33.62,10.04,NA
70772,110070772,110001083,"2024-03-22","08:21:00",0.487,0.1461,0,300,1,1,"D",2,6,"none","N",51.305985,2.694855,189.91,7.96,9.96,1015.94,NA,260.82,10.37,NA,33.65,10.05,NA
70773,110070773,110001083,"2024-03-22","08:23:00",0.285,0.0855,0,300,1,1,"D",2,6,"none","N",51.30508,2.694665,191.06,8.61,9.99,1015.59,NA,263.79,11.2,NA,33.72,10.06,NA
70774,110070774,110001083,"2024-03-22","08:25:00",0.488,0.1464,0,300,1,1,"D",2,6,"none","N",51.304215,2.6942,198.46,7.92,9.99,1014.77,NA,258.53,12.5,NA,33.82,10.05,NA
70775,110070775,110001083,"2024-03-22","08:27:00",1.253,0.3759,0,300,1,1,"D",2,6,"none","N",51.296785,2.69029,203.08,7.27,9.98,1015.1,NA,262,12.32,NA,33.89,10.05,NA
70776,110070776,110001083,"2024-03-22","08:29:00",0.281,0.0843,0,300,1,1,"D",2,6,"none","N",51.29265,2.68804,204.07,8.14,10.02,1015.85,NA,258.64,9.57,NA,33.94,10.04,NA
70777,110070777,110001083,"2024-03-22","08:31:00",1.244,0.3732,0,300,1,1,"D",2,6,"none","N",51.288725,2.6851,203.74,7.36,10.05,1015.45,NA,257.6,10.74,NA,34.01,10.03,NA
70778,110070778,110001083,"2024-03-22","08:33:00",0.474,0.1422,0,300,1,1,"D",2,6,"none","N",51.28165,2.680175,211.77,7.36,10.1,1015.81,NA,253.61,10.8,NA,34.06,10.03,NA
70779,110070779,110001083,"2024-03-22","08:35:00",0.482,0.1446,0,300,1,1,"D",2,6,"none","N",51.277715,2.677425,210.68,7.87,10,1015.58,NA,254.45,11,NA,34.07,10.03,NA
70780,110070780,110001083,"2024-03-22","08:37:00",0.473,0.1419,0,300,1,1,"D",2,6,"none","N",51.273785,2.67467,209.99,7.8,10.01,1015.86,NA,258.53,9.85,NA,34.09,10.02,NA
70781,110070781,110001083,"2024-03-22","08:39:00",0.482,0.1446,0,300,1,1,"D",2,6,"none","N",51.26985,2.67194,209.99,7.85,9.95,1015.57,NA,263.04,10.02,NA,34.09,10.02,NA
70782,110070782,110001083,"2024-03-22","08:41:00",0.274,0.0822,0,300,1,1,"D",2,6,"none","N",51.268995,2.671345,210.67,7.42,9.91,1015.77,NA,259.96,10.06,NA,34.09,10.02,NA
70783,110070783,110001083,"2024-03-22","08:43:00",0.474,0.1422,0,300,1,1,"D",2,6,"none","N",51.268165,2.670795,209.59,7.57,9.88,1015.89,NA,259.37,10.07,NA,34.08,10.03,NA
70784,110070784,110001083,"2024-03-22","08:45:00",0.471,0.1413,0,300,1,1,"D",2,6,"none","N",51.264245,2.66818,210.89,7.72,9.88,1015.69,NA,261.01,10.66,NA,34.07,10.03,NA
70785,110070785,110001083,"2024-03-22","08:47:00",0.478,0.1434,0,300,1,1,"D",2,6,"none","N",51.2603,2.6656,210.62,7.84,9.93,1015.69,NA,266.34,10.57,NA,34.07,10.03,NA
70786,110070786,110001083,"2024-03-22","08:49:00",0.47,0.141,0,300,1,1,"D",2,6,"none","N",51.256325,2.66317,207.86,7.59,9.96,1015.42,NA,267.14,11.47,NA,34.07,10.03,NA
70787,110070787,110001083,"2024-03-22","08:51:00",0.472,0.1416,0,300,1,1,"D",2,6,"none","N",51.25229,2.66117,208.11,7.45,9.91,1015.55,NA,267.56,11.15,NA,34.07,10.03,NA
70788,110070788,110001083,"2024-03-22","08:53:00",0.463,0.1389,0,300,1,1,"D",2,6,"none","N",51.248255,2.65933,197.81,7.5,9.94,1015.32,NA,263.08,10.67,NA,34.09,10.03,NA
70789,110070789,110001083,"2024-03-22","08:55:00",0.464,0.1392,0,300,1,1,"D",2,6,"none","N",51.24432,2.657155,208.9,7.85,10.02,1015.44,NA,259.24,10.55,NA,34.11,10.05,NA
70790,110070790,110001083,"2024-03-22","08:57:00",0.456,0.1368,0,300,1,1,"D",2,6,"none","N",51.240425,2.654935,209.06,7.58,9.98,1015.8,NA,264.21,9.6,NA,34.13,10.1,NA
70791,110070791,110001083,"2024-03-22","08:59:00",0.448,0.1344,0,300,1,1,"D",2,6,"none","N",51.236555,2.652965,207.08,7.52,10.02,1015.62,NA,259.55,9.23,NA,34.13,10.13,NA
70792,110070792,110001083,"2024-03-22","09:01:00",0.462,0.1386,0,300,1,1,"D",2,6,"none","N",51.232645,2.651065,206.6,7.64,10.08,1015.32,NA,262.58,11.07,NA,34.13,10.14,NA
70793,110070793,110001083,"2024-03-22","09:03:00",0.447,0.1341,0,300,1,1,"D",2,6,"none","N",51.228735,2.649195,206.67,6.88,10.08,1015.65,NA,261.82,10.11,NA,34.11,10.15,NA
70794,110070794,110001083,"2024-03-22","09:05:00",0.429,0.1287,0,300,1,1,"D",2,6,"none","N",51.224985,2.647305,207.13,7,10.03,1015.25,NA,263,11.58,NA,34.05,10.18,NA
70795,110070795,110001083,"2024-03-22","09:07:00",0.441,0.1323,0,300,1,1,"D",2,6,"none","N",51.22134,2.645065,212.05,6.83,10.12,1015.62,NA,264.05,10.12,NA,33.95,10.27,NA
70796,110070796,110001083,"2024-03-22","09:09:00",0.465,0.1395,0,300,1,1,"D",2,6,"none","N",51.217625,2.642405,212.69,7.53,10.19,1015.91,NA,259.97,10.65,NA,33.92,10.29,NA
70797,110070797,110001083,"2024-03-22","09:11:00",0.464,0.1392,0,300,1,1,"D",2,6,"none","N",51.21387,2.639505,215.07,7.4,10.15,1015.58,NA,264.06,9.88,NA,33.89,10.29,NA
70798,110070798,110001083,"2024-03-22","09:13:00",0.457,0.1371,0,300,1,1,"D",2,6,"none","N",51.210255,2.636315,214.6,7.78,10.07,1015.45,NA,268.1,10.9,NA,33.88,10.29,NA
70799,110070799,110001083,"2024-03-22","09:15:00",0.443,0.1329,0,300,1,1,"D",2,6,"none","N",51.20688,2.63277,222.02,7.31,10.2,1015.93,NA,261.7,10.34,NA,33.88,10.29,NA
70800,110070800,110001083,"2024-03-22","09:17:00",0.451,0.1353,0,300,1,1,"D",2,6,"none","N",51.203605,2.62905,222.77,7.25,10.16,1015.71,NA,256.1,10.72,NA,33.91,10.3,NA
70801,110070801,110001083,"2024-03-22","09:19:00",0.441,0.1323,0,300,1,1,"D",2,6,"none","N",51.200335,2.62535,222.54,7.04,10.18,1015.65,NA,263.96,11.84,NA,33.92,10.3,NA
70802,110070802,110001083,"2024-03-22","09:21:00",0.436,0.1308,0,300,1,1,"D",2,6,"none","N",51.197115,2.621735,222.52,6.98,10.19,1016.06,NA,269.22,9.63,NA,33.93,10.29,NA
70803,110070803,110001083,"2024-03-22","09:23:00",0.436,0.1308,0,300,1,1,"D",2,6,"none","N",51.193915,2.618135,222.92,7.12,10.18,1015.98,NA,259.51,9.75,NA,33.97,10.28,NA
70804,110070804,110001083,"2024-03-22","09:25:00",0.431,0.1293,0,300,1,1,"D",2,6,"none","N",51.19074,2.614535,222.77,6.98,10.13,1015.86,NA,263.87,11.77,NA,34,10.26,NA
70805,110070805,110001083,"2024-03-22","09:27:00",0.42,0.126,0,300,1,1,"D",2,6,"none","N",51.18762,2.611015,222.8,6.48,10.19,1015.89,NA,264.23,11.89,NA,34.01,10.25,NA
70806,110070806,110001083,"2024-03-22","09:29:00",0.432,0.1296,0,300,1,1,"D",2,6,"none","N",51.18449,2.60751,222.83,7.01,10.13,1016.12,NA,266.43,9.51,NA,34.03,10.24,NA
70807,110070807,110001083,"2024-03-22","11:10:00",1.705,0.5115,0,300,1,1,"C",1,4,"none","R",51.213815,2.66129,43.96,10.78,9.61,1016.82,NA,245.89,9.71,NA,34,10.27,NA
70808,110070808,110001083,"2024-03-22","11:12:00",0.378,0.1134,0,300,1,1,"C",1,4,"none","R",51.21799,2.668085,43.67,10.72,9.57,1016.96,NA,247.69,8.97,NA,34.05,10.24,NA
70809,110070809,110001083,"2024-03-22","11:14:00",1.694,0.5082,0,300,1,1,"C",1,4,"none","R",51.222125,2.67483,44.25,10.79,9.59,1016.9,NA,243.1,7.21,NA,34.04,10.25,NA
70810,110070810,110001083,"2024-03-22","11:16:00",0.662,0.1986,0,300,1,1,"C",1,4,"none","R",51.229525,2.68691,45.46,10.79,9.62,1016.72,NA,249.68,8.09,NA,33.99,10.28,NA
70811,110070811,110001083,"2024-03-22","11:18:00",0.657,0.1971,0,300,1,1,"C",1,4,"none","R",51.23367,2.69367,44.42,10.56,9.61,1016.72,NA,255.22,7.91,NA,33.96,10.29,NA
70812,110070812,110001083,"2024-03-22","11:20:00",0.382,0.1146,0,300,1,1,"C",1,4,"none","R",51.234535,2.69507,43.66,10.44,9.59,1016.73,NA,250.38,8.95,NA,33.92,10.29,NA
70813,110070813,110001083,"2024-03-22","11:22:00",0.663,0.1989,0,300,1,1,"C",1,4,"none","R",51.235425,2.696495,43.01,10.61,9.56,1016.79,NA,246.68,8.56,NA,33.93,10.3,NA
70814,110070814,110001083,"2024-03-22","11:24:00",1.642,0.4926,0,300,1,1,"C",1,4,"none","R",51.24118,2.710105,43.38,10.57,9.62,1016.71,NA,249.49,8.54,NA,33.94,10.3,NA
70815,110070815,110001083,"2024-03-22","11:26:00",0.385,0.1155,1,300,1,1,"C",1,4,"none","R",51.244315,2.71769,42.8,10.64,9.56,1016.69,NA,245.35,10.12,NA,34,10.2,NA
70816,110070816,110001083,"2024-03-22","11:28:00",0.658,0.1974,0,300,1,1,"C",1,4,"none","R",51.24467,2.719565,75.62,10.59,9.58,1016.81,NA,251.06,8.89,NA,34.04,10.19,NA
70817,110070817,110001083,"2024-03-22","11:30:00",1.729,0.5187,0,300,1,1,"C",1,4,"none","R",51.24781,2.735945,75.8,10.88,9.57,1016.8,NA,247.41,9.2,NA,33.97,10.24,NA
70818,110070818,110001083,"2024-03-22","11:32:00",0.387,0.1161,0,300,1,1,"C",1,4,"none","R",51.249565,2.745155,75.64,10.92,9.6,1016.82,NA,248.97,8.02,NA,33.9,10.29,NA
70819,110070819,110001083,"2024-03-22","11:34:00",1.721,0.5163,0,300,1,1,"C",1,4,"none","R",51.251325,2.754305,75.51,10.78,9.65,1016.78,NA,256.86,7.61,NA,33.84,10.31,NA
70820,110070820,110001083,"2024-03-22","11:36:00",0.661,0.1983,0,300,1,1,"C",1,4,"none","R",51.254445,2.77066,74.91,10.75,9.63,1016.78,NA,258.68,7.65,NA,33.82,10.31,NA
70821,110070821,110001083,"2024-03-22","11:38:00",0.659,0.1977,0,300,1,1,"C",1,4,"none","R",51.256175,2.77972,75.82,10.92,9.59,1016.73,NA,257.04,8.07,NA,33.8,10.29,NA
70822,110070822,110001083,"2024-03-22","11:40:00",0.646,0.1938,0,300,1,1,"C",1,4,"none","R",51.25787,2.788685,75.27,10.67,9.66,1016.71,NA,250.45,8.67,NA,33.78,10.29,NA
70823,110070823,110001083,"2024-03-22","11:44:00",0.648,0.1944,0,300,1,1,"C",1,4,"none","R",51.25858,2.79245,75.21,10.5,9.64,1016.66,NA,252.28,8.59,NA,33.82,10.26,NA
70824,110070824,110001083,"2024-03-22","11:46:00",0.644,0.1932,0,300,1,1,"C",1,4,"none","R",51.260275,2.80132,74.91,10.33,9.7,1016.69,NA,250,7.78,NA,33.83,10.25,NA
70825,110070825,110001083,"2024-03-22","11:48:00",1.46,0.438,0,300,1,1,"C",1,4,"none","R",51.26652,2.811685,74.87,10.36,9.7,1016.64,NA,265.11,6.2,NA,33.82,10.24,NA
70826,110070826,110001083,"2024-03-22","11:50:00",0.645,0.1935,1,300,1,1,"C",1,4,"none","R",51.27459,2.819435,10.01,8.93,9.61,1016.01,NA,261.66,9.71,NA,33.84,10.23,NA
70827,110070827,110001083,"2024-03-22","11:52:00",0.372,0.1116,0,300,1,1,"C",1,4,"none","R",51.275725,2.82019,18.48,10.18,9.53,1016.21,NA,245.83,9.72,NA,33.94,10.21,NA
70828,110070828,110001083,"2024-03-22","11:54:00",1.666,0.4998,0,300,1,1,"C",1,4,"none","R",51.281095,2.82375,17.03,10.4,9.56,1015.99,NA,254.52,10.51,NA,33.98,10.18,NA
70829,110070829,110001083,"2024-03-22","11:56:00",0.566,0.1698,0,300,1,1,"C",1,4,"none","R",51.28982,2.8312,18.44,10.32,9.58,1016.19,NA,254.32,7.57,NA,33.91,10.21,NA
70830,110070830,110001083,"2024-03-22","11:58:00",0.623,0.1869,0,300,1,1,"C",1,4,"none","R",51.292665,2.8382,17.84,10.1,9.55,1016.08,NA,253.32,8.88,NA,33.87,10.22,NA
70831,110070831,110001083,"2024-03-22","12:00:00",0.632,0.1896,1,300,1,1,"C",0,3,"none","N",51.29479,2.846545,37.86,10.13,9.56,1016.13,NA,244.12,9.26,NA,33.84,10.24,NA
70832,110070832,110001083,"2024-03-22","12:02:00",0.366,0.1098,0,300,1,1,"C",0,3,"none","N",51.29526,2.8483,69.1,10.26,9.67,1016.38,NA,249.84,8.38,NA,33.84,10.25,NA
70833,110070833,110001083,"2024-03-22","12:04:00",1.636,0.4908,0,300,1,1,"C",0,3,"none","N",51.297505,2.856685,70.39,10.37,9.65,1016.4,NA,261.07,6.22,NA,33.86,10.24,NA
70834,110070834,110001083,"2024-03-22","12:06:00",0.369,0.1107,0,300,1,1,"C",0,3,"none","N",51.29973,2.865065,69.66,10.21,9.57,1016.36,NA,256.88,6.96,NA,33.9,10.23,NA
70835,110070835,110001083,"2024-03-22","12:08:00",1.641,0.4923,0,300,1,1,"C",0,3,"none","N",51.30199,2.873465,69.92,10.19,9.72,1016.34,NA,254.2,5.81,NA,33.89,10.25,NA
70836,110070836,110001083,"2024-03-22","12:10:00",0.633,0.1899,0,300,1,1,"C",0,3,"none","N",51.30602,2.88848,70.13,10.31,9.69,1016.36,NA,237.76,5.66,NA,33.84,10.28,NA
70837,110070837,110001083,"2024-03-22","12:12:00",0.628,0.1884,0,300,1,1,"C",0,3,"none","N",51.308245,2.89681,69.15,10.37,9.71,1016.6,NA,240.42,6.83,NA,33.68,10.3,NA
70838,110070838,110001083,"2024-03-22","12:14:00",0.637,0.1911,0,300,1,1,"C",0,3,"none","N",51.310485,2.905165,68.68,10.09,9.69,1016.35,NA,246.25,7.65,NA,33.31,10.27,NA
70839,110070839,110001083,"2024-03-22","12:16:00",0.628,0.1884,0,300,1,1,"C",0,3,"none","N",51.312725,2.91352,69.42,10.29,9.69,1016.31,NA,248.15,7.7,NA,33.01,10.19,NA
70840,110070840,110001083,"2024-03-22","12:18:00",0.629,0.1887,0,300,1,1,"C",0,3,"none","N",51.314945,2.921825,69.59,10.16,9.7,1016.3,NA,238.59,7.96,NA,32.74,10.16,NA
70841,110070841,110001083,"2024-03-22","12:20:00",0.368,0.1104,0,300,1,1,"C",0,3,"none","N",51.31541,2.92355,70.24,10.24,9.79,1016.25,NA,244.13,8.02,NA,32.45,10.09,NA
70842,110070842,110001083,"2024-03-22","12:22:00",0.631,0.1893,0,300,1,1,"C",0,3,"none","N",51.31586,2.9253,69.39,10.16,9.72,1016.2,NA,251.31,6.29,NA,32.26,10.03,NA
70843,110070843,110001083,"2024-03-22","12:24:00",0.63,0.189,0,300,1,1,"C",0,3,"none","N",51.318075,2.93364,69.08,10.49,9.74,1016.17,NA,258.01,6.19,NA,32.12,9.98,NA
70844,110070844,110001083,"2024-03-22","12:26:00",0.639,0.1917,0,300,1,1,"C",0,3,"none","N",51.320335,2.94201,69.23,10.36,9.73,1016.1,NA,247.85,6.13,NA,31.97,9.9,NA
70845,110070845,110001083,"2024-03-22","12:28:00",1.637,0.4911,0,300,1,1,"C",0,3,"none","N",51.32437,2.95704,69.38,10.19,9.66,1016.06,NA,261.64,6.83,NA,31.82,9.83,NA
70846,110070846,110001083,"2024-03-22","12:30:00",0.635,0.1905,0,300,1,1,"C",0,3,"none","N",51.32839,2.97205,68.82,10.3,9.62,1016.13,NA,258.39,6.85,NA,31.69,9.79,NA
70847,110070847,110001083,"2024-03-22","12:32:00",0.37,0.111,0,300,1,1,"C",0,3,"none","N",51.32885,2.973805,69.59,10.25,9.62,1015.97,NA,265.89,7.42,NA,31.57,9.74,NA
70848,110070848,110001083,"2024-03-22","12:34:00",1.643,0.4929,0,300,1,1,"C",0,3,"none","N",51.3311,2.98222,69.29,10.33,9.64,1015.91,NA,260.78,6.69,NA,31.51,9.75,NA
70849,110070849,110001083,"2024-03-22","12:36:00",0.64,0.192,0,300,1,1,"C",0,3,"none","N",51.33515,2.9973,70.21,10.27,9.62,1015.92,NA,256.43,6.62,NA,31.42,9.75,NA
70850,110070850,110001083,"2024-03-22","12:38:00",0.645,0.1935,0,300,1,1,"C",0,3,"none","N",51.33742,3.00579,69.2,10.33,9.58,1016.02,NA,258.92,6.65,NA,31.37,9.73,NA
70851,110070851,110001083,"2024-03-22","12:40:00",0.384,0.1152,0,300,1,1,"C",0,3,"none","N",51.337865,3.007525,68.76,10.27,9.62,1015.9,NA,252.51,6.57,NA,31.33,9.68,NA
70852,110070852,110001083,"2024-03-22","12:42:00",1.665,0.4995,0,300,1,1,"C",0,3,"none","N",51.34012,3.016,68.92,10.39,9.61,1015.97,NA,255.15,5.88,NA,31.3,9.66,NA
70853,110070853,110001083,"2024-03-22","12:44:00",0.638,0.1914,0,300,1,1,"C",0,3,"none","N",51.344205,3.03121,68.46,10.54,9.67,1015.88,NA,254.36,5.94,NA,31.34,9.63,NA
70854,110070854,110001083,"2024-03-22","12:46:00",0.372,0.1116,0,300,1,1,"C",0,3,"none","N",51.344685,3.03296,68.09,10.28,9.58,1015.86,NA,258.83,7.16,NA,31.38,9.59,NA
70855,110070855,110001083,"2024-03-22","12:48:00",0.634,0.1902,0,300,1,1,"C",0,3,"none","N",51.345135,3.034705,68.29,10.29,9.61,1015.8,NA,242.32,6.96,NA,31.37,9.59,NA
70856,110070856,110001083,"2024-03-22","12:50:00",1.683,0.5049,0,300,1,1,"C",0,3,"none","N",51.34923,3.050025,67.81,10.45,9.57,1015.75,NA,262.58,7.59,NA,31.36,9.6,NA
70857,110070857,110001083,"2024-03-22","12:52:00",0.634,0.1902,0,300,1,1,"C",0,3,"none","N",51.353325,3.065345,67.37,10.51,9.63,1015.74,NA,257.34,5.99,NA,31.37,9.61,NA
70858,110070858,110001083,"2024-03-22","12:54:00",0.639,0.1917,0,300,1,1,"C",0,3,"none","N",51.35557,3.07377,68.26,10.55,9.59,1015.73,NA,250.82,6.36,NA,31.13,9.57,NA
70859,110070859,110001083,"2024-03-22","12:56:00",0.624,0.1872,0,300,1,1,"C",0,3,"none","N",51.357815,3.082115,68.64,10.4,9.62,1015.75,NA,257.86,5.78,NA,31.08,9.58,NA
70860,110070860,110001083,"2024-03-22","12:58:00",0.64,0.192,0,300,1,1,"C",0,3,"none","N",51.360045,3.090475,68.26,10.29,9.63,1015.74,NA,255.28,6.05,NA,31,9.57,NA
70861,110070861,110001083,"2024-03-22","13:00:00",0.371,0.1113,0,300,1,1,"C",0,3,"none","N",51.360515,3.092255,67.12,10.21,9.67,1015.68,NA,249.75,6.02,NA,30.98,9.57,NA
70862,110070862,110001083,"2024-03-22","13:02:00",1.631,0.4893,0,300,1,1,"C",0,3,"none","N",51.3637,3.099795,69.05,10.42,9.6,1015.63,NA,254.75,6.48,NA,30.94,9.57,NA
70863,110070863,110001083,"2024-03-22","13:04:00",0.607,0.1821,1,300,1,1,"C",0,3,"none","N",51.36827,3.114,54.82,10.34,9.55,1015.51,NA,258.4,7.37,NA,30.87,9.58,NA
70864,110070864,110001083,"2024-03-22","13:06:00",0.581,0.1743,0,300,1,1,"C",0,3,"none","N",51.368855,3.12238,51.65,10.34,9.55,1015.53,NA,248.45,6.87,NA,31.02,9.59,NA
70865,110070865,110001083,"2024-03-22","13:08:00",0.329,0.0987,1,300,1,1,"C",0,3,"none","N",51.36892,3.12421,80.63,9.63,9.63,1015.55,NA,249.02,6.01,NA,31.01,9.56,NA
