"X","Obskey","Poskey","Tripkey","Group","Species","Age","Plumage","Sex","Count","Distance","Transect","Behaviour","Association","Direction","Prey","TurbineHeight","Notes"
326137,1100326137,110065002,110001052,NA,"5900","A",NA,NA,1,"2",0,NA,NA,NA,NA,NA,NA
326138,1100326138,110065002,110001052,NA,"5900","A",NA,NA,1,"2",0,NA,NA,NA,NA,NA,NA
326139,1100326139,110065002,110001052,NA,"5900","A",NA,NA,1,"1",0,NA,NA,NA,NA,NA,NA
326140,1100326140,110065003,110001052,NA,"5900","A",NA,NA,1,"2",0,NA,NA,NA,NA,NA,NA
326141,1100326141,110065003,110001052,NA,"5900","A",NA,NA,1,"2",0,NA,NA,NA,NA,NA,NA
326142,1100326142,110065003,110001052,NA,"5900","A",NA,NA,1,"2",1,NA,NA,NA,NA,NA,NA
326143,1100326143,110065003,110001052,NA,"5900","A",NA,NA,1,"1",1,NA,NA,NA,NA,NA,NA
326144,1100326144,110065003,110001052,NA,"5900","A",NA,NA,1,"1",0,NA,NA,NA,NA,NA,NA
326145,1100326145,110065004,110001052,NA,"5900","A",NA,NA,1,"3",0,NA,NA,NA,NA,NA,"ENTER WF"
326146,1100326146,110065006,110001052,NA,"710","A",NA,NA,1,"2",0,NA,NA,NA,NA,NA,"OUTSIDE WF"
326147,1100326147,110065007,110001052,NA,"5900","A",NA,NA,1,"2",1,NA,"X",NA,NA,NA,NA
326148,1100326148,110065007,110001052,NA,"5900","3",NA,NA,1,"2",0,NA,"X",NA,NA,NA,NA
326149,1100326149,110065007,110001052,NA,"5900",NA,NA,NA,3,"2",0,NA,"X",NA,NA,NA,NA
326150,1100326150,110065007,110001052,NA,"5900","A",NA,NA,1,"2",0,NA,"X",NA,NA,NA,NA
326151,1100326151,110065008,110001052,NA,"5900","A",NA,NA,3,"2",1,NA,"X",NA,NA,NA,NA
326152,1100326152,110065008,110001052,NA,"5900","A",NA,NA,8,"E",0,NA,"X",NA,NA,NA,NA
326153,1100326153,110065009,110001052,NA,"5900","A",NA,NA,1,"1",0,NA,"X",NA,NA,NA,NA
326154,1100326154,110065009,110001052,NA,"5900","A",NA,NA,1,"1",0,NA,"X",NA,NA,NA,NA
326155,1100326155,110065010,110001052,NA,"5900","A",NA,NA,1,"B",1,NA,"X",NA,NA,NA,NA
326156,1100326156,110065010,110001052,NA,"5900","A",NA,NA,1,"D",1,NA,"X",NA,NA,NA,NA
326157,1100326157,110065010,110001052,NA,"5900","A",NA,NA,2,"1",1,NA,"X",NA,NA,NA,NA
326158,1100326158,110065011,110001052,"1","5900","A",NA,NA,2,"1",0,NA,"X",NA,NA,NA,NA
326159,1100326159,110065011,110001052,"1","5900","A",NA,NA,3,"1",1,NA,"X",NA,NA,NA,NA
326160,1100326160,110065011,110001052,NA,"5900","A",NA,NA,2,"2",0,NA,"X",NA,NA,NA,NA
326161,1100326161,110065011,110001052,NA,"5900",NA,NA,NA,13,"E",0,NA,"X",NA,NA,NA,NA
326162,1100326162,110065011,110001052,NA,"5900","A",NA,NA,1,"2",0,NA,"X",NA,NA,NA,NA
326163,1100326163,110065011,110001052,NA,"5900",NA,NA,NA,7,"3",0,NA,"X",NA,NA,NA,NA
326164,1100326164,110065011,110001052,NA,"5900","A",NA,NA,1,"2",0,NA,"X",NA,NA,NA,NA
326165,1100326165,110065011,110001052,NA,"5900","A",NA,NA,1,"2",0,NA,"X",NA,NA,NA,NA
326166,1100326166,110065011,110001052,NA,"5900","A",NA,NA,2,"B",1,NA,"X",NA,NA,NA,NA
326167,1100326167,110065011,110001052,NA,"5900","A",NA,NA,2,"C",1,NA,"X",NA,NA,NA,NA
326168,1100326168,110065011,110001052,NA,"5900",NA,NA,NA,3,"E",0,NA,"X",NA,NA,NA,NA
326169,1100326169,110065012,110001052,NA,"5900","3",NA,NA,1,"2",0,NA,"X",NA,NA,NA,NA
326170,1100326170,110065012,110001052,NA,"5900",NA,NA,NA,1,"E",0,NA,"X",NA,NA,NA,NA
326171,1100326171,110065012,110001052,NA,"5900","A",NA,NA,1,"1",0,NA,"X",NA,NA,NA,NA
326172,1100326172,110065012,110001052,NA,"5900",NA,NA,NA,2,"E",0,NA,"X",NA,NA,NA,NA
326173,1100326173,110065012,110001052,NA,"5900","A",NA,NA,2,"A",0,"DF","X",NA,NA,NA,NA
326174,1100326174,110065013,110001052,NA,"5900","A",NA,NA,1,"B",1,NA,"X",NA,NA,NA,NA
326175,1100326175,110065013,110001052,NA,"5900","A",NA,NA,1,"2",0,NA,"X",NA,NA,NA,NA
326176,1100326176,110065013,110001052,NA,"6020","2",NA,NA,1,"2",0,NA,"X",NA,NA,NA,NA
326177,1100326177,110065014,110001052,NA,"5900","A",NA,NA,1,"2",0,NA,"X",NA,NA,NA,NA
326178,1100326178,110065015,110001052,NA,"6340",NA,NA,NA,1,"E",0,NA,"X",NA,NA,NA,NA
326179,1100326179,110065016,110001052,NA,"6340",NA,"B",NA,1,"D",1,NA,"X",NA,NA,NA,NA
326180,1100326180,110065016,110001052,NA,"5900","A",NA,NA,7,"E",0,NA,"X",NA,NA,NA,NA
326181,1100326181,110065016,110001052,NA,"5900","A",NA,NA,1,"1",0,NA,"X",NA,NA,NA,NA
326182,1100326182,110065017,110001052,NA,"6345",NA,NA,NA,14,"2",0,NA,"X","NE",NA,NA,NA
326183,1100326183,110065017,110001052,NA,"5900","A",NA,NA,1,"2",1,NA,"X",NA,NA,NA,NA
326184,1100326184,110065017,110001052,NA,"5900","A",NA,NA,1,"1",0,NA,"X",NA,NA,NA,NA
326185,1100326185,110065018,110001052,NA,"5900","A",NA,NA,1,"1",0,NA,"X",NA,NA,NA,NA
326186,1100326186,110065018,110001052,NA,"5900",NA,NA,NA,1,"3",0,NA,"X",NA,NA,NA,NA
326187,1100326187,110065019,110001052,NA,"5900","A",NA,NA,3,"C",1,"DF","X",NA,NA,NA,NA
326188,1100326188,110065021,110001052,NA,"6345",NA,NA,NA,4,"2",0,NA,"X",NA,NA,NA,NA
326189,1100326189,110065022,110001052,NA,"5900",NA,NA,NA,6,"D",1,NA,"X",NA,NA,NA,NA
326190,1100326190,110065022,110001052,NA,"5900",NA,NA,NA,1,"B",1,NA,"X",NA,NA,NA,NA
326191,1100326191,110065022,110001052,NA,"5900","A",NA,NA,14,"C",1,NA,"X",NA,NA,NA,NA
326192,1100326192,110065023,110001052,"2","5900","A",NA,NA,3,"D",1,NA,"X",NA,NA,NA,NA
326193,1100326193,110065023,110001052,"2","5900","2",NA,NA,1,"D",1,NA,"X",NA,NA,NA,NA
326194,1100326194,110065023,110001052,NA,"5900","A",NA,NA,1,"1",0,NA,"X",NA,NA,NA,NA
326195,1100326195,110065024,110001052,NA,"5900","A",NA,NA,2,"D",1,NA,"X",NA,NA,NA,NA
326196,1100326196,110065024,110001052,NA,"5900",NA,NA,NA,4,"E",0,NA,"X",NA,NA,NA,NA
326197,1100326197,110065025,110001052,NA,"5900","3",NA,NA,1,"1",1,NA,"X",NA,NA,NA,NA
326198,1100326198,110065026,110001052,NA,"5900",NA,NA,NA,2,"2",1,NA,"X",NA,NA,NA,NA
326199,1100326199,110065027,110001052,NA,"5900","A",NA,NA,1,"2",1,NA,"X",NA,NA,NA,NA
326200,1100326200,110065027,110001052,NA,"5900","A",NA,NA,1,"2",0,NA,"X",NA,NA,NA,NA
326201,1100326201,110065028,110001052,"3","5900","A",NA,NA,29,"B",1,"DF","X",NA,NA,NA,NA
326202,1100326202,110065028,110001052,"3","5900","2",NA,NA,2,"B",1,"DF","X",NA,NA,NA,NA
326203,1100326203,110065028,110001052,NA,"5900",NA,NA,NA,4,"D",1,NA,"X",NA,NA,NA,NA
326204,1100326204,110065029,110001052,NA,"6340",NA,"W",NA,1,"D",1,NA,"X",NA,NA,NA,NA
326205,1100326205,110065031,110001052,"4","6345",NA,NA,NA,3,"E",0,"YS","X",NA,NA,NA,NA
326206,1100326206,110065031,110001052,"4","5900",NA,NA,NA,6,"E",0,"P","X",NA,NA,NA,NA
326207,1100326207,110065031,110001052,"4","6020","A",NA,NA,1,"E",0,"Z","X",NA,NA,NA,NA
326208,1100326208,110065031,110001052,NA,"5900","A",NA,NA,1,"2",0,NA,"X",NA,NA,NA,NA
326209,1100326209,110065032,110001052,NA,"6340",NA,"W",NA,1,"C",1,NA,"X",NA,NA,NA,NA
326210,1100326210,110065032,110001052,NA,"5900",NA,NA,NA,1,"E",0,NA,"X",NA,NA,NA,NA
326211,1100326211,110065033,110001052,"5","6360","A","B",NA,2,"A",1,NA,"X",NA,NA,NA,NA
326212,1100326212,110065033,110001052,"5","5900","A",NA,NA,1,"A",1,NA,"X",NA,NA,NA,NA
326213,1100326213,110065034,110001052,NA,"6345",NA,NA,NA,2,"2",0,NA,"X","NE",NA,NA,NA
326214,1100326214,110065036,110001052,NA,"5920","A",NA,NA,1,"2",0,NA,"X",NA,NA,NA,NA
326215,1100326215,110065036,110001052,NA,"6000","A",NA,NA,1,"1",0,NA,"X",NA,NA,NA,NA
326216,1100326216,110065037,110001052,"6","6360","A","W",NA,1,"C",1,"DY","X",NA,NA,NA,NA
326217,1100326217,110065037,110001052,"6","6360","A","T",NA,1,"C",1,"DY","X",NA,NA,NA,NA
326218,1100326218,110065037,110001052,"6","6360","A","B",NA,1,"C",1,"DY","X",NA,NA,NA,NA
326219,1100326219,110065038,110001052,NA,"5910","A",NA,NA,1,"A",1,NA,"X",NA,NA,NA,NA
326220,1100326220,110065038,110001052,NA,"5900",NA,NA,NA,4,"E",0,NA,"X",NA,NA,NA,NA
326221,1100326221,110065039,110001052,"7","6360",NA,NA,NA,2,"A",1,NA,"X",NA,NA,NA,NA
326222,1100326222,110065039,110001052,"7","5900","A",NA,NA,1,"A",1,NA,"X",NA,NA,NA,NA
326223,1100326223,110065039,110001052,"7","5900","2",NA,NA,1,"A",1,NA,"X",NA,NA,NA,NA
326224,1100326224,110065039,110001052,"7","5926","A",NA,NA,1,"A",1,"DF","X",NA,NA,NA,NA
326225,1100326225,110065040,110001052,NA,"5910","A",NA,NA,2,"E",0,"CD","P~X",NA,NA,NA,"OHVS2"
326226,1100326226,110065040,110001052,NA,"6009","I",NA,NA,3,"E",0,NA,"P~X",NA,NA,NA,"OHVS2"
326227,1100326227,110065041,110001052,NA,"5920","3",NA,NA,1,"2",0,NA,"X",NA,NA,NA,NA
326228,1100326228,110065041,110001052,NA,"5920","2",NA,NA,1,"2",0,NA,"X",NA,NA,NA,NA
326229,1100326229,110065041,110001052,NA,"5920","2",NA,NA,1,"2",0,NA,"X",NA,NA,NA,NA
326230,1100326230,110065042,110001052,"8","6360","A","W",NA,5,"C",1,NA,"X",NA,NA,NA,NA
326231,1100326231,110065042,110001052,"8","6360","A","T",NA,3,"C",1,NA,"X",NA,NA,NA,NA
326232,1100326232,110065042,110001052,"8","6020","A",NA,NA,1,"C",1,NA,"X",NA,NA,NA,NA
326233,1100326233,110065042,110001052,"9","5900","A",NA,NA,1,"A",1,"DF","X",NA,NA,NA,NA
326234,1100326234,110065042,110001052,"9","5900","3",NA,NA,1,"A",1,"DF","X",NA,NA,NA,NA
326235,1100326235,110065044,110001052,"10","6360",NA,"T",NA,1,"D",1,NA,"X",NA,NA,NA,NA
326236,1100326236,110065044,110001052,"10","6360","A","W",NA,1,"D",1,NA,"X",NA,NA,NA,NA
326237,1100326237,110065044,110001052,"10","6360","A","B",NA,1,"D",1,NA,"X",NA,NA,NA,NA
326238,1100326238,110065046,110001052,NA,"6340",NA,"W",NA,1,"D",1,NA,"X",NA,NA,NA,NA
326239,1100326239,110065046,110001052,NA,"6000","A",NA,NA,1,"E",0,NA,"T",NA,NA,NA,"MF3"
326240,1100326240,110065048,110001052,"11","6340",NA,"W",NA,2,"E",0,NA,"X",NA,NA,NA,NA
326241,1100326241,110065048,110001052,"11","5926","3",NA,NA,1,"E",0,NA,"X",NA,NA,NA,NA
326242,1100326242,110065050,110001052,NA,"6009","I",NA,NA,3,"2",0,NA,"X",NA,NA,NA,NA
326243,1100326243,110065050,110001052,NA,"6009","I",NA,NA,1,"A",0,NA,"X",NA,NA,NA,NA
326244,1100326244,110065056,110001052,NA,"6020",NA,NA,NA,1,"D",1,"P","X",NA,NA,NA,NA
326245,1100326245,110065056,110001052,NA,"6020",NA,NA,NA,1,"D",1,"P","X",NA,NA,NA,NA
326246,1100326246,110065056,110001052,NA,"5900","A",NA,NA,1,"2",0,NA,"X",NA,NA,NA,NA
326247,1100326247,110065056,110001052,NA,"5900","A",NA,NA,1,"2",0,NA,"X",NA,NA,NA,NA
326248,1100326248,110065058,110001052,NA,"6340",NA,"W",NA,1,"2",0,NA,"X",NA,NA,NA,NA
326249,1100326249,110065060,110001052,"12","6360",NA,NA,NA,3,"D",1,NA,"X",NA,NA,NA,NA
326250,1100326250,110065060,110001052,"12","6340",NA,"W",NA,1,"D",1,NA,"X",NA,NA,NA,NA
326251,1100326251,110065060,110001052,"12","6020","A",NA,NA,1,"D",1,NA,"X",NA,NA,NA,NA
326252,1100326252,110065060,110001052,NA,"5910","A",NA,NA,1,"C",1,NA,"X",NA,NA,NA,NA
326253,1100326253,110065061,110001052,NA,"6360","A","T",NA,2,"D",1,NA,"X",NA,NA,NA,NA
326254,1100326254,110065064,110001052,"13","6360",NA,"W",NA,2,"C",1,NA,"X",NA,NA,NA,NA
326255,1100326255,110065064,110001052,"13","6360",NA,"B",NA,2,"C",1,NA,"X",NA,NA,NA,NA
326256,1100326256,110065064,110001052,NA,"5910","A",NA,NA,1,"C",1,NA,"X",NA,NA,NA,NA
326257,1100326257,110065064,110001052,NA,"5920","2",NA,NA,1,"C",1,NA,"X",NA,NA,NA,NA
326258,1100326258,110065064,110001052,NA,"5900","A",NA,NA,1,"C",1,NA,"X",NA,NA,NA,NA
326259,1100326259,110065064,110001052,NA,"710","A",NA,NA,1,"2",0,NA,"X","SW",NA,NA,NA
326260,1100326260,110065065,110001052,NA,"5900","3",NA,NA,1,"2",0,NA,"X",NA,NA,NA,NA
326261,1100326261,110065065,110001052,NA,"6009",NA,NA,NA,3,"2",0,NA,"X",NA,NA,NA,NA
326262,1100326262,110065066,110001052,NA,"5900","A",NA,NA,2,"A",1,"PS","X",NA,NA,NA,NA
326263,1100326263,110065066,110001052,NA,"5900",NA,NA,NA,2,"2",0,NA,"X",NA,NA,NA,NA
326264,1100326264,110065066,110001052,NA,"5900",NA,NA,NA,2,"D",1,NA,"X",NA,NA,NA,NA
326265,1100326265,110065066,110001052,NA,"6340",NA,"W",NA,1,"A",1,NA,"X",NA,NA,NA,NA
326266,1100326266,110065066,110001052,NA,"5900","A",NA,NA,1,"D",1,NA,"X",NA,NA,NA,NA
326267,1100326267,110065066,110001052,NA,"5900","A",NA,NA,1,"1",0,NA,"X",NA,NA,NA,NA
326268,1100326268,110065067,110001052,"14","6360",NA,"W",NA,1,"B",1,NA,"X",NA,NA,NA,NA
326269,1100326269,110065067,110001052,"14","6360",NA,"T",NA,1,"B",1,NA,"X",NA,NA,NA,NA
326270,1100326270,110065067,110001052,NA,"5900",NA,NA,NA,1,"1",0,NA,"X",NA,NA,NA,NA
326271,1100326271,110065067,110001052,NA,"6009",NA,NA,NA,9,"E",0,NA,"P~X",NA,NA,NA,"SEA"
326272,1100326272,110065068,110001052,NA,"6340",NA,"B",NA,1,"C",1,NA,"X",NA,NA,NA,NA
326273,1100326273,110065069,110001052,NA,"6340",NA,"W",NA,1,"D",1,NA,"X",NA,NA,NA,NA
326274,1100326274,110065069,110001052,NA,"5900","A",NA,NA,1,"E",0,NA,"X",NA,NA,NA,NA
326275,1100326275,110065070,110001052,"15","6360",NA,NA,NA,4,"B",1,"DY","X",NA,NA,NA,NA
326276,1100326276,110065070,110001052,"15","5900",NA,NA,NA,1,"1",0,"Z","X",NA,NA,NA,NA
326277,1100326277,110065070,110001052,NA,"6340",NA,"W",NA,1,"2",0,NA,"X",NA,NA,NA,NA
326278,1100326278,110065070,110001052,NA,"6340",NA,"W",NA,1,"D",1,NA,"X",NA,NA,NA,NA
326279,1100326279,110065070,110001052,NA,"5910","A",NA,NA,1,"B",1,"DF","X",NA,NA,NA,NA
326280,1100326280,110065071,110001052,NA,"5910","A",NA,NA,1,"C",1,"F","X",NA,NA,NA,NA
326281,1100326281,110065073,110001052,"16","5900","3",NA,NA,1,"C",1,NA,NA,NA,NA,NA,NA
326282,1100326282,110065073,110001052,"16","6360","A","W",NA,1,"C",1,NA,NA,NA,NA,NA,NA
326283,1100326283,110065073,110001052,NA,"6340",NA,"B",NA,1,"A",1,"DY",NA,NA,NA,NA,"EXIT WF"
326284,1100326284,110065074,110001052,"17","5900",NA,NA,NA,1,"C",1,NA,NA,NA,NA,NA,NA
326285,1100326285,110065074,110001052,"17","6360",NA,NA,NA,3,"C",1,NA,NA,NA,NA,NA,NA
326286,1100326286,110065074,110001052,"18","5920","A",NA,NA,1,"E",0,NA,"T",NA,NA,NA,"RA1"
326287,1100326287,110065074,110001052,"18","6000","A",NA,NA,1,"E",0,NA,"T",NA,NA,NA,"RA1"
326288,1100326288,110065074,110001052,NA,"6340",NA,"W",NA,1,"C",1,NA,NA,NA,NA,NA,NA
326289,1100326289,110065078,110001052,NA,"6340",NA,"W",NA,1,"C",1,NA,NA,NA,NA,NA,NA
326290,1100326290,110065078,110001052,NA,"5900","A",NA,NA,1,"E",0,NA,NA,NA,NA,NA,NA
326291,1100326291,110065080,110001052,NA,"6360",NA,"W",NA,1,"C",1,NA,NA,NA,NA,NA,NA
326292,1100326292,110065081,110001052,"19","5900","A",NA,NA,1,"D",1,NA,NA,NA,NA,NA,NA
326293,1100326293,110065081,110001052,"19","6360","A","B",NA,2,"D",1,NA,NA,NA,NA,NA,NA
326294,1100326294,110065081,110001052,"19","6360","I",NA,NA,1,"D",1,NA,NA,NA,NA,NA,NA
326295,1100326295,110065081,110001052,"20","6360",NA,"W",NA,1,"D",1,NA,NA,NA,NA,NA,NA
326296,1100326296,110065081,110001052,"20","6360",NA,"T",NA,1,"D",1,NA,NA,NA,NA,NA,NA
326297,1100326297,110065081,110001052,NA,"710","A",NA,NA,1,"3",0,NA,"X",NA,NA,NA,NA
326298,1100326298,110065081,110001052,NA,"6340",NA,"W",NA,1,"E",0,NA,NA,NA,NA,NA,NA
326299,1100326299,110065084,110001052,NA,"6340",NA,"W",NA,1,"C",1,NA,"X",NA,NA,NA,"ENTER WF"
326300,1100326300,110065084,110001052,NA,"5910","A",NA,NA,1,"2",0,NA,"X",NA,NA,NA,NA
326301,1100326301,110065086,110001052,NA,"6009","I",NA,NA,1,"E",0,NA,"T",NA,NA,NA,"CPE3"
326302,1100326302,110065086,110001052,NA,"5900","A",NA,NA,5,"E",0,NA,"X",NA,NA,NA,NA
326303,1100326303,110065086,110001052,NA,"5900",NA,NA,NA,10,"E",0,NA,"X",NA,NA,NA,NA
326304,1100326304,110065088,110001052,NA,"100",NA,NA,NA,2,"A",1,"DF","X",NA,NA,NA,NA
326305,1100326305,110065089,110001052,NA,"5900","3",NA,NA,1,"2",0,NA,"X",NA,NA,NA,NA
326306,1100326306,110065089,110001052,NA,"5900","A",NA,NA,1,"A",1,NA,"X",NA,NA,NA,NA
326307,1100326307,110065090,110001052,"21","5900","A",NA,NA,8,"A",1,"PS","X",NA,NA,NA,NA
326308,1100326308,110065090,110001052,"21","5900","2",NA,NA,1,"A",1,"PS","X",NA,NA,NA,NA
326309,1100326309,110065090,110001052,"21","5900","3",NA,NA,1,"A",1,"PS","X",NA,NA,NA,NA
326310,1100326310,110065090,110001052,"21","5910","A",NA,NA,1,"A",1,NA,"X",NA,NA,NA,NA
326311,1100326311,110065090,110001052,NA,"5900",NA,NA,NA,8,"D",1,"PS","X",NA,NA,NA,NA
326312,1100326312,110065091,110001052,NA,"6345",NA,NA,NA,1,"C",1,"DF","X",NA,NA,NA,NA
326313,1100326313,110065093,110001052,NA,"6340",NA,"W",NA,1,"D",1,NA,"X",NA,NA,NA,NA
326314,1100326314,110065093,110001052,NA,"5900","A",NA,NA,1,"2",0,NA,"X",NA,NA,NA,NA
326315,1100326315,110065095,110001052,NA,"5900","A",NA,NA,1,"2",0,NA,NA,NA,NA,NA,"EXIT WF?"
326316,1100326316,110065096,110001052,NA,"720",NA,NA,NA,3,"2",0,NA,NA,NA,NA,NA,NA
326317,1100326317,110065098,110001052,NA,"6360",NA,"W",NA,1,"C",1,NA,NA,NA,NA,NA,NA
326318,1100326318,110065098,110001052,NA,"6360",NA,NA,NA,1,"D",1,"DF",NA,NA,NA,NA,NA
326319,1100326319,110065099,110001052,NA,"6340",NA,"T",NA,1,"A",1,"DY",NA,NA,NA,NA,NA
326320,1100326320,110065101,110001052,NA,"20",NA,NA,NA,1,"3",0,NA,NA,NA,NA,NA,NA
326321,1100326321,110065103,110001052,NA,"5920","2",NA,NA,1,"1",0,NA,NA,NA,NA,NA,NA
326322,1100326322,110065104,110001052,NA,"6340",NA,"W",NA,1,"E",0,NA,NA,NA,NA,NA,NA
326323,1100326323,110065105,110001052,NA,"6360",NA,"W",NA,2,"C",1,NA,NA,NA,NA,NA,NA
326324,1100326324,110065105,110001052,NA,"6020","A",NA,NA,1,"2",0,NA,NA,NA,NA,NA,NA
326325,1100326325,110065107,110001052,"22","6360",NA,"B",NA,2,"E",0,NA,NA,NA,NA,NA,NA
326326,1100326326,110065107,110001052,"22","6360",NA,"W",NA,1,"E",0,NA,NA,NA,NA,NA,NA
326327,1100326327,110065107,110001052,NA,"6340",NA,"W",NA,1,"C",1,NA,NA,NA,NA,NA,NA
326328,1100326328,110065108,110001052,NA,"6340",NA,NA,NA,1,"3",0,NA,NA,NA,NA,NA,NA
326329,1100326329,110065108,110001052,NA,"5900","A",NA,NA,1,"1",0,NA,NA,NA,NA,NA,NA
326330,1100326330,110065109,110001052,NA,"6340",NA,"W",NA,1,"E",0,NA,NA,NA,NA,NA,NA
326331,1100326331,110065109,110001052,NA,"5900","A",NA,NA,1,"2",1,NA,NA,NA,NA,NA,NA
326332,1100326332,110065109,110001052,NA,"5900","A",NA,NA,1,"D",1,NA,NA,NA,NA,NA,NA
326333,1100326333,110065110,110001052,"23","6340",NA,"W",NA,4,"D",1,NA,NA,NA,NA,NA,NA
326334,1100326334,110065110,110001052,"23","6020","A",NA,NA,1,"D",1,NA,NA,NA,NA,NA,NA
326335,1100326335,110065111,110001052,NA,"6340",NA,"W",NA,1,"D",1,NA,NA,NA,NA,NA,NA
326336,1100326336,110065111,110001052,NA,"6345",NA,NA,NA,2,"E",0,NA,NA,NA,NA,NA,NA
326337,1100326337,110065112,110001052,NA,"6340",NA,"W",NA,1,"C",1,NA,NA,NA,NA,NA,NA
326338,1100326338,110065113,110001052,"24","6340",NA,"B",NA,1,"E",0,NA,NA,NA,NA,NA,NA
326339,1100326339,110065113,110001052,"24","6340",NA,"W",NA,2,"E",0,NA,NA,NA,NA,NA,NA
326340,1100326340,110065113,110001052,NA,"5900","A",NA,NA,1,"1",0,NA,NA,NA,NA,NA,NA
326341,1100326341,110065114,110001052,"25","6340",NA,"W",NA,5,"D",1,NA,NA,NA,NA,NA,NA
326342,1100326342,110065114,110001052,"25","5900","A",NA,NA,1,"D",1,NA,NA,NA,NA,NA,NA
326343,1100326343,110065114,110001052,"25","6020","2",NA,NA,1,"D",1,NA,NA,NA,NA,NA,NA
326344,1100326344,110065114,110001052,"25","6360",NA,NA,NA,4,"D",1,NA,NA,NA,NA,NA,NA
326345,1100326345,110065114,110001052,NA,"5900","A",NA,NA,1,"2",0,NA,NA,NA,NA,NA,NA
326346,1100326346,110065115,110001052,NA,"6340",NA,"W",NA,3,"D",0,NA,NA,NA,NA,NA,NA
326347,1100326347,110065116,110001052,"26","6360","A","W",NA,1,"A",1,NA,NA,NA,NA,NA,NA
326348,1100326348,110065116,110001052,"26","6360","A","B",NA,1,"A",1,NA,NA,NA,NA,NA,NA
326349,1100326349,110065116,110001052,NA,"6020","A",NA,NA,1,"1",1,NA,NA,NA,NA,NA,NA
326350,1100326350,110065116,110001052,NA,"6360",NA,NA,NA,3,"C",1,NA,NA,NA,NA,NA,NA
326351,1100326351,110065117,110001052,NA,"6340",NA,NA,NA,1,"E",0,NA,NA,NA,NA,NA,NA
326352,1100326352,110065119,110001052,"27","6360",NA,NA,NA,7,"D",1,NA,NA,NA,NA,NA,NA
326353,1100326353,110065119,110001052,"27","6020",NA,NA,NA,1,"D",1,NA,NA,NA,NA,NA,NA
326354,1100326354,110065119,110001052,NA,"6360",NA,NA,NA,3,"D",1,NA,NA,NA,NA,NA,NA
326355,1100326355,110065119,110001052,NA,"710","A",NA,NA,1,"E",0,NA,NA,NA,NA,NA,NA
326356,1100326356,110065120,110001052,NA,"6340",NA,"B",NA,1,"D",1,NA,NA,NA,NA,NA,NA
326357,1100326357,110065121,110001052,NA,"6340",NA,"B",NA,1,"2",0,NA,NA,NA,NA,NA,NA
326358,1100326358,110065122,110001052,NA,"6360",NA,"W",NA,1,"D",1,NA,NA,NA,NA,NA,NA
326359,1100326359,110065123,110001052,NA,"710",NA,NA,NA,1,"3",0,NA,NA,NA,NA,NA,NA
326360,1100326360,110065127,110001052,"28","6360",NA,NA,NA,3,"B",1,NA,NA,NA,NA,NA,NA
326361,1100326361,110065127,110001052,"28","6020","2",NA,NA,1,"B",1,NA,NA,NA,NA,NA,NA
326362,1100326362,110065127,110001052,"29","6360","A","T",NA,3,"C",1,NA,NA,NA,NA,NA,NA
326363,1100326363,110065127,110001052,"29","6360","I","T",NA,1,"C",1,NA,NA,NA,NA,NA,NA
326364,1100326364,110065127,110001052,"29","6020","2",NA,NA,2,"C",1,NA,NA,NA,NA,NA,NA
326365,1100326365,110065128,110001052,NA,"6340",NA,"W",NA,1,"E",0,NA,NA,NA,NA,NA,NA
326366,1100326366,110065128,110001052,NA,"6340",NA,"T",NA,2,"B",1,NA,NA,NA,NA,NA,NA
326367,1100326367,110065129,110001052,NA,"6360","I",NA,NA,1,"A",1,"DY",NA,NA,NA,NA,NA
326368,1100326368,110065129,110001052,NA,"6360",NA,NA,NA,1,"C",1,NA,NA,NA,NA,NA,NA
326369,1100326369,110065129,110001052,NA,"6020","A",NA,NA,1,"1",0,NA,NA,NA,NA,NA,NA
326370,1100326370,110065129,110001052,NA,"5900","2",NA,NA,1,"B",1,"PS",NA,NA,NA,NA,NA
326371,1100326371,110065130,110001052,NA,"5926","2",NA,NA,1,"2",0,NA,NA,NA,NA,NA,NA
326372,1100326372,110065130,110001052,NA,"6000","2",NA,NA,1,"1",0,NA,NA,NA,NA,NA,NA
326373,1100326373,110065130,110001052,NA,"6020","A",NA,NA,1,"2",0,NA,NA,NA,NA,NA,NA
326374,1100326374,110065131,110001052,"30","6020","A",NA,NA,1,"C",1,NA,NA,NA,NA,NA,NA
326375,1100326375,110065131,110001052,"30","6020","2",NA,NA,1,"C",1,NA,NA,NA,NA,NA,NA
326376,1100326376,110065131,110001052,NA,"6360",NA,"W",NA,2,"C",1,NA,NA,NA,NA,NA,NA
326377,1100326377,110065133,110001052,NA,"5920","2",NA,NA,1,"2",0,NA,NA,NA,NA,NA,NA
326378,1100326378,110065134,110001052,NA,"5900","3",NA,NA,1,"2",0,NA,NA,NA,NA,NA,NA
326379,1100326379,110065135,110001052,"31","6360",NA,"W",NA,1,"C",1,NA,NA,NA,NA,NA,NA
326380,1100326380,110065135,110001052,"31","6360",NA,"B",NA,1,"C",1,NA,NA,NA,NA,NA,NA
326381,1100326381,110065135,110001052,"32","6020","2",NA,NA,1,"A",0,NA,NA,NA,NA,NA,NA
326382,1100326382,110065135,110001052,"32","6360",NA,NA,NA,2,"A",0,NA,NA,NA,NA,NA,NA
326383,1100326383,110065137,110001052,"33","6020","A",NA,NA,1,"C",1,NA,NA,NA,NA,NA,NA
326384,1100326384,110065137,110001052,"33","6360",NA,NA,NA,2,"C",1,NA,NA,NA,NA,NA,NA
326385,1100326385,110065137,110001052,NA,"6020","2",NA,NA,1,"2",0,NA,NA,NA,NA,NA,NA
326386,1100326386,110065138,110001052,NA,"6340",NA,"B",NA,1,"A",1,NA,NA,NA,NA,NA,NA
326387,1100326387,110065139,110001052,"34","6020","A",NA,NA,1,"D",1,NA,NA,NA,NA,NA,NA
326388,1100326388,110065139,110001052,"34","6020","2",NA,NA,1,"D",1,NA,NA,NA,NA,NA,NA
326389,1100326389,110065139,110001052,"34","6360",NA,NA,NA,2,"D",1,NA,NA,NA,NA,NA,NA
326390,1100326390,110065139,110001052,"34","6340",NA,NA,NA,1,"D",1,NA,NA,NA,NA,NA,NA
326391,1100326391,110065139,110001052,"35","5900","A",NA,NA,1,"D",1,NA,NA,NA,NA,NA,NA
326392,1100326392,110065139,110001052,"35","6360",NA,NA,NA,3,"D",1,NA,NA,NA,NA,NA,NA
326393,1100326393,110065139,110001052,NA,"6360",NA,NA,NA,4,"E",0,NA,NA,NA,NA,NA,NA
326394,1100326394,110065139,110001052,NA,"6340",NA,"W",NA,1,"E",0,NA,NA,NA,NA,NA,NA
326395,1100326395,110065142,110001052,NA,"6340",NA,"B",NA,1,"2",0,NA,"X",NA,NA,NA,NA
326396,1100326396,110065144,110001052,NA,"6340",NA,"B",NA,1,"B",1,NA,"X",NA,NA,NA,NA
326397,1100326397,110065145,110001052,NA,"5900","A",NA,NA,1,"2",0,NA,"X",NA,NA,NA,NA
326398,1100326398,110065145,110001052,NA,"6020","A",NA,NA,1,"C",1,NA,"X",NA,NA,NA,NA
326399,1100326399,110065145,110001052,NA,"5900","A",NA,NA,1,"2",0,NA,"X",NA,NA,NA,NA
326400,1100326400,110065147,110001052,NA,"5900","A",NA,NA,1,"2",0,NA,NA,NA,NA,NA,"16:02 EXIT WF"
326401,1100326401,110065147,110001052,NA,"9999",NA,NA,NA,1,"E",0,NA,NA,NA,NA,NA,"BEAM GO23 TOW 90° 3-5KM"
326402,1100326402,110065147,110001052,NA,"5900","3",NA,NA,1,"2",0,NA,NA,NA,NA,NA,NA
326403,1100326403,110065149,110001052,NA,"6340",NA,"W",NA,1,"D",1,NA,NA,NA,NA,NA,NA
326404,1100326404,110065150,110001052,NA,"6360",NA,"W",NA,2,"E",0,NA,NA,NA,NA,NA,NA
326405,1100326405,110065151,110001052,"36","5920","2",NA,NA,1,"2",1,NA,"V",NA,NA,NA,NA
326406,1100326406,110065151,110001052,"36","5920","3",NA,NA,1,"2",1,NA,"V",NA,NA,NA,NA
326407,1100326407,110065151,110001052,NA,"5926","2",NA,NA,1,"2",0,NA,"V",NA,NA,NA,NA
326408,1100326408,110065151,110001052,NA,"6000","2",NA,NA,1,"2",0,NA,"V",NA,NA,NA,NA
326409,1100326409,110065151,110001052,NA,"5920",NA,NA,NA,2,"2",0,NA,"V",NA,NA,NA,NA
326410,1100326410,110065151,110001052,NA,"5910","A",NA,NA,1,"C",1,NA,"V",NA,NA,NA,NA
326411,1100326411,110065152,110001052,"37","5920","3",NA,NA,1,"2",0,NA,"V",NA,NA,NA,NA
326412,1100326412,110065152,110001052,"37","5920","4",NA,NA,1,"2",0,NA,"V",NA,NA,NA,NA
326413,1100326413,110065152,110001052,NA,"5926","2",NA,NA,1,"2",0,NA,"V",NA,NA,NA,NA
326414,1100326414,110065152,110001052,NA,"5920","4",NA,NA,1,"C",1,NA,"V",NA,NA,NA,NA
326415,1100326415,110065152,110001052,NA,"5910","A",NA,NA,1,"2",0,NA,"V",NA,NA,NA,NA
326416,1100326416,110065152,110001052,NA,"5920","3",NA,NA,2,"2",0,NA,"V",NA,NA,NA,NA
326417,1100326417,110065152,110001052,NA,"5910","A",NA,NA,1,"B",1,NA,"V",NA,NA,NA,NA
326418,1100326418,110065152,110001052,NA,"5920","3",NA,NA,1,"B",1,NA,"V",NA,NA,NA,NA
326419,1100326419,110065152,110001052,NA,"5920","A",NA,NA,1,"1",0,NA,"V",NA,NA,NA,NA
326420,1100326420,110065152,110001052,NA,"5920","3",NA,NA,1,"2",0,NA,"V",NA,NA,NA,NA
326421,1100326421,110065152,110001052,NA,"5920","2",NA,NA,1,"1",0,NA,"V",NA,NA,NA,NA
326422,1100326422,110065153,110001052,NA,"5900","A",NA,NA,1,"1",0,NA,"V",NA,NA,NA,NA
326423,1100326423,110065153,110001052,NA,"5920","3",NA,NA,1,"1",0,NA,"V",NA,NA,NA,NA
326424,1100326424,110065153,110001052,NA,"6009",NA,NA,NA,250,"E",0,NA,"V",NA,NA,NA,NA
326425,1100326425,110065153,110001052,NA,"5920","A",NA,NA,1,"1",0,NA,"V",NA,NA,NA,NA
326426,1100326426,110065153,110001052,NA,"5920","3",NA,NA,1,"1",0,NA,"V",NA,NA,NA,NA
326427,1100326427,110065155,110001052,NA,"9999",NA,NA,NA,1,"E",0,NA,NA,NA,NA,NA,"BEAM ARM44 TOW 90° 2KM"
326428,1100326428,110065155,110001052,NA,"5910","3",NA,NA,1,"2",0,NA,NA,NA,NA,NA,NA
326429,1100326429,110065155,110001052,NA,"5927","2",NA,NA,1,"1",0,NA,"E",NA,NA,NA,NA
326430,1100326430,110065157,110001052,NA,"5900","A",NA,NA,1,"2",1,NA,NA,NA,NA,NA,NA
326431,1100326431,110065159,110001052,NA,"710","A",NA,NA,1,"C",1,NA,NA,NA,NA,NA,NA
326432,1100326432,110065159,110001052,NA,"6360",NA,NA,NA,3,"2",0,NA,NA,NA,NA,NA,NA
326433,1100326433,110065162,110001052,NA,"63510",NA,NA,NA,1,"C",1,NA,NA,NA,NA,NA,NA
326434,1100326434,110065163,110001052,NA,"6020","A",NA,NA,1,"2",0,NA,NA,NA,NA,NA,NA
326435,1100326435,110065163,110001052,NA,"710","5",NA,NA,1,"A",0,NA,NA,NA,NA,NA,NA
326436,1100326436,110065163,110001052,NA,"6360",NA,NA,NA,2,"2",0,NA,NA,"NE",NA,NA,NA
326437,1100326437,110065164,110001052,NA,"6360",NA,NA,NA,8,"E",0,NA,NA,NA,NA,NA,NA
326438,1100326438,110065164,110001052,NA,"6020","A",NA,NA,1,"E",0,NA,NA,NA,NA,NA,NA
326439,1100326439,110065164,110001052,NA,"6000","A",NA,NA,1,"A",0,NA,NA,NA,NA,NA,NA
326440,1100326440,110065165,110001052,NA,"6340",NA,"B",NA,1,"E",0,NA,NA,NA,NA,NA,NA
326441,1100326441,110065166,110001052,NA,"6360",NA,"B",NA,1,"2",0,NA,NA,NA,NA,NA,NA
326442,1100326442,110065166,110001052,NA,"6000","A",NA,NA,1,"2",0,NA,NA,NA,NA,NA,NA
326443,1100326443,110065167,110001052,NA,"710","5",NA,NA,2,"2",0,NA,NA,NA,NA,NA,NA
326444,1100326444,110065168,110001052,NA,"6345",NA,NA,NA,1,"E",0,NA,NA,NA,NA,NA,NA
326445,1100326445,110065168,110001052,NA,"6840",NA,NA,NA,1,"1",0,NA,NA,NA,NA,NA,NA
326446,1100326446,110065168,110001052,NA,"6009",NA,NA,NA,3,"E",0,"PS","B",NA,NA,NA,NA
326447,1100326447,110065169,110001052,NA,"6009",NA,NA,NA,1,"2",0,NA,NA,NA,NA,NA,NA
326448,1100326448,110065170,110001052,"38","6360","A","B",NA,2,"C",1,NA,NA,NA,NA,NA,NA
326449,1100326449,110065170,110001052,"38","6360",NA,NA,NA,4,"C",1,NA,NA,NA,NA,NA,NA
326450,1100326450,110065170,110001052,"38","6020","A",NA,NA,1,"C",1,NA,NA,NA,NA,NA,NA
326451,1100326451,110065171,110001052,NA,"6345",NA,NA,NA,2,"D",1,NA,NA,NA,NA,NA,NA
326452,1100326452,110065172,110001052,NA,"6360",NA,NA,NA,3,"2",0,NA,NA,"NE",NA,NA,NA
326453,1100326453,110065174,110001052,NA,"6345",NA,NA,NA,1,"2",0,NA,NA,NA,NA,NA,NA
326454,1100326454,110065174,110001052,NA,"6340",NA,"W",NA,1,"B",1,NA,NA,NA,NA,NA,NA
326455,1100326455,110065174,110001052,NA,"6020","A",NA,NA,1,"D",1,NA,NA,NA,NA,NA,NA
326456,1100326456,110065175,110001052,NA,"6340",NA,"W",NA,1,"C",1,NA,NA,NA,NA,NA,NA
326457,1100326457,110065175,110001052,NA,"6340",NA,"W",NA,2,"A",1,"DF",NA,NA,NA,NA,NA
326458,1100326458,110065176,110001052,NA,"5900","A",NA,NA,1,"E",0,NA,NA,NA,NA,NA,NA
326459,1100326459,110065177,110001052,NA,"710","2",NA,NA,1,"2",0,NA,NA,NA,NA,NA,NA
326460,1100326460,110065184,110001052,"39","6020","A",NA,NA,1,"D",1,NA,NA,NA,NA,NA,NA
326461,1100326461,110065184,110001052,"39","6340",NA,"B",NA,2,"D",1,NA,NA,NA,NA,NA,NA
326462,1100326462,110065184,110001052,"39","6340",NA,"W",NA,1,"D",1,NA,NA,NA,NA,NA,NA
326463,1100326463,110065184,110001052,"39","6020","2",NA,NA,1,"2",1,NA,NA,NA,NA,NA,NA
326464,1100326464,110065184,110001052,"40","710","5",NA,NA,1,"2",0,NA,NA,NA,NA,NA,NA
326465,1100326465,110065184,110001052,"40","710","A",NA,NA,1,"2",0,NA,NA,NA,NA,NA,NA
326466,1100326466,110065184,110001052,"41","5920","I",NA,NA,3,"A",0,NA,NA,NA,NA,NA,NA
326467,1100326467,110065184,110001052,"41","710","A",NA,NA,2,"A",0,NA,NA,NA,NA,NA,NA
326468,1100326468,110065184,110001052,"41","6000","I",NA,NA,1,"A",0,NA,NA,NA,NA,NA,NA
326469,1100326469,110065184,110001052,NA,"6340",NA,"B",NA,1,"C",1,NA,NA,NA,NA,NA,NA
326470,1100326470,110065184,110001052,NA,"5900","A",NA,NA,1,"2",0,NA,NA,NA,NA,NA,NA
326471,1100326471,110065184,110001052,NA,"5900","A",NA,NA,1,"C",1,NA,NA,NA,NA,NA,NA
326472,1100326472,110065185,110001052,NA,"5910","I",NA,NA,1,"2",0,NA,NA,NA,NA,NA,NA
326473,1100326473,110065185,110001052,NA,"5920","I",NA,NA,2,"2",0,NA,NA,NA,NA,NA,NA
326474,1100326474,110065185,110001052,NA,"5900","A",NA,NA,1,"2",0,NA,NA,NA,NA,NA,NA
326475,1100326475,110065185,110001052,NA,"710","A",NA,NA,1,"2",0,NA,NA,NA,NA,NA,NA
326476,1100326476,110065185,110001052,NA,"5900","A",NA,NA,1,"2",0,NA,NA,NA,NA,NA,NA
326477,1100326477,110065186,110001052,"42","710","A",NA,NA,2,"E",0,NA,NA,NA,NA,NA,NA
326478,1100326478,110065186,110001052,"42","5900","A",NA,NA,2,"E",0,NA,NA,NA,NA,NA,NA
326479,1100326479,110065186,110001052,"42","5920","A",NA,NA,2,"E",0,NA,NA,NA,NA,NA,NA
326480,1100326480,110065186,110001052,"42","6049",NA,NA,NA,4,"E",0,NA,NA,NA,NA,NA,NA
326481,1100326481,110065186,110001052,NA,"6340",NA,"W",NA,2,"A",1,NA,NA,NA,NA,NA,NA
326482,1100326482,110065186,110001052,NA,"5900","A",NA,NA,1,"2",0,NA,NA,NA,NA,NA,NA
326483,1100326483,110065189,110001052,NA,"5900","A",NA,NA,1,"B",1,NA,NA,NA,NA,NA,NA
326484,1100326484,110065189,110001052,NA,"6340",NA,NA,NA,2,"B",1,"DY",NA,NA,NA,NA,NA
326485,1100326485,110065191,110001052,NA,"5900","A",NA,NA,2,"D",1,NA,NA,NA,NA,NA,NA
326486,1100326486,110065191,110001052,NA,"6020","A",NA,NA,1,"D",1,NA,NA,NA,NA,NA,NA
326487,1100326487,110065191,110001052,NA,"5900","A",NA,NA,2,"B",1,NA,NA,NA,NA,NA,NA
326488,1100326488,110065191,110001052,NA,"6020","A",NA,NA,1,"C",1,NA,NA,NA,NA,NA,NA
326489,1100326489,110065192,110001052,"42","6360",NA,NA,NA,5,"D",1,NA,NA,NA,NA,NA,NA
326490,1100326490,110065192,110001052,"42","6020","A",NA,NA,1,"D",1,NA,NA,NA,NA,NA,NA
326491,1100326491,110065192,110001052,NA,"5920","2",NA,NA,1,"2",0,NA,NA,NA,NA,NA,NA
326492,1100326492,110065194,110001052,NA,"6345",NA,NA,NA,1,"2",0,NA,NA,NA,NA,NA,NA
326493,1100326493,110065194,110001052,NA,"6360",NA,NA,NA,2,"2",0,NA,NA,NA,NA,NA,NA
326494,1100326494,110065194,110001052,NA,"6340",NA,"W",NA,2,"A",1,"DY",NA,NA,NA,NA,NA
326495,1100326495,110065194,110001052,NA,"6340",NA,NA,NA,2,"A",1,NA,NA,NA,NA,NA,NA
326496,1100326496,110065197,110001052,NA,"6340",NA,"B",NA,1,"C",1,NA,NA,NA,NA,NA,NA
326497,1100326497,110065199,110001053,NA,"720",NA,NA,NA,3,"D",1,NA,"B",NA,NA,NA,NA
326498,1100326498,110065200,110001053,NA,"720",NA,NA,NA,2,"2",0,NA,NA,NA,NA,NA,NA
326499,1100326499,110065201,110001053,NA,"720",NA,NA,NA,2,"2",0,NA,NA,NA,NA,NA,NA
326500,1100326500,110065201,110001053,NA,"720",NA,NA,NA,1,"3",0,NA,NA,NA,NA,NA,NA
326501,1100326501,110065202,110001053,NA,"720",NA,NA,NA,2,"3",0,NA,"N",NA,NA,NA,NA
326502,1100326502,110065203,110001053,NA,"5920","A",NA,NA,1,"2",0,NA,NA,NA,NA,NA,NA
326503,1100326503,110065203,110001053,NA,"720",NA,NA,NA,1,"3",0,NA,NA,NA,NA,NA,NA
326504,1100326504,110065205,110001053,NA,"20",NA,NA,NA,1,"2",0,NA,NA,"NE",NA,NA,NA
326505,1100326505,110065206,110001053,NA,"5900","A",NA,NA,1,"2",0,NA,NA,NA,NA,NA,NA
326506,1100326506,110065206,110001053,NA,"5920","4",NA,NA,1,"2",1,NA,NA,NA,NA,NA,NA
326507,1100326507,110065207,110001053,NA,"720",NA,NA,NA,1,"3",0,NA,NA,NA,NA,NA,NA
326508,1100326508,110065208,110001053,NA,"720","A","B",NA,1,"2",0,NA,NA,NA,NA,NA,NA
326509,1100326509,110065209,110001053,NA,"5900","A",NA,NA,1,"2",1,NA,NA,NA,NA,NA,NA
326510,1100326510,110065210,110001053,NA,"720",NA,NA,NA,1,"D",1,NA,"B",NA,NA,NA,NA
326511,1100326511,110065210,110001053,NA,"720",NA,NA,NA,1,"2",0,NA,NA,NA,NA,NA,NA
326512,1100326512,110065211,110001053,NA,"720",NA,NA,NA,2,"3",0,NA,NA,NA,NA,NA,NA
326513,1100326513,110065212,110001053,NA,"720",NA,NA,NA,1,"C",1,"DF","B",NA,NA,NA,NA
326514,1100326514,110065216,110001053,NA,"6009",NA,NA,NA,1,"E",0,NA,NA,NA,NA,NA,NA
326515,1100326515,110065217,110001053,NA,"5920","3",NA,NA,1,"2",0,NA,NA,NA,NA,NA,NA
326516,1100326516,110065217,110001053,NA,"6000","A",NA,NA,1,"E",0,NA,NA,NA,NA,NA,NA
326517,1100326517,110065218,110001053,"1","5900","A",NA,NA,1,"2",0,NA,NA,NA,NA,NA,NA
326518,1100326518,110065218,110001053,"1","5900","3",NA,NA,1,"2",0,NA,NA,NA,NA,NA,NA
326519,1100326519,110065220,110001053,NA,"20",NA,NA,NA,1,"E",0,"DF",NA,NA,NA,NA,NA
326520,1100326520,110065222,110001053,NA,"5920",NA,NA,NA,2,"1",0,NA,NA,NA,NA,NA,NA
326521,1100326521,110065222,110001053,NA,"59",NA,NA,NA,2,"3",0,NA,NA,NA,NA,NA,NA
326522,1100326522,110065222,110001053,NA,"720",NA,NA,NA,1,"2",0,NA,NA,NA,NA,NA,NA
326523,1100326523,110065223,110001053,NA,"5900","A",NA,NA,1,"2",1,NA,NA,NA,NA,NA,NA
326524,1100326524,110065223,110001053,NA,"2130",NA,NA,"M",3,"2",0,NA,NA,"NE",NA,NA,NA
326525,1100326525,110065224,110001053,NA,"720",NA,NA,NA,1,"E",0,"DF",NA,NA,NA,NA,NA
326526,1100326526,110065225,110001053,NA,"5920","4",NA,NA,1,"2",0,NA,NA,NA,NA,NA,NA
326527,1100326527,110065225,110001053,NA,"5910","A",NA,NA,1,"2",1,NA,NA,NA,NA,NA,NA
326528,1100326528,110065225,110001053,NA,"5900","A",NA,NA,1,"2",0,NA,NA,NA,NA,NA,NA
326529,1100326529,110065225,110001053,NA,"5920","I",NA,NA,1,"2",0,NA,NA,NA,NA,NA,NA
326530,1100326530,110065226,110001053,NA,"5920","2",NA,NA,1,"2",1,NA,NA,NA,NA,NA,NA
326531,1100326531,110065227,110001053,NA,"5900","A",NA,NA,1,"2",1,"Z",NA,NA,NA,NA,NA
326532,1100326532,110065227,110001053,NA,"90","A","B",NA,2,"A",1,NA,NA,NA,NA,NA,NA
326533,1100326533,110065227,110001053,NA,"5900","A",NA,NA,1,"2",0,NA,NA,NA,NA,NA,NA
326534,1100326534,110065227,110001053,NA,"5900","A",NA,NA,1,"2",1,NA,NA,NA,NA,NA,NA
326535,1100326535,110065228,110001053,NA,"20","A","W",NA,1,"C",1,"DF",NA,NA,NA,NA,NA
326536,1100326536,110065229,110001053,NA,"720","A","B",NA,1,"2",0,NA,NA,NA,NA,NA,NA
326537,1100326537,110065230,110001053,NA,"710","4",NA,NA,1,"2",0,NA,NA,NA,NA,NA,NA
326538,1100326538,110065230,110001053,NA,"90",NA,NA,NA,1,"E",0,"DF",NA,NA,NA,NA,NA
326539,1100326539,110065231,110001053,NA,"720",NA,NA,NA,1,"1",0,NA,NA,NA,NA,NA,NA
326540,1100326540,110065232,110001053,"2","2130",NA,NA,"M",5,"2",1,NA,NA,"SW",NA,NA,NA
326541,1100326541,110065232,110001053,"2","2130",NA,NA,"F",1,"2",1,NA,NA,"SW",NA,NA,NA
326542,1100326542,110065232,110001053,NA,"5900","A",NA,NA,1,"2",0,NA,NA,NA,NA,NA,NA
326543,1100326543,110065232,110001053,NA,"5920","2",NA,NA,1,"2",0,NA,NA,NA,NA,NA,NA
326544,1100326544,110065234,110001053,NA,"90",NA,NA,NA,1,"D",1,NA,NA,NA,NA,NA,NA
326545,1100326545,110065234,110001053,NA,"720",NA,NA,NA,1,"C",1,"DF",NA,NA,NA,NA,NA
326546,1100326546,110065235,110001053,NA,"720",NA,NA,NA,1,"A",0,"DF",NA,NA,NA,NA,NA
326547,1100326547,110065236,110001053,NA,"720",NA,NA,NA,1,"2",1,NA,NA,NA,NA,NA,NA
326548,1100326548,110065236,110001053,NA,"5900","A",NA,NA,1,"2",1,NA,NA,NA,NA,NA,NA
326549,1100326549,110065236,110001053,NA,"720",NA,NA,NA,1,"D",1,"DF",NA,NA,NA,NA,NA
326550,1100326550,110065236,110001053,NA,"720",NA,NA,NA,1,"3",0,NA,NA,NA,NA,NA,NA
326551,1100326551,110065238,110001054,NA,"5900","A",NA,NA,1,"1",0,NA,NA,NA,NA,NA,NA
326552,1100326552,110065239,110001054,NA,"6020","A",NA,NA,1,"2",0,NA,NA,NA,NA,NA,NA
326553,1100326553,110065239,110001054,NA,"5910","A",NA,NA,2,"2",1,NA,NA,NA,NA,NA,NA
326554,1100326554,110065239,110001054,NA,"5920","I",NA,NA,2,"2",1,NA,NA,NA,NA,NA,NA
326555,1100326555,110065239,110001054,NA,"6009",NA,NA,NA,4,"E",0,"P",NA,NA,NA,NA,NA
326556,1100326556,110065240,110001054,"1","6360",NA,"W",NA,1,"2",1,NA,NA,NA,NA,NA,NA
326557,1100326557,110065240,110001054,"1","6360",NA,"B",NA,1,"2",1,NA,NA,NA,NA,NA,NA
326558,1100326558,110065240,110001054,"2","6340",NA,"W",NA,1,"D",1,NA,NA,NA,NA,NA,NA
326559,1100326559,110065240,110001054,"2","6340",NA,"B",NA,1,"D",1,NA,NA,NA,NA,NA,NA
326560,1100326560,110065240,110001054,NA,"5910","A",NA,NA,1,"2",0,NA,NA,NA,NA,NA,NA
326561,1100326561,110065240,110001054,NA,"5910","A",NA,NA,1,"2",1,NA,NA,NA,NA,NA,NA
326562,1100326562,110065240,110001054,NA,"710","A",NA,NA,1,"2",1,NA,NA,NA,NA,NA,NA
326563,1100326563,110065241,110001054,NA,"5920","2",NA,NA,1,"2",0,NA,NA,NA,NA,NA,NA
326564,1100326564,110065241,110001054,NA,"6020","A",NA,NA,1,"1",0,NA,NA,NA,NA,NA,NA
326565,1100326565,110065241,110001054,NA,"6345",NA,NA,NA,1,"E",0,NA,NA,NA,NA,NA,NA
326566,1100326566,110065242,110001054,NA,"710","A",NA,NA,1,"C",1,NA,NA,NA,NA,NA,NA
326567,1100326567,110065242,110001054,NA,"710","A",NA,NA,1,"3",0,NA,NA,NA,NA,NA,NA
326568,1100326568,110065242,110001054,NA,"710","A",NA,NA,1,"3",0,NA,NA,NA,NA,NA,NA
326569,1100326569,110065243,110001054,NA,"5920","2",NA,NA,1,"1",0,NA,NA,NA,NA,NA,NA
326570,1100326570,110065243,110001054,NA,"5920","3",NA,NA,1,"1",0,NA,NA,NA,NA,NA,NA
326571,1100326571,110065243,110001054,NA,"5910","A",NA,NA,1,"1",0,NA,NA,NA,NA,NA,NA
326572,1100326572,110065244,110001054,NA,"5926","2",NA,NA,1,"2",0,NA,NA,NA,NA,NA,NA
326573,1100326573,110065244,110001054,NA,"5900","A",NA,NA,1,"A",1,"DF",NA,NA,NA,NA,NA
326574,1100326574,110065245,110001054,NA,"5910","A",NA,NA,1,"2",1,NA,NA,NA,NA,NA,NA
326575,1100326575,110065245,110001054,NA,"5910","A",NA,NA,1,"2",0,NA,NA,NA,NA,NA,NA
326576,1100326576,110065245,110001054,NA,"5920","3",NA,NA,2,"2",1,NA,NA,NA,NA,NA,NA
326577,1100326577,110065245,110001054,NA,"5910","A",NA,NA,1,"B",1,NA,NA,NA,NA,NA,NA
326578,1100326578,110065246,110001054,NA,"5910","A",NA,NA,1,"D",1,NA,NA,NA,NA,NA,NA
326579,1100326579,110065246,110001054,NA,"5900","A",NA,NA,1,"2",0,NA,NA,NA,NA,NA,NA
326580,1100326580,110065246,110001054,NA,"5920","A",NA,NA,1,"2",0,NA,NA,NA,NA,NA,NA
326581,1100326581,110065246,110001054,NA,"710","A",NA,NA,1,"2",0,NA,NA,NA,NA,NA,NA
326582,1100326582,110065246,110001054,NA,"5920","3",NA,NA,1,"1",0,NA,NA,NA,NA,NA,NA
326583,1100326583,110065246,110001054,NA,"5910","A",NA,NA,1,"2",0,NA,NA,NA,NA,NA,NA
326584,1100326584,110065246,110001054,NA,"5920","3",NA,NA,1,"1",0,NA,NA,NA,NA,NA,NA
326585,1100326585,110065246,110001054,NA,"5910","A",NA,NA,1,"2",0,NA,NA,NA,NA,NA,NA
326586,1100326586,110065247,110001054,NA,"710","A",NA,NA,1,"2",0,NA,NA,NA,NA,NA,NA
326587,1100326587,110065247,110001054,NA,"5910","A",NA,NA,1,"2",0,NA,NA,NA,NA,NA,NA
326588,1100326588,110065247,110001054,NA,"5920","4",NA,NA,1,"2",1,NA,NA,NA,NA,NA,NA
326589,1100326589,110065247,110001054,NA,"5920","3",NA,NA,1,"2",0,NA,NA,NA,NA,NA,NA
326590,1100326590,110065248,110001054,NA,"5920","3",NA,NA,1,"D",1,"PS",NA,NA,NA,NA,NA
326591,1100326591,110065248,110001054,NA,"6009","A",NA,NA,1,"E",0,NA,NA,NA,NA,NA,NA
326592,1100326592,110065249,110001054,NA,"5910","A",NA,NA,1,"1",0,NA,NA,NA,NA,NA,NA
326593,1100326593,110065249,110001054,NA,"710","A",NA,NA,1,"2",1,NA,NA,NA,NA,NA,NA
326594,1100326594,110065250,110001054,NA,"5910","A",NA,NA,2,"A",1,"DF",NA,NA,NA,NA,NA
326595,1100326595,110065250,110001054,NA,"5910","A",NA,NA,3,"B",1,NA,NA,NA,NA,NA,NA
326596,1100326596,110065252,110001054,"3","6020","A",NA,NA,1,"2",1,NA,NA,NA,NA,NA,NA
326597,1100326597,110065252,110001054,"3","5910","3",NA,NA,1,"2",1,NA,NA,NA,NA,NA,NA
326598,1100326598,110065252,110001054,"3","5920","3",NA,NA,1,"2",1,NA,NA,NA,NA,NA,NA
326599,1100326599,110065252,110001054,"3","5910","A",NA,NA,2,"2",1,NA,NA,NA,NA,NA,NA
326600,1100326600,110065252,110001054,"3","710","A",NA,NA,1,"2",1,NA,NA,NA,NA,NA,NA
326601,1100326601,110065252,110001054,NA,"5910","A",NA,NA,1,"2",1,NA,NA,NA,NA,NA,NA
326602,1100326602,110065252,110001054,NA,"5910","A",NA,NA,1,"2",0,NA,NA,NA,NA,NA,NA
326603,1100326603,110065252,110001054,NA,"5920","3",NA,NA,1,"2",0,NA,NA,NA,NA,NA,NA
326604,1100326604,110065253,110001054,NA,"5910","A",NA,NA,2,"D",1,NA,NA,NA,NA,NA,NA
326605,1100326605,110065253,110001054,NA,"5920","A",NA,NA,1,"1",0,NA,NA,NA,NA,NA,NA
326606,1100326606,110065254,110001054,NA,"5920","4",NA,NA,1,"2",0,NA,NA,NA,NA,NA,NA
326607,1100326607,110065254,110001054,NA,"5910","A",NA,NA,1,"C",1,NA,NA,NA,NA,NA,NA
326608,1100326608,110065254,110001054,NA,"5910","A",NA,NA,2,"B",1,NA,NA,NA,NA,NA,NA
326609,1100326609,110065254,110001054,NA,"5910","A",NA,NA,3,"B",1,NA,NA,NA,NA,NA,NA
326610,1100326610,110065254,110001054,NA,"5910","A",NA,NA,1,"B",1,"DF",NA,NA,NA,NA,NA
326611,1100326611,110065255,110001054,NA,"5910","A",NA,NA,1,"C",1,NA,NA,NA,NA,NA,NA
326612,1100326612,110065255,110001054,NA,"6340",NA,"B",NA,1,"C",1,NA,NA,NA,NA,NA,NA
326613,1100326613,110065256,110001054,NA,"5910","A",NA,NA,1,"2",0,NA,NA,NA,NA,NA,NA
326614,1100326614,110065257,110001054,NA,"5910","A",NA,NA,2,"B",1,NA,NA,NA,NA,NA,NA
326615,1100326615,110065257,110001054,NA,"5910","A",NA,NA,2,"C",1,NA,NA,NA,NA,NA,NA
326616,1100326616,110065257,110001054,NA,"5910","A",NA,NA,1,"E",0,NA,NA,NA,NA,NA,NA
326617,1100326617,110065258,110001054,NA,"5920","A",NA,NA,1,"A",1,NA,NA,NA,NA,NA,NA
326618,1100326618,110065258,110001054,NA,"5910","A",NA,NA,3,"B",1,NA,NA,NA,NA,NA,NA
326619,1100326619,110065258,110001054,NA,"5910","A",NA,NA,7,"D",1,NA,NA,NA,NA,NA,NA
326620,1100326620,110065258,110001054,NA,"5910","A",NA,NA,4,"D",1,NA,NA,NA,NA,NA,NA
326621,1100326621,110065258,110001054,NA,"5910","A",NA,NA,1,"E",0,NA,NA,NA,NA,NA,NA
326622,1100326622,110065259,110001054,NA,"5910","A",NA,NA,5,"C",1,NA,NA,NA,NA,NA,NA
326623,1100326623,110065259,110001054,NA,"5910","A",NA,NA,1,"2",0,NA,NA,NA,NA,NA,NA
326624,1100326624,110065259,110001054,NA,"710","A",NA,NA,1,"2",0,NA,NA,NA,NA,NA,NA
326625,1100326625,110065259,110001054,NA,"5910","A",NA,NA,1,"1",0,NA,NA,NA,NA,NA,NA
326626,1100326626,110065260,110001054,NA,"6340",NA,"B",NA,1,"C",1,NA,NA,NA,NA,NA,NA
326627,1100326627,110065261,110001054,NA,"710","A",NA,NA,1,"2",0,NA,NA,NA,NA,NA,NA
326628,1100326628,110065261,110001054,NA,"6020","2",NA,NA,1,"2",0,NA,NA,NA,NA,NA,NA
326629,1100326629,110065261,110001054,NA,"710","4",NA,NA,1,"2",1,NA,NA,NA,NA,NA,NA
326630,1100326630,110065263,110001054,NA,"5910","A",NA,NA,1,"1",0,NA,NA,NA,NA,NA,NA
326631,1100326631,110065264,110001054,NA,"5910","A",NA,NA,1,"2",1,NA,NA,NA,NA,NA,NA
326632,1100326632,110065264,110001054,NA,"5920","I",NA,NA,2,"2",0,NA,NA,NA,NA,NA,NA
326633,1100326633,110065265,110001054,"4","5920","A",NA,NA,1,"D",1,NA,NA,NA,NA,NA,NA
326634,1100326634,110065265,110001054,"4","5910","A",NA,NA,2,"D",1,NA,NA,NA,NA,NA,NA
326635,1100326635,110065266,110001054,NA,"6340",NA,"B",NA,1,"2",0,NA,NA,NA,NA,NA,NA
326636,1100326636,110065266,110001054,NA,"710","A",NA,NA,1,"2",0,NA,NA,NA,NA,NA,NA
326637,1100326637,110065268,110001054,NA,"710","A",NA,NA,1,"2",1,NA,NA,NA,NA,NA,NA
326638,1100326638,110065268,110001054,NA,"5910","A",NA,NA,2,"D",1,NA,NA,NA,NA,NA,NA
326639,1100326639,110065269,110001054,NA,"5910","A",NA,NA,1,"2",0,NA,NA,NA,NA,NA,NA
326640,1100326640,110065270,110001054,NA,"5920","3",NA,NA,1,"2",1,NA,NA,NA,NA,NA,NA
326641,1100326641,110065270,110001054,NA,"5920","3",NA,NA,1,"2",1,NA,NA,NA,NA,NA,NA
326642,1100326642,110065272,110001054,NA,"6345",NA,NA,NA,1,"2",0,NA,NA,NA,NA,NA,NA
326643,1100326643,110065272,110001054,NA,"5910","A",NA,NA,1,"1",0,NA,NA,NA,NA,NA,NA
326644,1100326644,110065277,110001054,NA,"5920","A",NA,NA,1,"2",0,NA,NA,NA,NA,NA,NA
326645,1100326645,110065278,110001054,NA,"6345",NA,NA,NA,1,"2",0,NA,NA,NA,NA,NA,NA
326646,1100326646,110065280,110001054,NA,"5920","A",NA,NA,1,"2",1,NA,NA,NA,NA,NA,NA
326647,1100326647,110065280,110001054,NA,"710","A",NA,NA,1,"2",0,NA,NA,NA,NA,NA,NA
326648,1100326648,110065281,110001054,NA,"710","A",NA,NA,1,"2",0,NA,NA,NA,NA,NA,NA
326649,1100326649,110065281,110001054,NA,"6345",NA,NA,NA,3,"2",0,NA,NA,NA,NA,NA,NA
326650,1100326650,110065281,110001054,NA,"710","A",NA,NA,1,"2",0,NA,NA,NA,NA,NA,NA
326651,1100326651,110065282,110001054,NA,"6345",NA,NA,NA,1,"2",0,NA,NA,NA,NA,NA,NA
326652,1100326652,110065282,110001054,NA,"5920","A",NA,NA,1,"1",1,NA,NA,NA,NA,NA,NA
326653,1100326653,110065285,110001054,NA,"5920","A",NA,NA,1,"1",0,NA,NA,NA,NA,NA,NA
326654,1100326654,110065287,110001054,"5","5920","A",NA,NA,1,"A",1,NA,NA,NA,NA,NA,NA
326655,1100326655,110065287,110001054,"5","5920","2",NA,NA,1,"1",1,NA,NA,NA,NA,NA,NA
326656,1100326656,110065287,110001054,"5","5920","A",NA,NA,1,"1",1,NA,NA,NA,NA,NA,NA
326657,1100326657,110065287,110001054,"5","5900","A",NA,NA,1,"2",1,NA,NA,NA,NA,NA,NA
326658,1100326658,110065288,110001054,NA,"6360",NA,"W",NA,1,"2",1,NA,NA,NA,NA,NA,NA
326659,1100326659,110065288,110001054,NA,"6020","A",NA,NA,1,"1",1,NA,NA,NA,NA,NA,NA
326660,1100326660,110065289,110001054,NA,"5900","A",NA,NA,1,"2",1,NA,NA,NA,NA,NA,NA
326661,1100326661,110065291,110001054,"6","5920","3",NA,NA,1,"2",0,NA,NA,NA,NA,NA,NA
326662,1100326662,110065291,110001054,"6","5910","A",NA,NA,1,"2",0,NA,NA,NA,NA,NA,NA
326663,1100326663,110065291,110001054,NA,"710","A",NA,NA,1,"2",0,NA,NA,NA,NA,NA,NA
326664,1100326664,110065292,110001054,"7","5920","3",NA,NA,1,"2",1,NA,NA,NA,NA,NA,NA
326665,1100326665,110065292,110001054,"7","5920","4",NA,NA,1,"2",1,NA,NA,NA,NA,NA,NA
326666,1100326666,110065292,110001054,NA,"5900","A",NA,NA,1,"2",1,NA,NA,NA,NA,NA,NA
326667,1100326667,110065293,110001054,NA,"710","A",NA,NA,1,"2",0,NA,NA,NA,NA,NA,NA
326668,1100326668,110065294,110001054,NA,"710","A",NA,NA,1,"1",0,NA,NA,NA,NA,NA,NA
326669,1100326669,110065296,110001054,NA,"5910","A",NA,NA,1,"3",0,NA,NA,NA,NA,NA,NA
326670,1100326670,110065297,110001054,NA,"6345",NA,NA,NA,2,"2",0,NA,NA,NA,NA,NA,NA
326671,1100326671,110065297,110001054,NA,"6020","A",NA,NA,1,"2",0,NA,NA,NA,NA,NA,NA
326672,1100326672,110065298,110001054,NA,"6340",NA,"W",NA,1,"B",1,NA,NA,NA,NA,NA,NA
326673,1100326673,110065298,110001054,NA,"5900","A",NA,NA,1,"2",0,NA,NA,NA,NA,NA,NA
326674,1100326674,110065298,110001054,NA,"5900","A",NA,NA,1,"2",1,NA,NA,NA,NA,NA,NA
326675,1100326675,110065298,110001054,NA,"5900","A",NA,NA,1,"2",0,NA,NA,NA,NA,NA,NA
326676,1100326676,110065298,110001054,NA,"5920","3",NA,NA,1,"2",0,NA,NA,NA,NA,NA,NA
326677,1100326677,110065299,110001054,NA,"710","A",NA,NA,1,"A",1,"DF",NA,NA,NA,NA,NA
326678,1100326678,110065299,110001054,NA,"710","A",NA,NA,2,"C",1,NA,NA,NA,NA,NA,NA
326679,1100326679,110065299,110001054,NA,"5920","3",NA,NA,1,"2",1,NA,NA,NA,NA,NA,NA
326680,1100326680,110065300,110001054,NA,"710","A",NA,NA,1,"1",0,NA,NA,NA,NA,NA,NA
326681,1100326681,110065300,110001054,NA,"710","A",NA,NA,1,"1",0,NA,NA,NA,NA,NA,NA
326682,1100326682,110065300,110001054,NA,"710","A",NA,NA,1,"A",1,NA,NA,NA,NA,NA,NA
326683,1100326683,110065301,110001054,NA,"710","A",NA,NA,2,"C",1,NA,NA,NA,NA,NA,NA
326684,1100326684,110065301,110001054,NA,"6345",NA,NA,NA,3,"3",0,NA,NA,NA,NA,NA,NA
326685,1100326685,110065301,110001054,NA,"710","A",NA,NA,1,"1",0,NA,NA,NA,NA,NA,NA
326686,1100326686,110065301,110001054,NA,"710","A",NA,NA,1,"2",1,NA,NA,NA,NA,NA,NA
326687,1100326687,110065302,110001054,"8","5900","A",NA,NA,4,"2",1,NA,NA,NA,NA,NA,NA
326688,1100326688,110065302,110001054,"8","5900","3",NA,NA,1,"2",1,NA,NA,NA,NA,NA,NA
326689,1100326689,110065302,110001054,NA,"710","A",NA,NA,1,"2",1,NA,NA,NA,NA,NA,NA
326690,1100326690,110065302,110001054,NA,"6360",NA,NA,NA,1,"B",1,"DY",NA,NA,NA,NA,NA
326691,1100326691,110065302,110001054,NA,"5920","2",NA,NA,1,"2",1,NA,NA,NA,NA,NA,NA
326692,1100326692,110065302,110001054,NA,"6340",NA,"W",NA,1,"C",1,"Z",NA,NA,NA,NA,NA
326693,1100326693,110065303,110001054,"9","5900","A",NA,NA,1,"2",1,NA,NA,NA,NA,NA,NA
326694,1100326694,110065303,110001054,"9","5900","3",NA,NA,2,"2",1,NA,NA,NA,NA,NA,NA
326695,1100326695,110065303,110001054,NA,"710","3",NA,NA,1,"2",1,NA,NA,NA,NA,NA,NA
326696,1100326696,110065303,110001054,NA,"6020","A",NA,NA,1,"2",1,NA,NA,NA,NA,NA,NA
326697,1100326697,110065303,110001054,NA,"6360",NA,"T",NA,1,"2",0,NA,NA,NA,NA,NA,NA
326698,1100326698,110065305,110001054,NA,"5900","A",NA,NA,1,"2",1,NA,NA,NA,NA,NA,NA
326699,1100326699,110065305,110001054,NA,"5910","A",NA,NA,1,"2",0,NA,NA,NA,NA,NA,NA
326700,1100326700,110065305,110001054,NA,"5900","A",NA,NA,1,"2",1,NA,NA,NA,NA,NA,NA
326701,1100326701,110065305,110001054,NA,"710","A",NA,NA,1,"2",0,NA,NA,NA,NA,NA,NA
326702,1100326702,110065305,110001054,NA,"5900",NA,NA,NA,3,"D",1,NA,NA,NA,NA,NA,NA
326703,1100326703,110065306,110001054,NA,"6340",NA,"B",NA,1,"A",1,"DF",NA,NA,NA,NA,NA
326704,1100326704,110065307,110001054,NA,"5910","A",NA,NA,1,"1",0,NA,NA,NA,NA,NA,NA
326705,1100326705,110065307,110001054,NA,"710","A",NA,NA,2,"2",0,NA,NA,NA,NA,NA,NA
326706,1100326706,110065308,110001054,NA,"6340",NA,"W",NA,1,"2",0,NA,NA,NA,NA,NA,NA
326707,1100326707,110065308,110001054,NA,"6345",NA,NA,NA,1,"2",0,NA,NA,NA,NA,NA,NA
326708,1100326708,110065309,110001054,NA,"5910","A",NA,NA,1,"2",1,NA,NA,NA,NA,NA,NA
326709,1100326709,110065309,110001054,NA,"6020","A",NA,NA,1,"2",1,NA,NA,NA,NA,NA,NA
326710,1100326710,110065310,110001054,NA,"710","5",NA,NA,1,"2",0,NA,NA,NA,NA,NA,NA
326711,1100326711,110065311,110001054,NA,"6345",NA,NA,NA,2,"3",0,NA,NA,NA,NA,NA,NA
326712,1100326712,110065311,110001054,NA,"710","5",NA,NA,1,"2",1,NA,NA,NA,NA,NA,NA
326713,1100326713,110065311,110001054,NA,"5910","A",NA,NA,2,"1",1,NA,NA,NA,NA,NA,NA
326714,1100326714,110065312,110001054,NA,"5900","A",NA,NA,1,"1",1,NA,NA,NA,NA,NA,NA
326715,1100326715,110065312,110001054,NA,"6340",NA,"W",NA,1,"B",1,NA,NA,NA,NA,NA,NA
326716,1100326716,110065312,110001054,NA,"6345",NA,NA,NA,1,"3",0,NA,NA,NA,NA,NA,NA
326717,1100326717,110065315,110001054,NA,"6340",NA,"W",NA,1,"A",1,"DY",NA,NA,NA,NA,NA
326718,1100326718,110065315,110001054,NA,"710","A",NA,NA,1,"2",0,NA,NA,NA,NA,NA,NA
326719,1100326719,110065318,110001055,NA,"6150","A",NA,NA,2,"2",1,NA,NA,NA,NA,NA,NA
326720,1100326720,110065318,110001055,NA,"5910","A",NA,NA,1,"C",0,NA,NA,NA,NA,NA,NA
326721,1100326721,110065318,110001055,NA,"4860",NA,NA,NA,3,"2",0,NA,NA,"NE",NA,NA,NA
326722,1100326722,110065319,110001055,NA,"5780","A","B",NA,3,"2",1,NA,NA,NA,NA,NA,NA
326723,1100326723,110065319,110001055,NA,"5780","A","B",NA,6,"2",1,NA,NA,NA,NA,NA,NA
326724,1100326724,110065321,110001055,NA,"6110","A",NA,NA,1,"1",0,NA,NA,NA,NA,NA,NA
326725,1100326725,110065322,110001055,NA,"5910","A",NA,NA,1,"B",1,NA,NA,NA,NA,NA,NA
326726,1100326726,110065322,110001055,NA,"6110","A",NA,NA,1,"2",0,NA,NA,NA,NA,NA,NA
326727,1100326727,110065323,110001055,NA,"6110","A",NA,NA,2,"2",0,NA,NA,NA,NA,NA,NA
326728,1100326728,110065323,110001055,NA,"5910","A",NA,NA,2,"A",1,"PS",NA,NA,NA,NA,NA
326729,1100326729,110065323,110001055,NA,"5910","A",NA,NA,1,"2",0,NA,NA,NA,NA,NA,NA
326730,1100326730,110065324,110001055,NA,"5920","I",NA,NA,1,"2",0,NA,NA,NA,NA,NA,NA
326731,1100326731,110065328,110001055,NA,"6110","A",NA,NA,1,"B",1,"Y",NA,NA,NA,NA,NA
326732,1100326732,110065328,110001055,NA,"5910","4",NA,NA,1,"2",0,NA,NA,NA,NA,NA,NA
326733,1100326733,110065329,110001055,NA,"6110","A",NA,NA,1,"2",0,NA,NA,NA,NA,NA,NA
326734,1100326734,110065330,110001055,"1","5900","A",NA,NA,1,"2",0,"Z",NA,NA,NA,NA,NA
326735,1100326735,110065330,110001055,"1","5900","I",NA,NA,2,"2",0,"Z",NA,NA,NA,NA,NA
326736,1100326736,110065330,110001055,NA,"1840",NA,NA,NA,2,"2",0,NA,NA,NA,NA,NA,NA
326737,1100326737,110065330,110001055,NA,"63510",NA,NA,NA,1,"E",0,NA,NA,NA,NA,NA,"315° 600M"
326738,1100326738,110065330,110001055,NA,"5780","A",NA,NA,3,"2",1,NA,NA,NA,NA,NA,NA
326739,1100326739,110065330,110001055,NA,"5340",NA,NA,NA,2,"2",0,NA,NA,"NE",NA,NA,NA
326740,1100326740,110065330,110001055,NA,"5659",NA,NA,NA,10,"1",0,NA,NA,"NE",NA,NA,NA
326741,1100326741,110065333,110001055,NA,"6110","A",NA,NA,3,"2",0,NA,NA,NA,NA,NA,NA
326742,1100326742,110065333,110001055,NA,"6110","A",NA,NA,2,"2",1,NA,NA,NA,NA,NA,NA
326743,1100326743,110065335,110001055,NA,"710","A",NA,NA,1,"U",1,NA,NA,NA,NA,NA,NA
326744,1100326744,110065335,110001055,NA,"5340",NA,NA,NA,12,"2",0,NA,NA,NA,NA,NA,NA
326745,1100326745,110065338,110001055,NA,"5340",NA,NA,NA,5,"2",0,NA,NA,"NE",NA,NA,NA
326746,1100326746,110065339,110001055,NA,"710","A",NA,NA,1,"D",1,NA,NA,NA,NA,NA,NA
326747,1100326747,110065340,110001055,NA,"710","A",NA,NA,1,"U",1,"DF",NA,NA,NA,NA,NA
326748,1100326748,110065340,110001055,NA,"710","A",NA,NA,1,"A",1,NA,NA,NA,NA,NA,NA
326749,1100326749,110065340,110001055,NA,"710","A",NA,NA,1,"C",1,NA,NA,NA,NA,NA,NA
326750,1100326750,110065340,110001055,NA,"710","A",NA,NA,2,"C",0,NA,NA,NA,NA,NA,NA
326751,1100326751,110065340,110001055,NA,"5910","A",NA,NA,1,"D",1,NA,NA,NA,NA,NA,NA
326752,1100326752,110065341,110001055,NA,"710","A",NA,NA,1,"E",0,"Y",NA,NA,NA,NA,NA
326753,1100326753,110065341,110001055,NA,"6110","A",NA,NA,1,"D",1,"Y",NA,NA,NA,NA,NA
326754,1100326754,110065341,110001055,NA,"6150","A",NA,NA,1,"2",0,NA,NA,NA,NA,NA,NA
326755,1100326755,110065341,110001055,NA,"6110","A",NA,NA,1,"2",1,NA,NA,NA,NA,NA,NA
326756,1100326756,110065341,110001055,NA,"6110","A",NA,NA,2,"C",1,"DF",NA,NA,NA,NA,NA
326757,1100326757,110065342,110001055,NA,"710","A",NA,NA,1,"C",1,NA,NA,NA,NA,NA,NA
326758,1100326758,110065342,110001055,NA,"5910","A",NA,NA,1,"D",1,NA,NA,NA,NA,NA,NA
326759,1100326759,110065342,110001055,NA,"6000","I",NA,NA,1,"2",0,NA,NA,NA,NA,NA,NA
326760,1100326760,110065342,110001055,NA,"5900",NA,NA,NA,1,"2",1,NA,NA,NA,NA,NA,NA
326761,1100326761,110065342,110001055,NA,"5900",NA,NA,NA,1,"A",1,NA,NA,NA,NA,NA,NA
326762,1100326762,110065342,110001055,NA,"5910","I",NA,NA,1,"E",0,"PS",NA,NA,NA,NA,NA
326763,1100326763,110065342,110001055,NA,"5910",NA,NA,NA,5,"C",1,NA,NA,NA,NA,NA,NA
326764,1100326764,110065343,110001055,NA,"2130",NA,NA,"M",3,"2",1,NA,NA,NA,NA,NA,NA
326765,1100326765,110065346,110001055,NA,"710","A",NA,NA,1,"3",0,NA,"X",NA,NA,NA,"ENTER WF"
326766,1100326766,110065349,110001055,NA,"63510",NA,NA,NA,1,"C",1,NA,"X",NA,NA,NA,NA
326767,1100326767,110065353,110001055,NA,"5920","3",NA,NA,2,"A",1,NA,"X",NA,NA,NA,NA
326768,1100326768,110065353,110001055,NA,"710","A",NA,NA,1,"2",0,NA,"X",NA,NA,NA,NA
326769,1100326769,110065357,110001055,"2","5920","A",NA,NA,1,"E",0,NA,"T",NA,NA,NA,"CP J2"
326770,1100326770,110065357,110001055,"2","5920","3",NA,NA,1,"E",0,NA,"T",NA,NA,NA,"CP J2"
326771,1100326771,110065359,110001055,NA,"5920","A",NA,NA,1,"2",0,NA,"X",NA,NA,NA,NA
326772,1100326772,110065359,110001055,NA,"5900","3",NA,NA,1,"2",1,NA,"X",NA,NA,NA,NA
326773,1100326773,110065359,110001055,NA,"5900","A",NA,NA,1,"2",1,NA,"X",NA,NA,NA,NA
326774,1100326774,110065360,110001055,NA,"5920","4",NA,NA,1,"A",1,"DF","X",NA,NA,NA,NA
326775,1100326775,110065360,110001055,NA,"5900","2",NA,NA,1,"2",0,NA,"X",NA,NA,NA,NA
326776,1100326776,110065361,110001055,NA,"5900","A",NA,NA,1,"1",0,NA,"X",NA,NA,NA,NA
326777,1100326777,110065361,110001055,NA,"5900","2",NA,NA,1,"2",0,NA,"X",NA,NA,NA,NA
326778,1100326778,110065362,110001055,NA,"5900","3",NA,NA,1,"A",1,NA,"X",NA,NA,NA,NA
326779,1100326779,110065363,110001055,"3","6340","A","B",NA,1,"C",1,NA,"X",NA,NA,NA,NA
326780,1100326780,110065363,110001055,"3","5920","3",NA,NA,1,"C",1,NA,"X",NA,NA,NA,NA
326781,1100326781,110065374,110001055,NA,"5900","A",NA,NA,1,"2",0,NA,"X",NA,NA,NA,NA
326782,1100326782,110065389,110001055,NA,"710","A",NA,NA,1,"2",0,NA,"X",NA,NA,NA,NA
326783,1100326783,110065397,110001055,NA,"5900","3",NA,NA,1,"2",0,NA,"X",NA,NA,NA,NA
326784,1100326784,110065398,110001055,NA,"5910","A",NA,NA,4,"2",1,NA,"X~V",NA,NA,NA,"TOWARDS BEAM"
326785,1100326785,110065398,110001055,NA,"5910","A",NA,NA,2,"2",0,NA,"X~V",NA,NA,NA,"TOWARDS BEAM"
326786,1100326786,110065398,110001055,NA,"5910","A",NA,NA,1,"1",0,NA,"X~V",NA,NA,NA,NA
326787,1100326787,110065399,110001055,NA,"5910","A",NA,NA,1,"2",1,NA,"X~V",NA,NA,NA,NA
326788,1100326788,110065399,110001055,NA,"9999",NA,NA,NA,1,"E",0,NA,NA,NA,NA,NA,"100° 3KM TOWING"
326789,1100326789,110065404,110001055,NA,"5920","I",NA,NA,1,"2",0,NA,"X",NA,NA,NA,NA
326790,1100326790,110065416,110001055,NA,"710","A",NA,NA,1,"3",0,NA,NA,NA,NA,NA,NA
326791,1100326791,110065418,110001055,NA,"5910","A",NA,NA,2,"2",0,NA,NA,NA,NA,NA,NA
326792,1100326792,110065422,110001055,NA,"6340",NA,"B",NA,1,"U",1,NA,NA,NA,NA,NA,NA
326793,1100326793,110065422,110001055,NA,"6150","A",NA,NA,2,"2",0,NA,NA,NA,NA,NA,NA
326794,1100326794,110065422,110001055,NA,"5920","I",NA,NA,3,"2",0,NA,"P",NA,NA,NA,"OS1ST"
326795,1100326795,110065429,110001055,NA,"6110","A",NA,NA,2,"2",1,NA,"X",NA,NA,NA,NA
326796,1100326796,110065433,110001055,NA,"5910","A",NA,NA,2,"2",0,NA,"X",NA,NA,NA,NA
326797,1100326797,110065434,110001055,NA,"710","A",NA,NA,1,"2",1,NA,"X",NA,NA,NA,NA
326798,1100326798,110065435,110001055,NA,"5380",NA,NA,NA,8,"2",0,NA,"X","NE",NA,NA,NA
326799,1100326799,110065436,110001055,NA,"5920","4",NA,NA,1,"2",0,"Z","X",NA,NA,NA,NA
326800,1100326800,110065441,110001055,NA,"6110","A",NA,NA,2,"2",0,NA,"X",NA,NA,NA,NA
326801,1100326801,110065442,110001055,NA,"6110","A",NA,NA,4,"2",1,NA,NA,NA,NA,NA,"EXIT WF"
326802,1100326802,110065445,110001055,"4","6110","A",NA,NA,2,"C",1,NA,NA,NA,NA,NA,NA
326803,1100326803,110065445,110001055,"4","6150","A",NA,NA,12,"C",1,NA,NA,NA,NA,NA,NA
326804,1100326804,110065445,110001055,NA,"710","A",NA,NA,1,"C",1,NA,NA,NA,NA,NA,NA
326805,1100326805,110065445,110001055,NA,"710","A",NA,NA,1,"2",0,NA,NA,NA,NA,NA,NA
326806,1100326806,110065445,110001055,NA,"6110","A",NA,NA,2,"2",0,NA,NA,NA,NA,NA,NA
326807,1100326807,110065446,110001055,NA,"5910","A",NA,NA,1,"2",0,NA,NA,NA,NA,NA,NA
326808,1100326808,110065446,110001055,NA,"63510",NA,NA,NA,1,"C",1,NA,NA,NA,NA,NA,NA
326809,1100326809,110065446,110001055,NA,"5900","2",NA,NA,2,"2",0,NA,NA,NA,NA,NA,NA
326810,1100326810,110065446,110001055,NA,"6110","A",NA,NA,4,"2",0,NA,NA,NA,NA,NA,NA
326811,1100326811,110065447,110001055,NA,"6110","A",NA,NA,1,"2",0,NA,NA,NA,NA,NA,NA
326812,1100326812,110065447,110001055,NA,"6110","A",NA,NA,2,"2",0,NA,NA,NA,NA,NA,NA
326813,1100326813,110065448,110001055,NA,"6110","A",NA,NA,2,"2",0,NA,NA,NA,NA,NA,NA
326814,1100326814,110065448,110001055,NA,"720",NA,NA,NA,1,"2",0,NA,NA,NA,NA,NA,NA
326815,1100326815,110065448,110001055,NA,"6110","A",NA,NA,1,"2",0,NA,NA,NA,NA,NA,NA
326816,1100326816,110065449,110001055,NA,"6110","A",NA,NA,2,"2",0,NA,NA,NA,NA,NA,NA
326817,1100326817,110065449,110001055,NA,"5910","A",NA,NA,1,"1",0,NA,NA,NA,NA,NA,NA
326818,1100326818,110065450,110001055,NA,"710","A",NA,NA,1,"A",0,NA,NA,NA,NA,NA,NA
326819,1100326819,110065451,110001055,NA,"6110","A",NA,NA,2,"2",0,NA,NA,NA,NA,NA,NA
326820,1100326820,110065452,110001055,NA,"710","A",NA,NA,1,"2",0,NA,NA,NA,NA,NA,NA
326821,1100326821,110065453,110001055,NA,"5920","I",NA,NA,1,"2",0,NA,NA,NA,NA,NA,NA
326822,1100326822,110065453,110001055,NA,"6110","A",NA,NA,1,"2",1,NA,NA,NA,NA,NA,NA
326823,1100326823,110065453,110001055,NA,"5910","A",NA,NA,1,"2",0,NA,NA,NA,NA,NA,NA
326824,1100326824,110065455,110001055,NA,"6110","A",NA,NA,2,"2",0,NA,NA,NA,NA,NA,NA
326825,1100326825,110065455,110001055,NA,"6150","A",NA,NA,2,"2",1,NA,NA,NA,NA,NA,NA
326826,1100326826,110065455,110001055,NA,"5910","A",NA,NA,3,"2",0,NA,NA,NA,NA,NA,NA
326827,1100326827,110065457,110001055,NA,"5900","2",NA,NA,1,"A",1,"P",NA,NA,NA,NA,NA
326828,1100326828,110065457,110001055,NA,"5900","A",NA,NA,1,"1",0,NA,NA,NA,NA,NA,NA
326829,1100326829,110065457,110001055,NA,"5910","A",NA,NA,1,"2",0,NA,NA,NA,NA,NA,NA
326830,1100326830,110065458,110001055,"5","5920",NA,NA,NA,1,"2",1,NA,"V",NA,NA,NA,NA
326831,1100326831,110065458,110001055,"5","5910",NA,NA,NA,2,"2",1,NA,"V",NA,NA,NA,NA
326832,1100326832,110065458,110001055,"6","9999",NA,NA,NA,1,"E",0,NA,NA,NA,NA,NA,"315° 1.5KM FLYSHOOTER SL26"
326833,1100326833,110065458,110001055,"6","6009",NA,NA,NA,800,"E",0,NA,"V",NA,NA,NA,NA
326834,1100326834,110065459,110001055,"7","5910","A",NA,NA,1,"A",1,NA,"V",NA,NA,NA,NA
326835,1100326835,110065459,110001055,"7","5910","2",NA,NA,1,"A",1,NA,"V",NA,NA,NA,NA
326836,1100326836,110065459,110001055,"8","5910","2",NA,NA,3,"B",1,NA,"V",NA,NA,NA,NA
326837,1100326837,110065459,110001055,"8","5910","3",NA,NA,1,"B",1,NA,"V",NA,NA,NA,NA
326838,1100326838,110065459,110001055,"9","5920","I",NA,NA,3,"2",0,NA,"V",NA,NA,NA,NA
326839,1100326839,110065459,110001055,"9","5910","I",NA,NA,1,"2",0,NA,"V",NA,NA,NA,NA
326840,1100326840,110065459,110001055,NA,"63510",NA,NA,NA,1,"A",1,NA,NA,NA,NA,NA,NA
326841,1100326841,110065460,110001055,NA,"5910","I",NA,NA,6,"2",0,NA,"V",NA,NA,NA,NA
326842,1100326842,110065460,110001055,NA,"5920","2",NA,NA,2,"2",0,NA,"V",NA,NA,NA,NA
326843,1100326843,110065460,110001055,NA,"5920","2",NA,NA,1,"1",1,NA,"V",NA,NA,NA,NA
326844,1100326844,110065460,110001055,NA,"5910","A",NA,NA,1,"2",1,NA,"V",NA,NA,NA,NA
326845,1100326845,110065467,110001055,NA,"710",NA,NA,NA,1,"3",0,NA,NA,NA,NA,NA,NA
326846,1100326846,110065470,110001055,NA,"6110","A",NA,NA,2,"2",0,NA,NA,NA,NA,NA,NA
326847,1100326847,110065470,110001055,NA,"6110","A",NA,NA,4,"2",1,NA,NA,NA,NA,NA,NA
326848,1100326848,110065473,110001055,NA,"5670","A","D",NA,1,"B",1,"DF",NA,NA,NA,NA,NA
326849,1100326849,110065473,110001055,NA,"710","3",NA,NA,1,"2",0,NA,NA,NA,NA,NA,NA
326850,1100326850,110065474,110001055,NA,"6110",NA,NA,NA,3,"2",1,"Z",NA,NA,NA,NA,NA
326851,1100326851,110065475,110001055,NA,"710","A",NA,NA,1,"2",0,NA,NA,NA,NA,NA,NA
326852,1100326852,110065476,110001055,NA,"5900","A",NA,NA,1,"1",0,NA,NA,NA,NA,NA,NA
326853,1100326853,110065476,110001055,NA,"5910","4",NA,NA,1,"2",0,NA,NA,NA,NA,NA,NA
326854,1100326854,110065477,110001055,"10","5910","A",NA,NA,13,"B",1,NA,NA,NA,NA,NA,NA
326855,1100326855,110065477,110001055,"10","5910","I",NA,NA,1,"B",1,NA,NA,NA,NA,NA,NA
326856,1100326856,110065478,110001055,NA,"5910","A",NA,NA,3,"1",0,NA,NA,NA,NA,NA,NA
326857,1100326857,110065482,110001055,NA,"6340",NA,NA,NA,1,"U",0,"DF",NA,NA,NA,NA,NA
326858,1100326858,110065482,110001055,NA,"5910","A",NA,NA,1,"2",0,NA,NA,NA,NA,NA,NA
326859,1100326859,110065490,110001055,NA,"220",NA,"L",NA,1,"2",0,NA,NA,NA,NA,NA,NA
326860,1100326860,110065490,110001055,NA,"6020","A",NA,NA,1,"1",0,"Z",NA,NA,NA,NA,NA
326861,1100326861,110065494,110001055,NA,"6340",NA,NA,NA,1,"U",0,"DF",NA,NA,NA,NA,NA
326862,1100326862,110065496,110001055,NA,"6340",NA,NA,NA,1,"2",0,NA,NA,NA,NA,NA,NA
326863,1100326863,110065500,110001055,NA,"5910","3",NA,NA,2,"2",1,NA,NA,NA,NA,NA,NA
326864,1100326864,110065500,110001055,NA,"5910","A",NA,NA,1,"2",0,NA,NA,NA,NA,NA,NA
326865,1100326865,110065508,110001055,NA,"6340",NA,"W",NA,1,"C",1,NA,NA,NA,NA,NA,NA
326866,1100326866,110065516,110001055,NA,"5910","A",NA,NA,1,"B",1,NA,NA,NA,NA,NA,NA
326867,1100326867,110065517,110001055,NA,"710","A",NA,NA,7,"3",0,NA,NA,NA,NA,NA,NA
326868,1100326868,110065524,110001055,NA,"6110","A",NA,NA,1,"2",0,NA,NA,NA,NA,NA,NA
326869,1100326869,110065527,110001055,"11","6150","A",NA,NA,9,"C",1,NA,NA,NA,NA,NA,NA
326870,1100326870,110065527,110001055,"11","5780","A",NA,NA,8,"C",1,NA,NA,NA,NA,NA,NA
326871,1100326871,110065529,110001055,NA,"710","A",NA,NA,1,"3",0,NA,NA,NA,NA,NA,NA
326872,1100326872,110065529,110001055,NA,"710","3",NA,NA,1,"2",0,NA,NA,NA,NA,NA,NA
326873,1100326873,110065529,110001055,NA,"710","3",NA,NA,1,"D",1,NA,NA,NA,NA,NA,NA
326874,1100326874,110065531,110001055,NA,"710","A",NA,NA,1,"2",0,NA,NA,NA,NA,NA,NA
326875,1100326875,110065532,110001055,"12","6340",NA,"W",NA,2,"A",0,NA,NA,NA,NA,NA,NA
326876,1100326876,110065532,110001055,"12","6020","A",NA,NA,2,"A",0,NA,NA,NA,NA,NA,NA
326877,1100326877,110065533,110001055,NA,"6110","A",NA,NA,2,"1",1,NA,NA,NA,NA,NA,NA
326878,1100326878,110065533,110001055,NA,"5340",NA,NA,NA,14,"2",0,NA,NA,"NE",NA,NA,NA
326879,1100326879,110065534,110001055,"13","5340",NA,NA,NA,15,"2",0,NA,NA,"NE",NA,NA,NA
326880,1100326880,110065534,110001055,"13","4860",NA,NA,NA,1,"2",0,NA,NA,"NE",NA,NA,NA
326881,1100326881,110065534,110001055,NA,"5910","A",NA,NA,1,"2",1,NA,NA,NA,NA,NA,NA
326882,1100326882,110065536,110001055,NA,"5910","A",NA,NA,1,"2",1,NA,NA,NA,NA,NA,NA
326883,1100326883,110065540,110001055,"14","5910","A",NA,NA,1,"2",0,NA,NA,NA,NA,NA,NA
326884,1100326884,110065540,110001055,"14","5910","I",NA,NA,2,"2",0,NA,NA,NA,NA,NA,NA
326885,1100326885,110065540,110001055,NA,"710","A",NA,NA,1,"2",0,NA,NA,NA,NA,NA,NA
326886,1100326886,110065542,110001055,"15","5910","A",NA,NA,1,"2",0,NA,NA,NA,NA,NA,NA
326887,1100326887,110065542,110001055,"15","5910","I",NA,NA,1,"2",0,NA,NA,NA,NA,NA,NA
326888,1100326888,110065542,110001055,NA,"5910","2",NA,NA,1,"2",0,NA,NA,NA,NA,NA,NA
326889,1100326889,110065542,110001055,NA,"6360","A","B",NA,1,"2",0,NA,NA,NA,NA,NA,NA
326890,1100326890,110065543,110001055,NA,"5910","A",NA,NA,1,"2",0,NA,NA,NA,NA,NA,NA
326891,1100326891,110065544,110001055,NA,"6020","2",NA,NA,1,"2",0,NA,NA,NA,NA,NA,NA
326892,1100326892,110065545,110001055,NA,"5910",NA,NA,NA,4,"2",0,NA,NA,NA,NA,NA,NA
326893,1100326893,110065546,110001055,NA,"6110","A",NA,NA,2,"2",0,NA,NA,NA,NA,NA,NA
326894,1100326894,110065546,110001055,NA,"5910","A",NA,NA,1,"2",0,NA,NA,NA,NA,NA,NA
326895,1100326895,110065547,110001055,NA,"5900","2",NA,NA,1,"2",1,NA,NA,NA,NA,NA,NA
326896,1100326896,110065550,110001055,NA,"5910","A",NA,NA,1,"2",1,NA,NA,NA,NA,NA,NA
326897,1100326897,110065551,110001055,NA,"6110","A",NA,NA,6,"2",0,NA,NA,NA,NA,NA,NA
326898,1100326898,110065551,110001055,NA,"6110","A",NA,NA,1,"B",1,"Y",NA,NA,NA,NA,NA
326899,1100326899,110065551,110001055,NA,"5910","A",NA,NA,1,"2",0,NA,NA,NA,NA,NA,NA
326900,1100326900,110065552,110001055,NA,"5920","3",NA,NA,1,"2",0,NA,NA,NA,NA,NA,NA
326901,1100326901,110065553,110001055,NA,"6110","A",NA,NA,1,"2",0,NA,NA,NA,NA,NA,NA
326902,1100326902,110065553,110001055,NA,"5910","3",NA,NA,2,"E",0,NA,NA,NA,NA,NA,NA
326903,1100326903,110065553,110001055,NA,"6110","A",NA,NA,1,"2",0,NA,NA,NA,NA,NA,NA
326904,1100326904,110065554,110001055,"16","6110","A",NA,NA,1,"2",0,"F",NA,NA,NA,NA,"ZS 2.5*SL"
326905,1100326905,110065554,110001055,"16","5910","A",NA,NA,2,"2",0,"K",NA,NA,NA,NA,NA
326906,1100326906,110065554,110001055,"17","5920","A",NA,NA,2,"D",1,NA,NA,NA,NA,NA,NA
326907,1100326907,110065554,110001055,"17","5910","A",NA,NA,2,"D",1,NA,NA,NA,NA,NA,NA
326908,1100326908,110065554,110001055,NA,"5910","A",NA,NA,7,"E",0,NA,NA,NA,NA,NA,NA
326909,1100326909,110065555,110001055,NA,"6110","A",NA,NA,4,"2",0,NA,NA,NA,NA,NA,NA
326910,1100326910,110065555,110001055,NA,"5910","3",NA,NA,1,"C",1,NA,NA,NA,NA,NA,NA
326911,1100326911,110065556,110001055,NA,"5920","A",NA,NA,1,"2",1,NA,NA,NA,NA,NA,NA
326912,1100326912,110065557,110001055,"18","6110","A",NA,NA,4,"2",1,NA,NA,NA,NA,NA,NA
326913,1100326913,110065557,110001055,"18","6160","A",NA,NA,1,"2",1,NA,NA,NA,NA,NA,NA
326914,1100326914,110065557,110001055,NA,"5910","A",NA,NA,1,"1",0,NA,NA,NA,NA,NA,NA
326915,1100326915,110065557,110001055,NA,"6110","A",NA,NA,4,"2",0,NA,NA,NA,NA,NA,NA
326916,1100326916,110065558,110001055,NA,"5900","A",NA,NA,1,"1",0,NA,NA,NA,NA,NA,NA
326917,1100326917,110065558,110001055,NA,"6110","A",NA,NA,1,"C",1,NA,NA,NA,NA,NA,NA
326918,1100326918,110065558,110001055,NA,"6110","A",NA,NA,1,"2",1,NA,NA,NA,NA,NA,NA
326919,1100326919,110065560,110001055,NA,"6110","A",NA,NA,1,"C",1,"Y",NA,NA,NA,NA,NA
326920,1100326920,110065560,110001055,NA,"6110","A",NA,NA,1,"2",1,NA,NA,NA,NA,NA,NA
326921,1100326921,110065560,110001055,NA,"5910","A",NA,NA,1,"2",1,NA,NA,NA,NA,NA,NA
326922,1100326922,110065561,110001055,NA,"6110","A",NA,NA,1,"2",0,NA,NA,NA,NA,NA,NA
326923,1100326923,110065561,110001055,NA,"6110","A",NA,NA,2,"2",0,NA,NA,NA,NA,NA,NA
326924,1100326924,110065561,110001055,NA,"5910","A",NA,NA,1,"2",1,NA,NA,NA,NA,NA,NA
326925,1100326925,110065562,110001056,NA,"6110","A",NA,NA,2,"2",0,NA,NA,NA,NA,NA,NA
326926,1100326926,110065562,110001056,NA,"5910",NA,NA,NA,2,"1",0,NA,NA,NA,NA,NA,NA
326927,1100326927,110065562,110001056,NA,"6110","A",NA,NA,3,"2",0,NA,NA,NA,NA,NA,NA
326928,1100326928,110065563,110001056,NA,"5780","A","B",NA,1,"1",1,NA,NA,NA,NA,NA,NA
326929,1100326929,110065567,110001056,NA,"6110","A",NA,NA,1,"2",0,NA,NA,NA,NA,NA,NA
326930,1100326930,110065572,110001056,NA,"6110","A",NA,NA,1,"1",0,NA,NA,NA,NA,NA,NA
326931,1100326931,110065572,110001056,NA,"5780","A",NA,NA,1,"2",1,NA,NA,NA,NA,NA,NA
326932,1100326932,110065572,110001056,NA,"6110","A",NA,NA,2,"1",0,NA,NA,NA,NA,NA,NA
326933,1100326933,110065574,110001056,NA,"6110","A",NA,NA,2,"2",1,NA,NA,NA,NA,NA,NA
326934,1100326934,110065574,110001056,NA,"5910","A",NA,NA,1,"1",0,NA,NA,NA,NA,NA,NA
326935,1100326935,110065574,110001056,NA,"6110","A",NA,NA,1,"1",0,NA,NA,NA,NA,NA,NA
326936,1100326936,110065575,110001056,NA,"6110","A",NA,NA,1,"1",0,NA,NA,NA,NA,NA,NA
326937,1100326937,110065576,110001056,NA,"6110","A",NA,NA,2,"2",0,NA,NA,NA,NA,NA,NA
326938,1100326938,110065577,110001056,NA,"6110","A",NA,NA,4,"2",0,NA,NA,NA,NA,NA,NA
326939,1100326939,110065577,110001056,NA,"6110",NA,NA,NA,2,"2",1,NA,NA,NA,NA,NA,NA
326940,1100326940,110065578,110001056,"1","5780","A",NA,NA,4,"2",1,NA,NA,NA,NA,NA,NA
326941,1100326941,110065578,110001056,"1","5780","2",NA,NA,1,"2",1,NA,NA,NA,NA,NA,NA
326942,1100326942,110065578,110001056,"2","5780","A",NA,NA,4,"B",1,NA,NA,NA,NA,NA,NA
326943,1100326943,110065578,110001056,"2","5780","A",NA,NA,4,"C",1,NA,NA,NA,NA,NA,NA
326944,1100326944,110065578,110001056,NA,"5780","A",NA,NA,2,"1",1,NA,NA,NA,NA,NA,NA
326945,1100326945,110065578,110001056,NA,"6110","A",NA,NA,2,"2",0,NA,NA,NA,NA,NA,NA
326946,1100326946,110065580,110001056,"3","5780","A",NA,NA,1,"A",1,NA,"X",NA,NA,NA,NA
326947,1100326947,110065580,110001056,"3","5780","A",NA,NA,3,"2",1,"Z","X",NA,NA,NA,NA
326948,1100326948,110065580,110001056,NA,"5780",NA,NA,NA,11,"D",1,NA,NA,NA,NA,NA,"ENTER WF"
326949,1100326949,110065580,110001056,NA,"5910","A",NA,NA,1,"2",0,NA,"X",NA,NA,NA,NA
326950,1100326950,110065580,110001056,NA,"5910","A",NA,NA,1,"2",0,NA,"X",NA,NA,NA,NA
326951,1100326951,110065583,110001056,NA,"6110","A",NA,NA,2,"1",0,NA,"X",NA,NA,NA,NA
326952,1100326952,110065585,110001056,NA,"6110","A",NA,NA,2,"2",0,NA,"X",NA,NA,NA,NA
326953,1100326953,110065586,110001056,NA,"5920","I",NA,NA,1,"1",0,NA,"X",NA,NA,NA,NA
326954,1100326954,110065591,110001056,NA,"5910","3",NA,NA,1,"2",1,NA,"X",NA,NA,NA,NA
326955,1100326955,110065591,110001056,NA,"5910",NA,NA,NA,1,"2",0,NA,"X",NA,NA,NA,NA
326956,1100326956,110065591,110001056,NA,"5910","A",NA,NA,1,"1",0,NA,"E~X",NA,NA,NA,NA
326957,1100326957,110065591,110001056,NA,"5920","2",NA,NA,1,"1",0,NA,"E~X",NA,NA,NA,NA
326958,1100326958,110065592,110001056,NA,"5920","A",NA,NA,1,"E",0,NA,"T",NA,NA,NA,"G4"
326959,1100326959,110065594,110001056,NA,"5610",NA,NA,NA,1,"1",0,NA,"X",NA,NA,NA,NA
326960,1100326960,110065597,110001056,NA,"5920","2",NA,NA,1,"2",1,NA,"X",NA,NA,NA,NA
326961,1100326961,110065621,110001056,NA,"710","3",NA,NA,1,"2",0,NA,"X",NA,NA,NA,NA
326962,1100326962,110065635,110001056,NA,"710","A",NA,NA,1,"2",0,NA,NA,NA,NA,NA,NA
326963,1100326963,110065635,110001056,NA,"6340",NA,"W",NA,1,"C",1,NA,NA,NA,NA,NA,NA
326964,1100326964,110065652,110001056,NA,"5910","4",NA,NA,1,"2",1,NA,NA,NA,NA,NA,NA
326965,1100326965,110065661,110001056,NA,"5920","2",NA,NA,1,"2",0,NA,NA,NA,NA,NA,NA
326966,1100326966,110065664,110001056,NA,"5780","A",NA,NA,6,"2",1,NA,NA,NA,NA,NA,NA
326967,1100326967,110065667,110001056,NA,"2130",NA,NA,NA,5,"2",0,NA,NA,NA,NA,NA,NA
326968,1100326968,110065668,110001056,NA,"6150","A",NA,NA,1,"2",0,NA,NA,NA,NA,NA,NA
326969,1100326969,110065669,110001056,NA,"5340",NA,NA,NA,3,"2",0,NA,NA,"NE",NA,NA,NA
326970,1100326970,110065669,110001056,NA,"5920","4",NA,NA,1,"2",0,NA,NA,NA,NA,NA,NA
326971,1100326971,110065680,110001056,NA,"5920","A",NA,NA,2,"E",0,NA,"T",NA,NA,NA,"CP B1"
326972,1100326972,110065682,110001056,NA,"720",NA,NA,NA,1,"2",0,NA,"X",NA,NA,NA,NA
326973,1100326973,110065685,110001056,NA,"5900","2",NA,NA,2,"C",1,NA,"X",NA,NA,NA,NA
326974,1100326974,110065685,110001056,NA,"6110",NA,NA,NA,2,"2",1,NA,"X",NA,NA,NA,NA
326975,1100326975,110065687,110001056,NA,"5920","A",NA,NA,1,"2",0,NA,"X",NA,NA,NA,NA
326976,1100326976,110065687,110001056,NA,"5920","I",NA,NA,1,"2",0,NA,"X",NA,NA,NA,NA
326977,1100326977,110065687,110001056,NA,"5900","2",NA,NA,1,"2",0,NA,NA,NA,NA,NA,NA
326978,1100326978,110065690,110001056,"4","5910","A",NA,NA,47,"U",0,NA,NA,NA,NA,NA,NA
326979,1100326979,110065690,110001056,"4","5910","I",NA,NA,3,"U",0,NA,NA,NA,NA,NA,NA
326980,1100326980,110065690,110001056,"4","5910","A",NA,NA,30,"C",1,NA,NA,NA,NA,NA,NA
326981,1100326981,110065690,110001056,"4","5910","I",NA,NA,5,"C",1,NA,NA,NA,NA,NA,NA
326982,1100326982,110065690,110001056,"4","5910","A",NA,NA,7,"B",1,NA,NA,NA,NA,NA,NA
326983,1100326983,110065690,110001056,"4","5910","I",NA,NA,3,"B",1,NA,NA,NA,NA,NA,NA
326984,1100326984,110065690,110001056,"4","5910","A",NA,NA,3,"D",1,NA,NA,NA,NA,NA,NA
326985,1100326985,110065690,110001056,NA,"5910",NA,NA,NA,40,"U",1,NA,NA,NA,NA,NA,NA
326986,1100326986,110065690,110001056,NA,"5920",NA,NA,NA,6,"U",1,NA,NA,NA,NA,NA,NA
326987,1100326987,110065690,110001056,NA,"5910","A",NA,NA,1,"2",0,NA,NA,NA,NA,NA,NA
326988,1100326988,110065690,110001056,NA,"9999",NA,NA,NA,1,"E",0,NA,NA,NA,NA,NA,"90° 1.5 KM FLYSHOOTER SL26"
326989,1100326989,110065691,110001056,"5","5780","A",NA,NA,5,"2",0,NA,NA,NA,NA,NA,NA
326990,1100326990,110065691,110001056,"5","5780","2",NA,NA,1,"2",0,NA,NA,NA,NA,NA,NA
326991,1100326991,110065691,110001056,NA,"5910","A",NA,NA,1,"A",1,"DF",NA,NA,NA,NA,NA
326992,1100326992,110065691,110001056,NA,"5910","A",NA,NA,1,"1",0,NA,NA,NA,NA,NA,NA
326993,1100326993,110065691,110001056,NA,"5910","2",NA,NA,1,"1",0,NA,NA,NA,NA,NA,NA
326994,1100326994,110065691,110001056,NA,"5910","3",NA,NA,1,"1",0,NA,NA,NA,NA,NA,NA
326995,1100326995,110065693,110001056,NA,"5910","A",NA,NA,2,"2",0,NA,NA,NA,NA,NA,NA
326996,1100326996,110065696,110001056,NA,"5910","A",NA,NA,1,"2",0,NA,NA,NA,NA,NA,NA
326997,1100326997,110065696,110001056,NA,"5910","2",NA,NA,1,"2",0,NA,NA,NA,NA,NA,NA
326998,1100326998,110065697,110001056,NA,"5910","A",NA,NA,1,"2",0,NA,NA,NA,NA,NA,NA
326999,1100326999,110065697,110001056,NA,"5910","2",NA,NA,1,"2",0,NA,NA,NA,NA,NA,NA
327000,1100327000,110065697,110001056,NA,"5910","A",NA,NA,2,"A",0,NA,NA,NA,NA,NA,NA
327001,1100327001,110065698,110001056,"6","5920","A",NA,NA,1,"A",1,NA,NA,NA,NA,NA,NA
327002,1100327002,110065698,110001056,"6","5920","3",NA,NA,1,"A",1,NA,NA,NA,NA,NA,NA
327003,1100327003,110065698,110001056,NA,"5910","A",NA,NA,1,"2",0,NA,NA,NA,NA,NA,NA
327004,1100327004,110065699,110001056,"7","5920","A",NA,NA,1,"A",1,NA,NA,NA,NA,NA,NA
327005,1100327005,110065699,110001056,"7","5910","A",NA,NA,58,"U",1,NA,NA,NA,NA,NA,NA
327006,1100327006,110065699,110001056,"7","5910","I",NA,NA,7,"U",1,NA,NA,NA,NA,NA,NA
327007,1100327007,110065700,110001056,"7","5910","A",NA,NA,9,"B",1,NA,NA,NA,NA,NA,NA
327008,1100327008,110065700,110001056,"7","5910","I",NA,NA,1,"B",1,NA,NA,NA,NA,NA,NA
327009,1100327009,110065700,110001056,"7","5910","A",NA,NA,2,"D",1,NA,NA,NA,NA,NA,NA
327010,1100327010,110065700,110001056,"7","5910","3",NA,NA,1,"B",1,NA,NA,NA,NA,NA,NA
327011,1100327011,110065702,110001056,NA,"5920","4",NA,NA,1,"1",1,NA,NA,NA,NA,NA,NA
327012,1100327012,110065702,110001056,NA,"5927","2",NA,NA,1,"1",0,NA,"E",NA,NA,NA,NA
327013,1100327013,110065703,110001056,"8","5900","A",NA,NA,2,"A",1,NA,NA,NA,NA,NA,NA
327014,1100327014,110065703,110001056,"8","5900","2",NA,NA,1,"A",1,NA,NA,NA,NA,NA,NA
327015,1100327015,110065703,110001056,NA,"5780","A",NA,NA,5,"A",1,NA,NA,NA,NA,NA,NA
327016,1100327016,110065703,110001056,NA,"5780",NA,NA,NA,3,"C",1,NA,NA,NA,NA,NA,NA
327017,1100327017,110065703,110001056,NA,"5900","2",NA,NA,1,"C",1,NA,NA,NA,NA,NA,NA
327018,1100327018,110065703,110001056,NA,"5780","A",NA,NA,1,"C",1,NA,NA,NA,NA,NA,NA
327019,1100327019,110065704,110001056,"9","5780",NA,NA,NA,15,"2",1,NA,NA,NA,NA,NA,NA
327020,1100327020,110065704,110001056,"9","6150",NA,NA,NA,5,"2",1,NA,NA,NA,NA,NA,NA
327021,1100327021,110065704,110001056,"9","6270",NA,NA,NA,1,"2",1,NA,NA,NA,NA,NA,NA
327022,1100327022,110065704,110001056,NA,"5780","A",NA,NA,10,"B",1,NA,NA,NA,NA,NA,NA
327023,1100327023,110065704,110001056,NA,"5910","A",NA,NA,1,"2",1,NA,NA,NA,NA,NA,NA
327024,1100327024,110065705,110001056,NA,"5780",NA,NA,NA,6,"A",1,NA,NA,NA,NA,NA,NA
327025,1100327025,110065705,110001056,NA,"5900","2",NA,NA,1,"2",0,NA,NA,NA,NA,NA,NA
327026,1100327026,110065706,110001056,NA,"5780","A",NA,NA,1,"2",0,NA,NA,NA,NA,NA,NA
327027,1100327027,110065706,110001056,NA,"5780","A",NA,NA,1,"2",1,NA,NA,NA,NA,NA,NA
327028,1100327028,110065709,110001056,NA,"5780","A",NA,NA,2,"2",1,NA,NA,NA,NA,NA,NA
327029,1100327029,110065709,110001056,NA,"6150","A",NA,NA,2,"2",1,NA,NA,NA,NA,NA,NA
327030,1100327030,110065709,110001056,NA,"5900","2",NA,NA,2,"2",1,NA,NA,NA,NA,NA,NA
327031,1100327031,110065709,110001056,NA,"5910","3",NA,NA,1,"2",0,NA,NA,NA,NA,NA,NA
327032,1100327032,110065709,110001056,NA,"5780","A",NA,NA,1,"2",0,NA,NA,NA,NA,NA,NA
327033,1100327033,110065710,110001056,NA,"5780","A",NA,NA,4,"2",1,NA,NA,NA,NA,NA,NA
327034,1100327034,110065710,110001056,NA,"5780","A",NA,NA,6,"2",0,NA,NA,NA,NA,NA,NA
327035,1100327035,110065710,110001056,NA,"5900","2",NA,NA,2,"2",0,NA,NA,NA,NA,NA,NA
327036,1100327036,110065710,110001056,NA,"5780","A",NA,NA,21,"2",0,NA,NA,NA,NA,NA,NA
327037,1100327037,110065716,110001056,NA,"6340",NA,"W",NA,1,"A",1,NA,NA,NA,NA,NA,NA
327038,1100327038,110065716,110001056,NA,"5900","2",NA,NA,1,"1",0,NA,NA,NA,NA,NA,NA
327039,1100327039,110065719,110001056,NA,"710",NA,NA,NA,2,"3",0,NA,NA,NA,NA,NA,NA
327040,1100327040,110065722,110001056,NA,"5910","A",NA,NA,1,"2",0,NA,NA,NA,NA,NA,NA
327041,1100327041,110065723,110001056,NA,"5780",NA,NA,NA,1,"2",0,NA,NA,NA,NA,NA,NA
327042,1100327042,110065724,110001056,NA,"6345",NA,NA,NA,1,"2",0,NA,NA,NA,NA,NA,NA
327043,1100327043,110065724,110001056,NA,"710","A",NA,NA,1,"1",0,NA,NA,NA,NA,NA,NA
327044,1100327044,110065734,110001056,"10","6159",NA,NA,NA,2,"2",0,NA,NA,NA,NA,NA,NA
327045,1100327045,110065734,110001056,"10","6160","A",NA,NA,1,"2",0,NA,NA,NA,NA,NA,NA
327046,1100327046,110065734,110001056,NA,"710","A",NA,NA,2,"2",0,NA,NA,NA,NA,NA,NA
327047,1100327047,110065734,110001056,NA,"6020","2",NA,NA,1,"1",0,NA,NA,NA,NA,NA,NA
327048,1100327048,110065735,110001056,NA,"6020","2",NA,NA,1,"1",0,NA,NA,NA,NA,NA,NA
327049,1100327049,110065739,110001056,NA,"710","A",NA,NA,1,"2",0,NA,NA,NA,NA,NA,NA
327050,1100327050,110065739,110001056,NA,"6020","2",NA,NA,1,"2",1,NA,NA,NA,NA,NA,NA
327051,1100327051,110065746,110001056,NA,"710","A",NA,NA,1,"2",1,NA,NA,NA,NA,NA,NA
327052,1100327052,110065746,110001056,NA,"6020","2",NA,NA,1,"2",1,NA,NA,NA,NA,NA,NA
327053,1100327053,110065747,110001056,"11","6340",NA,"W",NA,1,"A",1,"DY",NA,NA,NA,NA,NA
327054,1100327054,110065747,110001056,"11","6340",NA,"T",NA,1,"A",1,"DY",NA,NA,NA,NA,NA
327055,1100327055,110065747,110001056,NA,"6340",NA,"W",NA,1,"B",1,NA,NA,NA,NA,NA,NA
327056,1100327056,110065755,110001056,NA,"5780","A",NA,NA,3,"C",1,"DF",NA,NA,NA,NA,NA
327057,1100327057,110065756,110001056,NA,"6110","A",NA,NA,1,"2",0,NA,NA,"NE",NA,NA,NA
327058,1100327058,110065756,110001056,NA,"710","A",NA,NA,1,"3",0,NA,NA,NA,NA,NA,NA
327059,1100327059,110065759,110001056,"12","710","A",NA,NA,2,"2",0,NA,NA,NA,NA,NA,NA
327060,1100327060,110065759,110001056,"12","710","A",NA,NA,1,"2",1,NA,NA,NA,NA,NA,NA
327061,1100327061,110065760,110001056,NA,"5900","A",NA,NA,1,"2",1,NA,NA,NA,NA,NA,NA
327062,1100327062,110065761,110001056,NA,"5910","2",NA,NA,1,"2",0,NA,NA,NA,NA,NA,NA
327063,1100327063,110065765,110001056,NA,"5910","A",NA,NA,1,"1",1,NA,NA,NA,NA,NA,NA
327064,1100327064,110065768,110001056,NA,"5780","A",NA,NA,23,"C",1,"DF",NA,NA,NA,NA,NA
327065,1100327065,110065770,110001056,"13","5780","A",NA,NA,4,"2",0,NA,NA,NA,NA,NA,NA
327066,1100327066,110065770,110001056,"13","5780","2",NA,NA,1,"2",0,NA,NA,NA,NA,NA,NA
327067,1100327067,110065771,110001056,NA,"5910","A",NA,NA,1,"1",0,NA,NA,NA,NA,NA,NA
327068,1100327068,110065771,110001056,NA,"5910","A",NA,NA,1,"1",1,NA,NA,NA,NA,NA,NA
327069,1100327069,110065771,110001056,NA,"5910","3",NA,NA,1,"1",0,NA,NA,NA,NA,NA,NA
327070,1100327070,110065772,110001056,NA,"6110","A",NA,NA,4,"2",0,NA,NA,NA,NA,NA,NA
327071,1100327071,110065772,110001056,NA,"5910","A",NA,NA,3,"A",1,NA,NA,NA,NA,NA,NA
327072,1100327072,110065773,110001056,NA,"6110","A",NA,NA,2,"2",0,NA,NA,NA,NA,NA,NA
327073,1100327073,110065775,110001056,NA,"5910","A",NA,NA,1,"1",1,NA,NA,NA,NA,NA,NA
327074,1100327074,110065775,110001056,NA,"6110","A",NA,NA,2,"2",0,NA,NA,NA,NA,NA,NA
327075,1100327075,110065775,110001056,NA,"5910","A",NA,NA,1,"2",1,NA,NA,NA,NA,NA,NA
327076,1100327076,110065776,110001056,"14","5780",NA,NA,NA,11,"A",1,"P",NA,NA,NA,NA,NA
327077,1100327077,110065776,110001056,"14","5900","2",NA,NA,1,"A",1,"P",NA,NA,NA,NA,NA
327078,1100327078,110065776,110001056,"15","5780","A",NA,NA,8,"A",1,NA,NA,NA,NA,NA,NA
327079,1100327079,110065776,110001056,"15","5780","2",NA,NA,1,"A",1,NA,NA,NA,NA,NA,NA
327080,1100327080,110065776,110001056,NA,"5910","A",NA,NA,1,"2",1,NA,NA,NA,NA,NA,NA
327081,1100327081,110065777,110001056,"16","6150",NA,NA,NA,4,"B",1,NA,NA,NA,NA,NA,NA
327082,1100327082,110065777,110001056,"16","5780","A",NA,NA,27,"B",1,NA,NA,NA,NA,NA,NA
327083,1100327083,110065777,110001056,"16","5780","2",NA,NA,4,"B",1,NA,NA,NA,NA,NA,NA
327084,1100327084,110065777,110001056,"16","5900","2",NA,NA,1,"B",1,NA,NA,NA,NA,NA,NA
327085,1100327085,110065779,110001056,NA,"20",NA,NA,NA,1,"U",1,"DF",NA,NA,NA,NA,NA
327086,1100327086,110065779,110001056,NA,"5910",NA,NA,NA,2,"2",0,NA,NA,NA,NA,NA,NA
327087,1100327087,110065782,110001056,NA,"5670","A","L",NA,1,"B",1,"DF",NA,NA,NA,NA,NA
327088,1100327088,110065782,110001056,NA,"6110",NA,NA,NA,2,"3",0,NA,NA,"NE",NA,NA,NA
327089,1100327089,110065784,110001056,NA,"5910","A",NA,NA,1,"2",0,NA,NA,NA,NA,NA,NA
327090,1100327090,110065785,110001056,NA,"710","4",NA,NA,1,"1",0,NA,NA,NA,NA,NA,NA
327091,1100327091,110065785,110001056,NA,"710","A",NA,NA,1,"1",1,NA,NA,NA,NA,NA,NA
327092,1100327092,110065785,110001056,NA,"6110",NA,NA,NA,8,"3",0,NA,NA,"NE",NA,NA,NA
327093,1100327093,110065785,110001056,NA,"6110",NA,NA,NA,3,"2",0,NA,NA,"NE",NA,NA,NA
327094,1100327094,110065785,110001056,NA,"6110","A",NA,NA,2,"2",1,NA,NA,NA,NA,NA,NA
327095,1100327095,110065787,110001056,NA,"5910","A",NA,NA,1,"2",1,NA,NA,NA,NA,NA,NA
327096,1100327096,110065787,110001056,NA,"5920","2",NA,NA,1,"2",0,NA,NA,NA,NA,NA,NA
327097,1100327097,110065787,110001056,NA,"6110","A",NA,NA,5,"3",0,NA,NA,NA,NA,NA,NA
327098,1100327098,110065787,110001056,NA,"6110","A",NA,NA,2,"2",0,NA,NA,NA,NA,NA,NA
327099,1100327099,110065787,110001056,NA,"5910","3",NA,NA,1,"2",1,NA,NA,NA,NA,NA,NA
327100,1100327100,110065787,110001056,NA,"5910","A",NA,NA,1,"2",1,NA,NA,NA,NA,NA,NA
327101,1100327101,110065788,110001056,"17","5780","A",NA,NA,20,"B",1,NA,NA,NA,NA,NA,NA
327102,1100327102,110065788,110001056,"17","5780","2",NA,NA,8,"B",1,NA,NA,NA,NA,NA,NA
327103,1100327103,110065788,110001056,NA,"6110","A",NA,NA,2,"2",1,NA,NA,NA,NA,NA,NA
327104,1100327104,110065788,110001056,NA,"6110","A",NA,NA,2,"2",0,NA,NA,NA,NA,NA,NA
327105,1100327105,110065789,110001056,NA,"6110","A",NA,NA,6,"2",0,NA,NA,NA,NA,NA,NA
327106,1100327106,110065789,110001056,NA,"5780","A",NA,NA,3,"2",0,NA,NA,NA,NA,NA,NA
327107,1100327107,110065789,110001056,NA,"6110","A",NA,NA,2,"2",1,NA,NA,NA,NA,NA,NA
327108,1100327108,110065789,110001056,NA,"6110","A",NA,NA,3,"2",0,NA,NA,NA,NA,NA,NA
327109,1100327109,110065791,110001056,NA,"6110","A",NA,NA,2,"2",1,NA,NA,NA,NA,NA,NA
327110,1100327110,110065791,110001056,NA,"6110","A",NA,NA,2,"1",1,NA,NA,NA,NA,NA,NA
327111,1100327111,110065791,110001056,NA,"5910","A",NA,NA,1,"1",0,NA,NA,NA,NA,NA,NA
327112,1100327112,110065791,110001056,NA,"5920","3",NA,NA,1,"2",0,NA,NA,NA,NA,NA,NA
327113,1100327113,110065792,110001056,"18","5780",NA,NA,NA,16,"2",1,NA,NA,NA,NA,NA,NA
327114,1100327114,110065792,110001056,"18","6150","A",NA,NA,1,"2",1,NA,NA,NA,NA,NA,NA
327115,1100327115,110065792,110001056,NA,"5910","4",NA,NA,1,"2",1,NA,NA,NA,NA,NA,NA
327116,1100327116,110065792,110001056,NA,"5910","A",NA,NA,1,"1",0,NA,NA,NA,NA,NA,NA
327117,1100327117,110065792,110001056,NA,"5910","A",NA,NA,1,"2",0,NA,NA,NA,NA,NA,NA
327118,1100327118,110065792,110001056,NA,"5910","3",NA,NA,1,"1",0,NA,NA,NA,NA,NA,NA
327119,1100327119,110065792,110001056,NA,"710","A",NA,NA,1,"2",0,NA,NA,NA,NA,NA,NA
327120,1100327120,110065792,110001056,NA,"5900","2",NA,NA,1,"1",0,NA,NA,NA,NA,NA,NA
327121,1100327121,110065793,110001056,NA,"6150","A",NA,NA,1,"2",0,NA,NA,NA,NA,NA,NA
327122,1100327122,110065793,110001056,NA,"5910","3",NA,NA,1,"C",1,NA,NA,NA,NA,NA,NA
327123,1100327123,110065793,110001056,NA,"6110","A",NA,NA,1,"2",1,NA,NA,NA,NA,NA,NA
327124,1100327124,110065794,110001056,NA,"5900","2",NA,NA,1,"1",0,NA,NA,NA,NA,NA,NA
327125,1100327125,110065794,110001056,NA,"5910","A",NA,NA,1,"1",0,NA,NA,NA,NA,NA,NA
327126,1100327126,110065794,110001056,NA,"6110","A",NA,NA,2,"2",0,NA,NA,NA,NA,NA,NA
327127,1100327127,110065795,110001056,"19","63510",NA,NA,NA,1,"D",1,NA,NA,NA,NA,NA,NA
327128,1100327128,110065795,110001056,"19","5910",NA,NA,NA,1,"D",1,"P",NA,NA,NA,NA,NA
327129,1100327129,110065795,110001056,NA,"5910","3",NA,NA,1,"1",0,NA,NA,NA,NA,NA,NA
327130,1100327130,110065796,110001056,NA,"6110","A",NA,NA,2,"2",0,NA,NA,NA,NA,NA,NA
327131,1100327131,110065796,110001056,NA,"5910","3",NA,NA,1,"1",0,NA,NA,NA,NA,NA,NA
327132,1100327132,110065796,110001056,NA,"5920","A",NA,NA,2,"1",0,NA,NA,NA,NA,NA,NA
327133,1100327133,110065796,110001056,NA,"5926","3",NA,NA,1,"1",0,NA,NA,NA,NA,NA,NA
327134,1100327134,110065796,110001056,NA,"5920","3",NA,NA,1,"1",0,NA,NA,NA,NA,NA,NA
327135,1100327135,110065796,110001056,NA,"5910",NA,NA,NA,4,"2",0,NA,NA,NA,NA,NA,NA
327136,1100327136,110065796,110001056,NA,"5910","A",NA,NA,1,"2",1,NA,NA,NA,NA,NA,NA
327137,1100327137,110065796,110001056,NA,"6009",NA,NA,NA,150,"1",0,"PF","E",NA,NA,NA,"CATCHING FISH RIGHT BEHIND THE SHIP"
327138,1100327138,110065797,110001056,NA,"5910","3",NA,NA,1,"1",0,NA,NA,NA,NA,NA,NA
327139,1100327139,110065798,110001056,NA,"5920","A",NA,NA,1,"1",0,NA,NA,NA,NA,NA,NA
327140,1100327140,110065799,110001056,NA,"5910","A",NA,NA,1,"2",0,NA,NA,NA,NA,NA,NA
327141,1100327141,110065799,110001056,NA,"5920","2",NA,NA,1,"1",1,NA,NA,NA,NA,NA,NA
327142,1100327142,110065799,110001056,NA,"5910","A",NA,NA,1,"1",0,NA,NA,NA,NA,NA,NA
327143,1100327143,110065799,110001056,NA,"5910","A",NA,NA,1,"2",0,NA,NA,NA,NA,NA,NA
327144,1100327144,110065800,110001056,"20","5780","A",NA,NA,2,"2",0,NA,NA,NA,NA,NA,NA
327145,1100327145,110065800,110001056,"20","5780","2",NA,NA,1,"2",0,NA,NA,NA,NA,NA,NA
327146,1100327146,110065800,110001056,NA,"5920","A",NA,NA,2,"2",1,NA,NA,NA,NA,NA,NA
327147,1100327147,110065800,110001056,NA,"5910","A",NA,NA,1,"2",1,NA,NA,NA,NA,NA,NA
327148,1100327148,110065800,110001056,NA,"5910","A",NA,NA,1,"2",0,NA,NA,NA,NA,NA,NA
327149,1100327149,110065800,110001056,NA,"5910","A",NA,NA,1,"1",1,NA,NA,NA,NA,NA,NA
327150,1100327150,110065800,110001056,NA,"5780","A",NA,NA,1,"1",1,NA,NA,NA,NA,NA,NA
327151,1100327151,110065800,110001056,NA,"5910","A",NA,NA,1,"1",0,NA,NA,NA,NA,NA,NA
327152,1100327152,110065800,110001056,NA,"5910","A",NA,NA,1,"1",0,NA,NA,NA,NA,NA,NA
327153,1100327153,110065800,110001056,NA,"5780","A",NA,NA,1,"2",1,NA,NA,NA,NA,NA,NA
327154,1100327154,110065801,110001057,NA,"720",NA,NA,NA,6,"2",0,NA,NA,NA,NA,NA,NA
327155,1100327155,110065801,110001057,NA,"720",NA,NA,NA,1,"2",0,NA,NA,NA,NA,NA,NA
327156,1100327156,110065801,110001057,NA,"720","A","B",NA,2,"C",1,NA,"B",NA,NA,NA,NA
327157,1100327157,110065802,110001057,NA,"5920","3",NA,NA,1,"2",0,NA,NA,NA,NA,NA,NA
327158,1100327158,110065803,110001057,NA,"720",NA,NA,NA,1,"2",0,NA,NA,NA,NA,NA,NA
327159,1100327159,110065803,110001057,NA,"5910","A",NA,NA,1,"3",0,NA,NA,NA,NA,NA,NA
327160,1100327160,110065804,110001057,NA,"6110","A",NA,NA,2,"2",1,NA,NA,NA,NA,NA,NA
327161,1100327161,110065804,110001057,NA,"720",NA,NA,NA,1,"2",0,NA,NA,NA,NA,NA,NA
327162,1100327162,110065804,110001057,NA,"9810",NA,NA,NA,1,"2",0,NA,NA,NA,NA,NA,NA
327163,1100327163,110065804,110001057,NA,"720",NA,NA,NA,1,"1",1,NA,NA,NA,NA,NA,NA
327164,1100327164,110065804,110001057,NA,"720",NA,NA,NA,1,"B",1,NA,NA,NA,NA,NA,NA
327165,1100327165,110065805,110001057,NA,"6110","A",NA,NA,1,"2",0,NA,NA,NA,NA,NA,NA
327166,1100327166,110065806,110001057,NA,"6110","A",NA,NA,2,"2",1,NA,NA,NA,NA,NA,NA
327167,1100327167,110065807,110001057,NA,"720",NA,NA,NA,1,"2",0,NA,NA,NA,NA,NA,NA
327168,1100327168,110065807,110001057,NA,"5900","2",NA,NA,1,"2",1,NA,NA,NA,NA,NA,NA
327169,1100327169,110065807,110001057,NA,"720",NA,NA,NA,3,"3",0,NA,NA,NA,NA,NA,NA
327170,1100327170,110065807,110001057,NA,"720",NA,NA,NA,2,"2",0,NA,NA,NA,NA,NA,NA
327171,1100327171,110065808,110001057,NA,"710","A",NA,NA,1,"3",0,NA,NA,NA,NA,NA,NA
327172,1100327172,110065808,110001057,NA,"720",NA,NA,NA,1,"2",0,NA,NA,NA,NA,NA,NA
327173,1100327173,110065809,110001057,NA,"720",NA,NA,NA,1,"3",0,NA,NA,NA,NA,NA,NA
327174,1100327174,110065810,110001057,NA,"720",NA,NA,NA,4,"2",0,NA,NA,NA,NA,NA,NA
327175,1100327175,110065811,110001057,NA,"720",NA,NA,NA,1,"2",0,NA,NA,NA,NA,NA,NA
327176,1100327176,110065811,110001057,NA,"2130",NA,NA,"M",5,"2",0,NA,NA,NA,NA,NA,NA
327177,1100327177,110065811,110001057,NA,"720",NA,NA,NA,1,"3",0,NA,NA,NA,NA,NA,NA
327178,1100327178,110065812,110001057,NA,"720",NA,NA,NA,1,"E",0,NA,NA,NA,NA,NA,NA
327179,1100327179,110065812,110001057,NA,"5920","2",NA,NA,1,"3",0,NA,NA,NA,NA,NA,NA
327180,1100327180,110065812,110001057,NA,"5910","A",NA,NA,1,"1",0,NA,NA,NA,NA,NA,NA
327181,1100327181,110065813,110001057,NA,"5910","3",NA,NA,1,"2",0,NA,NA,NA,NA,NA,NA
327182,1100327182,110065813,110001057,NA,"5910","2",NA,NA,1,"2",0,NA,NA,NA,NA,NA,NA
327183,1100327183,110065813,110001057,NA,"720",NA,NA,NA,1,"A",1,"DF",NA,NA,NA,NA,NA
327184,1100327184,110065815,110001057,NA,"720",NA,NA,NA,1,"2",0,NA,NA,NA,NA,NA,NA
327185,1100327185,110065816,110001057,NA,"5900","2",NA,NA,1,"2",0,NA,NA,NA,NA,NA,NA
327186,1100327186,110065816,110001057,NA,"720",NA,NA,NA,1,"A",1,NA,NA,NA,NA,NA,NA
327187,1100327187,110065817,110001057,NA,"5910","A",NA,NA,1,"2",0,NA,NA,NA,NA,NA,NA
327188,1100327188,110065817,110001057,NA,"720",NA,NA,NA,1,"2",0,NA,NA,NA,NA,NA,NA
327189,1100327189,110065818,110001057,"1","720",NA,NA,NA,9,"E",0,NA,"B",NA,NA,NA,NA
327190,1100327190,110065818,110001057,"1","720",NA,NA,NA,2,"E",0,NA,"BW",NA,NA,NA,NA
327191,1100327191,110065818,110001057,NA,"6000","2",NA,NA,1,"B",1,"DF",NA,NA,NA,NA,NA
327192,1100327192,110065818,110001057,NA,"720",NA,NA,NA,1,"3",0,NA,NA,NA,NA,NA,NA
327193,1100327193,110065818,110001057,NA,"720",NA,NA,NA,1,"D",1,NA,NA,NA,NA,NA,NA
327194,1100327194,110065818,110001057,NA,"720",NA,NA,NA,1,"E",0,NA,NA,NA,NA,NA,NA
327195,1100327195,110065819,110001057,NA,"720",NA,NA,NA,1,"E",0,NA,NA,NA,NA,NA,NA
327196,1100327196,110065819,110001057,NA,"720",NA,NA,NA,2,"2",0,NA,NA,NA,NA,NA,NA
327197,1100327197,110065820,110001057,NA,"720",NA,NA,NA,1,"2",0,NA,NA,NA,NA,NA,NA
327198,1100327198,110065822,110001057,NA,"6110",NA,NA,NA,1,"2",0,NA,NA,NA,NA,NA,NA
327199,1100327199,110065824,110001057,"2","720",NA,NA,NA,2,"D",1,NA,NA,NA,NA,NA,NA
327200,1100327200,110065824,110001057,"2","710","A",NA,NA,1,"C",1,"Y",NA,NA,NA,NA,NA
327201,1100327201,110065824,110001057,"2","710","A",NA,NA,1,"B",1,NA,NA,NA,NA,NA,NA
327202,1100327202,110065824,110001057,"2","720",NA,NA,NA,6,"E",0,NA,NA,NA,NA,NA,NA
327203,1100327203,110065824,110001057,"2","710",NA,NA,NA,1,"C",1,"Y",NA,NA,NA,NA,NA
327204,1100327204,110065824,110001057,"2","6150",NA,NA,NA,18,"E",0,"Y",NA,NA,NA,NA,NA
327205,1100327205,110065824,110001057,"2","5910","A",NA,NA,1,"E",0,NA,NA,NA,NA,NA,NA
327206,1100327206,110065824,110001057,"2","710",NA,NA,NA,12,"U",1,"Y",NA,NA,NA,NA,NA
327207,1100327207,110065824,110001057,"2","710",NA,NA,NA,6,"U",0,"Y",NA,NA,NA,NA,NA
327208,1100327208,110065824,110001057,"2","5920","I",NA,NA,3,"E",0,"Y",NA,NA,NA,NA,NA
327209,1100327209,110065824,110001057,NA,"710","A",NA,NA,1,"2",0,NA,NA,NA,NA,NA,NA
327210,1100327210,110065825,110001057,NA,"5670","A","D",NA,1,"1",1,NA,NA,NA,NA,NA,NA
327211,1100327211,110065827,110001057,NA,"710",NA,NA,NA,1,"3",0,NA,NA,NA,NA,NA,NA
327212,1100327212,110065827,110001057,NA,"720",NA,NA,NA,1,"2",0,NA,NA,NA,NA,NA,NA
327213,1100327213,110065828,110001057,NA,"720",NA,NA,NA,1,"2",0,NA,NA,NA,NA,NA,NA
327214,1100327214,110065828,110001057,NA,"710","A",NA,NA,1,"B",1,NA,NA,NA,NA,NA,NA
327215,1100327215,110065828,110001057,NA,"710","A",NA,NA,1,"E",0,"Y",NA,NA,NA,NA,NA
327216,1100327216,110065829,110001057,NA,"710",NA,NA,NA,1,"2",0,NA,NA,NA,NA,NA,NA
327217,1100327217,110065829,110001057,NA,"710","A",NA,NA,1,"2",0,NA,NA,NA,NA,NA,NA
327218,1100327218,110065829,110001057,NA,"6150","A",NA,NA,1,"2",0,NA,NA,NA,NA,NA,NA
327219,1100327219,110065829,110001057,NA,"710","3",NA,NA,1,"2",0,NA,NA,NA,NA,NA,NA
327220,1100327220,110065830,110001057,"3","2130",NA,NA,"F",1,"2",0,NA,NA,NA,NA,NA,NA
327221,1100327221,110065830,110001057,"3","2130",NA,NA,"M",4,"2",0,NA,NA,NA,NA,NA,NA
327222,1100327222,110065830,110001057,NA,"710","3",NA,NA,1,"2",0,NA,NA,NA,NA,NA,NA
327223,1100327223,110065830,110001057,NA,"710","A",NA,NA,1,"C",1,NA,NA,NA,NA,NA,NA
327224,1100327224,110065830,110001057,NA,"710","A",NA,NA,1,"2",0,NA,NA,NA,NA,NA,NA
327225,1100327225,110065831,110001057,NA,"5900","2",NA,NA,1,"2",0,NA,NA,NA,NA,NA,NA
327226,1100327226,110065831,110001057,NA,"710","A",NA,NA,1,"C",1,NA,NA,NA,NA,NA,NA
327227,1100327227,110065831,110001057,NA,"710","A",NA,NA,1,"A",1,"DF",NA,NA,NA,NA,NA
327228,1100327228,110065831,110001057,NA,"710","A",NA,NA,1,"B",1,NA,NA,NA,NA,NA,NA
327229,1100327229,110065832,110001057,NA,"220",NA,"L",NA,1,"2",0,NA,NA,NA,NA,NA,NA
327230,1100327230,110065832,110001057,NA,"6150","A",NA,NA,2,"2",1,"Z",NA,NA,NA,NA,NA
327231,1100327231,110065833,110001057,NA,"710","2",NA,NA,1,"C",1,NA,NA,NA,NA,NA,NA
327232,1100327232,110065833,110001057,NA,"710","3",NA,NA,1,"C",1,NA,NA,NA,NA,NA,NA
327233,1100327233,110065833,110001057,NA,"6345",NA,NA,NA,1,"2",0,NA,NA,NA,NA,NA,NA
327234,1100327234,110065834,110001057,NA,"710","A",NA,NA,1,"C",1,NA,NA,NA,NA,NA,NA
327235,1100327235,110065834,110001057,NA,"710","4",NA,NA,1,"B",1,NA,NA,NA,NA,NA,NA
327236,1100327236,110065837,110001057,NA,"5910","A",NA,NA,1,"2",0,NA,NA,NA,NA,NA,NA
327237,1100327237,110065841,110001057,NA,"5910","A",NA,NA,1,"2",0,NA,NA,NA,NA,NA,NA
327238,1100327238,110065842,110001057,NA,"710","A",NA,NA,2,"2",0,NA,NA,NA,NA,NA,NA
327239,1100327239,110065843,110001057,NA,"5910","A",NA,NA,1,"2",0,NA,NA,NA,NA,NA,NA
327240,1100327240,110065844,110001057,NA,"5910","3",NA,NA,1,"2",1,NA,NA,NA,NA,NA,NA
327241,1100327241,110065844,110001057,NA,"710","A",NA,NA,1,"2",0,NA,NA,NA,NA,NA,NA
327242,1100327242,110065844,110001057,NA,"5910","3",NA,NA,1,"2",1,NA,NA,NA,NA,NA,NA
327243,1100327243,110065846,110001057,NA,"710","A",NA,NA,1,"3",0,NA,NA,NA,NA,NA,NA
327244,1100327244,110065849,110001057,NA,"6110","A",NA,NA,2,"2",0,NA,NA,NA,NA,NA,NA
327245,1100327245,110065855,110001057,NA,"710",NA,NA,NA,1,"3",0,NA,NA,NA,NA,NA,NA
327246,1100327246,110065855,110001057,NA,"710",NA,NA,NA,1,"E",0,"Y",NA,NA,NA,NA,NA
327247,1100327247,110065856,110001057,"4","710","A",NA,NA,2,"C",1,NA,NA,NA,NA,NA,NA
327248,1100327248,110065856,110001057,"4","710","A",NA,NA,1,"D",1,NA,NA,NA,NA,NA,NA
327249,1100327249,110065858,110001057,NA,"710","A",NA,NA,1,"2",0,NA,NA,NA,NA,NA,NA
327250,1100327250,110065859,110001057,NA,"710","A",NA,NA,1,"E",0,NA,NA,NA,NA,NA,NA
327251,1100327251,110065862,110001057,NA,"6110","A",NA,NA,1,"2",0,NA,NA,NA,NA,NA,NA
327252,1100327252,110065862,110001057,NA,"6657",NA,NA,NA,1,"1",0,NA,"E",NA,NA,NA,NA
327253,1100327253,110065863,110001057,NA,"5910","A",NA,NA,1,"2",0,NA,NA,NA,NA,NA,NA
327254,1100327254,110065864,110001057,NA,"5910","3",NA,NA,1,"1",0,NA,NA,NA,NA,NA,NA
327255,1100327255,110065867,110001057,NA,"6110","A",NA,NA,2,"2",0,NA,NA,NA,NA,NA,NA
327256,1100327256,110065868,110001057,NA,"5920","I",NA,NA,1,"2",0,NA,NA,NA,NA,NA,NA
327257,1100327257,110065869,110001057,NA,"710","A",NA,NA,1,"2",1,NA,NA,NA,NA,NA,NA
327258,1100327258,110065869,110001057,NA,"5709",NA,NA,NA,1,"3",0,NA,NA,NA,NA,NA,NA
327259,1100327259,110065869,110001057,NA,"5900","2",NA,NA,1,"2",1,NA,NA,NA,NA,NA,NA
327260,1100327260,110065869,110001057,NA,"710","3",NA,NA,1,"D",1,NA,NA,NA,NA,NA,NA
327261,1100327261,110065869,110001057,NA,"710","A",NA,NA,3,"2",0,NA,NA,NA,NA,NA,NA
327262,1100327262,110065870,110001057,NA,"5910","3",NA,NA,1,"2",0,NA,NA,NA,NA,NA,NA
327263,1100327263,110065870,110001057,NA,"6150","A",NA,NA,2,"2",0,NA,NA,NA,NA,NA,NA
327264,1100327264,110065870,110001057,NA,"710","A",NA,NA,1,"2",0,NA,NA,NA,NA,NA,NA
327265,1100327265,110065870,110001057,NA,"5900","A",NA,NA,1,"2",0,NA,NA,NA,NA,NA,NA
327266,1100327266,110065871,110001057,NA,"5910","A",NA,NA,1,"1",1,NA,NA,NA,NA,NA,NA
327267,1100327267,110065871,110001057,NA,"5910","3",NA,NA,1,"2",0,NA,NA,NA,NA,NA,NA
327268,1100327268,110065872,110001057,NA,"710","A",NA,NA,1,"2",0,NA,NA,NA,NA,NA,NA
327269,1100327269,110065873,110001057,NA,"5910","A",NA,NA,1,"2",0,NA,NA,NA,NA,NA,NA
327270,1100327270,110065873,110001057,NA,"5910","3",NA,NA,1,"2",1,NA,NA,NA,NA,NA,NA
327271,1100327271,110065874,110001057,NA,"5910","A",NA,NA,1,"2",0,NA,NA,NA,NA,NA,NA
327272,1100327272,110065874,110001057,NA,"710","A",NA,NA,2,"2",0,NA,NA,NA,NA,NA,NA
327273,1100327273,110065875,110001057,NA,"6110","A",NA,NA,1,"2",0,NA,NA,NA,NA,NA,NA
327274,1100327274,110065875,110001057,NA,"6150","A",NA,NA,1,"2",1,NA,NA,NA,NA,NA,NA
327275,1100327275,110065876,110001057,NA,"6110","A",NA,NA,2,"2",0,NA,NA,NA,NA,NA,NA
327276,1100327276,110065876,110001057,NA,"5910","A",NA,NA,1,"2",0,NA,NA,NA,NA,NA,NA
327277,1100327277,110065877,110001057,NA,"6110","A",NA,NA,2,"2",0,NA,NA,NA,NA,NA,NA
327278,1100327278,110065879,110001057,NA,"5910","A",NA,NA,1,"B",1,NA,NA,NA,NA,NA,NA
327279,1100327279,110065881,110001057,NA,"710","2",NA,NA,1,"2",0,NA,NA,NA,NA,NA,NA
327280,1100327280,110065883,110001057,NA,"6110","A",NA,NA,2,"2",1,NA,NA,NA,NA,NA,NA
327281,1100327281,110065883,110001057,NA,"5910","A",NA,NA,1,"1",1,NA,NA,NA,NA,NA,NA
327282,1100327282,110065884,110001057,NA,"6150","A",NA,NA,2,"2",1,NA,NA,NA,NA,NA,NA
327283,1100327283,110065886,110001057,NA,"6150","A",NA,NA,7,"2",1,NA,NA,NA,NA,NA,NA
327284,1100327284,110065886,110001057,NA,"6150","A",NA,NA,2,"2",1,NA,NA,NA,NA,NA,NA
327285,1100327285,110065889,110001057,NA,"6110","A",NA,NA,1,"2",0,NA,NA,NA,NA,NA,NA
327286,1100327286,110065890,110001057,NA,"2130",NA,NA,NA,6,"2",0,NA,NA,NA,NA,NA,NA
327287,1100327287,110065890,110001057,NA,"6110","A",NA,NA,1,"2",0,NA,NA,NA,NA,NA,NA
327288,1100327288,110065894,110001057,NA,"2130",NA,NA,"M",10,"2",0,NA,NA,NA,NA,NA,NA
327289,1100327289,110065896,110001057,"5","5910","2",NA,NA,1,"2",0,NA,NA,NA,NA,NA,NA
327290,1100327290,110065896,110001057,"5","5910","3",NA,NA,1,"2",0,NA,NA,NA,NA,NA,NA
327291,1100327291,110065898,110001057,"6","5910",NA,NA,NA,20,"1",0,NA,"E",NA,NA,NA,NA
327292,1100327292,110065898,110001057,"6","6150",NA,NA,NA,2,"1",0,NA,"E",NA,NA,NA,NA
327293,1100327293,110065898,110001057,"6","5920","2",NA,NA,2,"1",0,NA,"E",NA,NA,NA,NA
327294,1100327294,110065898,110001057,"6","5900","2",NA,NA,1,"1",0,NA,"E",NA,NA,NA,NA
327295,1100327295,110065906,110001057,NA,"6150",NA,NA,NA,3,"2",0,NA,NA,NA,NA,NA,NA
327296,1100327296,110065907,110001057,NA,"2130",NA,NA,NA,2,"3",0,NA,NA,NA,NA,NA,NA
327297,1100327297,110065910,110001057,NA,"5910","A",NA,NA,1,"2",0,NA,NA,NA,NA,NA,NA
327298,1100327298,110065913,110001057,NA,"6150","A",NA,NA,1,"2",1,NA,NA,NA,NA,NA,NA
327299,1100327299,110065915,110001057,NA,"6110","A",NA,NA,2,"1",0,NA,NA,NA,NA,NA,NA
327300,1100327300,110065916,110001057,NA,"5910","A",NA,NA,1,"2",0,NA,NA,NA,NA,NA,NA
327301,1100327301,110065918,110001057,NA,"5900","2",NA,NA,1,"2",0,NA,NA,NA,NA,NA,NA
327302,1100327302,110065919,110001057,NA,"6110","A",NA,NA,3,"2",1,NA,NA,NA,NA,NA,NA
327303,1100327303,110065919,110001057,NA,"6110",NA,NA,NA,2,"3",0,NA,NA,NA,NA,NA,NA
327304,1100327304,110065919,110001057,NA,"6110","A",NA,NA,2,"2",0,NA,NA,NA,NA,NA,NA
327305,1100327305,110065921,110001057,NA,"6110","A",NA,NA,2,"1",1,NA,NA,NA,NA,NA,NA
327306,1100327306,110065921,110001057,NA,"6110","A",NA,NA,1,"1",0,NA,NA,NA,NA,NA,NA
327307,1100327307,110065922,110001057,NA,"5900","2",NA,NA,1,"1",1,NA,NA,NA,NA,NA,NA
327308,1100327308,110065923,110001057,NA,"5910","A",NA,NA,1,"1",1,NA,NA,NA,NA,NA,NA
327309,1100327309,110065923,110001057,NA,"6150",NA,NA,NA,2,"2",0,NA,NA,NA,NA,NA,NA
327310,1100327310,110065923,110001057,NA,"5920","3",NA,NA,1,"1",0,NA,NA,NA,NA,NA,NA
327311,1100327311,110065923,110001057,NA,"6150","A",NA,NA,1,"2",0,NA,NA,NA,NA,NA,NA
327312,1100327312,110065923,110001057,NA,"6150","A",NA,NA,1,"2",0,NA,NA,NA,NA,NA,NA
327313,1100327313,110065923,110001057,NA,"6150","A",NA,NA,1,"1",0,NA,NA,NA,NA,NA,NA
327314,1100327314,110065923,110001057,NA,"6150","A",NA,NA,2,"1",0,NA,NA,NA,NA,NA,NA
327315,1100327315,110065923,110001057,NA,"6150","A",NA,NA,2,"1",0,NA,NA,NA,NA,NA,NA
327316,1100327316,110065924,110001057,NA,"6150","A",NA,NA,4,"2",1,NA,NA,NA,NA,NA,NA
327317,1100327317,110065924,110001057,NA,"5900","2",NA,NA,11,"B",1,NA,NA,NA,NA,NA,NA
327318,1100327318,110065924,110001057,NA,"5820","2",NA,NA,1,"1",1,NA,NA,NA,NA,NA,NA
332202,1100332202,110068027,110001068,NA,"5900","A",NA,NA,2,"2",1,NA,NA,NA,NA,NA,NA
332203,1100332203,110068027,110001068,NA,"5820","A",NA,NA,3,"2",1,NA,NA,NA,NA,NA,NA
332204,1100332204,110068027,110001068,NA,"5820","A",NA,NA,2,"1",0,NA,NA,NA,NA,NA,NA
332205,1100332205,110068027,110001068,NA,"5900","2",NA,NA,1,"2",0,NA,NA,NA,NA,NA,NA
332206,1100332206,110068028,110001068,NA,"15820",NA,NA,NA,45,"2",0,NA,NA,"SE",NA,NA,NA
332207,1100332207,110068028,110001068,NA,"15820",NA,NA,NA,8,"2",0,NA,NA,"SE",NA,NA,NA
332208,1100332208,110068028,110001068,NA,"15820",NA,NA,NA,15,"2",0,NA,NA,"SE",NA,NA,NA
332209,1100332209,110068028,110001068,NA,"6000","2",NA,NA,1,"1",0,NA,NA,NA,NA,NA,NA
332210,1100332210,110068028,110001068,NA,"5920","I",NA,NA,1,"2",0,NA,NA,NA,NA,NA,NA
332211,1100332211,110068028,110001068,NA,"5910","A",NA,NA,1,"2",0,NA,NA,NA,NA,NA,NA
332212,1100332212,110068028,110001068,NA,"15820",NA,NA,NA,20,"2",0,NA,NA,"SE",NA,NA,NA
332213,1100332213,110068030,110001068,NA,"5920","1",NA,NA,1,"2",1,NA,NA,NA,NA,NA,NA
332214,1100332214,110068030,110001068,NA,"5900","1",NA,NA,1,"2",1,NA,NA,NA,NA,NA,NA
332215,1100332215,110068030,110001068,NA,"15820",NA,NA,NA,6,"2",0,NA,NA,"SE",NA,NA,NA
332216,1100332216,110068031,110001068,NA,"5910","1",NA,NA,1,"2",0,NA,NA,NA,NA,NA,NA
332217,1100332217,110068031,110001068,NA,"15820",NA,NA,NA,14,"2",0,NA,NA,"SE",NA,NA,NA
332218,1100332218,110068031,110001068,NA,"5900","A",NA,NA,1,"2",0,NA,NA,NA,NA,NA,NA
332219,1100332219,110068031,110001068,NA,"5900","2",NA,NA,1,"2",1,NA,NA,NA,NA,NA,NA
332220,1100332220,110068031,110001068,NA,"5910","A",NA,NA,1,"2",1,NA,NA,NA,NA,NA,NA
332221,1100332221,110068031,110001068,NA,"5920","1",NA,NA,3,"2",1,NA,NA,NA,NA,NA,NA
332222,1100332222,110068031,110001068,NA,"15820",NA,NA,NA,7,"2",0,NA,NA,"SE",NA,NA,NA
332223,1100332223,110068031,110001068,NA,"5900","2",NA,NA,1,"2",0,NA,NA,NA,NA,NA,NA
332224,1100332224,110068032,110001068,NA,"5910","A",NA,NA,1,"2",1,NA,NA,NA,NA,NA,NA
332225,1100332225,110068032,110001068,NA,"5910","A",NA,NA,1,"2",0,NA,NA,NA,NA,NA,NA
332226,1100332226,110068032,110001068,NA,"5900","2",NA,NA,1,"1",1,NA,NA,NA,NA,NA,NA
332227,1100332227,110068032,110001068,NA,"5910","A",NA,NA,1,"2",0,NA,NA,NA,NA,NA,NA
332228,1100332228,110068032,110001068,NA,"6000","1",NA,NA,1,"1",0,NA,NA,NA,NA,NA,NA
332229,1100332229,110068032,110001068,NA,"5920","2",NA,NA,1,"1",0,NA,NA,NA,NA,NA,NA
332230,1100332230,110068032,110001068,NA,"5910","A",NA,NA,1,"2",1,NA,NA,NA,NA,NA,NA
332231,1100332231,110068032,110001068,NA,"5900","2",NA,NA,1,"1",1,NA,NA,NA,NA,NA,NA
332232,1100332232,110068032,110001068,NA,"15820",NA,NA,NA,7,"1",0,NA,NA,"SE",NA,NA,NA
332233,1100332233,110068032,110001068,NA,"15820",NA,NA,NA,10,"1",0,NA,NA,"SE",NA,NA,NA
332234,1100332234,110068034,110001068,"1","5780","A",NA,NA,1,"D",1,"P",NA,NA,NA,NA,NA
332235,1100332235,110068034,110001068,"1","5780","2",NA,NA,1,"D",1,"P",NA,NA,NA,NA,NA
332236,1100332236,110068034,110001068,"2","5910","A",NA,NA,1,"1",0,NA,NA,NA,NA,NA,NA
332237,1100332237,110068034,110001068,"2","5910","1",NA,NA,1,"1",0,NA,NA,NA,NA,NA,NA
332238,1100332238,110068034,110001068,"2","5910","2",NA,NA,1,"1",0,NA,NA,NA,NA,NA,NA
332239,1100332239,110068034,110001068,NA,"720",NA,NA,NA,3,"2",0,NA,NA,NA,NA,NA,NA
332240,1100332240,110068035,110001068,NA,"5900","2",NA,NA,2,"2",0,NA,NA,NA,NA,NA,NA
332241,1100332241,110068035,110001068,NA,"1680",NA,NA,NA,11,"2",0,NA,NA,"SW",NA,NA,NA
332242,1100332242,110068035,110001068,NA,"15820",NA,NA,NA,50,"2",0,NA,NA,"SE",NA,NA,NA
332243,1100332243,110068035,110001068,NA,"5780","A",NA,NA,1,"2",0,NA,NA,NA,NA,NA,NA
332244,1100332244,110068035,110001068,NA,"5910","A",NA,NA,1,"2",0,NA,NA,NA,NA,NA,NA
332245,1100332245,110068035,110001068,NA,"15820",NA,NA,NA,8,"2",0,NA,NA,"SE",NA,NA,NA
332246,1100332246,110068035,110001068,NA,"15820",NA,NA,NA,5,"1",0,NA,NA,"SE",NA,NA,NA
332247,1100332247,110068035,110001068,NA,"5900","2",NA,NA,1,"2",0,NA,NA,NA,NA,NA,NA
332248,1100332248,110068036,110001068,NA,"5709",NA,NA,NA,1,"E",0,NA,NA,NA,NA,NA,NA
332249,1100332249,110068036,110001068,NA,"59",NA,NA,NA,1,"E",0,NA,NA,NA,NA,NA,NA
332250,1100332250,110068037,110001068,NA,"5900","1",NA,NA,1,"1",0,NA,NA,NA,NA,NA,NA
332251,1100332251,110068037,110001068,NA,"5910","1",NA,NA,1,"1",0,NA,NA,NA,NA,NA,NA
332252,1100332252,110068037,110001068,NA,"5900","A",NA,NA,1,"2",1,NA,NA,NA,NA,NA,NA
332253,1100332253,110068037,110001068,NA,"5910","A",NA,NA,1,"2",0,NA,NA,NA,NA,NA,NA
332254,1100332254,110068037,110001068,NA,"5900","A",NA,NA,1,"1",1,NA,NA,NA,NA,NA,NA
332255,1100332255,110068037,110001068,NA,"5910","1",NA,NA,1,"2",1,NA,NA,NA,NA,NA,NA
332256,1100332256,110068037,110001068,NA,"5900","1",NA,NA,2,"2",1,NA,NA,NA,NA,NA,NA
332257,1100332257,110068037,110001068,NA,"5910","A",NA,NA,1,"2",1,NA,NA,NA,NA,NA,NA
332258,1100332258,110068038,110001068,NA,"5900","1",NA,NA,1,"1",0,NA,NA,NA,NA,NA,NA
332259,1100332259,110068038,110001068,NA,"5900","1",NA,NA,1,"1",0,NA,NA,NA,NA,NA,NA
332260,1100332260,110068038,110001068,NA,"5910","A",NA,NA,1,"1",1,NA,NA,NA,NA,NA,NA
332261,1100332261,110068038,110001068,NA,"5910","A",NA,NA,1,"2",1,NA,NA,NA,NA,NA,NA
332262,1100332262,110068038,110001068,NA,"5780","A",NA,NA,1,"E",0,"P",NA,NA,NA,NA,NA
332263,1100332263,110068039,110001068,"3","5910","A",NA,NA,1,"D",1,NA,NA,NA,NA,NA,NA
332264,1100332264,110068039,110001068,"3","6000","A",NA,NA,1,"D",1,NA,NA,NA,NA,NA,NA
332265,1100332265,110068039,110001068,"3","5910","2",NA,NA,1,"D",1,NA,NA,NA,NA,NA,NA
332266,1100332266,110068039,110001068,NA,"5900","1",NA,NA,1,"1",1,NA,NA,NA,NA,NA,NA
332267,1100332267,110068039,110001068,NA,"5900","A",NA,NA,1,"1",0,NA,NA,NA,NA,NA,NA
332268,1100332268,110068039,110001068,NA,"15820",NA,NA,NA,35,"2",0,NA,NA,"SE",NA,NA,NA
332269,1100332269,110068039,110001068,NA,"5900","A",NA,NA,1,"2",1,NA,NA,NA,NA,NA,NA
332270,1100332270,110068039,110001068,NA,"9760",NA,NA,NA,1,"2",0,NA,NA,"SE",NA,NA,NA
332271,1100332271,110068040,110001068,NA,"5900","A",NA,NA,1,"1",0,NA,NA,NA,NA,NA,NA
332272,1100332272,110068040,110001068,NA,"15820",NA,NA,NA,12,"2",0,NA,NA,"SE",NA,NA,NA
332273,1100332273,110068040,110001068,NA,"5780","A",NA,NA,2,"2",1,"Z",NA,NA,NA,NA,NA
332274,1100332274,110068040,110001068,NA,"5900","1",NA,NA,1,"2",1,NA,NA,NA,NA,NA,NA
332275,1100332275,110068040,110001068,NA,"5910","2",NA,NA,1,"E",0,NA,NA,NA,NA,NA,NA
332276,1100332276,110068040,110001068,NA,"5910","A",NA,NA,1,"1",0,NA,NA,NA,NA,NA,NA
332277,1100332277,110068040,110001068,NA,"5910","2",NA,NA,1,"2",0,NA,NA,NA,NA,NA,NA
332278,1100332278,110068041,110001068,NA,"20",NA,NA,NA,1,"2",0,NA,NA,"SW",NA,NA,NA
332279,1100332279,110068041,110001068,NA,"5910","A",NA,NA,1,"2",0,NA,NA,NA,NA,NA,NA
332280,1100332280,110068041,110001068,NA,"5910","3",NA,NA,1,"2",0,NA,NA,NA,NA,NA,NA
332281,1100332281,110068041,110001068,NA,"5920","1",NA,NA,1,"2",0,NA,NA,NA,NA,NA,NA
332282,1100332282,110068041,110001068,NA,"15820",NA,NA,NA,12,"2",0,NA,NA,"SE",NA,NA,NA
332283,1100332283,110068041,110001068,NA,"15820",NA,NA,NA,2,"2",0,NA,NA,NA,NA,NA,NA
332284,1100332284,110068042,110001068,NA,"6000","A",NA,NA,1,"U",1,"DF",NA,NA,NA,NA,NA
332285,1100332285,110068042,110001068,NA,"15820",NA,NA,NA,150,"2",0,NA,NA,"SW",NA,NA,NA
332286,1100332286,110068043,110001068,NA,"5900","2",NA,NA,1,"2",1,NA,NA,NA,NA,NA,NA
332287,1100332287,110068043,110001068,NA,"5910","1",NA,NA,1,"E",0,NA,NA,NA,NA,NA,NA
332288,1100332288,110068043,110001068,NA,"15820",NA,NA,NA,20,"2",0,NA,NA,"SW",NA,NA,NA
332289,1100332289,110068044,110001068,NA,"63510",NA,NA,NA,1,"D",1,NA,NA,NA,NA,NA,NA
332290,1100332290,110068044,110001068,NA,"5780","A",NA,NA,1,"2",0,NA,NA,NA,NA,NA,NA
332291,1100332291,110068045,110001068,NA,"6000","1",NA,NA,1,"D",1,NA,NA,NA,NA,NA,NA
332292,1100332292,110068045,110001068,NA,"5900","A",NA,NA,1,"2",0,NA,NA,NA,NA,NA,NA
332293,1100332293,110068045,110001068,NA,"5910","3",NA,NA,1,"2",0,NA,NA,NA,NA,NA,NA
332294,1100332294,110068045,110001068,NA,"5780","2",NA,NA,1,"1",0,NA,NA,NA,NA,NA,NA
332295,1100332295,110068047,110001068,NA,"6340",NA,NA,NA,1,"2",0,NA,NA,NA,NA,NA,NA
332296,1100332296,110068047,110001068,NA,"15820",NA,NA,NA,22,"2",0,NA,NA,"SW",NA,NA,NA
332297,1100332297,110068047,110001068,NA,"5910","A",NA,NA,1,"D",1,"DF",NA,NA,NA,NA,NA
332298,1100332298,110068047,110001068,NA,"5910","2",NA,NA,1,"2",0,NA,NA,NA,NA,NA,NA
332299,1100332299,110068047,110001068,NA,"6360",NA,NA,NA,1,"E",0,NA,NA,NA,NA,NA,NA
332300,1100332300,110068047,110001068,NA,"6020","1",NA,NA,1,"2",0,NA,NA,NA,NA,NA,NA
332301,1100332301,110068047,110001068,NA,"5927","1",NA,NA,1,"1",0,NA,NA,NA,NA,NA,NA
332302,1100332302,110068047,110001068,NA,"63510",NA,NA,NA,2,"U",1,NA,NA,NA,NA,NA,NA
332303,1100332303,110068048,110001068,NA,"710","3",NA,NA,1,"D",1,NA,NA,NA,NA,NA,NA
332304,1100332304,110068048,110001068,NA,"5780","1",NA,NA,1,"1",0,NA,NA,NA,NA,NA,NA
332305,1100332305,110068049,110001068,"4","6360",NA,NA,NA,7,"D",1,NA,NA,NA,NA,NA,NA
332306,1100332306,110068049,110001068,"4","6020","A",NA,NA,2,"D",1,NA,NA,NA,NA,NA,NA
332307,1100332307,110068049,110001068,NA,"710","A",NA,NA,1,"D",1,NA,NA,NA,NA,NA,NA
332308,1100332308,110068049,110001068,NA,"6360",NA,NA,NA,1,"E",0,NA,NA,NA,NA,NA,NA
332309,1100332309,110068049,110001068,NA,"6360",NA,NA,NA,7,"E",0,NA,NA,NA,NA,NA,NA
332310,1100332310,110068049,110001068,NA,"6360",NA,NA,NA,2,"E",0,NA,NA,NA,NA,NA,NA
332311,1100332311,110068049,110001068,NA,"5780","A",NA,NA,2,"2",0,NA,NA,NA,NA,NA,NA
332312,1100332312,110068049,110001068,NA,"6360",NA,NA,NA,2,"E",0,NA,NA,NA,NA,NA,NA
332313,1100332313,110068049,110001068,NA,"710","A",NA,NA,3,"E",0,NA,NA,NA,NA,NA,NA
332314,1100332314,110068050,110001068,"5","6360",NA,NA,NA,12,"D",1,NA,NA,NA,NA,NA,NA
332315,1100332315,110068050,110001068,"5","5900","2",NA,NA,1,"D",1,NA,NA,NA,NA,NA,NA
332316,1100332316,110068050,110001068,"5","5910","2",NA,NA,1,"D",1,NA,NA,NA,NA,NA,NA
332317,1100332317,110068050,110001068,"5","5910",NA,NA,NA,1,"D",1,NA,NA,NA,NA,NA,NA
332318,1100332318,110068050,110001068,"5","5780","A",NA,NA,3,"2",1,"Z",NA,NA,NA,NA,NA
332319,1100332319,110068050,110001068,NA,"6360","A","W",NA,2,"B",1,NA,NA,NA,NA,NA,NA
332320,1100332320,110068050,110001068,NA,"5910","A",NA,NA,1,"B",1,"DF",NA,NA,NA,NA,NA
332321,1100332321,110068051,110001068,NA,"6360",NA,NA,NA,6,"E",0,NA,NA,NA,NA,NA,NA
332322,1100332322,110068051,110001068,NA,"6360",NA,NA,NA,8,"D",1,NA,NA,NA,NA,NA,NA
332323,1100332323,110068051,110001068,NA,"6360",NA,NA,NA,2,"D",1,NA,NA,NA,NA,NA,NA
332324,1100332324,110068051,110001068,NA,"6360",NA,NA,NA,5,"E",0,NA,NA,NA,NA,NA,NA
332325,1100332325,110068051,110001068,NA,"6360",NA,NA,NA,3,"E",0,NA,NA,NA,NA,NA,NA
332326,1100332326,110068051,110001068,NA,"5780",NA,NA,NA,1,"E",0,NA,NA,NA,NA,NA,NA
332327,1100332327,110068051,110001068,NA,"6360",NA,NA,NA,12,"E",0,NA,NA,NA,NA,NA,NA
332328,1100332328,110068051,110001068,NA,"6360","A","W",NA,4,"B",1,NA,NA,NA,NA,NA,NA
332329,1100332329,110068051,110001068,NA,"6360",NA,NA,NA,2,"A",1,"DY",NA,NA,NA,NA,NA
332330,1100332330,110068051,110001068,NA,"5910","A",NA,NA,1,"B",1,NA,NA,NA,NA,NA,NA
332331,1100332331,110068051,110001068,NA,"6360",NA,NA,NA,4,"D",1,NA,NA,NA,NA,NA,NA
332332,1100332332,110068052,110001068,"6","6360",NA,NA,NA,8,"A",1,NA,NA,NA,NA,NA,NA
332333,1100332333,110068052,110001068,"6","5780",NA,NA,NA,2,"1",1,"Z",NA,NA,NA,NA,NA
332334,1100332334,110068052,110001068,"7","6360",NA,NA,NA,9,"A",1,NA,NA,NA,NA,NA,NA
332335,1100332335,110068052,110001068,"7","5780",NA,NA,NA,1,"A",1,NA,NA,NA,NA,NA,NA
332336,1100332336,110068052,110001068,NA,"710","3",NA,NA,1,"C",1,NA,NA,NA,NA,NA,NA
332337,1100332337,110068052,110001068,NA,"5920","1",NA,NA,1,"C",1,NA,NA,NA,NA,NA,NA
332338,1100332338,110068052,110001068,NA,"6360",NA,NA,NA,1,"C",1,NA,NA,NA,NA,NA,NA
332339,1100332339,110068052,110001068,NA,"5780",NA,NA,NA,8,"2",1,"Z",NA,NA,NA,NA,NA
332340,1100332340,110068052,110001068,NA,"6360",NA,NA,NA,8,"D",1,NA,NA,NA,NA,NA,NA
332341,1100332341,110068052,110001068,NA,"5780","A",NA,NA,1,"2",1,NA,NA,NA,NA,NA,NA
332342,1100332342,110068052,110001068,NA,"5920","1",NA,NA,1,"C",1,NA,NA,NA,NA,NA,NA
332343,1100332343,110068052,110001068,NA,"6360",NA,NA,NA,4,"B",1,NA,NA,NA,NA,NA,NA
332344,1100332344,110068052,110001068,NA,"5910","A",NA,NA,1,"B",1,NA,NA,NA,NA,NA,NA
332345,1100332345,110068052,110001068,NA,"5910","1",NA,NA,1,"1",1,NA,NA,NA,NA,NA,NA
332346,1100332346,110068053,110001068,NA,"5780","1",NA,NA,1,"1",0,NA,NA,NA,NA,NA,NA
332347,1100332347,110068053,110001068,NA,"5910","2",NA,NA,1,"A",1,NA,NA,NA,NA,NA,NA
332348,1100332348,110068055,110001068,NA,"9999",NA,NA,NA,1,"E",0,NA,NA,NA,NA,NA,"BEAM STEAM ARM44 45° 1.5KM"
332349,1100332349,110068056,110001068,NA,"5780","A",NA,NA,2,"2",1,NA,NA,NA,NA,NA,NA
332350,1100332350,110068056,110001068,NA,"15820",NA,NA,NA,30,"1",0,NA,NA,"SW",NA,NA,NA
332351,1100332351,110068057,110001068,"8","710","A",NA,NA,1,"2",0,NA,NA,NA,NA,NA,NA
332352,1100332352,110068057,110001068,"8","710","3",NA,NA,1,"2",0,NA,NA,NA,NA,NA,NA
332353,1100332353,110068057,110001068,NA,"15820",NA,NA,NA,18,"2",1,NA,NA,"SW",NA,NA,NA
332354,1100332354,110068057,110001068,NA,"6340",NA,NA,NA,1,"2",0,NA,NA,NA,NA,NA,NA
332355,1100332355,110068057,110001068,NA,"6340",NA,"W",NA,1,"D",1,NA,NA,NA,NA,NA,NA
332356,1100332356,110068057,110001068,NA,"5927","1",NA,NA,1,"2",0,NA,NA,NA,NA,NA,NA
332357,1100332357,110068057,110001068,NA,"5910","A",NA,NA,1,"2",0,NA,NA,NA,NA,NA,NA
332358,1100332358,110068058,110001068,NA,"10110",NA,NA,NA,2,"1",0,NA,NA,NA,NA,NA,NA
332359,1100332359,110068058,110001068,NA,"5910",NA,NA,NA,2,"C",1,NA,NA,NA,NA,NA,NA
332360,1100332360,110068059,110001068,NA,"15820",NA,NA,NA,20,"2",0,NA,NA,"SW",NA,NA,NA
332361,1100332361,110068060,110001068,NA,"12770",NA,NA,"F",1,"1",0,NA,"E",NA,NA,NA,NA
332362,1100332362,110068060,110001068,NA,"6020","1",NA,NA,1,"C",1,NA,NA,NA,NA,NA,NA
332363,1100332363,110068060,110001068,NA,"6020","A",NA,NA,1,"1",0,NA,NA,NA,NA,NA,NA
332364,1100332364,110068060,110001068,NA,"5927","1",NA,NA,1,"1",0,NA,NA,NA,NA,NA,NA
332365,1100332365,110068060,110001068,NA,"6020","A",NA,NA,1,"2",0,NA,NA,NA,NA,NA,NA
332366,1100332366,110068061,110001068,NA,"5910","A",NA,NA,2,"A",1,NA,"D",NA,NA,NA,NA
332367,1100332367,110068061,110001068,NA,"15820",NA,NA,NA,28,"1",0,NA,NA,"SW",NA,NA,NA
332368,1100332368,110068061,110001068,NA,"63510",NA,NA,NA,2,"C",1,NA,NA,NA,NA,NA,NA
332369,1100332369,110068062,110001068,NA,"6360",NA,NA,NA,3,"2",0,NA,NA,NA,NA,NA,NA
332370,1100332370,110068062,110001068,NA,"6020",NA,NA,NA,10,"D",1,NA,NA,NA,NA,NA,NA
332371,1100332371,110068062,110001068,NA,"6020",NA,NA,NA,60,"E",0,NA,NA,NA,NA,NA,NA
332372,1100332372,110068062,110001068,NA,"5900",NA,NA,NA,3,"D",1,NA,NA,NA,NA,NA,NA
332373,1100332373,110068062,110001068,NA,"5910","A",NA,NA,1,"D",1,NA,NA,NA,NA,NA,NA
332374,1100332374,110068063,110001068,"9","5910","A",NA,NA,1,"C",1,NA,NA,NA,NA,NA,NA
332375,1100332375,110068063,110001068,"9","5910","1",NA,NA,1,"C",1,NA,NA,NA,NA,NA,NA
332376,1100332376,110068063,110001068,"9","6009","2",NA,NA,1,"C",1,NA,NA,NA,NA,NA,"CASPIAN GULL?"
332377,1100332377,110068063,110001068,"9","5900","A",NA,NA,1,"C",1,NA,NA,NA,NA,NA,NA
332378,1100332378,110068063,110001068,NA,"15820",NA,NA,NA,4,"2",0,NA,NA,NA,NA,NA,NA
332379,1100332379,110068063,110001068,NA,"6340",NA,NA,NA,1,"2",0,NA,NA,NA,NA,NA,NA
332380,1100332380,110068064,110001068,NA,"6000","A",NA,NA,1,"C",1,NA,NA,NA,NA,NA,NA
332381,1100332381,110068064,110001068,NA,"15820",NA,NA,NA,30,"1",0,NA,NA,"SW",NA,NA,NA
332382,1100332382,110068065,110001068,NA,"15820",NA,NA,NA,2,"2",0,NA,NA,NA,NA,NA,NA
332383,1100332383,110068065,110001068,NA,"6340",NA,"T",NA,1,"2",0,NA,NA,NA,NA,NA,NA
332384,1100332384,110068065,110001068,NA,"6020","1",NA,NA,1,"1",0,NA,NA,NA,NA,NA,NA
332385,1100332385,110068065,110001068,NA,"16360",NA,NA,NA,10,"1",0,NA,NA,"SW",NA,NA,NA
332386,1100332386,110068065,110001068,NA,"6020","A",NA,NA,1,"2",0,NA,NA,NA,NA,NA,NA
332387,1100332387,110068066,110001068,NA,"6020",NA,NA,NA,1,"2",0,NA,NA,NA,NA,NA,NA
332388,1100332388,110068066,110001068,NA,"6020","A",NA,NA,1,"A",1,"PF",NA,NA,NA,NA,NA
332389,1100332389,110068067,110001068,NA,"15820",NA,NA,NA,200,"2",0,NA,NA,"SW",NA,NA,NA
332390,1100332390,110068067,110001068,NA,"6020","A",NA,NA,1,"2",0,NA,NA,NA,NA,NA,NA
332391,1100332391,110068067,110001068,NA,"6020","A",NA,NA,1,"2",0,NA,NA,NA,NA,NA,NA
332392,1100332392,110068067,110001068,NA,"6020","A",NA,NA,1,"C",1,NA,NA,NA,NA,NA,NA
332393,1100332393,110068067,110001068,NA,"6000","1",NA,NA,1,"2",1,NA,NA,NA,NA,NA,NA
332394,1100332394,110068067,110001068,NA,"710","2",NA,NA,1,"2",0,NA,NA,NA,NA,NA,NA
332395,1100332395,110068067,110001068,NA,"5910","A",NA,NA,1,"1",0,NA,NA,NA,NA,NA,NA
332396,1100332396,110068068,110001068,NA,"5900","A",NA,NA,1,"1",0,NA,NA,NA,NA,NA,NA
332397,1100332397,110068068,110001068,NA,"5900","A",NA,NA,1,"D",1,"P",NA,NA,NA,NA,NA
332398,1100332398,110068068,110001068,NA,"6020","A",NA,NA,1,"C",1,NA,NA,NA,NA,NA,NA
332399,1100332399,110068068,110001068,NA,"6020","A",NA,NA,1,"2",1,NA,NA,NA,NA,NA,NA
332400,1100332400,110068068,110001068,NA,"6020","A",NA,NA,1,"A",1,NA,NA,NA,NA,NA,NA
332401,1100332401,110068069,110001068,"10","16540",NA,NA,NA,30,"1",0,NA,NA,NA,NA,NA,NA
332402,1100332402,110068069,110001068,"10","16360",NA,NA,NA,3,"1",0,NA,NA,NA,NA,NA,NA
332403,1100332403,110068069,110001068,NA,"6020","A",NA,NA,3,"2",1,NA,NA,NA,NA,NA,NA
332404,1100332404,110068069,110001068,NA,"6020","A",NA,NA,1,"1",0,NA,NA,NA,NA,NA,NA
332405,1100332405,110068069,110001068,NA,"6020","1",NA,NA,1,"1",0,"Z",NA,NA,NA,NA,NA
332406,1100332406,110068069,110001068,NA,"6020","A",NA,NA,1,"D",1,NA,NA,NA,NA,NA,NA
332407,1100332407,110068069,110001068,NA,"6020","A",NA,NA,1,"B",1,NA,NA,NA,NA,NA,NA
332408,1100332408,110068069,110001068,NA,"6020","A",NA,NA,1,"D",1,"P",NA,NA,NA,NA,NA
332409,1100332409,110068069,110001068,NA,"5910","A",NA,NA,1,"2",0,NA,NA,NA,NA,NA,NA
332410,1100332410,110068070,110001068,NA,"710","3",NA,NA,1,"A",1,"DF",NA,NA,NA,NA,NA
332411,1100332411,110068070,110001068,NA,"6020","A",NA,NA,2,"B",1,"Y",NA,NA,NA,NA,NA
332412,1100332412,110068070,110001068,NA,"6020","A",NA,NA,7,"1",1,NA,NA,NA,NA,NA,NA
332413,1100332413,110068070,110001068,NA,"6020","A",NA,NA,1,"C",1,"S",NA,NA,NA,NA,NA
332414,1100332414,110068070,110001068,NA,"710","A",NA,NA,1,"2",0,NA,NA,NA,NA,NA,NA
332415,1100332415,110068070,110001068,NA,"6020","A",NA,NA,1,"A",1,NA,NA,NA,NA,NA,NA
332416,1100332416,110068071,110001068,NA,"6020","A",NA,NA,1,"B",1,NA,NA,NA,NA,NA,NA
332417,1100332417,110068071,110001068,NA,"6020","A",NA,NA,1,"B",1,"P",NA,NA,NA,NA,NA
332418,1100332418,110068071,110001068,NA,"6020","A",NA,NA,2,"2",1,NA,NA,NA,NA,NA,NA
332419,1100332419,110068071,110001068,NA,"5920","1",NA,NA,1,"2",1,NA,NA,NA,NA,NA,NA
332420,1100332420,110068072,110001068,"11","5900",NA,NA,NA,1,"2",1,NA,NA,NA,NA,NA,NA
332421,1100332421,110068072,110001068,"11","6020",NA,NA,NA,1,"2",1,NA,NA,NA,NA,NA,NA
332422,1100332422,110068073,110001068,NA,"15820",NA,NA,NA,6,"1",0,NA,NA,NA,NA,NA,NA
332423,1100332423,110068073,110001068,NA,"5910","A",NA,NA,3,"C",1,NA,NA,NA,NA,NA,NA
332424,1100332424,110068076,110001068,NA,"64320",NA,NA,NA,1,"E",0,NA,NA,NA,NA,NA,NA
332425,1100332425,110068077,110001068,NA,"12010",NA,NA,NA,1,"2",0,NA,NA,NA,NA,NA,NA
332426,1100332426,110068077,110001068,NA,"5910","A",NA,NA,1,"2",0,NA,NA,NA,NA,NA,NA
332427,1100332427,110068078,110001068,NA,"15820",NA,NA,NA,4,"2",0,NA,NA,NA,NA,NA,NA
332428,1100332428,110068079,110001068,NA,"5926","A",NA,NA,1,"2",0,NA,NA,NA,NA,NA,NA
332429,1100332429,110068080,110001068,NA,"15820",NA,NA,NA,3,"2",0,NA,NA,NA,NA,NA,NA
332430,1100332430,110068081,110001068,NA,"15820",NA,NA,NA,22,"1",0,NA,NA,NA,NA,NA,NA
332431,1100332431,110068083,110001068,NA,"15820",NA,NA,NA,7,"2",0,NA,NA,NA,NA,NA,NA
332432,1100332432,110068084,110001069,NA,"6360",NA,NA,NA,7,"2",0,NA,"X",NA,NA,NA,"ENTER WF"
332433,1100332433,110068084,110001069,NA,"5910","3",NA,NA,1,"2",1,NA,"X",NA,NA,NA,NA
332434,1100332434,110068084,110001069,NA,"5910","1",NA,NA,1,"1",1,NA,"X",NA,NA,NA,NA
332435,1100332435,110068084,110001069,NA,"6360",NA,NA,NA,12,"2",0,NA,"X","SW",NA,NA,NA
332436,1100332436,110068084,110001069,NA,"5900","A",NA,NA,1,"2",0,"Z","X",NA,NA,NA,NA
332437,1100332437,110068085,110001069,"1","5780",NA,NA,NA,7,"2",1,NA,"X",NA,NA,NA,NA
332438,1100332438,110068085,110001069,"1","6020","1",NA,NA,1,"2",1,NA,"X",NA,NA,NA,NA
332439,1100332439,110068085,110001069,"1","5820","A",NA,NA,1,"2",1,NA,"X",NA,NA,NA,NA
332440,1100332440,110068085,110001069,NA,"5780",NA,NA,NA,6,"2",1,"Z","X",NA,NA,NA,NA
332441,1100332441,110068085,110001069,NA,"6360",NA,NA,NA,11,"2",0,NA,"X","SW",NA,NA,NA
332442,1100332442,110068085,110001069,NA,"5900","1",NA,NA,1,"2",1,NA,"X",NA,NA,NA,NA
332443,1100332443,110068085,110001069,NA,"5910","A",NA,NA,1,"A",1,"P","X",NA,NA,NA,NA
332444,1100332444,110068085,110001069,NA,"5910","I",NA,NA,3,"2",1,NA,"X",NA,NA,NA,NA
332445,1100332445,110068086,110001069,NA,"6360",NA,NA,NA,5,"2",1,NA,"X","SW",NA,NA,NA
332446,1100332446,110068086,110001069,NA,"5910","A",NA,NA,1,"2",0,NA,"X",NA,NA,NA,NA
332447,1100332447,110068087,110001069,NA,"6345",NA,NA,NA,2,"2",0,NA,"X",NA,NA,NA,NA
332448,1100332448,110068087,110001069,NA,"5780",NA,NA,NA,5,"2",0,NA,"X",NA,NA,NA,NA
332449,1100332449,110068088,110001069,NA,"5780","A",NA,NA,2,"2",0,NA,"X",NA,NA,NA,NA
332450,1100332450,110068089,110001069,"2","5780","A",NA,NA,2,"2",1,NA,"X",NA,NA,NA,NA
332451,1100332451,110068089,110001069,"2","5780","1",NA,NA,1,"2",1,NA,"X",NA,NA,NA,NA
332452,1100332452,110068089,110001069,NA,"5910","1",NA,NA,1,"2",1,NA,"X",NA,NA,NA,NA
332453,1100332453,110068090,110001069,NA,"6345",NA,NA,NA,5,"2",0,NA,"X",NA,NA,NA,NA
332454,1100332454,110068090,110001069,NA,"710","3",NA,NA,1,"2",0,NA,"X",NA,NA,NA,NA
332455,1100332455,110068090,110001069,NA,"5780",NA,NA,NA,13,"2",0,NA,"X",NA,NA,NA,NA
332456,1100332456,110068090,110001069,NA,"6020",NA,NA,NA,7,"2",0,NA,"X",NA,NA,NA,NA
332457,1100332457,110068090,110001069,NA,"6020","A",NA,NA,1,"2",0,NA,"X",NA,NA,NA,NA
332458,1100332458,110068091,110001069,"3","5780","A",NA,NA,2,"2",1,NA,"X",NA,NA,NA,NA
332459,1100332459,110068091,110001069,"3","5780","1",NA,NA,1,"2",1,NA,"X",NA,NA,NA,NA
332460,1100332460,110068091,110001069,NA,"6020",NA,NA,NA,5,"2",1,NA,"X",NA,NA,NA,NA
332461,1100332461,110068091,110001069,NA,"5780",NA,NA,NA,1,"2",1,NA,"X",NA,NA,NA,NA
332462,1100332462,110068091,110001069,NA,"6020","1",NA,NA,1,"2",1,NA,"X",NA,NA,NA,NA
332463,1100332463,110068091,110001069,NA,"5910","3",NA,NA,1,"2",1,NA,"X",NA,NA,NA,NA
332464,1100332464,110068091,110001069,NA,"6360",NA,NA,NA,1,"C",1,"DF","X",NA,NA,NA,NA
332465,1100332465,110068092,110001069,"4","5780","A",NA,NA,7,"2",0,NA,"X",NA,NA,NA,NA
332466,1100332466,110068092,110001069,"4","5780","1",NA,NA,1,"2",0,NA,"X",NA,NA,NA,NA
332467,1100332467,110068092,110001069,NA,"5900","A",NA,NA,1,"2",0,NA,"X",NA,NA,NA,NA
332468,1100332468,110068092,110001069,NA,"6020","A",NA,NA,1,"2",0,NA,"X",NA,NA,NA,NA
332469,1100332469,110068092,110001069,NA,"15820",NA,NA,NA,4,"2",0,NA,"X",NA,NA,NA,NA
332470,1100332470,110068092,110001069,NA,"63510",NA,NA,NA,1,"E",0,NA,"X",NA,NA,NA,NA
332471,1100332471,110068092,110001069,NA,"6020","A",NA,NA,3,"B",1,NA,"X",NA,NA,NA,NA
332472,1100332472,110068093,110001069,"5","6020","A",NA,NA,1,"1",0,NA,"X",NA,NA,NA,NA
332473,1100332473,110068093,110001069,"5","6020","1",NA,NA,1,"1",0,NA,"X",NA,NA,NA,NA
332474,1100332474,110068093,110001069,NA,"710","2",NA,NA,1,"2",0,NA,"X",NA,NA,NA,NA
332475,1100332475,110068093,110001069,NA,"710","A",NA,NA,1,"E",0,NA,"X",NA,NA,NA,NA
332476,1100332476,110068093,110001069,NA,"710","A",NA,NA,1,"2",0,NA,"X",NA,NA,NA,NA
332477,1100332477,110068093,110001069,NA,"710",NA,NA,NA,1,"2",0,NA,"X",NA,NA,NA,NA
332478,1100332478,110068094,110001069,"6","6020",NA,NA,NA,1,"2",1,NA,"X",NA,NA,NA,NA
332479,1100332479,110068094,110001069,"6","6020",NA,NA,NA,1,"D",1,"P","X",NA,NA,NA,NA
332480,1100332480,110068094,110001069,NA,"710","2",NA,NA,1,"2",1,NA,"X",NA,NA,NA,NA
332481,1100332481,110068094,110001069,NA,"6020","A",NA,NA,2,"2",1,NA,"X",NA,NA,NA,NA
332482,1100332482,110068094,110001069,NA,"710","A",NA,NA,1,"2",0,NA,"X",NA,NA,NA,NA
332483,1100332483,110068094,110001069,NA,"6020","A",NA,NA,1,"1",0,NA,"X",NA,NA,NA,NA
332484,1100332484,110068094,110001069,NA,"5780",NA,NA,NA,2,"2",1,NA,"X",NA,NA,NA,NA
332485,1100332485,110068094,110001069,NA,"6020","A",NA,NA,1,"C",1,NA,"X",NA,NA,NA,NA
332486,1100332486,110068094,110001069,NA,"6020","1",NA,NA,1,"1",0,NA,"X",NA,NA,NA,NA
332487,1100332487,110068095,110001069,NA,"6020","A",NA,NA,1,"2",1,NA,"X",NA,NA,NA,NA
332488,1100332488,110068095,110001069,NA,"5780","A",NA,NA,2,"2",1,NA,"X",NA,NA,NA,NA
332489,1100332489,110068095,110001069,NA,"5780","A",NA,NA,5,"2",0,NA,"X",NA,NA,NA,NA
332490,1100332490,110068095,110001069,NA,"6020","A",NA,NA,1,"2",1,NA,"X",NA,NA,NA,NA
332491,1100332491,110068095,110001069,NA,"6020","1",NA,NA,1,"2",1,NA,"X",NA,NA,NA,NA
332492,1100332492,110068095,110001069,NA,"5780","A",NA,NA,1,"C",1,NA,"X",NA,NA,NA,NA
332493,1100332493,110068095,110001069,NA,"5780","A",NA,NA,4,"2",1,NA,"X",NA,NA,NA,NA
332494,1100332494,110068095,110001069,NA,"5900","1",NA,NA,1,"D",1,NA,"X",NA,NA,NA,NA
332495,1100332495,110068095,110001069,NA,"5900","A",NA,NA,1,"2",0,NA,"X",NA,NA,NA,NA
332496,1100332496,110068095,110001069,NA,"5910","1",NA,NA,1,"2",0,NA,"X",NA,NA,NA,NA
332497,1100332497,110068096,110001069,NA,"6020","1",NA,NA,1,"1",0,NA,"X",NA,NA,NA,NA
332498,1100332498,110068096,110001069,NA,"6020","A",NA,NA,1,"1",1,NA,"X",NA,NA,NA,NA
332499,1100332499,110068096,110001069,NA,"6020","A",NA,NA,1,"2",0,NA,"X",NA,NA,NA,NA
332500,1100332500,110068097,110001069,"7","6000","A",NA,NA,1,"E",0,NA,"T",NA,NA,NA,"G7"
332501,1100332501,110068097,110001069,"7","6000","I",NA,NA,1,"E",0,NA,"T",NA,NA,NA,"G7"
332502,1100332502,110068097,110001069,NA,"6000","A",NA,NA,1,"C",1,"DF","X",NA,NA,NA,NA
332503,1100332503,110068097,110001069,NA,"6020","A",NA,NA,2,"2",0,NA,"X",NA,NA,NA,NA
332504,1100332504,110068098,110001069,NA,"6020","A",NA,NA,1,"1",0,NA,"X",NA,NA,NA,NA
332505,1100332505,110068099,110001069,"8","5910","3",NA,NA,1,"2",1,NA,"X",NA,NA,NA,NA
332506,1100332506,110068099,110001069,"8","5910","1",NA,NA,1,"2",1,NA,"X",NA,NA,NA,NA
332507,1100332507,110068099,110001069,NA,"6000","1",NA,NA,1,"2",0,NA,"X",NA,NA,NA,NA
332508,1100332508,110068099,110001069,NA,"6020","1",NA,NA,1,"1",1,NA,"X",NA,NA,NA,NA
332509,1100332509,110068099,110001069,NA,"6000","1",NA,NA,1,"2",1,NA,"X",NA,NA,NA,NA
332510,1100332510,110068099,110001069,NA,"6020","A",NA,NA,1,"2",1,NA,"X",NA,NA,NA,NA
332511,1100332511,110068100,110001069,NA,"710","3",NA,NA,1,"2",0,NA,"X",NA,NA,NA,NA
332512,1100332512,110068100,110001069,NA,"710","A",NA,NA,2,"2",1,NA,"X",NA,NA,NA,NA
332513,1100332513,110068100,110001069,NA,"710","A",NA,NA,1,"2",0,NA,"X",NA,NA,NA,NA
332514,1100332514,110068100,110001069,NA,"6000","A",NA,NA,2,"E",0,NA,"T",NA,NA,NA,"G4"
332515,1100332515,110068100,110001069,NA,"6360",NA,NA,NA,1,"2",1,NA,"X",NA,NA,NA,NA
332516,1100332516,110068100,110001069,NA,"6020","A",NA,NA,1,"1",0,NA,"X",NA,NA,NA,NA
332517,1100332517,110068101,110001069,"9","6000","1",NA,NA,4,"A",0,NA,"D",NA,NA,NA,NA
332518,1100332518,110068101,110001069,"9","5910","2",NA,NA,1,"A",0,NA,"D",NA,NA,NA,NA
332519,1100332519,110068101,110001069,"10","6000","A",NA,NA,2,"E",0,NA,"T",NA,NA,NA,"G3"
332520,1100332520,110068101,110001069,"10","5910","A",NA,NA,1,"E",0,NA,"T",NA,NA,NA,"G3"
332521,1100332521,110068101,110001069,NA,"5900","1",NA,NA,1,"2",1,NA,"X",NA,NA,NA,NA
332522,1100332522,110068101,110001069,NA,"6020","A",NA,NA,1,"1",0,NA,"X",NA,NA,NA,NA
332523,1100332523,110068102,110001069,NA,"6020","A",NA,NA,1,"2",0,NA,"X",NA,NA,NA,NA
332524,1100332524,110068103,110001069,NA,"6000","A",NA,NA,3,"E",0,NA,"T",NA,NA,NA,"G2"
332525,1100332525,110068103,110001069,NA,"5900","1",NA,NA,1,"2",0,NA,"X",NA,NA,NA,NA
332526,1100332526,110068103,110001069,NA,"6020","A",NA,NA,1,"2",0,NA,"X",NA,NA,NA,NA
332527,1100332527,110068103,110001069,NA,"6020","A",NA,NA,2,"1",1,NA,"X",NA,NA,NA,NA
332528,1100332528,110068104,110001069,"11","5920","A",NA,NA,1,"A",1,NA,"X",NA,NA,NA,NA
332529,1100332529,110068104,110001069,"11","6000","1",NA,NA,1,"A",1,NA,"X",NA,NA,NA,NA
332530,1100332530,110068104,110001069,NA,"6360","A",NA,NA,1,"2",1,NA,"X",NA,NA,NA,NA
332531,1100332531,110068104,110001069,NA,"15820",NA,NA,NA,3,"1",0,NA,"X",NA,NA,NA,NA
332532,1100332532,110068108,110001069,NA,"6020","A",NA,NA,1,"2",0,NA,"X",NA,NA,NA,NA
332533,1100332533,110068108,110001069,NA,"6020","A",NA,NA,1,"1",1,NA,"X",NA,NA,NA,NA
332534,1100332534,110068109,110001069,"12","5910","A",NA,NA,1,"D",1,NA,"X",NA,NA,NA,NA
332535,1100332535,110068109,110001069,"12","5910","2",NA,NA,2,"D",1,NA,"X",NA,NA,NA,NA
332536,1100332536,110068109,110001069,"12","6020","1",NA,NA,1,"D",1,NA,"X",NA,NA,NA,NA
332537,1100332537,110068109,110001069,"12","5920","3",NA,NA,1,"D",1,NA,"X",NA,NA,NA,NA
332538,1100332538,110068109,110001069,NA,"6020","A",NA,NA,1,"2",0,NA,"X",NA,NA,NA,NA
332539,1100332539,110068112,110001069,NA,"5920","1",NA,NA,1,"2",1,NA,"X",NA,NA,NA,NA
332540,1100332540,110068122,110001069,"13","6020","A",NA,NA,5,"D",1,NA,"X",NA,NA,NA,NA
332541,1100332541,110068122,110001069,"13","6360",NA,NA,NA,1,"D",1,NA,"X",NA,NA,NA,NA
332542,1100332542,110068122,110001069,NA,"6020","A",NA,NA,1,"2",0,NA,"X",NA,NA,NA,NA
332543,1100332543,110068122,110001069,NA,"710","A",NA,NA,1,"2",0,NA,"X",NA,NA,NA,NA
332544,1100332544,110068122,110001069,NA,"6020","A",NA,NA,1,"2",0,NA,"X",NA,NA,NA,NA
332545,1100332545,110068122,110001069,NA,"5900","A",NA,NA,1,"2",0,NA,"X",NA,NA,NA,NA
332546,1100332546,110068123,110001069,"14","5920","A",NA,NA,1,"B",1,NA,"W",NA,NA,NA,NA
332547,1100332547,110068123,110001069,"14","5910","3",NA,NA,2,"B",1,NA,"W",NA,NA,NA,NA
332548,1100332548,110068123,110001069,"15","5920","1",NA,NA,1,"2",0,NA,"X",NA,NA,NA,NA
332549,1100332549,110068123,110001069,"15","5910","A",NA,NA,1,"2",0,NA,"X",NA,NA,NA,NA
332550,1100332550,110068123,110001069,"15","5927","1",NA,NA,1,"2",0,NA,"X",NA,NA,NA,NA
332551,1100332551,110068123,110001069,NA,"6020","A",NA,NA,1,"2",1,NA,"X",NA,NA,NA,NA
332552,1100332552,110068123,110001069,NA,"5900","A",NA,NA,1,"2",1,NA,"X",NA,NA,NA,NA
332553,1100332553,110068123,110001069,NA,"6020","1",NA,NA,1,"1",1,NA,"X",NA,NA,NA,NA
332554,1100332554,110068123,110001069,NA,"5926","3",NA,NA,1,"C",1,NA,"X",NA,NA,NA,NA
332555,1100332555,110068123,110001069,NA,"5920","A",NA,NA,1,"1",1,NA,"X",NA,NA,NA,NA
332556,1100332556,110068123,110001069,NA,"5910","A",NA,NA,1,"C",1,NA,"X",NA,NA,NA,NA
332557,1100332557,110068123,110001069,NA,"6020","A",NA,NA,3,"B",1,NA,"X",NA,NA,NA,NA
332558,1100332558,110068123,110001069,NA,"5910","2",NA,NA,1,"2",0,NA,"X",NA,NA,NA,NA
332559,1100332559,110068123,110001069,NA,"6009",NA,NA,NA,40,"E",0,NA,"P~X",NA,NA,NA,"OHVS2"
332560,1100332560,110068123,110001069,NA,"6020","1",NA,NA,1,"2",0,NA,"X",NA,NA,NA,NA
332561,1100332561,110068124,110001069,NA,"6020","1",NA,NA,1,"2",1,NA,"X",NA,NA,NA,NA
332562,1100332562,110068124,110001069,NA,"5900","1",NA,NA,1,"1",0,NA,"X",NA,NA,NA,NA
332563,1100332563,110068124,110001069,NA,"6020","A",NA,NA,1,"1",0,NA,"X",NA,NA,NA,NA
332564,1100332564,110068124,110001069,NA,"6009",NA,NA,NA,15,"E",0,NA,"P~X",NA,NA,NA,"PLATFORM BELWIND"
332565,1100332565,110068125,110001069,NA,"5920","A",NA,NA,1,"1",0,NA,"X",NA,NA,NA,NA
332566,1100332566,110068126,110001069,NA,"6020","A",NA,NA,1,"2",0,NA,"X",NA,NA,NA,NA
332567,1100332567,110068128,110001069,NA,"15820",NA,NA,NA,20,"1",0,NA,"X",NA,NA,NA,NA
332568,1100332568,110068128,110001069,NA,"5910","2",NA,NA,1,"A",1,"DF","X",NA,NA,NA,NA
332569,1100332569,110068129,110001069,NA,"15820",NA,NA,NA,1,"1",0,NA,"X",NA,NA,NA,NA
332570,1100332570,110068132,110001069,NA,"5780","A",NA,NA,1,"1",1,NA,"X",NA,NA,NA,NA
332571,1100332571,110068133,110001069,NA,"5820","A",NA,NA,1,"2",0,NA,"X",NA,NA,NA,NA
332572,1100332572,110068138,110001069,NA,"6020","A",NA,NA,1,"2",0,NA,"X",NA,NA,NA,NA
332573,1100332573,110068138,110001069,NA,"6020","A",NA,NA,2,"2",0,NA,"X",NA,NA,NA,NA
332574,1100332574,110068138,110001069,NA,"15820",NA,NA,NA,30,"1",0,NA,"X",NA,NA,NA,NA
332575,1100332575,110068141,110001069,NA,"6020","A",NA,NA,1,"2",0,NA,"X",NA,NA,NA,NA
332576,1100332576,110068142,110001069,NA,"15820",NA,NA,NA,100,"2",0,NA,"X",NA,NA,NA,NA
332577,1100332577,110068143,110001069,NA,"6000","1",NA,NA,1,"2",0,NA,"X",NA,NA,NA,NA
332578,1100332578,110068143,110001069,NA,"6020",NA,NA,NA,1,"2",0,NA,"X",NA,NA,NA,NA
332579,1100332579,110068143,110001069,NA,"6360",NA,NA,NA,4,"2",0,NA,"X",NA,NA,NA,NA
332580,1100332580,110068143,110001069,NA,"6020","A",NA,NA,1,"2",0,NA,"X",NA,NA,NA,NA
332581,1100332581,110068144,110001069,NA,"6345",NA,NA,NA,2,"2",0,NA,"X",NA,NA,NA,NA
332582,1100332582,110068144,110001069,NA,"710","1",NA,NA,1,"2",0,NA,"X",NA,NA,NA,NA
332583,1100332583,110068147,110001069,NA,"1680",NA,NA,NA,12,"2",0,NA,"X","SW",NA,NA,NA
332584,1100332584,110068147,110001069,NA,"6345",NA,NA,NA,4,"2",0,NA,"X",NA,NA,NA,NA
332585,1100332585,110068148,110001069,NA,"6020","A",NA,NA,1,"2",0,NA,"X",NA,NA,NA,NA
332586,1100332586,110068149,110001069,NA,"6020","A",NA,NA,1,"2",1,NA,"X",NA,NA,NA,NA
332587,1100332587,110068150,110001069,NA,"710","A",NA,NA,1,"2",0,NA,"X",NA,NA,NA,NA
332588,1100332588,110068150,110001069,NA,"5926","4",NA,NA,1,"2",0,NA,"X",NA,NA,NA,NA
332589,1100332589,110068151,110001069,NA,"6009",NA,NA,NA,5,"E",0,NA,"P",NA,NA,NA,"SEA"
332590,1100332590,110068152,110001069,NA,"710","A",NA,NA,1,"2",0,NA,"X",NA,NA,NA,NA
332591,1100332591,110068152,110001069,NA,"6360",NA,NA,NA,2,"2",0,NA,"X",NA,NA,NA,NA
332592,1100332592,110068152,110001069,NA,"5910","1",NA,NA,1,"2",0,NA,"X",NA,NA,NA,NA
332593,1100332593,110068153,110001069,NA,"15820",NA,NA,NA,110,"1",0,NA,"X",NA,NA,NA,NA
332594,1100332594,110068153,110001069,NA,"6345",NA,NA,NA,1,"2",0,NA,"X",NA,NA,NA,NA
332595,1100332595,110068153,110001069,NA,"5920","4",NA,NA,1,"2",1,NA,"X",NA,NA,NA,NA
332596,1100332596,110068154,110001069,NA,"710",NA,NA,NA,1,"3",0,NA,"X",NA,NA,NA,NA
332597,1100332597,110068155,110001069,"16","5910","A",NA,NA,1,"2",0,NA,"X",NA,NA,NA,NA
332598,1100332598,110068155,110001069,"16","5910","1",NA,NA,1,"2",1,NA,"X",NA,NA,NA,NA
332599,1100332599,110068155,110001069,NA,"5910","3",NA,NA,1,"2",0,NA,"X",NA,NA,NA,NA
332600,1100332600,110068156,110001069,NA,"6020","A",NA,NA,1,"2",0,NA,"X",NA,NA,NA,NA
332601,1100332601,110068156,110001069,NA,"710","A",NA,NA,1,"2",0,NA,"X",NA,NA,NA,NA
332602,1100332602,110068157,110001069,NA,"5910","1",NA,NA,1,"2",1,NA,"X",NA,NA,NA,NA
332603,1100332603,110068157,110001069,NA,"5900",NA,NA,NA,1,"A",0,NA,"D",NA,NA,NA,NA
332604,1100332604,110068157,110001069,NA,"6020","A",NA,NA,2,"A",1,NA,"X",NA,NA,NA,NA
332605,1100332605,110068158,110001069,NA,"15820",NA,NA,NA,15,"2",0,NA,"X",NA,NA,NA,NA
332606,1100332606,110068159,110001069,NA,"1680",NA,NA,NA,4,"2",0,NA,"X","SW",NA,NA,NA
332607,1100332607,110068159,110001069,NA,"6000","1",NA,NA,1,"2",1,NA,"X",NA,NA,NA,NA
332608,1100332608,110068159,110001069,NA,"6020","A",NA,NA,1,"2",1,NA,"X",NA,NA,NA,NA
332609,1100332609,110068160,110001069,"17","5910","1",NA,NA,1,"E",0,NA,"X",NA,NA,NA,NA
332610,1100332610,110068160,110001069,"17","5910","3",NA,NA,1,"E",0,NA,"X",NA,NA,NA,NA
332611,1100332611,110068160,110001069,NA,"6020","A",NA,NA,1,"1",1,NA,"X",NA,NA,NA,NA
332612,1100332612,110068160,110001069,NA,"6020","A",NA,NA,1,"2",1,NA,"X",NA,NA,NA,NA
332613,1100332613,110068160,110001069,NA,"15820",NA,NA,NA,9,"2",0,NA,"X",NA,NA,NA,NA
332614,1100332614,110068160,110001069,NA,"6000","1",NA,NA,1,"2",0,NA,"X",NA,NA,NA,NA
332615,1100332615,110068161,110001069,"18","5910","2",NA,NA,1,"D",1,NA,"X",NA,NA,NA,NA
332616,1100332616,110068161,110001069,"18","5910","3",NA,NA,1,"D",1,NA,"X",NA,NA,NA,NA
332617,1100332617,110068161,110001069,"19","5910","A",NA,NA,1,"A",1,NA,"X",NA,NA,NA,NA
332618,1100332618,110068161,110001069,"19","5910","3",NA,NA,1,"A",1,NA,"X",NA,NA,NA,NA
332619,1100332619,110068162,110001069,NA,"5910","A",NA,NA,1,"C",1,NA,"X",NA,NA,NA,NA
332620,1100332620,110068162,110001069,NA,"710","A",NA,NA,1,"E",0,NA,"X",NA,NA,NA,NA
332621,1100332621,110068162,110001069,NA,"6020","1",NA,NA,1,"2",1,NA,"X",NA,NA,NA,NA
332622,1100332622,110068162,110001069,NA,"16540",NA,NA,NA,9,"2",0,NA,"X",NA,NA,NA,NA
332623,1100332623,110068163,110001069,NA,"5910","A",NA,NA,1,"B",1,NA,"X",NA,NA,NA,NA
332624,1100332624,110068163,110001069,NA,"5910","1",NA,NA,1,"B",1,NA,"X",NA,NA,NA,NA
332625,1100332625,110068163,110001069,NA,"5910","2",NA,NA,1,"B",1,NA,"X",NA,NA,NA,NA
332626,1100332626,110068164,110001069,NA,"5910","A",NA,NA,1,"1",1,NA,"X",NA,NA,NA,NA
332627,1100332627,110068165,110001069,NA,"5927","1",NA,NA,1,"E",0,NA,"T",NA,NA,NA,"RA6"
332628,1100332628,110068165,110001069,NA,"6020","A",NA,NA,1,"1",1,NA,"X",NA,NA,NA,NA
332629,1100332629,110068165,110001069,NA,"5920","1",NA,NA,1,"2",1,NA,"X",NA,NA,NA,NA
332630,1100332630,110068165,110001069,NA,"5910","A",NA,NA,1,"B",1,NA,"X",NA,NA,NA,NA
332631,1100332631,110068165,110001069,NA,"15820",NA,NA,NA,10,"1",0,NA,"X",NA,NA,NA,NA
332632,1100332632,110068166,110001069,"20","5926","A",NA,NA,1,"A",1,NA,"X",NA,NA,NA,NA
332633,1100332633,110068166,110001069,"20","5926","1",NA,NA,1,"A",1,NA,"X",NA,NA,NA,NA
332634,1100332634,110068166,110001069,"20","5926","4",NA,NA,1,"A",1,NA,"X",NA,NA,NA,NA
332635,1100332635,110068167,110001069,NA,"5910",NA,NA,NA,2,"1",1,NA,"X",NA,NA,NA,NA
332636,1100332636,110068167,110001069,NA,"5920","2",NA,NA,1,"A",1,NA,"X",NA,NA,NA,NA
332637,1100332637,110068167,110001069,NA,"5910","3",NA,NA,1,"B",1,NA,"X",NA,NA,NA,NA
332638,1100332638,110068167,110001069,NA,"6020","A",NA,NA,3,"A",1,NA,"X",NA,NA,NA,NA
332639,1100332639,110068168,110001069,"21","5910","3",NA,NA,1,"A",1,NA,"X",NA,NA,NA,NA
332640,1100332640,110068168,110001069,"21","5910","1",NA,NA,2,"A",1,NA,"X",NA,NA,NA,NA
332641,1100332641,110068168,110001069,"21","5900","1",NA,NA,1,"A",1,NA,"X",NA,NA,NA,NA
332642,1100332642,110068168,110001069,NA,"5900","2",NA,NA,1,"2",1,NA,"X",NA,NA,NA,NA
332643,1100332643,110068168,110001069,NA,"710","A",NA,NA,2,"2",0,NA,"X",NA,NA,NA,NA
332644,1100332644,110068168,110001069,NA,"5926","A",NA,NA,1,"2",0,NA,"X",NA,NA,NA,NA
332645,1100332645,110068168,110001069,NA,"5920","1",NA,NA,1,"2",0,NA,"X",NA,NA,NA,NA
332646,1100332646,110068169,110001069,NA,"5910","2",NA,NA,1,"2",1,NA,"X",NA,NA,NA,NA
332647,1100332647,110068169,110001069,NA,"5900","1",NA,NA,1,"2",1,NA,"X",NA,NA,NA,NA
332648,1100332648,110068169,110001069,NA,"710","A",NA,NA,2,"2",0,NA,"X",NA,NA,NA,NA
332649,1100332649,110068169,110001069,NA,"5780","A",NA,NA,1,"2",0,NA,"X",NA,NA,NA,NA
332650,1100332650,110068169,110001069,NA,"710","A",NA,NA,1,"2",1,NA,"X",NA,NA,NA,NA
332651,1100332651,110068169,110001069,NA,"15820",NA,NA,NA,2,"1",0,NA,"X",NA,NA,NA,NA
332652,1100332652,110068169,110001069,NA,"5910","2",NA,NA,1,"2",0,NA,"X",NA,NA,NA,NA
332653,1100332653,110068169,110001069,NA,"5780","A",NA,NA,1,"2",0,NA,"X",NA,NA,NA,NA
332654,1100332654,110068170,110001069,"22","6360",NA,NA,NA,4,"A",1,NA,"X",NA,NA,NA,NA
332655,1100332655,110068170,110001069,"22","6020",NA,NA,NA,1,"1",1,"Z","X",NA,NA,NA,NA
332656,1100332656,110068170,110001069,NA,"720",NA,NA,NA,3,"E",0,NA,"T",NA,NA,NA,"CPE1"
332657,1100332657,110068170,110001069,NA,"5910","A",NA,NA,2,"1",1,NA,"X",NA,NA,NA,NA
332658,1100332658,110068170,110001069,NA,"710","A",NA,NA,1,"1",1,NA,"X",NA,NA,NA,NA
332659,1100332659,110068170,110001069,NA,"6020","A",NA,NA,3,"1",0,NA,"X",NA,NA,NA,NA
332660,1100332660,110068170,110001069,NA,"5910","A",NA,NA,1,"1",0,NA,"X",NA,NA,NA,NA
332661,1100332661,110068171,110001069,"23","5920",NA,NA,NA,2,"B",1,NA,"X",NA,NA,NA,NA
332662,1100332662,110068171,110001069,"23","5900",NA,NA,NA,1,"B",1,NA,"X",NA,NA,NA,NA
332663,1100332663,110068171,110001069,"23","5926","A",NA,NA,1,"B",1,NA,"X",NA,NA,NA,NA
332664,1100332664,110068171,110001069,NA,"710","A",NA,NA,1,"2",0,"Z","X",NA,NA,NA,NA
332665,1100332665,110068171,110001069,NA,"5780","A",NA,NA,1,"2",1,"Z","X",NA,NA,NA,NA
332666,1100332666,110068171,110001069,NA,"710","A",NA,NA,1,"2",0,NA,"X",NA,NA,NA,NA
332667,1100332667,110068171,110001069,NA,"5780","A",NA,NA,1,"2",1,NA,"X",NA,NA,NA,NA
332668,1100332668,110068172,110001069,NA,"5927","2",NA,NA,1,"A",1,NA,"X",NA,NA,NA,NA
332669,1100332669,110068172,110001069,NA,"5927","1",NA,NA,1,"1",0,NA,"X",NA,NA,NA,NA
332670,1100332670,110068173,110001069,NA,"5910","A",NA,NA,1,"B",1,NA,"X",NA,NA,NA,NA
332671,1100332671,110068173,110001069,NA,"5910","A",NA,NA,1,"C",1,NA,"X",NA,NA,NA,NA
332672,1100332672,110068173,110001069,NA,"5780","A",NA,NA,1,"2",0,NA,"X",NA,NA,NA,NA
332673,1100332673,110068173,110001069,NA,"6360","A",NA,NA,1,"A",1,"DF","X",NA,NA,NA,NA
332674,1100332674,110068176,110001069,NA,"710","A",NA,NA,1,"2",0,NA,"X",NA,NA,NA,NA
332675,1100332675,110068177,110001069,NA,"5910","A",NA,NA,2,"D",1,"DF","X",NA,NA,NA,NA
332676,1100332676,110068177,110001069,NA,"710","A",NA,NA,1,"2",0,NA,"X",NA,NA,NA,NA
332677,1100332677,110068178,110001069,NA,"6360",NA,NA,NA,3,"C",1,NA,"X",NA,NA,NA,NA
332678,1100332678,110068178,110001069,NA,"710","3",NA,NA,1,"2",0,NA,"X",NA,NA,NA,"EXIT WF"
332679,1100332679,110068179,110001069,NA,"6360",NA,NA,NA,2,"A",1,NA,NA,NA,NA,NA,NA
332680,1100332680,110068179,110001069,NA,"6360",NA,NA,NA,1,"1",0,NA,NA,NA,NA,NA,NA
332681,1100332681,110068179,110001069,NA,"6360",NA,NA,NA,3,"2",1,NA,NA,NA,NA,NA,NA
332682,1100332682,110068180,110001069,NA,"710","A",NA,NA,1,"C",1,NA,NA,NA,NA,NA,NA
332683,1100332683,110068180,110001069,NA,"5900","A",NA,NA,1,"B",1,NA,NA,NA,NA,NA,NA
332684,1100332684,110068180,110001069,NA,"5910",NA,NA,NA,4,"C",1,NA,NA,NA,NA,NA,NA
332685,1100332685,110068180,110001069,NA,"6360",NA,NA,NA,6,"C",1,NA,NA,NA,NA,NA,NA
332686,1100332686,110068180,110001069,NA,"6360",NA,NA,NA,1,"2",0,NA,NA,NA,NA,NA,NA
332687,1100332687,110068180,110001069,NA,"6345",NA,NA,NA,1,"2",0,NA,NA,NA,NA,NA,NA
332688,1100332688,110068181,110001069,NA,"6000","1",NA,NA,1,"1",0,NA,NA,NA,NA,NA,NA
332689,1100332689,110068181,110001069,NA,"6340",NA,"W",NA,1,"C",1,NA,NA,NA,NA,NA,NA
332690,1100332690,110068181,110001069,NA,"5780","A",NA,NA,1,"1",1,NA,NA,NA,NA,NA,NA
332691,1100332691,110068182,110001069,"24","6360",NA,NA,NA,8,"E",0,NA,NA,NA,NA,NA,NA
332692,1100332692,110068182,110001069,"24","5780",NA,NA,NA,6,"E",0,"Z",NA,NA,NA,NA,NA
332693,1100332693,110068182,110001069,NA,"6360",NA,NA,NA,10,"D",1,NA,NA,NA,NA,NA,NA
332694,1100332694,110068183,110001069,NA,"5780","A",NA,NA,1,"2",0,NA,NA,NA,NA,NA,NA
332695,1100332695,110068183,110001069,NA,"710","A",NA,NA,1,"D",1,NA,NA,NA,NA,NA,NA
332696,1100332696,110068183,110001069,NA,"6020","A",NA,NA,1,"2",0,NA,NA,NA,NA,NA,NA
332697,1100332697,110068184,110001069,NA,"6000","A",NA,NA,1,"2",0,NA,NA,NA,NA,NA,NA
332698,1100332698,110068184,110001069,NA,"5910","A",NA,NA,1,"2",0,NA,NA,NA,NA,NA,NA
332699,1100332699,110068184,110001069,NA,"6360",NA,NA,NA,1,"2",0,NA,NA,NA,NA,NA,NA
332700,1100332700,110068186,110001069,NA,"5780","A",NA,NA,1,"2",1,NA,NA,NA,NA,NA,NA
332701,1100332701,110068186,110001069,NA,"63510",NA,NA,NA,2,"B",1,NA,NA,NA,NA,NA,NA
332702,1100332702,110068187,110001069,NA,"710","A",NA,NA,1,"B",1,"DF",NA,NA,NA,NA,NA
332703,1100332703,110068187,110001069,NA,"6360",NA,NA,NA,3,"2",0,NA,NA,NA,NA,NA,NA
332704,1100332704,110068188,110001069,NA,"5780","A",NA,NA,1,"2",1,NA,NA,NA,NA,NA,NA
332705,1100332705,110068189,110001069,"25","710",NA,NA,NA,10,"U",1,NA,NA,NA,NA,NA,NA
332706,1100332706,110068189,110001069,"25","5910",NA,NA,NA,30,"U",1,NA,NA,NA,NA,NA,NA
332707,1100332707,110068189,110001069,"25","5920",NA,NA,NA,5,"U",1,NA,NA,NA,NA,NA,NA
332708,1100332708,110068189,110001069,"25","6000",NA,NA,NA,5,"U",1,NA,NA,NA,NA,NA,NA
332709,1100332709,110068190,110001069,"26","5910",NA,NA,NA,250,"U",0,NA,NA,NA,NA,NA,NA
332710,1100332710,110068190,110001069,"26","6000",NA,NA,NA,50,"U",0,NA,NA,NA,NA,NA,NA
332711,1100332711,110068190,110001069,"26","5920",NA,NA,NA,10,"U",0,NA,NA,NA,NA,NA,NA
332712,1100332712,110068190,110001069,"26","5926",NA,NA,NA,6,"U",0,NA,NA,NA,NA,NA,NA
332713,1100332713,110068190,110001069,"26","5927",NA,NA,NA,2,"U",0,NA,NA,NA,NA,NA,NA
332714,1100332714,110068190,110001069,"26","710",NA,NA,NA,45,"U",0,NA,NA,NA,NA,NA,NA
332715,1100332715,110068190,110001069,"26","5900",NA,NA,NA,2,"U",0,NA,NA,NA,NA,NA,NA
332716,1100332716,110068190,110001069,NA,"5910",NA,NA,NA,1,"2",1,NA,NA,NA,NA,NA,NA
332717,1100332717,110068191,110001069,"27","5910","1",NA,NA,1,"2",1,NA,NA,NA,NA,NA,NA
332718,1100332718,110068191,110001069,"27","5910","2",NA,NA,1,"2",1,NA,NA,NA,NA,NA,NA
332719,1100332719,110068191,110001069,NA,"5780","A",NA,NA,1,"2",1,NA,NA,NA,NA,NA,NA
332720,1100332720,110068192,110001069,NA,"5910","1",NA,NA,3,"1",1,NA,NA,NA,NA,NA,NA
332721,1100332721,110068192,110001069,NA,"6000","1",NA,NA,1,"1",1,NA,NA,NA,NA,NA,NA
332722,1100332722,110068192,110001069,NA,"5780","A",NA,NA,1,"2",0,NA,NA,NA,NA,NA,NA
332723,1100332723,110068192,110001069,NA,"6000","1",NA,NA,1,"2",0,NA,NA,NA,NA,NA,NA
332724,1100332724,110068193,110001069,NA,"6020","A",NA,NA,1,"2",1,NA,NA,NA,NA,NA,NA
332725,1100332725,110068193,110001069,NA,"710","A",NA,NA,1,"1",1,NA,NA,NA,NA,NA,NA
332726,1100332726,110068193,110001069,NA,"5920","3",NA,NA,1,"2",1,NA,NA,NA,NA,NA,NA
332727,1100332727,110068193,110001069,NA,"5910","A",NA,NA,1,"2",1,NA,NA,NA,NA,NA,NA
332728,1100332728,110068193,110001069,NA,"6000","1",NA,NA,1,"2",1,NA,NA,NA,NA,NA,NA
332729,1100332729,110068194,110001069,NA,"5910","A",NA,NA,3,"2",0,NA,NA,NA,NA,NA,NA
332730,1100332730,110068194,110001069,NA,"5910","A",NA,NA,1,"A",1,NA,NA,NA,NA,NA,NA
332731,1100332731,110068194,110001069,NA,"5920","3",NA,NA,1,"A",1,NA,NA,NA,NA,NA,NA
332732,1100332732,110068194,110001069,NA,"6000","1",NA,NA,1,"A",1,NA,NA,NA,NA,NA,NA
332733,1100332733,110068194,110001069,NA,"710",NA,NA,NA,1,"D",1,NA,NA,NA,NA,NA,NA
332734,1100332734,110068194,110001069,NA,"5910","2",NA,NA,1,"A",1,"DF",NA,NA,NA,NA,NA
332735,1100332735,110068194,110001069,NA,"5910","A",NA,NA,1,"A",1,"DF",NA,NA,NA,NA,NA
332736,1100332736,110068195,110001069,NA,"6000","A",NA,NA,1,"C",1,NA,NA,NA,NA,NA,NA
332737,1100332737,110068195,110001069,NA,"5926","2",NA,NA,1,"C",1,NA,NA,NA,NA,NA,NA
332738,1100332738,110068195,110001069,NA,"710","A",NA,NA,1,"C",1,NA,NA,NA,NA,NA,NA
332739,1100332739,110068195,110001069,NA,"710","A",NA,NA,4,"E",0,NA,NA,NA,NA,NA,NA
332740,1100332740,110068195,110001069,NA,"6020","1",NA,NA,1,"2",0,NA,NA,NA,NA,NA,NA
332741,1100332741,110068196,110001069,NA,"710","A",NA,NA,1,"1",1,NA,NA,NA,NA,NA,NA
332742,1100332742,110068196,110001069,NA,"6000","2",NA,NA,1,"1",1,NA,NA,NA,NA,NA,NA
332743,1100332743,110068196,110001069,NA,"6000","1",NA,NA,1,"2",1,NA,NA,NA,NA,NA,NA
332744,1100332744,110068196,110001069,NA,"710","A",NA,NA,1,"C",1,NA,NA,NA,NA,NA,NA
332745,1100332745,110068196,110001069,NA,"710","A",NA,NA,1,"C",1,NA,NA,NA,NA,NA,NA
332746,1100332746,110068196,110001069,NA,"5690",NA,NA,NA,1,"D",1,NA,NA,NA,NA,NA,NA
332747,1100332747,110068197,110001069,"28","5910","2",NA,NA,1,"1",0,NA,NA,NA,NA,NA,NA
332748,1100332748,110068197,110001069,"28","5910","2",NA,NA,1,"1",1,NA,NA,NA,NA,NA,NA
332749,1100332749,110068197,110001069,"29","710","A",NA,NA,2,"C",1,NA,NA,NA,NA,NA,NA
332750,1100332750,110068197,110001069,"29","710","3",NA,NA,1,"C",1,NA,NA,NA,NA,NA,NA
332751,1100332751,110068197,110001069,NA,"6000","1",NA,NA,1,"1",0,NA,NA,NA,NA,NA,NA
332752,1100332752,110068197,110001069,NA,"6000","1",NA,NA,1,"1",0,NA,NA,NA,NA,NA,NA
332753,1100332753,110068197,110001069,NA,"6020","A",NA,NA,1,"1",0,NA,NA,NA,NA,NA,NA
332754,1100332754,110068198,110001069,"30","710","A",NA,NA,1,"2",1,NA,NA,NA,NA,NA,NA
332755,1100332755,110068198,110001069,"30","710","4",NA,NA,1,"2",1,NA,NA,NA,NA,NA,NA
332756,1100332756,110068198,110001069,NA,"710","3",NA,NA,1,"1",0,NA,NA,NA,NA,NA,NA
332757,1100332757,110068198,110001069,NA,"710","A",NA,NA,1,"C",1,NA,NA,NA,NA,NA,NA
332758,1100332758,110068198,110001069,NA,"6020","A",NA,NA,1,"1",0,NA,NA,NA,NA,NA,NA
332759,1100332759,110068199,110001069,"31","710","A",NA,NA,2,"2",1,NA,NA,NA,NA,NA,NA
332760,1100332760,110068199,110001069,"31","710","4",NA,NA,1,"2",1,NA,NA,NA,NA,NA,NA
332761,1100332761,110068199,110001069,NA,"710","A",NA,NA,1,"B",1,"DF",NA,NA,NA,NA,NA
332762,1100332762,110068199,110001069,NA,"710","2",NA,NA,1,"2",1,NA,NA,NA,NA,NA,NA
332763,1100332763,110068200,110001069,NA,"5910","A",NA,NA,1,"1",1,NA,NA,NA,NA,NA,NA
332764,1100332764,110068200,110001069,NA,"710","A",NA,NA,2,"B",1,NA,NA,NA,NA,NA,NA
332765,1100332765,110068200,110001069,NA,"5910","2",NA,NA,1,"1",1,NA,NA,NA,NA,NA,NA
332766,1100332766,110068200,110001069,NA,"6000","1",NA,NA,1,"A",1,NA,NA,NA,NA,NA,NA
332767,1100332767,110068201,110001069,NA,"6020","1",NA,NA,1,"1",0,NA,NA,NA,NA,NA,NA
332768,1100332768,110068201,110001069,NA,"710",NA,NA,NA,6,"B",1,NA,NA,NA,NA,NA,NA
332769,1100332769,110068201,110001069,NA,"710","A",NA,NA,1,"1",0,NA,NA,NA,NA,NA,NA
332770,1100332770,110068201,110001069,NA,"6000","1",NA,NA,1,"1",0,NA,NA,NA,NA,NA,NA
332771,1100332771,110068201,110001069,NA,"5927","2",NA,NA,1,"1",0,NA,NA,NA,NA,NA,NA
332772,1100332772,110068201,110001069,NA,"5910","2",NA,NA,1,"2",0,NA,NA,NA,NA,NA,NA
332773,1100332773,110068201,110001069,NA,"710","A",NA,NA,1,"D",1,NA,NA,NA,NA,NA,NA
332774,1100332774,110068201,110001069,NA,"710","A",NA,NA,3,"C",1,NA,NA,NA,NA,NA,NA
332775,1100332775,110068203,110001069,"32","5910","1",NA,NA,1,"1",1,NA,NA,NA,NA,NA,NA
332776,1100332776,110068203,110001069,"32","5910","2",NA,NA,1,"1",1,NA,NA,NA,NA,NA,NA
332777,1100332777,110068203,110001069,NA,"710","A",NA,NA,2,"2",1,NA,NA,NA,NA,NA,NA
332778,1100332778,110068203,110001069,NA,"5910","A",NA,NA,1,"2",1,NA,NA,NA,NA,NA,NA
332779,1100332779,110068203,110001069,NA,"710","3",NA,NA,1,"1",0,NA,NA,NA,NA,NA,NA
332780,1100332780,110068203,110001069,NA,"710","A",NA,NA,2,"2",0,NA,NA,NA,NA,NA,NA
332781,1100332781,110068204,110001069,NA,"710","A",NA,NA,1,"1",1,NA,NA,NA,NA,NA,NA
332782,1100332782,110068204,110001069,NA,"6020","A",NA,NA,1,"2",1,NA,NA,NA,NA,NA,NA
332783,1100332783,110068204,110001069,NA,"5910","A",NA,NA,1,"2",1,NA,NA,NA,NA,NA,NA
332784,1100332784,110068204,110001069,NA,"710","A",NA,NA,1,"2",1,NA,NA,NA,NA,NA,NA
332785,1100332785,110068205,110001069,NA,"710","A",NA,NA,2,"1",1,NA,NA,NA,NA,NA,NA
332786,1100332786,110068205,110001069,NA,"710","A",NA,NA,1,"2",0,NA,NA,NA,NA,NA,NA
332787,1100332787,110068205,110001069,NA,"710",NA,NA,NA,4,"1",0,NA,NA,NA,NA,NA,NA
332788,1100332788,110068205,110001069,NA,"710","A",NA,NA,1,"A",1,NA,NA,NA,NA,NA,NA
332789,1100332789,110068205,110001069,NA,"5910","2",NA,NA,1,"1",1,NA,NA,NA,NA,NA,NA
332790,1100332790,110068206,110001069,NA,"710","A",NA,NA,1,"E",0,NA,NA,NA,NA,NA,NA
332791,1100332791,110068207,110001069,NA,"6020","A",NA,NA,1,"1",0,NA,NA,NA,NA,NA,NA
332792,1100332792,110068207,110001069,NA,"6020","1",NA,NA,1,"1",0,NA,NA,NA,NA,NA,NA
332793,1100332793,110068207,110001069,NA,"6020","A",NA,NA,1,"1",0,NA,NA,NA,NA,NA,NA
332794,1100332794,110068207,110001069,NA,"5910","1",NA,NA,1,"2",1,NA,NA,NA,NA,NA,NA
332795,1100332795,110068207,110001069,NA,"710","A",NA,NA,1,"2",1,NA,NA,NA,NA,NA,NA
332796,1100332796,110068207,110001069,NA,"710","A",NA,NA,3,"B",1,NA,NA,NA,NA,NA,NA
332797,1100332797,110068208,110001069,NA,"710","3",NA,NA,2,"2",1,NA,NA,NA,NA,NA,NA
332798,1100332798,110068208,110001069,NA,"710","A",NA,NA,2,"2",1,NA,NA,NA,NA,NA,NA
332799,1100332799,110068208,110001069,NA,"5690",NA,NA,NA,1,"2",0,NA,NA,NA,NA,NA,NA
332800,1100332800,110068208,110001069,NA,"5910","3",NA,NA,1,"2",0,NA,NA,NA,NA,NA,NA
332801,1100332801,110068209,110001069,NA,"710","A",NA,NA,1,"C",1,"DF",NA,NA,NA,NA,NA
332802,1100332802,110068209,110001069,NA,"710","A",NA,NA,1,"C",1,NA,NA,NA,NA,NA,NA
332803,1100332803,110068209,110001069,NA,"6020","1",NA,NA,2,"2",0,NA,NA,NA,NA,NA,NA
332804,1100332804,110068209,110001069,NA,"5910","A",NA,NA,1,"1",0,NA,NA,NA,NA,NA,NA
332805,1100332805,110068209,110001069,NA,"710","A",NA,NA,1,"1",0,NA,NA,NA,NA,NA,NA
332806,1100332806,110068210,110001069,NA,"710","A",NA,NA,3,"C",1,NA,NA,NA,NA,NA,NA
332807,1100332807,110068210,110001069,NA,"710","2",NA,NA,1,"2",0,NA,NA,NA,NA,NA,NA
332808,1100332808,110068210,110001069,NA,"6020","A",NA,NA,1,"2",0,NA,NA,NA,NA,NA,NA
332809,1100332809,110068211,110001069,NA,"6020","A",NA,NA,1,"1",1,NA,NA,NA,NA,NA,NA
332810,1100332810,110068211,110001069,NA,"6020","1",NA,NA,2,"1",1,NA,NA,NA,NA,NA,NA
332811,1100332811,110068212,110001069,NA,"710","A",NA,NA,1,"1",1,NA,NA,NA,NA,NA,NA
332812,1100332812,110068212,110001069,NA,"6020","1",NA,NA,1,"2",1,NA,NA,NA,NA,NA,NA
332813,1100332813,110068212,110001069,NA,"710","3",NA,NA,1,"1",1,NA,NA,NA,NA,NA,NA
332814,1100332814,110068212,110001069,NA,"710","A",NA,NA,1,"2",0,NA,NA,NA,NA,NA,NA
332815,1100332815,110068212,110001069,NA,"710","A",NA,NA,6,"C",1,NA,NA,NA,NA,NA,NA
332816,1100332816,110068212,110001069,NA,"710","A",NA,NA,1,"2",1,NA,NA,NA,NA,NA,NA
332817,1100332817,110068212,110001069,NA,"710","3",NA,NA,1,"2",0,NA,NA,NA,NA,NA,NA
332818,1100332818,110068213,110001069,NA,"710","4",NA,NA,1,"2",1,NA,NA,NA,NA,NA,NA
332819,1100332819,110068213,110001069,NA,"710","A",NA,NA,1,"2",0,NA,NA,NA,NA,NA,NA
332820,1100332820,110068213,110001069,NA,"6000","3",NA,NA,1,"1",0,NA,NA,NA,NA,NA,NA
332821,1100332821,110068213,110001069,NA,"710","A",NA,NA,1,"1",0,NA,NA,NA,NA,NA,NA
332822,1100332822,110068214,110001069,NA,"710","4",NA,NA,1,"2",1,NA,NA,NA,NA,NA,NA
332823,1100332823,110068214,110001069,NA,"6000","2",NA,NA,1,"2",0,NA,NA,NA,NA,NA,NA
332824,1100332824,110068220,110001069,NA,"6020","1",NA,NA,1,"2",0,NA,NA,NA,NA,NA,NA
332825,1100332825,110068220,110001069,NA,"710","A",NA,NA,1,"E",0,NA,NA,NA,NA,NA,NA
332826,1100332826,110068220,110001069,NA,"6020","A",NA,NA,1,"1",0,NA,NA,NA,NA,NA,NA
332827,1100332827,110068220,110001069,NA,"6020","1",NA,NA,1,"1",1,NA,NA,NA,NA,NA,NA
332828,1100332828,110068221,110001069,NA,"6020","1",NA,NA,1,"2",0,NA,NA,NA,NA,NA,NA
332829,1100332829,110068221,110001069,NA,"710","A",NA,NA,1,"2",0,NA,NA,NA,NA,NA,NA
332830,1100332830,110068221,110001069,NA,"710","A",NA,NA,1,"B",1,"DF",NA,NA,NA,NA,NA
332831,1100332831,110068222,110001069,NA,"710","A",NA,NA,2,"B",1,"DF",NA,NA,NA,NA,NA
332832,1100332832,110068222,110001069,NA,"710","A",NA,NA,1,"A",1,"DF",NA,NA,NA,NA,NA
332833,1100332833,110068224,110001069,NA,"710","A",NA,NA,1,"E",0,NA,NA,NA,NA,NA,NA
332834,1100332834,110068224,110001069,NA,"710","A",NA,NA,1,"2",0,NA,NA,NA,NA,NA,NA
332835,1100332835,110068224,110001069,NA,"6345",NA,"W",NA,2,"E",0,NA,NA,NA,NA,NA,NA
332836,1100332836,110068225,110001069,NA,"710","A",NA,NA,2,"E",0,NA,NA,NA,NA,NA,NA
332837,1100332837,110068228,110001069,NA,"710","A",NA,NA,1,"2",0,NA,NA,NA,NA,NA,NA
332838,1100332838,110068228,110001069,NA,"710","A",NA,NA,1,"2",1,NA,NA,NA,NA,NA,NA
332839,1100332839,110068228,110001069,NA,"6340",NA,"W",NA,1,"C",1,NA,NA,NA,NA,NA,NA
332840,1100332840,110068228,110001069,NA,"6020","A",NA,NA,1,"2",0,NA,NA,NA,NA,NA,NA
332841,1100332841,110068230,110001069,"33","6360",NA,"W",NA,2,"B",1,NA,NA,NA,NA,NA,NA
332842,1100332842,110068230,110001069,"33","6020","A",NA,NA,2,"B",1,NA,NA,NA,NA,NA,NA
332843,1100332843,110068230,110001069,"33","6020","1",NA,NA,1,"B",1,NA,NA,NA,NA,NA,NA
332844,1100332844,110068230,110001069,"33","5780","A",NA,NA,1,"B",1,NA,NA,NA,NA,NA,NA
332845,1100332845,110068232,110001069,NA,"710","A",NA,NA,1,"2",0,NA,NA,NA,NA,NA,NA
332846,1100332846,110068232,110001069,NA,"6020","A",NA,NA,1,"2",0,NA,NA,NA,NA,NA,NA
332847,1100332847,110068232,110001069,NA,"6020","A",NA,NA,1,"2",1,NA,NA,NA,NA,NA,NA
332848,1100332848,110068233,110001069,NA,"6020","A",NA,NA,1,"D",1,"DF",NA,NA,NA,NA,NA
332849,1100332849,110068234,110001069,NA,"1680",NA,NA,NA,1,"3",0,NA,NA,NA,NA,NA,NA
332850,1100332850,110068235,110001069,NA,"5910",NA,NA,NA,1,"1",0,NA,NA,NA,NA,NA,NA
332851,1100332851,110068235,110001069,NA,"710","4",NA,NA,1,"2",0,NA,NA,NA,NA,NA,NA
332852,1100332852,110068235,110001069,NA,"710","A",NA,NA,1,"1",0,NA,NA,NA,NA,NA,NA
332853,1100332853,110068236,110001069,NA,"710","A",NA,NA,1,"2",1,NA,NA,NA,NA,NA,NA
332854,1100332854,110068236,110001069,NA,"710","A",NA,NA,1,"2",0,NA,NA,NA,NA,NA,NA
332855,1100332855,110068237,110001069,"34","6360",NA,NA,NA,3,"E",0,NA,NA,NA,NA,NA,NA
332856,1100332856,110068237,110001069,"34","5780","A",NA,NA,2,"2",0,"Z",NA,NA,NA,NA,NA
332857,1100332857,110068237,110001069,"34","6020","A",NA,NA,2,"2",0,"Z",NA,NA,NA,NA,NA
332858,1100332858,110068237,110001069,NA,"710","A",NA,NA,1,"2",0,NA,NA,NA,NA,NA,NA
332859,1100332859,110068238,110001069,NA,"5780","A",NA,NA,1,"2",1,NA,NA,NA,NA,NA,NA
332860,1100332860,110068239,110001069,NA,"710","A",NA,NA,1,"2",0,NA,NA,NA,NA,NA,NA
332861,1100332861,110068241,110001069,NA,"6020","A",NA,NA,1,"1",1,NA,NA,NA,NA,NA,NA
332862,1100332862,110068241,110001069,NA,"6020","1",NA,NA,1,"2",1,NA,NA,NA,NA,NA,NA
332863,1100332863,110068242,110001069,NA,"720",NA,NA,NA,1,"2",0,NA,NA,NA,NA,NA,NA
332864,1100332864,110068243,110001069,NA,"710","A",NA,NA,1,"2",0,NA,NA,NA,NA,NA,NA
332865,1100332865,110068243,110001069,NA,"710","A",NA,NA,1,"E",0,NA,NA,NA,NA,NA,NA
332866,1100332866,110068243,110001069,NA,"710","A",NA,NA,1,"2",0,NA,NA,NA,NA,NA,NA
332867,1100332867,110068244,110001069,NA,"710","A",NA,NA,1,"2",0,NA,NA,NA,NA,NA,NA
332868,1100332868,110068245,110001069,"35","5780","A",NA,NA,2,"2",1,NA,NA,NA,NA,NA,NA
332869,1100332869,110068245,110001069,"35","5780","1",NA,NA,1,"2",1,NA,NA,NA,NA,NA,NA
332870,1100332870,110068245,110001069,"35","6360",NA,NA,NA,10,"C",1,NA,NA,NA,NA,NA,NA
332871,1100332871,110068247,110001069,NA,"6360",NA,NA,NA,4,"D",1,NA,NA,NA,NA,NA,NA
332872,1100332872,110068247,110001069,NA,"6360",NA,NA,NA,2,"D",1,NA,NA,NA,NA,NA,NA
332873,1100332873,110068249,110001069,NA,"710","A",NA,NA,1,"2",0,NA,NA,NA,NA,NA,NA
332874,1100332874,110068251,110001069,NA,"6020","1",NA,NA,1,"2",0,NA,NA,NA,NA,NA,NA
332875,1100332875,110068251,110001069,NA,"6345",NA,"W",NA,1,"E",0,NA,NA,NA,NA,NA,NA
332876,1100332876,110068251,110001069,NA,"710","A",NA,NA,1,"2",0,"Z",NA,NA,NA,NA,NA
332877,1100332877,110068251,110001069,NA,"6020","1",NA,NA,1,"2",0,NA,NA,NA,NA,NA,NA
332878,1100332878,110068251,110001069,NA,"6345",NA,NA,NA,2,"E",0,NA,NA,NA,NA,NA,NA
332879,1100332879,110068252,110001069,NA,"6360",NA,NA,NA,1,"E",0,NA,NA,NA,NA,NA,NA
332880,1100332880,110068252,110001069,NA,"6360",NA,NA,NA,1,"D",1,NA,NA,NA,NA,NA,NA
332881,1100332881,110068253,110001069,NA,"5690",NA,NA,NA,1,"2",0,NA,NA,NA,NA,NA,NA
332882,1100332882,110068253,110001069,NA,"710","A",NA,NA,1,"1",0,NA,NA,NA,NA,NA,NA
332883,1100332883,110068253,110001069,NA,"710",NA,NA,NA,1,"2",0,NA,NA,NA,NA,NA,NA
332884,1100332884,110068254,110001069,NA,"6340",NA,"W",NA,2,"1",0,NA,NA,NA,NA,NA,NA
332885,1100332885,110068254,110001069,NA,"710","A",NA,NA,1,"E",0,NA,NA,NA,NA,NA,NA
332886,1100332886,110068256,110001069,NA,"710","A",NA,NA,1,"1",0,NA,NA,NA,NA,NA,NA
332887,1100332887,110068258,110001069,NA,"1680",NA,NA,NA,12,"3",0,NA,NA,NA,NA,NA,NA
332888,1100332888,110068259,110001069,NA,"6340",NA,"W",NA,1,"2",1,NA,NA,NA,NA,NA,NA
332889,1100332889,110068259,110001069,NA,"5780","A",NA,NA,1,"2",0,NA,NA,NA,NA,NA,NA
332890,1100332890,110068260,110001069,NA,"710","A",NA,NA,1,"E",0,NA,NA,NA,NA,NA,NA
332891,1100332891,110068260,110001069,NA,"710","A",NA,NA,1,"E",0,NA,NA,NA,NA,NA,NA
332892,1100332892,110068260,110001069,NA,"710","A",NA,NA,1,"2",0,NA,NA,NA,NA,NA,NA
332893,1100332893,110068261,110001069,NA,"5780","1",NA,NA,1,"2",0,NA,NA,NA,NA,NA,NA
332894,1100332894,110068261,110001069,NA,"710","A",NA,NA,1,"E",0,NA,NA,NA,NA,NA,NA
332895,1100332895,110068261,110001069,NA,"710","A",NA,NA,1,"2",0,NA,NA,NA,NA,NA,NA
332896,1100332896,110068261,110001069,NA,"710","A",NA,NA,3,"2",0,NA,NA,NA,NA,NA,NA
332897,1100332897,110068263,110001069,NA,"5920","A",NA,NA,1,"E",0,NA,NA,NA,NA,NA,NA
332898,1100332898,110068264,110001069,NA,"710","2",NA,NA,1,"D",1,NA,NA,NA,NA,NA,NA
332899,1100332899,110068264,110001069,NA,"710","A",NA,NA,1,"2",0,NA,NA,NA,NA,NA,NA
332900,1100332900,110068265,110001069,NA,"5910","A",NA,NA,1,"2",1,NA,NA,NA,NA,NA,NA
332901,1100332901,110068266,110001069,NA,"710","A",NA,NA,1,"E",0,NA,NA,NA,NA,NA,NA
332902,1100332902,110068267,110001069,NA,"710","A",NA,NA,1,"B",1,"DF",NA,NA,NA,NA,NA
332903,1100332903,110068267,110001069,NA,"710","A",NA,NA,1,"2",0,NA,NA,NA,NA,NA,NA
332904,1100332904,110068268,110001069,NA,"710","A",NA,NA,1,"2",1,NA,NA,NA,NA,NA,NA
332905,1100332905,110068268,110001069,NA,"710","A",NA,NA,1,"2",0,NA,NA,NA,NA,NA,NA
332906,1100332906,110068268,110001069,NA,"710","A",NA,NA,2,"E",0,NA,NA,NA,NA,NA,NA
332907,1100332907,110068269,110001069,NA,"5900","A",NA,NA,1,"2",0,NA,NA,NA,NA,NA,NA
332908,1100332908,110068269,110001069,NA,"710","A",NA,NA,1,"2",0,NA,NA,NA,NA,NA,NA
332909,1100332909,110068269,110001069,NA,"710","A",NA,NA,1,"2",1,NA,NA,NA,NA,NA,NA
332910,1100332910,110068269,110001069,NA,"710","1",NA,NA,1,"2",0,NA,NA,NA,NA,NA,NA
332911,1100332911,110068270,110001069,NA,"5910","A",NA,NA,1,"2",1,NA,NA,NA,NA,NA,NA
332912,1100332912,110068270,110001069,NA,"5910","A",NA,NA,1,"2",1,NA,NA,NA,NA,NA,NA
332913,1100332913,110068271,110001069,NA,"710","A",NA,NA,1,"A",1,"DF",NA,NA,NA,NA,NA
332914,1100332914,110068272,110001069,NA,"5690",NA,NA,NA,1,"2",0,NA,NA,NA,NA,NA,NA
332915,1100332915,110068272,110001069,NA,"710","A",NA,NA,2,"A",1,NA,NA,NA,NA,NA,NA
332916,1100332916,110068273,110001069,NA,"5910","1",NA,NA,1,"1",0,NA,NA,NA,NA,NA,NA
332917,1100332917,110068273,110001069,NA,"5920","A",NA,NA,1,"2",1,NA,NA,NA,NA,NA,NA
332918,1100332918,110068274,110001069,NA,"710",NA,NA,NA,1,"2",0,NA,NA,NA,NA,NA,NA
332919,1100332919,110068274,110001069,NA,"710","A",NA,NA,3,"E",0,NA,NA,NA,NA,NA,NA
332920,1100332920,110068274,110001069,NA,"710","A",NA,NA,1,"2",1,NA,NA,NA,NA,NA,NA
332921,1100332921,110068274,110001069,NA,"710","A",NA,NA,1,"1",1,NA,NA,NA,NA,NA,NA
332922,1100332922,110068275,110001069,NA,"710","A",NA,NA,1,"2",0,NA,NA,NA,NA,NA,NA
332923,1100332923,110068275,110001069,NA,"710","3",NA,NA,1,"C",1,NA,NA,NA,NA,NA,NA
332924,1100332924,110068275,110001069,NA,"710","A",NA,NA,1,"1",0,NA,NA,NA,NA,NA,NA
332925,1100332925,110068276,110001069,NA,"710","A",NA,NA,1,"2",1,NA,NA,NA,NA,NA,NA
332926,1100332926,110068276,110001069,NA,"710","A",NA,NA,1,"1",1,NA,NA,NA,NA,NA,NA
332927,1100332927,110068277,110001069,NA,"5910","1",NA,NA,1,"2",0,NA,NA,NA,NA,NA,NA
332928,1100332928,110068278,110001069,NA,"710","A",NA,NA,1,"1",0,NA,NA,NA,NA,NA,NA
332929,1100332929,110068279,110001069,NA,"5910","1",NA,NA,1,"1",1,NA,NA,NA,NA,NA,NA
332930,1100332930,110068279,110001069,NA,"710","A",NA,NA,1,"2",0,NA,NA,NA,NA,NA,NA
332931,1100332931,110068281,110001069,NA,"5690",NA,NA,NA,1,"2",0,NA,NA,NA,NA,NA,NA
332932,1100332932,110068282,110001069,NA,"5910","A",NA,NA,1,"1",1,NA,NA,NA,NA,NA,NA
332933,1100332933,110068282,110001069,NA,"5910","1",NA,NA,1,"2",0,NA,NA,NA,NA,NA,NA
332934,1100332934,110068283,110001069,NA,"5690",NA,NA,NA,1,"2",0,NA,NA,NA,NA,NA,NA
332935,1100332935,110068283,110001069,NA,"710","A",NA,NA,1,"B",1,"DF",NA,NA,NA,NA,NA
332936,1100332936,110068283,110001069,NA,"5910",NA,NA,NA,10,"2",1,NA,NA,NA,NA,NA,NA
332937,1100332937,110068283,110001069,NA,"5927","2",NA,NA,1,"B",1,NA,NA,NA,NA,NA,NA
332938,1100332938,110068283,110001069,NA,"710","A",NA,NA,2,"B",1,NA,NA,NA,NA,NA,NA
332939,1100332939,110068283,110001069,NA,"6000","1",NA,NA,1,"B",1,NA,NA,NA,NA,NA,NA
332940,1100332940,110068284,110001069,"36","5910","A",NA,NA,1,"C",1,NA,NA,NA,NA,NA,NA
332941,1100332941,110068284,110001069,"36","5910","2",NA,NA,1,"C",1,NA,NA,NA,NA,NA,NA
332942,1100332942,110068284,110001069,NA,"710","A",NA,NA,1,"A",1,NA,NA,NA,NA,NA,NA
332943,1100332943,110068284,110001069,NA,"710","2",NA,NA,1,"1",1,NA,NA,NA,NA,NA,NA
332944,1100332944,110068284,110001069,NA,"710","A",NA,NA,1,"2",1,NA,NA,NA,NA,NA,NA
332945,1100332945,110068284,110001069,NA,"5910","1",NA,NA,1,"2",0,NA,NA,NA,NA,NA,NA
332946,1100332946,110068285,110001069,NA,"710","A",NA,NA,1,"B",1,NA,NA,NA,NA,NA,NA
332947,1100332947,110068285,110001069,NA,"5927","1",NA,NA,1,"1",0,NA,NA,NA,NA,NA,NA
332948,1100332948,110068285,110001069,NA,"6000","1",NA,NA,1,"1",0,NA,NA,NA,NA,NA,NA
332949,1100332949,110068285,110001069,NA,"6000","1",NA,NA,1,"A",1,"DF",NA,NA,NA,NA,NA
332950,1100332950,110068285,110001069,NA,"5910","2",NA,NA,1,"1",1,NA,NA,NA,NA,NA,NA
332951,1100332951,110068286,110001069,NA,"710","A",NA,NA,1,"2",1,NA,NA,NA,NA,NA,NA
332952,1100332952,110068286,110001069,NA,"6000","1",NA,NA,1,"2",1,NA,NA,NA,NA,NA,NA
332953,1100332953,110068286,110001069,NA,"5910","1",NA,NA,1,"1",0,NA,NA,NA,NA,NA,NA
332954,1100332954,110068286,110001069,NA,"5910","2",NA,NA,1,"1",0,NA,NA,NA,NA,NA,NA
332955,1100332955,110068288,110001069,NA,"5910","1",NA,NA,1,"1",0,NA,NA,NA,NA,NA,NA
332956,1100332956,110068288,110001069,NA,"710","A",NA,NA,6,"2",1,NA,NA,NA,NA,NA,NA
332957,1100332957,110068288,110001069,NA,"9999",NA,NA,NA,1,"E",0,NA,NA,NA,NA,NA,"BEAM TOW 315° 1KM"
332958,1100332958,110068288,110001069,NA,"9999",NA,NA,NA,1,"E",0,NA,NA,NA,NA,NA,"BEAM TOW 45° 1KM"
332959,1100332959,110068288,110001069,NA,"9999",NA,NA,NA,1,"E",0,NA,NA,NA,NA,NA,"SEINER TOW 315° 2KM + MANY MANY BIRDS ASSOCIATED"
332960,1100332960,110068289,110001069,NA,"64320",NA,NA,NA,1,"A",1,NA,NA,NA,NA,NA,NA
332961,1100332961,110068289,110001069,NA,"710","A",NA,NA,3,"2",1,NA,NA,NA,NA,NA,NA
332962,1100332962,110068289,110001069,NA,"710","A",NA,NA,1,"C",1,NA,NA,NA,NA,NA,NA
332963,1100332963,110068289,110001069,NA,"710","A",NA,NA,1,"A",1,NA,NA,NA,NA,NA,NA
332964,1100332964,110068289,110001069,NA,"710","A",NA,NA,1,"A",1,NA,NA,NA,NA,NA,NA
332965,1100332965,110068289,110001069,NA,"5910","A",NA,NA,1,"A",1,NA,NA,NA,NA,NA,NA
332966,1100332966,110068290,110001069,"37","710","A",NA,NA,15,"U",1,NA,NA,NA,NA,NA,NA
332967,1100332967,110068290,110001069,"37","710","1",NA,NA,1,"U",1,NA,NA,NA,NA,NA,NA
332968,1100332968,110068290,110001069,"37","5910",NA,NA,NA,80,"U",1,NA,NA,NA,NA,NA,NA
332969,1100332969,110068290,110001069,"37","6000",NA,NA,NA,6,"U",1,NA,NA,NA,NA,NA,NA
332970,1100332970,110068290,110001069,"37","5927",NA,NA,NA,4,"U",1,NA,NA,NA,NA,NA,NA
332971,1100332971,110068290,110001069,"37","5920",NA,NA,NA,5,"U",1,NA,NA,NA,NA,NA,NA
332972,1100332972,110068290,110001069,NA,"6020","A",NA,NA,1,"A",1,NA,NA,NA,NA,NA,NA
332973,1100332973,110068291,110001069,NA,"5910","2",NA,NA,1,"A",1,NA,NA,NA,NA,NA,NA
332974,1100332974,110068291,110001069,NA,"5910","A",NA,NA,1,"A",1,NA,NA,NA,NA,NA,NA
332975,1100332975,110068291,110001069,NA,"5910",NA,NA,NA,6,"B",1,NA,NA,NA,NA,NA,NA
332976,1100332976,110068291,110001069,NA,"5920",NA,NA,NA,3,"B",1,NA,NA,NA,NA,NA,NA
332977,1100332977,110068292,110001069,"38","5927","A",NA,NA,1,"C",1,NA,NA,NA,NA,NA,NA
332978,1100332978,110068292,110001069,"38","5927","2",NA,NA,1,"C",1,NA,NA,NA,NA,NA,NA
332979,1100332979,110068292,110001069,NA,"710","A",NA,NA,1,"1",1,NA,NA,NA,NA,NA,NA
332980,1100332980,110068292,110001069,NA,"5910","2",NA,NA,1,"1",1,NA,NA,NA,NA,NA,NA
332981,1100332981,110068292,110001069,NA,"710","A",NA,NA,1,"A",1,NA,NA,NA,NA,NA,NA
332982,1100332982,110068292,110001069,NA,"5920",NA,NA,NA,3,"A",1,NA,NA,NA,NA,NA,NA
332983,1100332983,110068292,110001069,NA,"5927","1",NA,NA,1,"A",1,NA,NA,NA,NA,NA,NA
332984,1100332984,110068292,110001069,NA,"5910",NA,NA,NA,12,"A",1,NA,NA,NA,NA,NA,NA
332985,1100332985,110068292,110001069,NA,"5927","3",NA,NA,1,"B",1,NA,NA,NA,NA,NA,NA
332986,1100332986,110068292,110001069,NA,"710","A",NA,NA,4,"B",1,NA,NA,NA,NA,NA,NA
332987,1100332987,110068292,110001069,NA,"710","A",NA,NA,1,"A",1,NA,NA,NA,NA,NA,NA
332988,1100332988,110068292,110001069,NA,"5927","1",NA,NA,1,"C",1,NA,NA,NA,NA,NA,NA
332989,1100332989,110068292,110001069,NA,"5920",NA,NA,NA,2,"C",1,NA,NA,NA,NA,NA,NA
332990,1100332990,110068292,110001069,NA,"5910","A",NA,NA,3,"C",1,NA,NA,NA,NA,NA,NA
332991,1100332991,110068293,110001069,NA,"5910",NA,NA,NA,6,"B",1,NA,NA,NA,NA,NA,NA
332992,1100332992,110068293,110001069,NA,"5927","3",NA,NA,1,"C",1,NA,NA,NA,NA,NA,NA
332993,1100332993,110068293,110001069,NA,"710","A",NA,NA,1,"C",1,NA,NA,NA,NA,NA,NA
332994,1100332994,110068293,110001069,NA,"710","A",NA,NA,1,"B",1,NA,NA,NA,NA,NA,NA
332995,1100332995,110068293,110001069,NA,"6000","A",NA,NA,1,"A",1,NA,NA,NA,NA,NA,NA
332996,1100332996,110068294,110001069,NA,"5926","4",NA,NA,1,"2",0,NA,NA,NA,NA,NA,NA
332997,1100332997,110068295,110001069,"39","710","A",NA,NA,3,"B",1,NA,NA,NA,NA,NA,NA
332998,1100332998,110068295,110001069,"39","710","2",NA,NA,2,"B",1,NA,NA,NA,NA,NA,NA
332999,1100332999,110068295,110001069,NA,"5920","A",NA,NA,1,"1",1,NA,NA,NA,NA,NA,NA
333000,1100333000,110068295,110001069,NA,"710","1",NA,NA,1,"2",0,NA,NA,NA,NA,NA,NA
333001,1100333001,110068297,110001069,NA,"5690",NA,NA,NA,1,"2",0,NA,NA,NA,NA,NA,NA
333002,1100333002,110068297,110001069,NA,"710","A",NA,NA,1,"A",1,NA,NA,NA,NA,NA,NA
333003,1100333003,110068297,110001069,NA,"6020","1",NA,NA,1,"1",0,NA,NA,NA,NA,NA,NA
333004,1100333004,110068298,110001069,NA,"6020","A",NA,NA,2,"1",0,NA,NA,NA,NA,NA,NA
333005,1100333005,110068298,110001069,NA,"6020","1",NA,NA,1,"1",0,NA,NA,NA,NA,NA,NA
333006,1100333006,110068301,110001069,NA,"710","A",NA,NA,2,"B",1,NA,NA,NA,NA,NA,NA
333007,1100333007,110068301,110001069,NA,"710","2",NA,NA,1,"B",1,NA,NA,NA,NA,NA,NA
333008,1100333008,110068301,110001069,NA,"710","A",NA,NA,1,"D",1,NA,NA,NA,NA,NA,NA
333009,1100333009,110068302,110001069,NA,"5910","A",NA,NA,1,"2",0,NA,NA,NA,NA,NA,NA
333010,1100333010,110068303,110001069,NA,"5910","A",NA,NA,1,"2",1,NA,NA,NA,NA,NA,NA
333011,1100333011,110068304,110001070,NA,"5910","1",NA,NA,1,"2",1,NA,NA,NA,NA,NA,NA
333012,1100333012,110068304,110001070,NA,"710","A",NA,NA,1,"2",0,NA,NA,NA,NA,NA,NA
333013,1100333013,110068304,110001070,NA,"5910","2",NA,NA,1,"1",1,NA,NA,NA,NA,NA,NA
333014,1100333014,110068304,110001070,NA,"5920","1",NA,NA,1,"1",0,NA,NA,NA,NA,NA,NA
333015,1100333015,110068304,110001070,NA,"5910","A",NA,NA,1,"1",0,NA,NA,NA,NA,NA,NA
333016,1100333016,110068305,110001070,NA,"5780","A",NA,NA,1,"2",0,NA,NA,NA,NA,NA,NA
333017,1100333017,110068305,110001070,NA,"6360",NA,NA,NA,2,"1",0,NA,NA,NA,NA,NA,NA
333018,1100333018,110068306,110001070,"1","5780","A",NA,NA,2,"2",1,NA,NA,NA,NA,NA,NA
333019,1100333019,110068306,110001070,"1","5780","1",NA,NA,1,"2",1,NA,NA,NA,NA,NA,NA
333020,1100333020,110068306,110001070,NA,"5910","1",NA,NA,1,"1",0,NA,NA,NA,NA,NA,NA
333021,1100333021,110068306,110001070,NA,"6360",NA,NA,NA,5,"U",1,"DF",NA,NA,NA,NA,NA
333022,1100333022,110068306,110001070,NA,"5926","A",NA,NA,1,"2",1,NA,NA,NA,NA,NA,NA
333023,1100333023,110068306,110001070,NA,"15820",NA,NA,NA,220,"2",0,NA,NA,"SW",NA,NA,NA
333024,1100333024,110068306,110001070,NA,"5927","1",NA,NA,1,"1",0,NA,NA,NA,NA,NA,NA
333025,1100333025,110068306,110001070,NA,"6360",NA,NA,NA,4,"B",1,"DF",NA,NA,NA,NA,NA
333026,1100333026,110068306,110001070,NA,"6360",NA,NA,NA,1,"D",1,NA,NA,NA,NA,NA,NA
333027,1100333027,110068307,110001070,NA,"5910","1",NA,NA,1,"2",1,NA,NA,NA,NA,NA,NA
333028,1100333028,110068307,110001070,NA,"5920","1",NA,NA,1,"1",0,NA,NA,NA,NA,NA,NA
333029,1100333029,110068307,110001070,NA,"6000","1",NA,NA,1,"1",0,NA,NA,NA,NA,NA,NA
333030,1100333030,110068307,110001070,NA,"5780","A",NA,NA,2,"2",0,NA,NA,NA,NA,NA,NA
333031,1100333031,110068307,110001070,NA,"15820",NA,NA,NA,15,"2",0,NA,NA,NA,NA,NA,NA
333032,1100333032,110068307,110001070,NA,"6360",NA,NA,NA,1,"B",1,NA,NA,NA,NA,NA,NA
333033,1100333033,110068307,110001070,NA,"710","1",NA,NA,1,"2",1,NA,NA,NA,NA,NA,NA
333034,1100333034,110068308,110001070,NA,"5780","A",NA,NA,1,"2",0,NA,NA,NA,NA,NA,NA
333035,1100333035,110068308,110001070,NA,"6360",NA,NA,NA,5,"E",0,NA,NA,NA,NA,NA,NA
333036,1100333036,110068308,110001070,NA,"5910","A",NA,NA,1,"2",0,NA,NA,NA,NA,NA,NA
333037,1100333037,110068308,110001070,NA,"6360","A","W",NA,1,"2",0,NA,NA,NA,NA,NA,NA
333038,1100333038,110068309,110001070,NA,"6340",NA,"W",NA,1,"1",0,NA,NA,NA,NA,NA,NA
333039,1100333039,110068310,110001070,NA,"6360","A","W",NA,2,"B",1,NA,NA,NA,NA,NA,NA
333040,1100333040,110068310,110001070,NA,"6020","A",NA,NA,1,"1",0,NA,NA,NA,NA,NA,NA
333041,1100333041,110068311,110001070,NA,"6360","A","W",NA,3,"B",1,NA,NA,NA,NA,NA,NA
333042,1100333042,110068311,110001070,NA,"6360",NA,NA,NA,5,"A",1,NA,NA,NA,NA,NA,NA
333043,1100333043,110068311,110001070,NA,"6360","A","W",NA,5,"B",1,NA,NA,NA,NA,NA,NA
333044,1100333044,110068311,110001070,NA,"5910","3",NA,NA,1,"C",1,NA,NA,NA,NA,NA,NA
333045,1100333045,110068311,110001070,NA,"5910","A",NA,NA,1,"2",0,NA,NA,NA,NA,NA,NA
333046,1100333046,110068312,110001070,NA,"6360",NA,NA,NA,4,"2",1,NA,"X",NA,NA,NA,"ENTER WF"
333047,1100333047,110068313,110001070,NA,"5910","3",NA,NA,1,"2",1,NA,"X",NA,NA,NA,NA
333048,1100333048,110068313,110001070,NA,"6360",NA,"W",NA,1,"2",1,NA,"X",NA,NA,NA,NA
333049,1100333049,110068314,110001070,NA,"6360","A","W",NA,2,"2",1,NA,"X",NA,NA,NA,NA
333050,1100333050,110068314,110001070,NA,"5910","4",NA,NA,1,"2",1,NA,"X",NA,NA,NA,NA
333051,1100333051,110068316,110001070,NA,"5910","2",NA,NA,1,"B",1,NA,"X",NA,NA,NA,NA
333052,1100333052,110068316,110001070,NA,"5910","1",NA,NA,1,"2",0,NA,"X",NA,NA,NA,NA
333053,1100333053,110068317,110001070,NA,"5910","A",NA,NA,1,"2",0,NA,"X",NA,NA,NA,NA
333054,1100333054,110068317,110001070,NA,"710","3",NA,NA,1,"2",0,NA,"X",NA,NA,NA,NA
333055,1100333055,110068318,110001070,NA,"5910","A",NA,NA,1,"1",0,NA,"X",NA,NA,NA,NA
333056,1100333056,110068318,110001070,NA,"5910","2",NA,NA,1,"2",0,NA,"X",NA,NA,NA,NA
333057,1100333057,110068318,110001070,NA,"6360","A","W",NA,4,"A",1,"DY","X",NA,NA,NA,NA
333058,1100333058,110068318,110001070,NA,"5910","2",NA,NA,1,"1",0,NA,"X",NA,NA,NA,NA
333059,1100333059,110068319,110001070,NA,"5910","A",NA,NA,1,"2",1,NA,"X",NA,NA,NA,NA
333060,1100333060,110068320,110001070,"2","5910","A",NA,NA,1,"A",1,NA,"X",NA,NA,NA,NA
333061,1100333061,110068320,110001070,"2","5910","1",NA,NA,1,"A",1,NA,"X",NA,NA,NA,NA
333062,1100333062,110068320,110001070,NA,"5910","2",NA,NA,1,"1",1,NA,"X",NA,NA,NA,NA
333063,1100333063,110068320,110001070,NA,"5910","3",NA,NA,1,"2",0,NA,"X",NA,NA,NA,NA
333064,1100333064,110068320,110001070,NA,"6020","A",NA,NA,1,"1",0,NA,"X",NA,NA,NA,NA
333065,1100333065,110068320,110001070,NA,"710","A",NA,NA,2,"2",0,NA,"X",NA,NA,NA,NA
333066,1100333066,110068321,110001070,NA,"5780","A",NA,NA,1,"2",1,NA,"X",NA,NA,NA,NA
333067,1100333067,110068321,110001070,NA,"710","A",NA,NA,1,"2",1,NA,"X",NA,NA,NA,NA
333068,1100333068,110068321,110001070,NA,"5780","A",NA,NA,1,"1",0,NA,"X",NA,NA,NA,NA
333069,1100333069,110068321,110001070,NA,"5910","A",NA,NA,1,"2",1,NA,"X",NA,NA,NA,NA
333070,1100333070,110068321,110001070,NA,"6360",NA,NA,NA,1,"C",1,"DF","X",NA,NA,NA,NA
333071,1100333071,110068321,110001070,NA,"5910","3",NA,NA,1,"1",0,NA,"X",NA,NA,NA,NA
333072,1100333072,110068321,110001070,NA,"710","4",NA,NA,1,"2",0,NA,"X",NA,NA,NA,NA
333073,1100333073,110068322,110001070,NA,"5910","2",NA,NA,1,"2",0,NA,"X",NA,NA,NA,NA
333074,1100333074,110068322,110001070,NA,"710","A",NA,NA,1,"2",1,NA,"X",NA,NA,NA,NA
333075,1100333075,110068323,110001070,NA,"6360",NA,NA,NA,7,"E",0,NA,"X",NA,NA,NA,NA
333076,1100333076,110068323,110001070,NA,"5910","A",NA,NA,1,"2",0,NA,"X",NA,NA,NA,NA
333077,1100333077,110068324,110001070,"3","6000","A",NA,NA,1,"E",0,NA,"T",NA,NA,NA,"G2"
333078,1100333078,110068324,110001070,"3","5920","A",NA,NA,1,"E",0,NA,"T",NA,NA,NA,"G2"
333079,1100333079,110068324,110001070,NA,"6360",NA,NA,NA,4,"1",0,NA,"X",NA,NA,NA,NA
333080,1100333080,110068325,110001070,"4","6000","A",NA,NA,1,"E",0,NA,"T",NA,NA,NA,"H3"
333081,1100333081,110068325,110001070,"4","5910","A",NA,NA,1,"E",0,NA,"T",NA,NA,NA,"H3"
333082,1100333082,110068325,110001070,"4","5920","A",NA,NA,1,"E",0,NA,"T",NA,NA,NA,"H3"
333083,1100333083,110068325,110001070,NA,"63510",NA,NA,NA,2,"E",0,NA,"X",NA,NA,NA,NA
333084,1100333084,110068325,110001070,NA,"5910","A",NA,NA,1,"2",0,NA,"X",NA,NA,NA,NA
333085,1100333085,110068326,110001070,"5","720",NA,NA,NA,1,"E",0,NA,"T",NA,NA,NA,"H4"
333086,1100333086,110068326,110001070,"5","6000","I",NA,NA,1,"E",0,NA,"T",NA,NA,NA,"H4"
333087,1100333087,110068326,110001070,NA,"5910","2",NA,NA,1,"2",0,NA,"X",NA,NA,NA,NA
333088,1100333088,110068326,110001070,NA,"5910","2",NA,NA,1,"1",0,NA,"X",NA,NA,NA,NA
333089,1100333089,110068327,110001070,NA,"710","A",NA,NA,1,"D",1,NA,"X",NA,NA,NA,NA
333090,1100333090,110068327,110001070,NA,"6020","A",NA,NA,1,"2",0,NA,"X",NA,NA,NA,NA
333091,1100333091,110068327,110001070,NA,"6020","A",NA,NA,1,"2",1,NA,"X",NA,NA,NA,NA
333092,1100333092,110068327,110001070,NA,"710","A",NA,NA,1,"2",0,"Z","X",NA,NA,NA,NA
333093,1100333093,110068328,110001070,NA,"710","A",NA,NA,1,"E",0,NA,"X",NA,NA,NA,NA
333094,1100333094,110068328,110001070,NA,"5910","2",NA,NA,1,"2",0,NA,"X",NA,NA,NA,NA
333095,1100333095,110068328,110001070,NA,"5910","A",NA,NA,1,"1",0,NA,"X",NA,NA,NA,NA
333096,1100333096,110068329,110001070,NA,"6000","A",NA,NA,2,"E",0,NA,"T",NA,NA,NA,"D5"
333097,1100333097,110068329,110001070,NA,"5910","1",NA,NA,1,"1",0,NA,"X",NA,NA,NA,NA
333098,1100333098,110068329,110001070,NA,"720",NA,NA,NA,1,"2",0,NA,"X",NA,NA,NA,NA
333099,1100333099,110068330,110001070,NA,"710","A",NA,NA,1,"2",1,NA,"X",NA,NA,NA,NA
333100,1100333100,110068330,110001070,NA,"6020","A",NA,NA,1,"2",0,NA,"X",NA,NA,NA,NA
333101,1100333101,110068330,110001070,NA,"6020","A",NA,NA,1,"2",1,NA,"X",NA,NA,NA,NA
333102,1100333102,110068330,110001070,NA,"6020","A",NA,NA,1,"2",0,NA,"X",NA,NA,NA,NA
333103,1100333103,110068330,110001070,NA,"6000","2",NA,NA,1,"2",0,NA,"X",NA,NA,NA,NA
333104,1100333104,110068331,110001070,NA,"6020","A",NA,NA,1,"2",0,NA,"X",NA,NA,NA,NA
333105,1100333105,110068331,110001070,NA,"6020","A",NA,NA,1,"2",0,NA,"X",NA,NA,NA,NA
333106,1100333106,110068331,110001070,NA,"6020","A",NA,NA,1,"A",1,NA,"X",NA,NA,NA,NA
333107,1100333107,110068331,110001070,NA,"5927","A",NA,NA,1,"2",0,NA,"X",NA,NA,NA,NA
333108,1100333108,110068332,110001070,NA,"710","A",NA,NA,1,"2",0,NA,"X",NA,NA,NA,NA
333109,1100333109,110068332,110001070,NA,"5910","2",NA,NA,1,"1",0,NA,"X",NA,NA,NA,NA
333110,1100333110,110068332,110001070,NA,"6020","A",NA,NA,1,"2",1,NA,"X",NA,NA,NA,NA
333111,1100333111,110068333,110001070,NA,"6000",NA,NA,NA,2,"E",0,NA,"T",NA,NA,NA,"D2"
333112,1100333112,110068333,110001070,NA,"6020","A",NA,NA,1,"2",0,NA,"X",NA,NA,NA,NA
333113,1100333113,110068334,110001070,NA,"5910",NA,NA,NA,1,"1",1,NA,"X",NA,NA,NA,NA
333114,1100333114,110068334,110001070,NA,"6000","2",NA,NA,1,"1",0,NA,"X",NA,NA,NA,NA
333115,1100333115,110068335,110001070,NA,"6020","A",NA,NA,1,"2",1,NA,"X",NA,NA,NA,NA
333116,1100333116,110068339,110001070,NA,"6000",NA,NA,NA,1,"1",1,NA,"X",NA,NA,NA,NA
333117,1100333117,110068339,110001070,NA,"6000","A",NA,NA,1,"1",0,NA,"X",NA,NA,NA,NA
333118,1100333118,110068339,110001070,NA,"5926","A",NA,NA,1,"E",0,NA,"T",NA,NA,NA,"E03"
333119,1100333119,110068340,110001070,NA,"6000","2",NA,NA,1,"1",1,NA,"X",NA,NA,NA,NA
333120,1100333120,110068342,110001070,NA,"6020","A",NA,NA,1,"2",1,NA,"X",NA,NA,NA,NA
333121,1100333121,110068342,110001070,NA,"6020","A",NA,NA,1,"1",1,NA,"X",NA,NA,NA,NA
333122,1100333122,110068343,110001070,NA,"6020","A",NA,NA,2,"2",1,NA,"X",NA,NA,NA,NA
333123,1100333123,110068343,110001070,NA,"5910",NA,NA,NA,1,"2",1,NA,"X",NA,NA,NA,NA
333124,1100333124,110068344,110001070,NA,"6020","A",NA,NA,1,"1",1,NA,"X",NA,NA,NA,NA
333125,1100333125,110068345,110001070,NA,"5926","A",NA,NA,1,"E",0,NA,"T",NA,NA,NA,"SD2"
333126,1100333126,110068346,110001070,NA,"5910","2",NA,NA,1,"2",0,NA,"X",NA,NA,NA,NA
333127,1100333127,110068346,110001070,NA,"5910","1",NA,NA,1,"2",0,NA,"X",NA,NA,NA,NA
333128,1100333128,110068349,110001070,NA,"6020","A",NA,NA,2,"2",0,NA,"X",NA,NA,NA,NA
333129,1100333129,110068349,110001070,NA,"6360",NA,NA,NA,2,"2",0,NA,"X",NA,NA,NA,NA
333130,1100333130,110068349,110001070,NA,"5780","A",NA,NA,4,"2",0,NA,"X",NA,NA,NA,NA
333131,1100333131,110068352,110001070,NA,"6020","1",NA,NA,2,"2",0,NA,"X",NA,NA,NA,NA
333132,1100333132,110068353,110001070,NA,"5910","I",NA,NA,1,"2",1,NA,"X",NA,NA,NA,NA
333133,1100333133,110068353,110001070,NA,"5926","2",NA,NA,1,"2",0,NA,"X",NA,NA,NA,NA
333134,1100333134,110068354,110001070,NA,"6000","A",NA,NA,1,"E",0,NA,"T",NA,NA,NA,"A5"
333135,1100333135,110068355,110001070,NA,"15820",NA,NA,NA,30,"2",0,NA,"X",NA,NA,NA,NA
333136,1100333136,110068355,110001070,NA,"720",NA,NA,NA,1,"2",0,NA,"X",NA,NA,NA,NA
333137,1100333137,110068355,110001070,NA,"5780",NA,NA,NA,2,"2",0,NA,"X",NA,NA,NA,NA
333138,1100333138,110068356,110001070,NA,"6020","A",NA,NA,1,"2",0,NA,"X",NA,NA,NA,NA
333139,1100333139,110068358,110001070,NA,"64320",NA,NA,NA,1,"E",0,NA,"X",NA,NA,NA,NA
333140,1100333140,110068358,110001070,NA,"5920","3",NA,NA,1,"2",0,NA,"X",NA,NA,NA,NA
333141,1100333141,110068358,110001070,NA,"5910","3",NA,NA,1,"2",0,NA,"X",NA,NA,NA,NA
333142,1100333142,110068358,110001070,NA,"5926","A",NA,NA,1,"2",1,NA,"X",NA,NA,NA,NA
333143,1100333143,110068358,110001070,NA,"6020","A",NA,NA,1,"2",1,NA,"X",NA,NA,NA,NA
333144,1100333144,110068360,110001070,NA,"6020","A",NA,NA,1,"2",0,NA,"X",NA,NA,NA,NA
333145,1100333145,110068361,110001070,NA,"6020","A",NA,NA,1,"2",1,NA,"X",NA,NA,NA,NA
333146,1100333146,110068361,110001070,NA,"6360",NA,NA,NA,1,"2",0,NA,"X",NA,NA,NA,NA
333147,1100333147,110068361,110001070,NA,"6360","A","W",NA,2,"A",1,"DF","X",NA,NA,NA,NA
333148,1100333148,110068361,110001070,NA,"6340",NA,"W",NA,1,"B",1,"DF","X",NA,NA,NA,NA
333149,1100333149,110068361,110001070,NA,"5910","2",NA,NA,1,"1",0,NA,"X",NA,NA,NA,NA
333150,1100333150,110068362,110001070,NA,"6020","A",NA,NA,1,"2",1,NA,"X",NA,NA,NA,NA
333151,1100333151,110068366,110001070,NA,"6360","A","W",NA,3,"C",1,NA,"X",NA,NA,NA,NA
333152,1100333152,110068368,110001070,NA,"15820",NA,NA,NA,12,"2",0,NA,NA,NA,NA,NA,"EXIT WF?"
333153,1100333153,110068370,110001070,NA,"6360",NA,NA,NA,2,"E",0,NA,NA,NA,NA,NA,NA
333154,1100333154,110068371,110001070,NA,"6020","A",NA,NA,1,"2",1,NA,NA,NA,NA,NA,NA
333155,1100333155,110068372,110001070,NA,"6020","A",NA,NA,1,"1",1,NA,NA,NA,NA,NA,NA
333156,1100333156,110068373,110001070,"6","6360",NA,NA,NA,7,"C",1,NA,NA,NA,NA,NA,NA
333157,1100333157,110068373,110001070,"6","5780",NA,NA,NA,1,"C",1,NA,NA,NA,NA,NA,NA
333158,1100333158,110068373,110001070,"6","6020",NA,NA,NA,1,"C",1,NA,NA,NA,NA,NA,NA
333159,1100333159,110068374,110001070,NA,"6000","1",NA,NA,1,"2",1,NA,NA,NA,NA,NA,NA
333160,1100333160,110068374,110001070,NA,"710","A",NA,NA,1,"2",1,NA,NA,NA,NA,NA,NA
333161,1100333161,110068376,110001070,NA,"6020","A",NA,NA,1,"A",1,"DF",NA,NA,NA,NA,NA
333162,1100333162,110068376,110001070,NA,"64320",NA,NA,NA,1,"A",1,NA,NA,NA,NA,NA,NA
333163,1100333163,110068378,110001070,NA,"6340",NA,NA,NA,2,"D",1,"DF",NA,NA,NA,NA,NA
333164,1100333164,110068379,110001070,NA,"15820",NA,NA,NA,15,"2",0,NA,NA,NA,NA,NA,NA
333165,1100333165,110068379,110001070,NA,"15820",NA,NA,NA,12,"2",0,NA,NA,NA,NA,NA,NA
333166,1100333166,110068381,110001070,NA,"6000","1",NA,NA,1,"2",0,NA,NA,NA,NA,NA,NA
333167,1100333167,110068381,110001070,NA,"15820",NA,NA,NA,10,"2",0,NA,NA,NA,NA,NA,NA
333168,1100333168,110068382,110001070,NA,"6345",NA,NA,NA,1,"C",1,NA,NA,NA,NA,NA,NA
333169,1100333169,110068382,110001070,NA,"6360",NA,NA,NA,1,"2",0,NA,NA,NA,NA,NA,NA
333170,1100333170,110068383,110001070,NA,"6000","A",NA,NA,1,"B",1,"DF",NA,NA,NA,NA,NA
333171,1100333171,110068383,110001070,NA,"6020","A",NA,NA,1,"2",0,NA,NA,NA,NA,NA,NA
333172,1100333172,110068383,110001070,NA,"6020","A",NA,NA,1,"2",0,NA,NA,NA,NA,NA,NA
333173,1100333173,110068384,110001070,NA,"6360","A","W",NA,1,"B",1,"DF",NA,NA,NA,NA,NA
333174,1100333174,110068384,110001070,NA,"19999",NA,NA,NA,20,"2",0,NA,NA,NA,NA,NA,NA
333175,1100333175,110068385,110001070,NA,"6360","A","W",NA,3,"B",1,NA,NA,NA,NA,NA,NA
333176,1100333176,110068385,110001070,NA,"710","A",NA,NA,1,"C",1,"Y",NA,NA,NA,NA,NA
333177,1100333177,110068385,110001070,NA,"5910",NA,NA,NA,1,"2",1,NA,NA,NA,NA,NA,NA
333178,1100333178,110068385,110001070,NA,"6340",NA,"W",NA,1,"A",1,NA,NA,NA,NA,NA,NA
333179,1100333179,110068385,110001070,NA,"6360",NA,"W",NA,1,"2",1,NA,NA,NA,NA,NA,NA
333180,1100333180,110068386,110001070,NA,"5910","3",NA,NA,1,"2",1,NA,NA,NA,NA,NA,NA
333181,1100333181,110068387,110001070,NA,"6000","A",NA,NA,1,"D",1,NA,NA,NA,NA,NA,NA
333182,1100333182,110068390,110001070,NA,"6340",NA,"W",NA,1,"B",1,NA,NA,NA,NA,NA,NA
333183,1100333183,110068396,110001070,NA,"6360",NA,NA,NA,1,"D",1,"DF",NA,NA,NA,NA,NA
333184,1100333184,110068397,110001070,NA,"710","A",NA,NA,1,"2",0,NA,NA,NA,NA,NA,NA
333185,1100333185,110068398,110001070,NA,"6000","2",NA,NA,1,"2",1,NA,NA,NA,NA,NA,NA
333186,1100333186,110068398,110001070,NA,"710","A",NA,NA,1,"2",1,NA,NA,NA,NA,NA,NA
333187,1100333187,110068398,110001070,NA,"6020","A",NA,NA,1,"2",0,NA,NA,NA,NA,NA,NA
333188,1100333188,110068399,110001070,NA,"6020","A",NA,NA,1,"1",1,NA,NA,NA,NA,NA,NA
333189,1100333189,110068400,110001070,NA,"6000","1",NA,NA,1,"1",0,NA,NA,NA,NA,NA,NA
333190,1100333190,110068400,110001070,NA,"5927","1",NA,NA,1,"1",0,NA,NA,NA,NA,NA,NA
333191,1100333191,110068402,110001070,NA,"6000","2",NA,NA,1,"2",0,NA,NA,NA,NA,NA,NA
333192,1100333192,110068402,110001070,NA,"16540",NA,NA,NA,1,"1",0,NA,NA,NA,NA,NA,NA
333193,1100333193,110068403,110001070,NA,"6020","A",NA,NA,1,"2",0,NA,NA,NA,NA,NA,NA
333194,1100333194,110068403,110001070,NA,"6020","A",NA,NA,1,"2",1,NA,NA,NA,NA,NA,NA
333195,1100333195,110068403,110001070,NA,"6000","1",NA,NA,1,"2",1,NA,NA,NA,NA,NA,NA
333196,1100333196,110068404,110001070,"7","6360",NA,NA,NA,3,"B",1,NA,NA,NA,NA,NA,NA
333197,1100333197,110068404,110001070,"7","5780","A",NA,NA,1,"2",1,"Z",NA,NA,NA,NA,NA
333198,1100333198,110068404,110001070,NA,"5910","A",NA,NA,1,"2",0,NA,NA,NA,NA,NA,NA
333199,1100333199,110068404,110001070,NA,"710","4",NA,NA,1,"2",1,NA,NA,NA,NA,NA,NA
333200,1100333200,110068405,110001070,NA,"5780","1",NA,NA,1,"2",1,NA,NA,NA,NA,NA,NA
333201,1100333201,110068405,110001070,NA,"710","A",NA,NA,1,"2",0,NA,NA,NA,NA,NA,NA
333202,1100333202,110068406,110001070,NA,"710","A",NA,NA,1,"2",0,NA,NA,NA,NA,NA,NA
333203,1100333203,110068406,110001070,NA,"64320",NA,NA,NA,1,"A",1,NA,NA,NA,NA,NA,NA
333204,1100333204,110068407,110001070,NA,"6360",NA,NA,NA,1,"C",1,"DF",NA,NA,NA,NA,NA
333205,1100333205,110068407,110001070,NA,"710","A",NA,NA,1,"1",0,NA,NA,NA,NA,NA,NA
333206,1100333206,110068408,110001070,NA,"5910","I",NA,NA,1,"1",1,NA,NA,NA,NA,NA,NA
333207,1100333207,110068408,110001070,NA,"5780","A",NA,NA,1,"2",0,NA,NA,NA,NA,NA,NA
333208,1100333208,110068409,110001070,NA,"710","1",NA,NA,1,"E",0,NA,NA,NA,NA,NA,NA
333209,1100333209,110068409,110001070,NA,"5780","A",NA,NA,2,"1",0,NA,NA,NA,NA,NA,NA
333210,1100333210,110068409,110001070,NA,"710","1",NA,NA,1,"E",0,NA,NA,NA,NA,NA,NA
333211,1100333211,110068409,110001070,NA,"6020","A",NA,NA,1,"1",0,NA,NA,NA,NA,NA,NA
333212,1100333212,110068410,110001070,NA,"6345",NA,NA,NA,1,"2",0,NA,NA,NA,NA,NA,"ENTER WF"
333213,1100333213,110068411,110001070,"8","6000","A",NA,NA,1,"E",0,NA,"T",NA,NA,NA,"C6"
333214,1100333214,110068411,110001070,"8","5920","A",NA,NA,1,"E",0,NA,"T",NA,NA,NA,"C6"
333215,1100333215,110068411,110001070,NA,"5910","A",NA,NA,1,"2",1,NA,"X",NA,NA,NA,NA
333216,1100333216,110068411,110001070,NA,"5910","2",NA,NA,1,"1",1,NA,"X",NA,NA,NA,NA
333217,1100333217,110068412,110001070,"9","800","1",NA,NA,1,"E",0,NA,"T",NA,NA,NA,"C5"
333218,1100333218,110068412,110001070,"9","6000","A",NA,NA,1,"E",0,NA,"T",NA,NA,NA,"C5"
333219,1100333219,110068412,110001070,NA,"5920","A",NA,NA,1,"2",0,NA,"X",NA,NA,NA,NA
333220,1100333220,110068414,110001070,NA,"5910","A",NA,NA,1,"A",1,NA,"X",NA,NA,NA,NA
333221,1100333221,110068414,110001070,NA,"5920","A",NA,NA,1,"E",0,NA,"T",NA,NA,NA,"C3"
333222,1100333222,110068415,110001070,NA,"5920","A",NA,NA,1,"E",0,NA,"T",NA,NA,NA,"C2"
333223,1100333223,110068415,110001070,NA,"5780","A",NA,NA,1,"2",0,NA,"X",NA,NA,NA,NA
333224,1100333224,110068416,110001070,NA,"720",NA,NA,NA,7,"E",0,NA,"T",NA,NA,NA,"D0"
333225,1100333225,110068417,110001070,NA,"6000","A",NA,NA,2,"E",0,NA,"T",NA,NA,NA,"B1"
333226,1100333226,110068418,110001070,NA,"5780","A",NA,NA,1,"2",0,NA,"X",NA,NA,NA,NA
333227,1100333227,110068418,110001070,NA,"5780","A",NA,NA,1,"2",0,NA,"X",NA,NA,NA,NA
333228,1100333228,110068418,110001070,NA,"5910","A",NA,NA,1,"2",0,NA,"X",NA,NA,NA,NA
333229,1100333229,110068418,110001070,NA,"5910","3",NA,NA,1,"2",0,NA,"X",NA,NA,NA,NA
333230,1100333230,110068418,110001070,NA,"5910","A",NA,NA,1,"2",0,NA,"X",NA,NA,NA,NA
333231,1100333231,110068418,110001070,NA,"6360",NA,NA,NA,1,"U",1,"DF","X",NA,NA,NA,NA
333232,1100333232,110068419,110001070,"10","6360",NA,NA,NA,10,"D",1,NA,"X",NA,NA,NA,NA
333233,1100333233,110068419,110001070,"10","6020","A",NA,NA,3,"D",1,NA,"X",NA,NA,NA,NA
333234,1100333234,110068419,110001070,"10","6020","1",NA,NA,1,"2",0,NA,"X",NA,NA,NA,NA
333235,1100333235,110068419,110001070,"10","5910","A",NA,NA,1,"D",1,NA,"X",NA,NA,NA,NA
333236,1100333236,110068419,110001070,NA,"5780","1",NA,NA,1,"2",1,NA,"X",NA,NA,NA,NA
333237,1100333237,110068420,110001070,NA,"6000","1",NA,NA,1,"2",0,NA,"X",NA,NA,NA,NA
333238,1100333238,110068421,110001070,NA,"6020","A",NA,NA,1,"2",1,NA,"X",NA,NA,NA,NA
333239,1100333239,110068422,110001070,NA,"5910","2",NA,NA,1,"2",1,NA,"X",NA,NA,NA,NA
333240,1100333240,110068423,110001070,NA,"6360",NA,"W",NA,1,"D",1,NA,"X",NA,NA,NA,NA
333241,1100333241,110068424,110001070,NA,"5780","A",NA,NA,1,"1",0,"Z",NA,NA,NA,NA,"EXIT WF"
333242,1100333242,110068424,110001070,NA,"6345",NA,NA,NA,1,"2",0,NA,NA,NA,NA,NA,NA
333243,1100333243,110068424,110001070,NA,"6360","A","W",NA,1,"B",1,"DF",NA,NA,NA,NA,NA
333244,1100333244,110068424,110001070,NA,"5780","A",NA,NA,1,"2",0,"Z",NA,NA,NA,NA,NA
333245,1100333245,110068425,110001070,NA,"6020","A",NA,NA,1,"1",0,NA,NA,NA,NA,NA,NA
333246,1100333246,110068425,110001070,NA,"6360","A","W",NA,1,"C",1,"DF",NA,NA,NA,NA,NA
333247,1100333247,110068425,110001070,NA,"5780",NA,NA,NA,1,"E",0,NA,NA,NA,NA,NA,NA
333248,1100333248,110068425,110001070,NA,"5780",NA,NA,NA,4,"2",0,"Z",NA,NA,NA,NA,NA
333249,1100333249,110068425,110001070,NA,"6360",NA,NA,NA,1,"2",0,NA,NA,NA,NA,NA,NA
333250,1100333250,110068426,110001070,NA,"6340",NA,"T",NA,1,"2",0,NA,NA,NA,NA,NA,NA
333251,1100333251,110068426,110001070,NA,"6360","A","W",NA,1,"2",0,NA,NA,NA,NA,NA,NA
333252,1100333252,110068426,110001070,NA,"5780","A",NA,NA,3,"2",0,NA,NA,NA,NA,NA,NA
333253,1100333253,110068427,110001070,NA,"6360","A","W",NA,4,"A",1,NA,NA,NA,NA,NA,NA
333254,1100333254,110068427,110001070,NA,"5780","A",NA,NA,1,"1",0,NA,NA,NA,NA,NA,NA
333255,1100333255,110068427,110001070,NA,"6360","A","W",NA,1,"1",1,NA,NA,NA,NA,NA,NA
333256,1100333256,110068427,110001070,NA,"5780","A",NA,NA,1,"2",1,NA,NA,NA,NA,NA,NA
333257,1100333257,110068428,110001070,NA,"6360",NA,"W",NA,1,"D",1,NA,NA,NA,NA,NA,NA
333258,1100333258,110068428,110001070,NA,"5780","A",NA,NA,3,"2",0,NA,NA,NA,NA,NA,NA
333259,1100333259,110068428,110001070,NA,"5780","1",NA,NA,1,"2",1,NA,NA,NA,NA,NA,NA
333260,1100333260,110068428,110001070,NA,"6360","A",NA,NA,3,"B",1,NA,NA,NA,NA,NA,NA
333261,1100333261,110068428,110001070,NA,"710","4",NA,NA,1,"2",0,NA,NA,NA,NA,NA,NA
333262,1100333262,110068428,110001070,NA,"5910","A",NA,NA,1,"2",0,NA,NA,NA,NA,NA,NA
333263,1100333263,110068429,110001070,NA,"5780","A",NA,NA,3,"2",0,NA,NA,NA,NA,NA,NA
333264,1100333264,110068429,110001070,NA,"6360","A","W",NA,2,"B",1,NA,NA,NA,NA,NA,NA
333265,1100333265,110068429,110001070,NA,"5780","A",NA,NA,1,"2",0,NA,NA,NA,NA,NA,NA
333266,1100333266,110068430,110001070,NA,"710",NA,NA,NA,1,"D",1,NA,NA,NA,NA,NA,NA
333267,1100333267,110068430,110001070,NA,"6360","A","W",NA,1,"2",0,NA,NA,NA,NA,NA,NA
333268,1100333268,110068430,110001070,NA,"6000","A",NA,NA,1,"D",1,"DF",NA,NA,NA,NA,NA
333269,1100333269,110068431,110001070,NA,"6360","A","W",NA,4,"A",1,NA,NA,NA,NA,NA,NA
333270,1100333270,110068431,110001070,NA,"710","A",NA,NA,1,"E",0,NA,NA,NA,NA,NA,NA
333271,1100333271,110068431,110001070,NA,"6360",NA,"W",NA,1,"2",0,NA,NA,NA,NA,NA,NA
333272,1100333272,110068432,110001070,"11","6360",NA,"W",NA,3,"E",0,NA,NA,NA,NA,NA,NA
333273,1100333273,110068432,110001070,"11","5780","A",NA,NA,2,"2",0,"Z",NA,NA,NA,NA,NA
333274,1100333274,110068432,110001070,NA,"6360",NA,"W",NA,2,"D",1,NA,NA,NA,NA,NA,NA
333275,1100333275,110068432,110001070,NA,"6360","A","W",NA,2,"B",1,NA,NA,NA,NA,NA,NA
333276,1100333276,110068432,110001070,NA,"64320",NA,NA,NA,1,"E",0,NA,NA,NA,NA,NA,NA
333277,1100333277,110068432,110001070,NA,"5780","A",NA,NA,1,"2",0,NA,NA,NA,NA,NA,NA
333278,1100333278,110068432,110001070,NA,"6360",NA,"W",NA,3,"A",1,NA,NA,NA,NA,NA,NA
333279,1100333279,110068432,110001070,NA,"6360",NA,"W",NA,2,"A",1,NA,NA,NA,NA,NA,NA
333280,1100333280,110068433,110001070,NA,"5900","A",NA,NA,1,"1",0,NA,NA,NA,NA,NA,NA
333281,1100333281,110068433,110001070,NA,"5900","1",NA,NA,1,"1",0,NA,NA,NA,NA,NA,NA
333282,1100333282,110068433,110001070,NA,"5780","1",NA,NA,1,"1",0,NA,NA,NA,NA,NA,NA
333283,1100333283,110068433,110001070,NA,"6360",NA,NA,NA,3,"B",1,NA,NA,NA,NA,NA,NA
333284,1100333284,110068434,110001070,NA,"5780","1",NA,NA,1,"B",1,NA,NA,NA,NA,NA,NA
333285,1100333285,110068434,110001070,NA,"9999",NA,NA,NA,1,"E",0,NA,NA,NA,NA,NA,"BEAM BCK40 TOWING 45° 2KM"
333286,1100333286,110068435,110001070,"12","5780","A",NA,NA,1,"2",1,NA,NA,NA,NA,NA,NA
333287,1100333287,110068435,110001070,"12","6360",NA,NA,NA,6,"C",1,NA,NA,NA,NA,NA,NA
333288,1100333288,110068435,110001070,NA,"6360",NA,"W",NA,6,"A",1,NA,NA,NA,NA,NA,NA
333289,1100333289,110068436,110001070,NA,"5920","A",NA,NA,1,"2",1,NA,NA,NA,NA,NA,NA
333290,1100333290,110068437,110001070,NA,"6020","A",NA,NA,1,"2",1,NA,NA,NA,NA,NA,NA
333291,1100333291,110068437,110001070,NA,"6020","1",NA,NA,1,"2",0,NA,NA,NA,NA,NA,NA
333292,1100333292,110068437,110001070,NA,"6360",NA,NA,NA,1,"D",1,"DF",NA,NA,NA,NA,NA
333293,1100333293,110068437,110001070,NA,"9999",NA,NA,NA,1,"E",0,NA,NA,NA,NA,NA,"BEAM ZB187 TOWING 0° 2KM"
333294,1100333294,110068438,110001070,NA,"9999",NA,NA,NA,1,"E",0,NA,NA,NA,NA,NA,"BEAM ??? TOWING 315° 3KM"
333295,1100333295,110068438,110001070,NA,"9999",NA,NA,NA,1,"E",0,NA,NA,NA,NA,NA,"BEAM ??? TOWING 315° 5KM"
333296,1100333296,110068438,110001070,NA,"9999",NA,NA,NA,1,"E",0,NA,NA,NA,NA,NA,"SEINER ??? TOWING 315° 8KM"
333297,1100333297,110068438,110001070,NA,"710","A",NA,NA,1,"D",1,NA,NA,NA,NA,NA,NA
333298,1100333298,110068439,110001070,NA,"6000","A",NA,NA,1,"2",1,NA,NA,NA,NA,NA,NA
333299,1100333299,110068439,110001070,NA,"5780","A",NA,NA,1,"2",1,NA,NA,NA,NA,NA,NA
333300,1100333300,110068439,110001070,NA,"6340",NA,"W",NA,1,"B",1,NA,NA,NA,NA,NA,NA
333301,1100333301,110068439,110001070,NA,"6020","1",NA,NA,1,"1",0,NA,NA,NA,NA,NA,NA
333302,1100333302,110068440,110001070,NA,"5780","A",NA,NA,1,"2",1,NA,NA,NA,NA,NA,NA
333303,1100333303,110068440,110001070,NA,"5926","A",NA,NA,1,"2",0,NA,NA,NA,NA,NA,NA
333304,1100333304,110068440,110001070,NA,"6000","I",NA,NA,1,"1",0,NA,NA,NA,NA,NA,NA
333305,1100333305,110068440,110001070,NA,"5910",NA,NA,NA,20,"A",1,NA,NA,NA,NA,NA,NA
333306,1100333306,110068441,110001070,NA,"710",NA,NA,NA,6,"A",1,NA,NA,NA,NA,NA,NA
333307,1100333307,110068441,110001070,NA,"5910",NA,NA,NA,4,"B",1,NA,NA,NA,NA,NA,NA
333308,1100333308,110068441,110001070,NA,"6020","A",NA,NA,1,"B",1,NA,NA,NA,NA,NA,NA
333309,1100333309,110068441,110001070,NA,"6020","A",NA,NA,4,"B",1,NA,NA,NA,NA,NA,NA
333310,1100333310,110068441,110001070,NA,"5910",NA,NA,NA,10,"C",1,NA,NA,NA,NA,NA,NA
333311,1100333311,110068441,110001070,NA,"5926","A",NA,NA,1,"C",1,NA,NA,NA,NA,NA,NA
333312,1100333312,110068441,110001070,NA,"6000","I",NA,NA,1,"C",1,NA,NA,NA,NA,NA,NA
333313,1100333313,110068441,110001070,NA,"5910","A",NA,NA,1,"C",1,NA,NA,NA,NA,NA,NA
333314,1100333314,110068441,110001070,NA,"6000","A",NA,NA,1,"D",1,NA,NA,NA,NA,NA,NA
333315,1100333315,110068441,110001070,NA,"5910","A",NA,NA,1,"D",1,NA,NA,NA,NA,NA,NA
333316,1100333316,110068441,110001070,NA,"5927","3",NA,NA,1,"B",1,NA,NA,NA,NA,NA,NA
333317,1100333317,110068443,110001070,NA,"6360","A","W",NA,1,"2",0,NA,NA,NA,NA,NA,NA
333318,1100333318,110068444,110001070,NA,"5910","2",NA,NA,1,"1",0,NA,NA,NA,NA,NA,NA
333319,1100333319,110068446,110001070,NA,"6020","A",NA,NA,2,"A",1,"DF",NA,NA,NA,NA,NA
333320,1100333320,110068446,110001070,NA,"5910","I",NA,NA,1,"1",1,NA,NA,NA,NA,NA,NA
333321,1100333321,110068446,110001070,NA,"63510",NA,NA,NA,1,"E",0,NA,NA,NA,NA,NA,NA
333322,1100333322,110068446,110001070,NA,"6360","A","W",NA,1,"2",0,NA,NA,NA,NA,NA,NA
333323,1100333323,110068447,110001070,NA,"6340",NA,NA,NA,1,"B",1,NA,NA,NA,NA,NA,NA
333324,1100333324,110068447,110001070,NA,"6000","2",NA,NA,1,"2",0,NA,NA,NA,NA,NA,NA
333325,1100333325,110068447,110001070,NA,"5780","A",NA,NA,1,"2",0,NA,NA,NA,NA,NA,NA
333326,1100333326,110068447,110001070,NA,"5910","A",NA,NA,1,"2",1,NA,NA,NA,NA,NA,NA
333327,1100333327,110068447,110001070,NA,"5920","A",NA,NA,1,"1",0,NA,NA,NA,NA,NA,NA
333328,1100333328,110068448,110001070,NA,"5927","A",NA,NA,1,"1",0,NA,NA,NA,NA,NA,NA
333329,1100333329,110068449,110001070,NA,"5780","A",NA,NA,2,"2",0,NA,NA,NA,NA,NA,NA
333330,1100333330,110068450,110001070,NA,"5780","A",NA,NA,1,"2",1,NA,NA,NA,NA,NA,NA
333331,1100333331,110068450,110001070,NA,"710","1",NA,NA,2,"3",0,NA,NA,NA,NA,NA,NA
333332,1100333332,110068453,110001070,"13","6360","A","W",NA,3,"C",1,NA,NA,NA,NA,NA,NA
333333,1100333333,110068453,110001070,"13","5780","A",NA,NA,1,"2",0,"Z",NA,NA,NA,NA,NA
333334,1100333334,110068455,110001070,NA,"430",NA,NA,NA,1,"2",0,NA,NA,"SW",NA,NA,NA
333335,1100333335,110068457,110001070,NA,"5780","A",NA,NA,1,"2",0,NA,NA,NA,NA,NA,NA
333336,1100333336,110068459,110001070,NA,"6020","A",NA,NA,1,"2",0,NA,NA,NA,NA,NA,NA
333337,1100333337,110068461,110001070,NA,"6340",NA,"W",NA,1,"C",1,NA,NA,NA,NA,NA,NA
333338,1100333338,110068463,110001070,NA,"6020","A",NA,NA,1,"2",1,NA,NA,NA,NA,NA,NA
333339,1100333339,110068463,110001070,NA,"6020","A",NA,NA,1,"2",0,NA,NA,NA,NA,NA,NA
333340,1100333340,110068463,110001070,NA,"710","A",NA,NA,1,"3",0,NA,NA,NA,NA,NA,NA
333341,1100333341,110068464,110001070,NA,"6020","A",NA,NA,1,"2",0,NA,NA,NA,NA,NA,NA
333342,1100333342,110068465,110001070,NA,"6360","A",NA,NA,7,"A",1,NA,NA,NA,NA,NA,NA
333343,1100333343,110068466,110001070,NA,"5780","A",NA,NA,1,"B",1,"P",NA,NA,NA,NA,NA
333344,1100333344,110068466,110001070,NA,"5780","1",NA,NA,1,"1",0,NA,NA,NA,NA,NA,NA
333345,1100333345,110068469,110001070,NA,"710","A",NA,NA,1,"E",0,NA,NA,NA,NA,NA,NA
333346,1100333346,110068471,110001070,NA,"5910","A",NA,NA,1,"2",1,NA,NA,NA,NA,NA,NA
333347,1100333347,110068475,110001070,NA,"5780","A",NA,NA,1,"2",1,NA,NA,NA,NA,NA,NA
333348,1100333348,110068480,110001070,NA,"5690",NA,NA,NA,1,"2",0,NA,NA,NA,NA,NA,NA
333349,1100333349,110068481,110001070,NA,"9760",NA,NA,NA,1,"1",0,NA,NA,NA,NA,NA,NA
333350,1100333350,110068482,110001070,NA,"6000","I",NA,NA,1,"2",1,NA,NA,NA,NA,NA,NA
333351,1100333351,110068485,110001070,NA,"710","4",NA,NA,1,"2",0,NA,NA,NA,NA,NA,NA
333352,1100333352,110068486,110001070,NA,"6020","A",NA,NA,1,"2",0,NA,NA,NA,NA,NA,NA
333353,1100333353,110068487,110001070,NA,"6345",NA,NA,NA,1,"2",0,NA,NA,NA,NA,NA,NA
333354,1100333354,110068487,110001070,NA,"6345",NA,NA,NA,1,"2",0,NA,NA,NA,NA,NA,NA
333355,1100333355,110068487,110001070,NA,"6345",NA,NA,NA,1,"2",0,NA,NA,NA,NA,NA,NA
333356,1100333356,110068489,110001070,NA,"6000","A",NA,NA,1,"2",1,NA,NA,NA,NA,NA,NA
333357,1100333357,110068490,110001070,"14","6020","A",NA,NA,1,"2",0,NA,NA,NA,NA,NA,NA
333358,1100333358,110068490,110001070,"14","6020","1",NA,NA,1,"2",0,NA,NA,NA,NA,NA,NA
333359,1100333359,110068492,110001070,NA,"6000","2",NA,NA,1,"B",1,"DF",NA,NA,NA,NA,NA
333360,1100333360,110068492,110001070,NA,"5910","A",NA,NA,1,"2",1,NA,NA,NA,NA,NA,NA
333361,1100333361,110068493,110001070,NA,"5910","A",NA,NA,1,"1",1,NA,NA,NA,NA,NA,NA
333362,1100333362,110068493,110001070,NA,"63510",NA,NA,NA,2,"U",1,NA,NA,NA,NA,NA,NA
333363,1100333363,110068494,110001070,NA,"5910","3",NA,NA,1,"2",1,NA,NA,NA,NA,NA,NA
333364,1100333364,110068494,110001070,NA,"5910","2",NA,NA,1,"2",1,NA,NA,NA,NA,NA,NA
333365,1100333365,110068494,110001070,NA,"6020","A",NA,NA,1,"2",1,NA,NA,NA,NA,NA,NA
333366,1100333366,110068495,110001070,NA,"5920","I",NA,NA,1,"2",0,NA,NA,NA,NA,NA,NA
333367,1100333367,110068495,110001070,NA,"5910","2",NA,NA,1,"2",1,NA,NA,NA,NA,NA,NA
333368,1100333368,110068496,110001070,"15","710","A",NA,NA,6,"E",0,NA,NA,NA,NA,NA,NA
333369,1100333369,110068496,110001070,"15","710","1",NA,NA,1,"E",0,NA,NA,NA,NA,NA,NA
333370,1100333370,110068496,110001070,NA,"6000","I",NA,NA,1,"D",1,NA,NA,NA,NA,NA,NA
333371,1100333371,110068496,110001070,NA,"710","A",NA,NA,1,"E",0,NA,NA,NA,NA,NA,NA
333372,1100333372,110068496,110001070,NA,"710","A",NA,NA,2,"E",0,NA,NA,NA,NA,NA,NA
333373,1100333373,110068496,110001070,NA,"6360",NA,"W",NA,2,"2",0,NA,NA,NA,NA,NA,NA
333374,1100333374,110068497,110001070,NA,"9999",NA,NA,NA,1,"E",0,NA,NA,NA,NA,NA,"BEAM ??? TOWING 315° 3KM"
333375,1100333375,110068497,110001070,NA,"9999",NA,NA,NA,1,"E",0,NA,NA,NA,NA,NA,"BEAM ??? TOWING 0° 2KM"
333376,1100333376,110068497,110001070,NA,"9999",NA,NA,NA,1,"E",0,NA,NA,NA,NA,NA,"BEAM ??? TOWING 300° 8KM"
333377,1100333377,110068497,110001070,NA,"9999",NA,NA,NA,1,"E",0,NA,NA,NA,NA,NA,"SEINER ??? TOWING 0° 2KM"
333378,1100333378,110068497,110001070,NA,"6020","A",NA,NA,1,"2",0,NA,NA,NA,NA,NA,NA
333379,1100333379,110068497,110001070,NA,"710","A",NA,NA,6,"E",0,NA,NA,NA,NA,NA,NA
333380,1100333380,110068498,110001070,NA,"5910","A",NA,NA,1,"A",1,NA,NA,NA,NA,NA,NA
333381,1100333381,110068498,110001070,NA,"710","A",NA,NA,2,"A",1,NA,NA,NA,NA,NA,NA
333382,1100333382,110068498,110001070,NA,"5910","3",NA,NA,1,"B",1,NA,NA,NA,NA,NA,NA
333383,1100333383,110068498,110001070,NA,"710","A",NA,NA,1,"C",1,NA,NA,NA,NA,NA,NA
333384,1100333384,110068498,110001070,NA,"5920","3",NA,NA,3,"B",1,NA,NA,NA,NA,NA,NA
333385,1100333385,110068498,110001070,NA,"5910","A",NA,NA,1,"B",1,NA,NA,NA,NA,NA,NA
333386,1100333386,110068498,110001070,NA,"710","A",NA,NA,1,"A",1,NA,NA,NA,NA,NA,NA
333387,1100333387,110068498,110001070,NA,"710","3",NA,NA,1,"A",1,NA,NA,NA,NA,NA,NA
333388,1100333388,110068498,110001070,NA,"5910","1",NA,NA,1,"A",1,NA,NA,NA,NA,NA,NA
333389,1100333389,110068498,110001070,NA,"6000","1",NA,NA,1,"A",1,NA,NA,NA,NA,NA,NA
333390,1100333390,110068498,110001070,NA,"710","A",NA,NA,1,"B",1,NA,NA,NA,NA,NA,NA
333391,1100333391,110068498,110001070,NA,"710","3",NA,NA,1,"B",1,NA,NA,NA,NA,NA,NA
333392,1100333392,110068498,110001070,NA,"5910","A",NA,NA,1,"B",1,NA,NA,NA,NA,NA,NA
333393,1100333393,110068499,110001070,NA,"5910",NA,NA,NA,90,"U",1,NA,NA,NA,NA,NA,NA
333394,1100333394,110068499,110001070,NA,"6000",NA,NA,NA,10,"U",1,NA,NA,NA,NA,NA,NA
333395,1100333395,110068499,110001070,NA,"5926",NA,NA,NA,8,"U",1,NA,NA,NA,NA,NA,NA
333396,1100333396,110068499,110001070,NA,"5927",NA,NA,NA,1,"U",1,NA,NA,NA,NA,NA,NA
333397,1100333397,110068499,110001070,NA,"6020",NA,NA,NA,45,"U",1,NA,NA,NA,NA,NA,NA
333398,1100333398,110068499,110001070,NA,"5926","2",NA,NA,1,"1",0,NA,NA,NA,NA,NA,NA
333399,1100333399,110068499,110001070,NA,"6020",NA,NA,NA,15,"C",1,NA,NA,NA,NA,NA,NA
333400,1100333400,110068499,110001070,NA,"5920","1",NA,NA,1,"1",0,NA,NA,NA,NA,NA,NA
333401,1100333401,110068500,110001070,NA,"6020","A",NA,NA,1,"1",1,NA,NA,NA,NA,NA,NA
333402,1100333402,110068500,110001070,NA,"5910","2",NA,NA,1,"2",1,NA,NA,NA,NA,NA,NA
333403,1100333403,110068500,110001070,NA,"5910","2",NA,NA,1,"2",0,NA,NA,NA,NA,NA,NA
333404,1100333404,110068500,110001070,NA,"5910","A",NA,NA,1,"1",0,NA,NA,NA,NA,NA,NA
333405,1100333405,110068501,110001070,"16","5910","A",NA,NA,1,"2",1,NA,NA,NA,NA,NA,NA
333406,1100333406,110068501,110001070,"16","5910","1",NA,NA,1,"2",1,NA,NA,NA,NA,NA,NA
333407,1100333407,110068501,110001070,"16","5910","2",NA,NA,1,"2",1,NA,NA,NA,NA,NA,NA
333408,1100333408,110068501,110001070,NA,"5926","A",NA,NA,1,"2",0,NA,NA,NA,NA,NA,NA
333409,1100333409,110068501,110001070,NA,"6000","1",NA,NA,1,"1",0,NA,NA,NA,NA,NA,NA
333410,1100333410,110068501,110001070,NA,"5910","A",NA,NA,1,"1",1,NA,NA,NA,NA,NA,NA
333411,1100333411,110068501,110001070,NA,"5910","2",NA,NA,1,"1",0,NA,NA,NA,NA,NA,NA
333412,1100333412,110068501,110001070,NA,"5910",NA,NA,NA,7,"2",0,NA,NA,NA,NA,NA,NA
333413,1100333413,110068502,110001070,NA,"5910","1",NA,NA,1,"2",1,NA,NA,NA,NA,NA,NA
333414,1100333414,110068502,110001070,NA,"5910","A",NA,NA,1,"2",1,NA,NA,NA,NA,NA,NA
333415,1100333415,110068502,110001070,NA,"5926","2",NA,NA,1,"1",0,NA,NA,NA,NA,NA,NA
333416,1100333416,110068502,110001070,NA,"710","1",NA,NA,1,"1",1,NA,NA,NA,NA,NA,NA
333417,1100333417,110068502,110001070,NA,"5910",NA,NA,NA,7,"2",1,NA,NA,NA,NA,NA,NA
333418,1100333418,110068502,110001070,NA,"5910","3",NA,NA,1,"B",1,NA,NA,NA,NA,NA,NA
333419,1100333419,110068502,110001070,NA,"5910","A",NA,NA,1,"C",1,NA,NA,NA,NA,NA,NA
333420,1100333420,110068502,110001070,NA,"5910","A",NA,NA,1,"C",1,NA,NA,NA,NA,NA,NA
333421,1100333421,110068503,110001070,NA,"710","A",NA,NA,5,"U",1,NA,NA,NA,NA,NA,NA
333422,1100333422,110068503,110001070,NA,"5926",NA,NA,NA,8,"U",1,NA,NA,NA,NA,NA,NA
333423,1100333423,110068503,110001070,NA,"5927",NA,NA,NA,2,"U",1,NA,NA,NA,NA,NA,NA
333424,1100333424,110068503,110001070,NA,"5920",NA,NA,NA,10,"U",1,NA,NA,NA,NA,NA,NA
333425,1100333425,110068503,110001070,NA,"5910",NA,NA,NA,210,"U",1,NA,NA,NA,NA,NA,NA
333426,1100333426,110068504,110001070,NA,"5709","1",NA,NA,1,"2",0,NA,NA,NA,NA,NA,"LONG-TAILED?"
333427,1100333427,110068507,110001070,NA,"5780","A",NA,NA,1,"2",0,NA,NA,NA,NA,NA,NA
333428,1100333428,110068507,110001070,NA,"6020","A",NA,NA,1,"1",0,NA,NA,NA,NA,NA,NA
333429,1100333429,110068509,110001070,NA,"5780","A",NA,NA,1,"2",0,NA,NA,NA,NA,NA,NA
333430,1100333430,110068512,110001070,NA,"710","A",NA,NA,1,"E",0,NA,NA,NA,NA,NA,NA
333431,1100333431,110068515,110001070,NA,"6020",NA,NA,NA,1,"2",0,NA,NA,NA,NA,NA,NA
333432,1100333432,110068516,110001071,NA,"710","2",NA,NA,1,"E",0,"Y",NA,NA,NA,NA,NA
333433,1100333433,110068516,110001071,NA,"710","A",NA,NA,1,"2",0,NA,NA,NA,NA,NA,NA
333434,1100333434,110068516,110001071,NA,"6020","A",NA,NA,1,"2",0,NA,NA,NA,NA,NA,NA
333435,1100333435,110068516,110001071,NA,"710","4",NA,NA,1,"2",0,NA,NA,NA,NA,NA,NA
333436,1100333436,110068517,110001071,"1","6360",NA,NA,NA,13,"D",1,NA,NA,NA,NA,NA,NA
333437,1100333437,110068517,110001071,"1","5780","A",NA,NA,3,"2",1,NA,NA,NA,NA,NA,NA
333438,1100333438,110068517,110001071,NA,"6000","2",NA,NA,1,"2",0,NA,NA,NA,NA,NA,NA
333439,1100333439,110068517,110001071,NA,"5926","A",NA,NA,1,"2",0,NA,NA,NA,NA,NA,NA
333440,1100333440,110068517,110001071,NA,"6360",NA,NA,NA,3,"D",1,NA,NA,NA,NA,NA,NA
333441,1100333441,110068520,110001071,"2","6000","2",NA,NA,1,"D",1,"S",NA,NA,NA,NA,NA
333442,1100333442,110068520,110001071,"2","5910","A",NA,NA,1,"D",1,"S",NA,NA,NA,NA,NA
333443,1100333443,110068520,110001071,NA,"6360",NA,"W",NA,3,"D",1,NA,NA,NA,NA,NA,NA
333444,1100333444,110068521,110001071,NA,"6360","A","W",NA,1,"C",1,NA,NA,NA,NA,NA,NA
333445,1100333445,110068523,110001071,NA,"18770",NA,NA,NA,1,"1",0,NA,NA,NA,NA,NA,NA
333446,1100333446,110068524,110001071,NA,"6110","A",NA,NA,1,"2",0,NA,NA,NA,NA,NA,NA
333447,1100333447,110068524,110001071,NA,"5910","A",NA,NA,1,"2",0,NA,NA,NA,NA,NA,NA
333448,1100333448,110068524,110001071,NA,"710","A",NA,NA,1,"2",0,NA,NA,NA,NA,NA,NA
333449,1100333449,110068524,110001071,NA,"5910","A",NA,NA,1,"2",1,NA,NA,NA,NA,NA,NA
333450,1100333450,110068525,110001071,NA,"6345",NA,NA,NA,4,"2",0,NA,NA,NA,NA,NA,NA
333451,1100333451,110068525,110001071,NA,"6360",NA,"W",NA,1,"2",0,NA,NA,NA,NA,NA,NA
333452,1100333452,110068526,110001071,"3","6360",NA,"W",NA,2,"C",1,"DF",NA,NA,NA,NA,NA
333453,1100333453,110068526,110001071,"3","5780",NA,NA,NA,1,"C",1,NA,NA,NA,NA,NA,NA
333454,1100333454,110068526,110001071,NA,"5910","A",NA,NA,1,"B",1,NA,NA,NA,NA,NA,NA
333455,1100333455,110068526,110001071,NA,"6000","2",NA,NA,1,"2",0,NA,NA,NA,NA,NA,NA
333456,1100333456,110068526,110001071,NA,"5910","3",NA,NA,1,"2",1,NA,NA,NA,NA,NA,NA
333457,1100333457,110068526,110001071,NA,"5910","A",NA,NA,1,"2",1,NA,NA,NA,NA,NA,NA
333458,1100333458,110068526,110001071,NA,"6360","A","W",NA,2,"A",1,NA,NA,NA,NA,NA,NA
333459,1100333459,110068526,110001071,NA,"5780","A",NA,NA,1,"1",1,NA,NA,NA,NA,NA,NA
333460,1100333460,110068527,110001071,"4","5780","A",NA,NA,2,"2",1,NA,NA,NA,NA,NA,NA
333461,1100333461,110068527,110001071,"4","6360",NA,NA,NA,8,"D",1,NA,NA,NA,NA,NA,NA
333462,1100333462,110068527,110001071,NA,"15820",NA,NA,NA,16,"2",0,NA,NA,"SW",NA,NA,NA
333463,1100333463,110068527,110001071,NA,"5910","A",NA,NA,1,"1",0,NA,NA,NA,NA,NA,NA
333464,1100333464,110068527,110001071,NA,"6360",NA,"W",NA,2,"2",0,NA,NA,NA,NA,NA,NA
333465,1100333465,110068528,110001071,NA,"6360",NA,NA,NA,3,"E",0,NA,NA,NA,NA,NA,NA
333466,1100333466,110068529,110001071,NA,"5910","A",NA,NA,1,"2",1,NA,NA,NA,NA,NA,NA
333467,1100333467,110068529,110001071,NA,"5780","A",NA,NA,1,"1",1,NA,NA,NA,NA,NA,NA
333468,1100333468,110068530,110001071,NA,"64320",NA,NA,NA,1,"E",0,NA,NA,NA,NA,NA,NA
333469,1100333469,110068530,110001071,NA,"15820",NA,NA,NA,5,"2",0,NA,NA,NA,NA,NA,NA
333470,1100333470,110068531,110001071,NA,"6360",NA,"W",NA,3,"B",1,NA,NA,NA,NA,NA,NA
333471,1100333471,110068531,110001071,NA,"5780","A",NA,NA,1,"2",0,NA,NA,NA,NA,NA,NA
333472,1100333472,110068531,110001071,NA,"6360",NA,NA,NA,1,"2",0,NA,NA,NA,NA,NA,NA
333473,1100333473,110068531,110001071,NA,"5910","2",NA,NA,1,"2",1,NA,NA,NA,NA,NA,NA
333474,1100333474,110068531,110001071,NA,"5780",NA,NA,NA,1,"1",1,NA,NA,NA,NA,NA,NA
333475,1100333475,110068532,110001071,NA,"6360",NA,"W",NA,1,"1",0,NA,NA,NA,NA,NA,NA
333476,1100333476,110068533,110001071,"5","5910","1",NA,NA,1,"2",0,NA,NA,NA,NA,NA,NA
333477,1100333477,110068533,110001071,"5","5910","2",NA,NA,1,"2",1,NA,NA,NA,NA,NA,NA
333478,1100333478,110068533,110001071,"5","5910","3",NA,NA,1,"2",1,NA,NA,NA,NA,NA,NA
333479,1100333479,110068533,110001071,NA,"5920","1",NA,NA,1,"2",1,NA,NA,NA,NA,NA,NA
333480,1100333480,110068534,110001071,"6","5910","A",NA,NA,1,"1",0,NA,"E",NA,NA,NA,NA
333481,1100333481,110068534,110001071,"6","5910","1",NA,NA,1,"1",0,NA,"E",NA,NA,NA,NA
333482,1100333482,110068534,110001071,NA,"5910","3",NA,NA,1,"B",1,"DF",NA,NA,NA,NA,NA
333483,1100333483,110068535,110001071,NA,"5900","1",NA,NA,1,"2",0,NA,NA,NA,NA,NA,NA
333484,1100333484,110068535,110001071,NA,"63510",NA,NA,NA,1,"E",0,NA,NA,NA,NA,NA,NA
333485,1100333485,110068535,110001071,NA,"5900","A",NA,NA,1,"2",0,NA,NA,NA,NA,NA,NA
333486,1100333486,110068537,110001071,NA,"5910","A",NA,NA,1,"C",1,"DF",NA,NA,NA,NA,NA
333487,1100333487,110068537,110001071,NA,"6000","A",NA,NA,1,"E",0,NA,NA,NA,NA,NA,NA
333488,1100333488,110068537,110001071,NA,"4860",NA,NA,NA,2,"2",0,NA,NA,"SW",NA,NA,NA
333489,1100333489,110068537,110001071,NA,"5910","A",NA,NA,1,"E",0,NA,NA,NA,NA,NA,NA
333490,1100333490,110068537,110001071,NA,"5910","A",NA,NA,1,"B",1,"P",NA,NA,NA,NA,NA
333491,1100333491,110068537,110001071,NA,"5820","A",NA,NA,1,"1",0,NA,"E",NA,NA,NA,NA
333492,1100333492,110068537,110001071,NA,"2130",NA,NA,NA,65,"3",0,NA,NA,"SW",NA,NA,NA
333493,1100333493,110068537,110001071,NA,"5910","A",NA,NA,1,"1",0,NA,NA,NA,NA,NA,NA
333494,1100333494,110068537,110001071,NA,"5780","A",NA,NA,1,"2",0,NA,NA,NA,NA,NA,NA
333495,1100333495,110068538,110001071,NA,"5910","A",NA,NA,1,"B",1,NA,NA,NA,NA,NA,NA
333496,1100333496,110068538,110001071,NA,"63510",NA,NA,NA,2,"C",1,NA,NA,NA,NA,NA,NA
333497,1100333497,110068538,110001071,NA,"5780","A",NA,NA,1,"1",1,NA,NA,NA,NA,NA,NA
333498,1100333498,110068538,110001071,NA,"5910","A",NA,NA,1,"1",0,NA,NA,NA,NA,NA,NA
333499,1100333499,110068538,110001071,NA,"5900","2",NA,NA,1,"1",1,NA,NA,NA,NA,NA,NA
333500,1100333500,110068538,110001071,NA,"5780","A",NA,NA,1,"2",1,NA,NA,NA,NA,NA,NA
333501,1100333501,110068538,110001071,NA,"5920","1",NA,NA,1,"2",0,NA,NA,NA,NA,NA,NA
333502,1100333502,110068539,110001071,NA,"5780","A",NA,NA,1,"2",0,NA,NA,NA,NA,NA,NA
333503,1100333503,110068541,110001071,NA,"5910","2",NA,NA,1,"D",1,NA,NA,NA,NA,NA,NA
333504,1100333504,110068541,110001071,NA,"5910","2",NA,NA,1,"2",0,NA,NA,NA,NA,NA,NA
333505,1100333505,110068542,110001071,"7","5670","1",NA,NA,1,"2",0,NA,NA,NA,NA,NA,NA
333506,1100333506,110068542,110001071,"7","5780","A",NA,NA,1,"2",0,NA,NA,NA,NA,NA,NA
333507,1100333507,110068542,110001071,"7","5780","1",NA,NA,1,"2",0,NA,NA,NA,NA,NA,NA
333508,1100333508,110068543,110001071,NA,"5910","A",NA,NA,1,"2",0,NA,NA,NA,NA,NA,NA
333509,1100333509,110068543,110001071,NA,"5900","1",NA,NA,1,"2",0,NA,NA,NA,NA,NA,NA
333510,1100333510,110068543,110001071,NA,"6000","1",NA,NA,1,"1",0,NA,NA,NA,NA,NA,NA
333511,1100333511,110068544,110001071,NA,"5780","A",NA,NA,1,"2",1,NA,NA,NA,NA,NA,NA
333512,1100333512,110068544,110001071,NA,"5910","1",NA,NA,1,"2",1,NA,NA,NA,NA,NA,NA
333513,1100333513,110068544,110001071,NA,"6000","A",NA,NA,1,"1",0,NA,NA,NA,NA,NA,NA
333514,1100333514,110068544,110001071,NA,"11980",NA,NA,NA,6,"2",0,NA,NA,"SW",NA,NA,NA
333515,1100333515,110068545,110001071,"8","5900",NA,NA,NA,8,"1",0,NA,"E",NA,NA,NA,NA
333516,1100333516,110068545,110001071,"8","6020",NA,NA,NA,2,"1",0,NA,"E",NA,NA,NA,NA
333517,1100333517,110068545,110001071,"8","5910",NA,NA,NA,4,"1",0,NA,"E",NA,NA,NA,NA
333518,1100333518,110068545,110001071,"8","5927","3",NA,NA,1,"1",0,NA,"E",NA,NA,NA,NA
333519,1100333519,110068545,110001071,"8","5820","A",NA,NA,1,"1",0,NA,"E",NA,NA,NA,NA
333520,1100333520,110068545,110001071,NA,"5910","A",NA,NA,1,"1",1,NA,NA,NA,NA,NA,NA
333521,1100333521,110068546,110001071,NA,"5910","A",NA,NA,1,"1",1,NA,NA,NA,NA,NA,NA
333522,1100333522,110068546,110001071,NA,"6000","A",NA,NA,1,"E",0,NA,NA,NA,NA,NA,NA
333523,1100333523,110068546,110001071,NA,"5709",NA,NA,NA,1,"2",0,NA,NA,NA,NA,NA,NA
333524,1100333524,110068547,110001071,NA,"5910","A",NA,NA,1,"1",0,NA,NA,NA,NA,NA,NA
333525,1100333525,110068547,110001071,NA,"64310",NA,NA,NA,1,"U",1,NA,NA,NA,NA,NA,NA
333526,1100333526,110068548,110001071,"9","6000","1",NA,NA,1,"1",1,NA,NA,NA,NA,NA,NA
333527,1100333527,110068548,110001071,"9","5910","A",NA,NA,1,"1",1,NA,NA,NA,NA,NA,NA
333528,1100333528,110068548,110001071,NA,"5910","A",NA,NA,1,"1",1,NA,NA,NA,NA,NA,NA
333529,1100333529,110068548,110001071,NA,"5910","A",NA,NA,1,"2",0,NA,NA,NA,NA,NA,NA
333530,1100333530,110068548,110001071,NA,"5910","A",NA,NA,1,"1",1,NA,NA,NA,NA,NA,NA
333531,1100333531,110068550,110001071,NA,"5900","1",NA,NA,1,"2",0,NA,NA,NA,NA,NA,NA
333532,1100333532,110068551,110001071,NA,"5910","1",NA,NA,1,"2",1,NA,NA,NA,NA,NA,NA
333533,1100333533,110068551,110001071,NA,"5910","A",NA,NA,1,"E",0,NA,NA,NA,NA,NA,NA
333534,1100333534,110068551,110001071,NA,"6000","A",NA,NA,1,"D",1,NA,NA,NA,NA,NA,NA
333535,1100333535,110068551,110001071,NA,"5900","1",NA,NA,1,"D",1,NA,NA,NA,NA,NA,NA
333536,1100333536,110068551,110001071,NA,"5910",NA,NA,NA,1,"1",1,NA,NA,NA,NA,NA,NA
333537,1100333537,110068551,110001071,NA,"5900","A",NA,NA,1,"1",1,NA,NA,NA,NA,NA,NA
333538,1100333538,110068551,110001071,NA,"5910","I",NA,NA,1,"2",1,NA,NA,NA,NA,NA,NA
333539,1100333539,110068552,110001071,"10","5910","A",NA,NA,1,"E",0,NA,NA,NA,NA,NA,NA
333540,1100333540,110068552,110001071,"10","5910","1",NA,NA,1,"E",0,NA,NA,NA,NA,NA,NA
333541,1100333541,110068552,110001071,NA,"5910","A",NA,NA,1,"1",1,NA,NA,NA,NA,NA,NA
333542,1100333542,110068552,110001071,NA,"64320",NA,NA,NA,1,"E",0,NA,NA,NA,NA,NA,NA
333543,1100333543,110068552,110001071,NA,"5910","4",NA,NA,1,"1",1,NA,NA,NA,NA,NA,NA
333544,1100333544,110068552,110001071,NA,"5900","2",NA,NA,1,"2",0,NA,NA,NA,NA,NA,NA
333545,1100333545,110068552,110001071,NA,"5910","A",NA,NA,1,"2",0,NA,NA,NA,NA,NA,NA
333546,1100333546,110068553,110001071,NA,"6000","A",NA,NA,1,"2",0,NA,NA,NA,NA,NA,NA
333547,1100333547,110068553,110001071,NA,"6000","A",NA,NA,1,"1",0,NA,NA,NA,NA,NA,NA
333548,1100333548,110068554,110001071,NA,"5910","2",NA,NA,1,"2",0,NA,NA,NA,NA,NA,NA
333549,1100333549,110068554,110001071,NA,"1730",NA,NA,NA,8,"1",0,NA,NA,"SW",NA,NA,NA
333550,1100333550,110068554,110001071,NA,"5910","A",NA,NA,2,"2",1,NA,NA,NA,NA,NA,NA
333551,1100333551,110068554,110001071,NA,"5900","A",NA,NA,1,"1",1,NA,NA,NA,NA,NA,NA
333552,1100333552,110068555,110001071,NA,"5820","A",NA,NA,1,"2",0,NA,NA,NA,NA,NA,NA
333553,1100333553,110068555,110001071,NA,"5920","2",NA,NA,1,"2",0,NA,NA,NA,NA,NA,NA
333554,1100333554,110068555,110001071,NA,"5910","A",NA,NA,1,"1",1,NA,NA,NA,NA,NA,NA
333555,1100333555,110068556,110001071,NA,"5900","A",NA,NA,1,"2",0,NA,NA,NA,NA,NA,NA
333556,1100333556,110068556,110001071,NA,"5820","A",NA,NA,1,"2",0,NA,NA,NA,NA,NA,NA
333557,1100333557,110068556,110001071,NA,"5910",NA,NA,NA,24,"2",0,"Z","A",NA,NA,NA,NA
333558,1100333558,110068556,110001071,NA,"5920",NA,NA,NA,6,"2",0,"Z","A",NA,NA,NA,NA
333559,1100333559,110068556,110001071,NA,"5820",NA,NA,NA,12,"2",0,"Z","A",NA,NA,NA,NA
333560,1100333560,110068556,110001071,NA,"5900",NA,NA,NA,5,"2",0,"Z","A",NA,NA,NA,NA
333561,1100333561,110068556,110001071,NA,"6000",NA,NA,NA,1,"2",0,"Z","A",NA,NA,NA,NA
333562,1100333562,110068556,110001071,NA,"5920","A",NA,NA,2,"1",0,NA,NA,NA,NA,NA,NA
333563,1100333563,110068556,110001071,NA,"5900","1",NA,NA,1,"1",0,NA,NA,NA,NA,NA,NA
333564,1100333564,110068556,110001071,NA,"1680",NA,NA,NA,3,"1",0,NA,NA,"SW",NA,NA,NA
333565,1100333565,110068557,110001072,NA,"6020","A",NA,NA,1,"2",0,NA,NA,NA,NA,NA,NA
333566,1100333566,110068557,110001072,NA,"710","A",NA,NA,1,"2",0,NA,NA,NA,NA,NA,NA
333567,1100333567,110068559,110001072,NA,"6020","A",NA,NA,1,"2",0,NA,NA,NA,NA,NA,NA
333568,1100333568,110068560,110001072,NA,"6020","A",NA,NA,1,"2",0,NA,NA,NA,NA,NA,"ENTER WF"
333569,1100333569,110068561,110001072,NA,"5780",NA,NA,NA,2,"2",0,"Z","T",NA,NA,NA,"F3"
333570,1100333570,110068562,110001072,"1","6340",NA,"W",NA,2,"E",0,"DF","X",NA,NA,NA,NA
333571,1100333571,110068562,110001072,"1","6360",NA,"W",NA,1,"E",0,"DF","X",NA,NA,NA,NA
333572,1100333572,110068562,110001072,NA,"5900","A",NA,NA,1,"2",0,NA,"T",NA,NA,NA,"H2"
333573,1100333573,110068562,110001072,NA,"6020","A",NA,NA,1,"2",1,NA,"X",NA,NA,NA,NA
333574,1100333574,110068562,110001072,NA,"6020","1",NA,NA,1,"1",1,NA,"X",NA,NA,NA,NA
333575,1100333575,110068562,110001072,NA,"6020","A",NA,NA,1,"2",0,NA,"X",NA,NA,NA,NA
333576,1100333576,110068562,110001072,NA,"6020","1",NA,NA,2,"B",1,NA,"X",NA,NA,NA,NA
333577,1100333577,110068563,110001072,NA,"5900","A",NA,NA,1,"2",0,NA,"X",NA,NA,NA,NA
333578,1100333578,110068564,110001072,NA,"5900",NA,NA,NA,2,"D",1,NA,"X",NA,NA,NA,NA
333579,1100333579,110068565,110001072,NA,"6020","1",NA,NA,1,"1",0,NA,"X",NA,NA,NA,NA
333580,1100333580,110068566,110001072,NA,"6020","A",NA,NA,1,"D",1,NA,"X",NA,NA,NA,NA
333581,1100333581,110068566,110001072,NA,"6345",NA,NA,NA,1,"2",0,NA,"X",NA,NA,NA,NA
333582,1100333582,110068567,110001072,NA,"5780","A",NA,NA,1,"2",0,"Z","X",NA,NA,NA,NA
333583,1100333583,110068567,110001072,NA,"6020","A",NA,NA,1,"2",1,NA,"X",NA,NA,NA,NA
333584,1100333584,110068568,110001072,NA,"6020","A",NA,NA,1,"2",0,"Z","X",NA,NA,NA,NA
333585,1100333585,110068568,110001072,NA,"6340",NA,"W",NA,2,"C",1,"DF","X",NA,NA,NA,NA
333586,1100333586,110068568,110001072,NA,"6020","A",NA,NA,1,"2",0,NA,"X",NA,NA,NA,NA
333587,1100333587,110068569,110001072,NA,"6340",NA,"W",NA,1,"C",1,"DF","X",NA,NA,NA,NA
333588,1100333588,110068569,110001072,NA,"6020","A",NA,NA,1,"2",0,NA,"X",NA,NA,NA,NA
333589,1100333589,110068569,110001072,NA,"6020","A",NA,NA,1,"2",0,NA,"X",NA,NA,NA,NA
333590,1100333590,110068569,110001072,NA,"5780","A",NA,NA,2,"2",1,NA,"X",NA,NA,NA,NA
333591,1100333591,110068570,110001072,NA,"6360",NA,"W",NA,3,"C",1,"DY","X",NA,NA,NA,NA
333592,1100333592,110068571,110001072,NA,"6000","A",NA,NA,5,"E",0,NA,"T",NA,NA,NA,"CP-I4"
333593,1100333593,110068571,110001072,NA,"6020","A",NA,NA,1,"1",0,NA,"X",NA,NA,NA,NA
333594,1100333594,110068572,110001072,NA,"6020","A",NA,NA,1,"2",0,NA,"X",NA,NA,NA,NA
333595,1100333595,110068572,110001072,NA,"6000","A",NA,NA,1,"2",0,NA,"X",NA,NA,NA,NA
333596,1100333596,110068573,110001072,NA,"6020","A",NA,NA,1,"2",0,NA,"X",NA,NA,NA,NA
333597,1100333597,110068573,110001072,NA,"6020","A",NA,NA,1,"2",0,NA,"X",NA,NA,NA,NA
333598,1100333598,110068574,110001072,NA,"1680",NA,NA,NA,1,"2",0,NA,"X","SW",NA,NA,NA
333599,1100333599,110068574,110001072,NA,"6020",NA,NA,NA,150,"2",0,NA,"X",NA,NA,NA,NA
333600,1100333600,110068574,110001072,NA,"6360",NA,NA,NA,1,"A",1,"DF","X",NA,NA,NA,NA
333601,1100333601,110068574,110001072,NA,"710","A",NA,NA,1,"2",0,NA,"X",NA,NA,NA,NA
333602,1100333602,110068574,110001072,NA,"6020",NA,NA,NA,23,"2",1,NA,"X",NA,NA,NA,NA
333603,1100333603,110068574,110001072,NA,"5900","A",NA,NA,3,"2",1,NA,"X",NA,NA,NA,NA
333604,1100333604,110068574,110001072,NA,"6000","1",NA,NA,1,"2",1,NA,"X",NA,NA,NA,NA
333605,1100333605,110068574,110001072,NA,"710","A",NA,NA,1,"C",1,"DF","X",NA,NA,NA,NA
333606,1100333606,110068574,110001072,NA,"6360",NA,NA,NA,3,"A",1,"DF","X",NA,NA,NA,NA
333607,1100333607,110068574,110001072,NA,"5900",NA,NA,NA,5,"2",0,NA,"X",NA,NA,NA,NA
333608,1100333608,110068575,110001072,NA,"6360",NA,NA,NA,3,"A",1,NA,"X",NA,NA,NA,NA
333609,1100333609,110068575,110001072,NA,"6360",NA,NA,NA,1,"C",1,NA,"X",NA,NA,NA,NA
333610,1100333610,110068575,110001072,NA,"6000","A",NA,NA,1,"2",1,NA,"X",NA,NA,NA,NA
333611,1100333611,110068575,110001072,NA,"6020",NA,NA,NA,7,"2",1,NA,"X",NA,NA,NA,NA
333612,1100333612,110068575,110001072,NA,"5900",NA,NA,NA,2,"2",1,NA,"X",NA,NA,NA,NA
333613,1100333613,110068575,110001072,NA,"6000","1",NA,NA,1,"D",1,"DF","X",NA,NA,NA,NA
333614,1100333614,110068576,110001072,NA,"5900","A",NA,NA,1,"D",1,"DF","X",NA,NA,NA,NA
333615,1100333615,110068577,110001072,NA,"6020","A",NA,NA,1,"1",1,NA,"X",NA,NA,NA,NA
333616,1100333616,110068577,110001072,NA,"6360",NA,NA,NA,2,"B",1,"DF","X",NA,NA,NA,NA
333617,1100333617,110068577,110001072,NA,"6020","A",NA,NA,1,"2",0,NA,"X",NA,NA,NA,NA
333618,1100333618,110068578,110001072,NA,"6020","A",NA,NA,1,"2",0,NA,"X",NA,NA,NA,NA
333619,1100333619,110068578,110001072,NA,"5900","A",NA,NA,1,"2",0,NA,"X",NA,NA,NA,NA
333620,1100333620,110068578,110001072,NA,"6020","A",NA,NA,1,"2",0,NA,"X",NA,NA,NA,NA
333621,1100333621,110068580,110001072,"2","6340",NA,"W",NA,1,"2",1,NA,"X",NA,NA,NA,NA
333622,1100333622,110068580,110001072,"2","6340",NA,"B",NA,1,"2",1,NA,"X",NA,NA,NA,NA
333623,1100333623,110068580,110001072,"2","6360",NA,NA,NA,1,"2",1,NA,"X",NA,NA,NA,NA
333624,1100333624,110068580,110001072,NA,"6020","A",NA,NA,1,"2",0,NA,"X",NA,NA,NA,NA
333625,1100333625,110068580,110001072,NA,"6020","A",NA,NA,1,"1",0,NA,"X",NA,NA,NA,NA
333626,1100333626,110068580,110001072,NA,"6000","A",NA,NA,2,"2",0,NA,"X",NA,NA,NA,NA
333627,1100333627,110068581,110001072,NA,"6360",NA,NA,NA,1,"A",1,NA,"X",NA,NA,NA,NA
333628,1100333628,110068582,110001072,"3","6340",NA,NA,NA,1,"A",1,NA,"X",NA,NA,NA,NA
333629,1100333629,110068582,110001072,"3","2120",NA,NA,NA,1,"A",1,NA,"X",NA,NA,NA,NA
333630,1100333630,110068584,110001072,NA,"6020","A",NA,NA,1,"2",0,NA,"X",NA,NA,NA,NA
333631,1100333631,110068585,110001072,NA,"6000","A",NA,NA,1,"E",0,NA,"T",NA,NA,NA,"NW-G02"
333632,1100333632,110068585,110001072,NA,"6000","A",NA,NA,1,"E",0,NA,"P~X",NA,NA,NA,"TRANSFORMER PLATFORM"
333633,1100333633,110068585,110001072,NA,"800",NA,NA,NA,2,"E",0,NA,"X",NA,NA,NA,NA
333634,1100333634,110068588,110001072,NA,"6020","A",NA,NA,1,"2",0,NA,"X",NA,NA,NA,NA
333635,1100333635,110068588,110001072,NA,"6020","A",NA,NA,1,"2",1,NA,"X",NA,NA,NA,NA
333636,1100333636,110068589,110001072,NA,"6020","A",NA,NA,1,"2",0,NA,"X",NA,NA,NA,NA
333637,1100333637,110068590,110001072,NA,"6340",NA,"W",NA,1,"D",1,NA,"X",NA,NA,NA,NA
333638,1100333638,110068591,110001072,NA,"6020","A",NA,NA,1,"2",0,NA,"X",NA,NA,NA,NA
333639,1100333639,110068592,110001072,NA,"6360",NA,NA,NA,5,"C",1,"DF","X",NA,NA,NA,NA
333640,1100333640,110068592,110001072,NA,"6345",NA,NA,NA,4,"E",0,NA,"X",NA,NA,NA,NA
333641,1100333641,110068594,110001072,NA,"6345",NA,NA,NA,6,"D",1,"DF","X",NA,NA,NA,NA
333642,1100333642,110068598,110001072,NA,"6000","A",NA,NA,1,"2",0,NA,"X",NA,NA,NA,NA
333643,1100333643,110068600,110001072,NA,"5900","A",NA,NA,1,"2",0,NA,"X",NA,NA,NA,NA
333644,1100333644,110068604,110001072,NA,"6360",NA,NA,NA,2,"E",0,NA,"X",NA,NA,NA,NA
333645,1100333645,110068604,110001072,NA,"710","A",NA,NA,1,"2",0,NA,"X",NA,NA,NA,NA
333646,1100333646,110068604,110001072,NA,"6000","2",NA,NA,1,"E",0,NA,"X",NA,NA,NA,NA
333647,1100333647,110068606,110001072,NA,"6020","A",NA,NA,1,"1",0,NA,"X",NA,NA,NA,NA
333648,1100333648,110068608,110001072,NA,"6020","A",NA,NA,1,"2",0,NA,NA,NA,NA,NA,NA
333649,1100333649,110068608,110001072,NA,"6020","A",NA,NA,1,"1",1,NA,NA,NA,NA,NA,NA
333650,1100333650,110068608,110001072,NA,"6020","A",NA,NA,1,"2",0,NA,NA,NA,NA,NA,NA
333651,1100333651,110068609,110001072,NA,"6340",NA,"W",NA,3,"2",0,NA,NA,NA,NA,NA,NA
333652,1100333652,110068609,110001072,NA,"6020",NA,NA,NA,11,"B",0,"DF",NA,NA,NA,NA,NA
333653,1100333653,110068609,110001072,NA,"6345",NA,NA,NA,1,"2",0,NA,NA,NA,NA,NA,NA
333654,1100333654,110068615,110001072,NA,"6020","2",NA,NA,1,"2",1,NA,NA,NA,NA,NA,"EXIT WF"
333655,1100333655,110068617,110001072,NA,"710","A",NA,NA,1,"3",0,NA,NA,NA,NA,NA,NA
333656,1100333656,110068618,110001072,NA,"6340",NA,"W",NA,1,"A",0,NA,NA,NA,NA,NA,NA
333657,1100333657,110068618,110001072,NA,"6360",NA,"W",NA,1,"C",1,NA,NA,NA,NA,NA,NA
333658,1100333658,110068619,110001072,NA,"6345",NA,NA,NA,1,"2",0,NA,NA,NA,NA,NA,NA
333659,1100333659,110068620,110001072,NA,"6340",NA,"W",NA,1,"C",1,NA,NA,NA,NA,NA,NA
333660,1100333660,110068625,110001072,NA,"6020","A",NA,NA,1,"2",0,NA,NA,NA,NA,NA,NA
333661,1100333661,110068625,110001072,NA,"6340",NA,NA,NA,1,"E",0,NA,NA,NA,NA,NA,NA
333662,1100333662,110068625,110001072,NA,"6340",NA,"W",NA,2,"A",1,NA,NA,NA,NA,NA,NA
333663,1100333663,110068626,110001072,NA,"6020","A",NA,NA,1,"2",0,NA,NA,NA,NA,NA,NA
333664,1100333664,110068629,110001072,NA,"5910","A",NA,NA,1,"B",1,NA,NA,NA,NA,NA,NA
333665,1100333665,110068630,110001072,NA,"6020","A",NA,NA,2,"3",0,NA,NA,NA,NA,NA,NA
333666,1100333666,110068630,110001072,NA,"63510",NA,NA,NA,1,"E",0,NA,NA,NA,NA,NA,"330° 500M"
333667,1100333667,110068630,110001072,NA,"6020","A",NA,NA,1,"2",0,NA,NA,NA,NA,NA,NA
333668,1100333668,110068631,110001072,NA,"6340",NA,NA,NA,1,"E",0,NA,NA,NA,NA,NA,NA
333669,1100333669,110068632,110001072,NA,"6020","A",NA,NA,1,"2",0,NA,NA,NA,NA,NA,NA
333670,1100333670,110068633,110001072,NA,"6020","A",NA,NA,1,"2",0,NA,NA,NA,NA,NA,NA
333671,1100333671,110068649,110001072,NA,"6020","A",NA,NA,1,"2",0,NA,NA,NA,NA,NA,NA
333672,1100333672,110068649,110001072,NA,"6020","A",NA,NA,1,"2",0,NA,NA,NA,NA,NA,NA
333673,1100333673,110068649,110001072,NA,"6020","A",NA,NA,1,"1",0,NA,NA,NA,NA,NA,NA
333674,1100333674,110068651,110001072,NA,"6360",NA,NA,NA,5,"B",1,"DY",NA,NA,NA,NA,NA
333675,1100333675,110068651,110001072,NA,"5900","1",NA,NA,1,"1",0,NA,NA,NA,NA,NA,NA
333676,1100333676,110068651,110001072,NA,"6340",NA,"W",NA,2,"A",1,NA,NA,NA,NA,NA,NA
333677,1100333677,110068652,110001072,"4","6360",NA,"W",NA,9,"A",1,NA,NA,NA,NA,NA,NA
333678,1100333678,110068652,110001072,"4","6020",NA,NA,NA,3,"2",1,NA,NA,NA,NA,NA,NA
333679,1100333679,110068653,110001072,NA,"6345",NA,NA,NA,7,"3",0,NA,NA,NA,NA,NA,NA
333680,1100333680,110068655,110001072,NA,"6020","A",NA,NA,1,"2",0,NA,NA,NA,NA,NA,NA
333681,1100333681,110068655,110001072,NA,"6020","A",NA,NA,1,"3",0,NA,NA,NA,NA,NA,NA
333682,1100333682,110068656,110001072,NA,"6345",NA,NA,NA,1,"E",0,NA,NA,NA,NA,NA,NA
333683,1100333683,110068656,110001072,NA,"6020","A",NA,NA,1,"2",0,NA,NA,NA,NA,NA,NA
333684,1100333684,110068656,110001072,NA,"6020","A",NA,NA,1,"1",1,NA,NA,NA,NA,NA,NA
333685,1100333685,110068656,110001072,NA,"6360",NA,"W",NA,2,"A",1,"DF",NA,NA,NA,NA,NA
333686,1100333686,110068656,110001072,NA,"6340",NA,"W",NA,1,"D",1,NA,NA,NA,NA,NA,NA
333687,1100333687,110068657,110001072,"5","6020","A",NA,NA,1,"1",0,NA,NA,NA,NA,NA,NA
333688,1100333688,110068657,110001072,"5","6020","1",NA,NA,1,"1",0,NA,NA,NA,NA,NA,NA
333689,1100333689,110068658,110001072,"6","6020","A",NA,NA,2,"2",0,NA,NA,NA,NA,NA,NA
333690,1100333690,110068658,110001072,"6","6020","1",NA,NA,1,"2",0,NA,NA,NA,NA,NA,NA
333691,1100333691,110068658,110001072,NA,"6020","A",NA,NA,1,"1",1,NA,NA,NA,NA,NA,NA
333692,1100333692,110068659,110001072,NA,"6020","A",NA,NA,1,"2",1,NA,NA,NA,NA,NA,NA
333693,1100333693,110068659,110001072,NA,"6020","A",NA,NA,2,"2",0,NA,NA,NA,NA,NA,NA
333694,1100333694,110068659,110001072,NA,"6020","A",NA,NA,1,"2",0,NA,NA,NA,NA,NA,NA
333695,1100333695,110068660,110001072,NA,"6020","A",NA,NA,1,"2",0,NA,NA,NA,NA,NA,NA
333696,1100333696,110068660,110001072,NA,"6020","A",NA,NA,1,"2",0,NA,NA,NA,NA,NA,NA
333697,1100333697,110068660,110001072,NA,"6340",NA,"B",NA,1,"E",0,NA,NA,NA,NA,NA,NA
333698,1100333698,110068660,110001072,NA,"6020","A",NA,NA,1,"2",0,NA,NA,NA,NA,NA,NA
333699,1100333699,110068661,110001072,NA,"6360",NA,"W",NA,1,"A",1,NA,NA,NA,NA,NA,NA
333700,1100333700,110068661,110001072,NA,"6340",NA,"W",NA,2,"B",1,NA,NA,NA,NA,NA,NA
333701,1100333701,110068661,110001072,NA,"6020","A",NA,NA,1,"2",0,NA,NA,NA,NA,NA,NA
333702,1100333702,110068662,110001072,NA,"6020","A",NA,NA,1,"1",0,NA,NA,NA,NA,NA,NA
333703,1100333703,110068662,110001072,NA,"6360",NA,"W",NA,3,"A",1,"DY",NA,NA,NA,NA,NA
333704,1100333704,110068662,110001072,NA,"6020","1",NA,NA,1,"1",1,NA,NA,NA,NA,NA,NA
333705,1100333705,110068662,110001072,NA,"6360",NA,NA,NA,3,"A",1,"DF",NA,NA,NA,NA,NA
333706,1100333706,110068663,110001072,NA,"6020","A",NA,NA,1,"1",1,NA,NA,NA,NA,NA,NA
333707,1100333707,110068664,110001072,"7","6340",NA,NA,NA,1,"2",0,NA,NA,NA,NA,NA,NA
333708,1100333708,110068664,110001072,"7","6360",NA,NA,NA,1,"2",0,NA,NA,NA,NA,NA,NA
333709,1100333709,110068664,110001072,NA,"63510",NA,NA,NA,1,"D",1,NA,NA,NA,NA,NA,NA
333710,1100333710,110068664,110001072,NA,"6020","A",NA,NA,1,"2",0,NA,NA,NA,NA,NA,NA
333711,1100333711,110068665,110001072,NA,"6020","A",NA,NA,1,"1",0,NA,NA,NA,NA,NA,NA
333712,1100333712,110068665,110001072,NA,"6020","A",NA,NA,1,"2",0,NA,NA,NA,NA,NA,NA
333713,1100333713,110068666,110001072,NA,"6020","A",NA,NA,1,"2",0,NA,NA,NA,NA,NA,NA
333714,1100333714,110068666,110001072,NA,"6020","1",NA,NA,1,"1",0,NA,NA,NA,NA,NA,NA
333715,1100333715,110068666,110001072,NA,"6340",NA,"W",NA,1,"B",1,NA,NA,NA,NA,NA,NA
333716,1100333716,110068667,110001072,NA,"6360",NA,"W",NA,1,"C",1,"DY",NA,NA,NA,NA,NA
333717,1100333717,110068667,110001072,NA,"6360",NA,"W",NA,1,"B",1,NA,NA,NA,NA,NA,NA
333718,1100333718,110068668,110001072,NA,"5900","2",NA,NA,1,"2",0,NA,NA,NA,NA,NA,NA
333719,1100333719,110068668,110001072,NA,"6020","A",NA,NA,1,"2",0,NA,NA,NA,NA,NA,NA
333720,1100333720,110068668,110001072,NA,"6345",NA,NA,NA,1,"3",0,NA,NA,NA,NA,NA,NA
333721,1100333721,110068668,110001072,NA,"6020","1",NA,NA,1,"2",0,NA,NA,NA,NA,NA,NA
333722,1100333722,110068669,110001072,NA,"5780","A",NA,NA,1,"2",1,NA,NA,NA,NA,NA,NA
333723,1100333723,110068669,110001072,NA,"6360",NA,"W",NA,2,"B",1,NA,NA,NA,NA,NA,NA
333724,1100333724,110068670,110001072,"8","6360",NA,NA,NA,7,"E",0,NA,NA,NA,NA,NA,NA
333725,1100333725,110068670,110001072,"8","6020",NA,NA,NA,1,"E",0,NA,NA,NA,NA,NA,NA
333726,1100333726,110068671,110001072,NA,"5780","A",NA,NA,1,"2",1,NA,NA,NA,NA,NA,NA
333727,1100333727,110068672,110001072,NA,"63510",NA,NA,NA,1,"D",1,NA,NA,NA,NA,NA,"310° 800M"
333728,1100333728,110068673,110001072,NA,"5780","1",NA,NA,1,"1",0,NA,NA,NA,NA,NA,NA
333729,1100333729,110068674,110001072,NA,"6345",NA,NA,NA,3,"2",0,NA,NA,NA,NA,NA,NA
333730,1100333730,110068674,110001072,NA,"6345",NA,NA,NA,17,"2",0,NA,NA,NA,NA,NA,NA
333731,1100333731,110068675,110001073,NA,"5900","A",NA,NA,1,"2",0,NA,NA,NA,NA,NA,NA
333732,1100333732,110068675,110001073,NA,"6020","A",NA,NA,1,"2",0,NA,NA,NA,NA,NA,NA
333733,1100333733,110068677,110001073,NA,"5920","A",NA,NA,1,"2",0,NA,"X",NA,NA,NA,"ENTER WF"
333734,1100333734,110068678,110001073,NA,"6020","1",NA,NA,1,"2",0,NA,"X",NA,NA,NA,NA
333735,1100333735,110068679,110001073,NA,"6020","A",NA,NA,1,"1",0,NA,"X",NA,NA,NA,NA
333736,1100333736,110068680,110001073,NA,"6020","1",NA,NA,1,"1",1,NA,"X",NA,NA,NA,NA
333737,1100333737,110068683,110001073,NA,"6020","A",NA,NA,1,"2",0,NA,"X",NA,NA,NA,NA
333738,1100333738,110068685,110001073,NA,"6020","A",NA,NA,1,"A",1,"DF","X",NA,NA,NA,NA
333739,1100333739,110068686,110001073,NA,"6360",NA,NA,NA,1,"D",1,"DY","X",NA,NA,NA,NA
333740,1100333740,110068686,110001073,NA,"6020",NA,NA,NA,1,"2",0,NA,"X",NA,NA,NA,NA
333741,1100333741,110068686,110001073,NA,"6020",NA,NA,NA,1,"D",1,NA,"X",NA,NA,NA,NA
333742,1100333742,110068686,110001073,NA,"6345",NA,NA,NA,3,"2",0,NA,"X",NA,NA,NA,NA
333743,1100333743,110068686,110001073,NA,"6000","1",NA,NA,1,"1",0,NA,"X",NA,NA,NA,NA
333744,1100333744,110068687,110001073,NA,"6020","A",NA,NA,2,"2",1,NA,"X",NA,NA,NA,NA
333745,1100333745,110068687,110001073,NA,"6020","A",NA,NA,1,"1",0,NA,"X",NA,NA,NA,NA
333746,1100333746,110068687,110001073,NA,"6020","A",NA,NA,2,"2",0,NA,"X",NA,NA,NA,NA
333747,1100333747,110068687,110001073,NA,"6020","1",NA,NA,1,"2",0,NA,"X",NA,NA,NA,NA
333748,1100333748,110068687,110001073,NA,"6340",NA,NA,NA,3,"2",0,NA,"X",NA,NA,NA,NA
333749,1100333749,110068688,110001073,NA,"6020","A",NA,NA,1,"D",1,"DF","X",NA,NA,NA,NA
333750,1100333750,110068688,110001073,NA,"6020","1",NA,NA,1,"B",1,NA,"X",NA,NA,NA,NA
333751,1100333751,110068688,110001073,NA,"6020","A",NA,NA,1,"1",0,NA,"X",NA,NA,NA,NA
333752,1100333752,110068688,110001073,NA,"6020","A",NA,NA,1,"1",0,NA,"X",NA,NA,NA,NA
333753,1100333753,110068688,110001073,NA,"6020","A",NA,NA,1,"C",1,NA,"X",NA,NA,NA,NA
333754,1100333754,110068688,110001073,NA,"6020","A",NA,NA,1,"2",1,NA,"X",NA,NA,NA,NA
333755,1100333755,110068688,110001073,NA,"6360",NA,"W",NA,1,"B",1,"DY","X",NA,NA,NA,NA
333756,1100333756,110068688,110001073,NA,"6020","A",NA,NA,1,"1",0,NA,"X",NA,NA,NA,NA
333757,1100333757,110068688,110001073,NA,"6020","A",NA,NA,1,"2",0,NA,"X",NA,NA,NA,NA
333758,1100333758,110068688,110001073,NA,"6360",NA,NA,NA,1,"2",0,NA,"X",NA,NA,NA,NA
333759,1100333759,110068689,110001073,NA,"6020","A",NA,NA,1,"1",0,NA,"X",NA,NA,NA,NA
333760,1100333760,110068689,110001073,NA,"6020","A",NA,NA,1,"1",1,NA,"X",NA,NA,NA,NA
333761,1100333761,110068689,110001073,NA,"6020","A",NA,NA,1,"2",0,NA,"X",NA,NA,NA,NA
333762,1100333762,110068690,110001073,NA,"6360",NA,"W",NA,1,"2",0,NA,"X",NA,NA,NA,NA
333763,1100333763,110068690,110001073,NA,"6340",NA,"W",NA,1,"D",1,NA,"X",NA,NA,NA,NA
333764,1100333764,110068690,110001073,NA,"6020","A",NA,NA,1,"2",1,NA,"X",NA,NA,NA,NA
333765,1100333765,110068690,110001073,NA,"6360",NA,NA,NA,1,"A",1,"DF","X",NA,NA,NA,NA
333766,1100333766,110068690,110001073,NA,"6020","A",NA,NA,1,"1",1,NA,"X",NA,NA,NA,NA
333767,1100333767,110068690,110001073,NA,"6360",NA,NA,NA,1,"B",1,"DF","X",NA,NA,NA,NA
333768,1100333768,110068690,110001073,NA,"6360",NA,"W",NA,1,"2",0,NA,"X",NA,NA,NA,NA
333769,1100333769,110068691,110001073,NA,"6340",NA,"W",NA,1,"E",0,NA,"X",NA,NA,NA,NA
333770,1100333770,110068691,110001073,NA,"6360",NA,"W",NA,4,"E",0,NA,"X",NA,NA,NA,NA
333771,1100333771,110068692,110001073,NA,"6020","A",NA,NA,1,"D",1,NA,"X",NA,NA,NA,NA
333772,1100333772,110068692,110001073,NA,"6020","A",NA,NA,1,"2",0,NA,"X",NA,NA,NA,NA
333773,1100333773,110068692,110001073,NA,"6360",NA,"W",NA,2,"D",1,NA,"X",NA,NA,NA,NA
333774,1100333774,110068692,110001073,NA,"6020","A",NA,NA,1,"1",0,NA,"X",NA,NA,NA,NA
333775,1100333775,110068693,110001073,"1","6020","A",NA,NA,1,"A",1,"DF","X",NA,NA,NA,NA
333776,1100333776,110068693,110001073,"1","5900","A",NA,NA,1,"A",1,"DF","X",NA,NA,NA,NA
333777,1100333777,110068693,110001073,"1","5900","2",NA,NA,1,"A",1,"DF","X",NA,NA,NA,NA
333778,1100333778,110068693,110001073,"2","6000","A",NA,NA,1,"E",0,NA,"T",NA,NA,NA,"R-G3"
333779,1100333779,110068693,110001073,"2","6000","2",NA,NA,1,"E",0,NA,"T",NA,NA,NA,"R-G3"
333780,1100333780,110068693,110001073,NA,"6020","A",NA,NA,3,"2",0,NA,"X",NA,NA,NA,NA
333781,1100333781,110068693,110001073,NA,"6340",NA,NA,NA,2,"A",1,"DF","X",NA,NA,NA,NA
333782,1100333782,110068694,110001073,NA,"6020","A",NA,NA,1,"1",0,NA,"X",NA,NA,NA,NA
333783,1100333783,110068694,110001073,NA,"5900","A",NA,NA,1,"2",0,NA,"X",NA,NA,NA,NA
333784,1100333784,110068694,110001073,NA,"6360",NA,"W",NA,1,"C",1,NA,"X",NA,NA,NA,NA
333785,1100333785,110068694,110001073,NA,"6020","A",NA,NA,1,"2",0,NA,"X",NA,NA,NA,NA
333786,1100333786,110068695,110001073,"3","6340",NA,NA,NA,8,"2",0,NA,"X",NA,NA,NA,NA
333787,1100333787,110068695,110001073,"3","6360",NA,NA,NA,4,"2",0,NA,"X",NA,NA,NA,NA
333788,1100333788,110068695,110001073,NA,"6020","A",NA,NA,1,"2",1,NA,"X",NA,NA,NA,NA
333789,1100333789,110068696,110001073,NA,"800",NA,NA,NA,1,"2",0,NA,"X",NA,NA,NA,NA
333790,1100333790,110068698,110001073,NA,"6020","A",NA,NA,1,"2",0,NA,"X",NA,NA,NA,NA
333791,1100333791,110068699,110001073,NA,"5900","A",NA,NA,1,"2",0,NA,"X",NA,NA,NA,NA
333792,1100333792,110068700,110001073,NA,"6020","A",NA,NA,1,"3",0,NA,"X",NA,NA,NA,NA
333793,1100333793,110068700,110001073,NA,"6020","A",NA,NA,1,"2",0,NA,"X",NA,NA,NA,NA
333794,1100333794,110068700,110001073,NA,"6340",NA,"W",NA,1,"D",1,NA,"X",NA,NA,NA,NA
333795,1100333795,110068702,110001073,NA,"6340",NA,NA,NA,2,"3",0,NA,"X",NA,NA,NA,NA
333796,1100333796,110068706,110001073,NA,"6360",NA,NA,NA,2,"A",1,NA,"X",NA,NA,NA,NA
333797,1100333797,110068708,110001073,NA,"6020","A",NA,NA,1,"2",0,NA,"X",NA,NA,NA,NA
333798,1100333798,110068710,110001073,NA,"2130",NA,NA,"F",1,"C",1,"DF","X",NA,NA,NA,NA
333799,1100333799,110068711,110001073,NA,"63190",NA,NA,NA,1,"A",1,NA,"X",NA,NA,NA,NA
333800,1100333800,110068716,110001073,NA,"6020","A",NA,NA,1,"2",0,NA,"X",NA,NA,NA,NA
333801,1100333801,110068719,110001073,NA,"5926","A",NA,NA,1,"E",0,NA,"T",NA,NA,NA,"BB-K03"
333802,1100333802,110068720,110001073,NA,"6020","A",NA,NA,1,"2",1,NA,"X",NA,NA,NA,NA
333803,1100333803,110068727,110001073,NA,"6020","A",NA,NA,1,"2",0,NA,"X",NA,NA,NA,NA
333804,1100333804,110068728,110001073,NA,"6020","A",NA,NA,1,"2",0,NA,"X",NA,NA,NA,NA
333805,1100333805,110068729,110001073,NA,"6340",NA,"W",NA,1,"2",1,NA,"X",NA,NA,NA,NA
333806,1100333806,110068729,110001073,NA,"5927","1",NA,NA,1,"2",1,NA,"X",NA,NA,NA,NA
333807,1100333807,110068729,110001073,NA,"6020","A",NA,NA,1,"2",0,NA,"X",NA,NA,NA,NA
333808,1100333808,110068734,110001073,NA,"5910","A",NA,NA,1,"C",1,NA,"X",NA,NA,NA,NA
333809,1100333809,110068734,110001073,NA,"5920","3",NA,NA,1,"E",0,NA,"T",NA,NA,NA,"BB-H09"
333810,1100333810,110068734,110001073,NA,"5926","2",NA,NA,1,"E",0,NA,NA,NA,NA,NA,NA
333811,1100333811,110068734,110001073,NA,"6020","A",NA,NA,1,"E",0,NA,NA,NA,NA,NA,NA
333812,1100333812,110068736,110001073,NA,"6360",NA,NA,NA,3,"A",1,"DF","X",NA,NA,NA,NA
333813,1100333813,110068736,110001073,NA,"6360",NA,NA,NA,1,"C",1,NA,"X",NA,NA,NA,NA
333814,1100333814,110068737,110001073,NA,"6360",NA,NA,NA,4,"A",1,NA,"X",NA,NA,NA,NA
333815,1100333815,110068738,110001073,NA,"5920","A",NA,NA,1,"B",1,NA,"X",NA,NA,NA,NA
333816,1100333816,110068739,110001073,NA,"6360",NA,NA,NA,1,"C",1,NA,"X",NA,NA,NA,NA
333817,1100333817,110068741,110001073,"4","6340",NA,"B",NA,1,"C",1,NA,"X",NA,NA,NA,NA
333818,1100333818,110068741,110001073,"4","6340",NA,"W",NA,1,"C",1,NA,"X",NA,NA,NA,NA
333819,1100333819,110068741,110001073,"4","6020","A",NA,NA,1,"2",1,NA,"X",NA,NA,NA,NA
333820,1100333820,110068741,110001073,"4","6020","1",NA,NA,1,"2",1,NA,"X",NA,NA,NA,NA
333821,1100333821,110068741,110001073,NA,"6360",NA,NA,NA,9,"D",1,NA,"X",NA,NA,NA,NA
333822,1100333822,110068741,110001073,NA,"6340",NA,"B",NA,1,"2",0,NA,"X",NA,NA,NA,NA
333823,1100333823,110068743,110001073,NA,"6020","A",NA,NA,1,"2",0,NA,"X",NA,NA,NA,NA
333824,1100333824,110068743,110001073,NA,"6020","A",NA,NA,1,"B",1,"DF","X",NA,NA,NA,NA
333825,1100333825,110068748,110001073,NA,"6340",NA,"W",NA,1,"D",1,"DF","X",NA,NA,NA,NA
333826,1100333826,110068750,110001073,"5","6360","A","W",NA,2,"E",0,NA,NA,NA,NA,NA,"11:03 EXIT WF"
333827,1100333827,110068750,110001073,"5","6020","A",NA,NA,1,"E",0,NA,NA,NA,NA,NA,NA
333828,1100333828,110068753,110001073,NA,"6020","A",NA,NA,1,"1",0,NA,NA,NA,NA,NA,NA
333829,1100333829,110068754,110001073,NA,"6000","2",NA,NA,1,"2",0,NA,NA,NA,NA,NA,NA
333830,1100333830,110068754,110001073,NA,"6360",NA,NA,NA,3,"E",0,"DY",NA,NA,NA,NA,NA
333831,1100333831,110068754,110001073,NA,"6340",NA,"B",NA,1,"A",1,NA,NA,NA,NA,NA,NA
333832,1100333832,110068755,110001073,NA,"6000","2",NA,NA,1,"C",1,NA,NA,NA,NA,NA,NA
333833,1100333833,110068755,110001073,NA,"6020","A",NA,NA,1,"1",0,NA,NA,NA,NA,NA,NA
333834,1100333834,110068755,110001073,NA,"6020","A",NA,NA,1,"2",0,NA,NA,NA,NA,NA,NA
333835,1100333835,110068755,110001073,NA,"2130",NA,NA,"F",1,"2",0,NA,NA,NA,NA,NA,NA
333836,1100333836,110068755,110001073,NA,"6340",NA,NA,NA,3,"C",1,NA,NA,NA,NA,NA,NA
333837,1100333837,110068756,110001073,NA,"6000","A",NA,NA,1,"2",0,NA,NA,NA,NA,NA,NA
333838,1100333838,110068757,110001073,NA,"6360",NA,NA,NA,3,"C",0,NA,NA,NA,NA,NA,"ENTER WF"
333839,1100333839,110068757,110001073,NA,"6020","A",NA,NA,1,"1",0,NA,"X",NA,NA,NA,NA
333840,1100333840,110068758,110001073,"6","710","A",NA,NA,1,"2",0,NA,"X",NA,NA,NA,NA
333841,1100333841,110068758,110001073,"6","6020","A",NA,NA,2,"2",0,NA,"X",NA,NA,NA,NA
333842,1100333842,110068758,110001073,"7","6000",NA,NA,NA,7,"E",0,NA,"T",NA,NA,NA,"CP-D8"
333843,1100333843,110068758,110001073,"7","6009","I",NA,NA,1,"E",0,NA,"T",NA,NA,NA,"CP-D8"
333844,1100333844,110068758,110001073,NA,"6000",NA,NA,NA,2,"3",0,NA,"T",NA,NA,NA,NA
333845,1100333845,110068758,110001073,NA,"5900",NA,NA,NA,1,"3",0,NA,"T",NA,NA,NA,NA
333846,1100333846,110068758,110001073,NA,"6020","A",NA,NA,1,"1",1,NA,"X",NA,NA,NA,NA
333847,1100333847,110068759,110001073,NA,"6000","A",NA,NA,1,"E",0,NA,"T",NA,NA,NA,"CP-D7"
333848,1100333848,110068759,110001073,NA,"6020","A",NA,NA,1,"2",0,NA,NA,NA,NA,NA,NA
333849,1100333849,110068759,110001073,NA,"6360",NA,NA,NA,1,"2",0,NA,"X",NA,NA,NA,NA
333850,1100333850,110068760,110001073,NA,"6345",NA,NA,NA,3,"3",0,NA,"X",NA,NA,NA,NA
333851,1100333851,110068761,110001073,NA,"6020","A",NA,NA,1,"2",0,NA,"X",NA,NA,NA,NA
333852,1100333852,110068761,110001073,NA,"6020","A",NA,NA,1,"2",0,NA,"X",NA,NA,NA,NA
333853,1100333853,110068761,110001073,NA,"5920","A",NA,NA,1,"1",0,NA,"X",NA,NA,NA,NA
333854,1100333854,110068761,110001073,NA,"6020","A",NA,NA,1,"2",0,NA,"X",NA,NA,NA,NA
333855,1100333855,110068762,110001073,NA,"6020","A",NA,NA,1,"1",1,NA,"X",NA,NA,NA,NA
333856,1100333856,110068762,110001073,NA,"6020","A",NA,NA,2,"2",0,NA,"X",NA,NA,NA,NA
333857,1100333857,110068762,110001073,NA,"6020","A",NA,NA,2,"2",0,NA,"X",NA,NA,NA,NA
333858,1100333858,110068762,110001073,NA,"6020",NA,NA,NA,330,"3",0,NA,"X",NA,NA,NA,NA
333859,1100333859,110068762,110001073,NA,"6020","A",NA,NA,1,"2",1,NA,"X",NA,NA,NA,NA
333860,1100333860,110068762,110001073,NA,"6020","A",NA,NA,1,"1",0,NA,"X",NA,NA,NA,NA
333861,1100333861,110068762,110001073,NA,"6360",NA,NA,NA,2,"C",1,"DY","X",NA,NA,NA,NA
333862,1100333862,110068763,110001073,NA,"6020","1",NA,NA,1,"1",0,NA,"X",NA,NA,NA,NA
333863,1100333863,110068763,110001073,NA,"6020","A",NA,NA,1,"2",0,NA,"X",NA,NA,NA,NA
333864,1100333864,110068763,110001073,NA,"6020","A",NA,NA,1,"1",0,NA,"X",NA,NA,NA,NA
333865,1100333865,110068763,110001073,NA,"6020","1",NA,NA,1,"1",1,NA,"X",NA,NA,NA,NA
333866,1100333866,110068765,110001073,"8","5926","A",NA,NA,1,"1",0,NA,"X",NA,NA,NA,NA
333867,1100333867,110068765,110001073,"8","5926","2",NA,NA,1,"1",0,NA,"X",NA,NA,NA,NA
333868,1100333868,110068765,110001073,"8","6000","A",NA,NA,1,"1",0,NA,"X",NA,NA,NA,NA
333869,1100333869,110068765,110001073,"9","6000","A",NA,NA,1,"E",0,NA,"T",NA,NA,NA,"CP-0?"
333870,1100333870,110068765,110001073,"9","720",NA,NA,NA,8,"E",0,NA,"T",NA,NA,NA,"CP-0?"
333871,1100333871,110068765,110001073,NA,"6020","A",NA,NA,5,"1",0,NA,"X",NA,NA,NA,NA
333872,1100333872,110068765,110001073,NA,"720",NA,NA,NA,1,"E",0,"DY","X",NA,NA,NA,NA
333873,1100333873,110068766,110001073,"10","6020","1",NA,NA,1,"A",1,NA,"X",NA,NA,NA,NA
333874,1100333874,110068766,110001073,"10","6020","A",NA,NA,1,"A",1,NA,"X",NA,NA,NA,NA
333875,1100333875,110068766,110001073,"10","5926","3",NA,NA,1,"A",1,NA,"X",NA,NA,NA,NA
333876,1100333876,110068766,110001073,"10","5780","A",NA,NA,1,"A",1,NA,"X",NA,NA,NA,NA
333877,1100333877,110068766,110001073,NA,"6360",NA,NA,NA,2,"A",1,NA,"X",NA,NA,NA,NA
333878,1100333878,110068766,110001073,NA,"6340",NA,"B",NA,1,"E",0,NA,"X",NA,NA,NA,NA
333879,1100333879,110068767,110001073,NA,"6020",NA,NA,NA,1,"2",0,NA,"X",NA,NA,NA,NA
333880,1100333880,110068767,110001073,NA,"6340",NA,"W",NA,1,"E",0,NA,"X",NA,NA,NA,NA
333881,1100333881,110068768,110001073,NA,"6345",NA,NA,NA,1,"3",0,NA,"X",NA,NA,NA,NA
333882,1100333882,110068768,110001073,NA,"5780","A",NA,NA,2,"2",0,NA,"X",NA,NA,NA,NA
333883,1100333883,110068769,110001073,NA,"6000","A",NA,NA,1,"E",0,NA,"T",NA,NA,NA,"NRT-K1"
333884,1100333884,110068770,110001073,NA,"6360",NA,NA,NA,2,"A",1,"DY","X",NA,NA,NA,NA
333885,1100333885,110068771,110001073,NA,"6020","A",NA,NA,1,"B",1,NA,"X",NA,NA,NA,NA
333886,1100333886,110068772,110001073,NA,"6020","A",NA,NA,1,"2",1,NA,"X",NA,NA,NA,NA
333887,1100333887,110068774,110001073,NA,"6020","A",NA,NA,1,"2",0,NA,NA,NA,NA,NA,"EXIT WF"
333888,1100333888,110068776,110001073,NA,"6020","A",NA,NA,1,"2",0,NA,NA,NA,NA,NA,NA
333889,1100333889,110068776,110001073,NA,"6020","2",NA,NA,1,"2",0,NA,NA,NA,NA,NA,NA
333890,1100333890,110068778,110001073,NA,"6020","A",NA,NA,1,"2",1,NA,NA,NA,NA,NA,NA
333891,1100333891,110068778,110001073,NA,"6020","A",NA,NA,1,"2",0,NA,NA,NA,NA,NA,NA
333892,1100333892,110068779,110001073,NA,"6020","A",NA,NA,1,"1",0,NA,NA,NA,NA,NA,NA
333893,1100333893,110068779,110001073,NA,"6020","A",NA,NA,1,"1",1,NA,NA,NA,NA,NA,NA
333894,1100333894,110068780,110001073,NA,"6000","A",NA,NA,1,"1",0,NA,NA,NA,NA,NA,NA
333895,1100333895,110068783,110001073,NA,"6020","A",NA,NA,1,"2",0,NA,NA,NA,NA,NA,NA
333896,1100333896,110068784,110001073,NA,"6020","1",NA,NA,1,"2",0,NA,NA,NA,NA,NA,NA
333897,1100333897,110068785,110001073,NA,"6360",NA,"W",NA,2,"E",0,NA,NA,NA,NA,NA,NA
333898,1100333898,110068786,110001073,NA,"6340",NA,"W",NA,1,"D",1,NA,NA,NA,NA,NA,NA
333899,1100333899,110068786,110001073,NA,"5900","A",NA,NA,2,"A",1,"DF",NA,NA,NA,NA,NA
333900,1100333900,110068787,110001073,NA,"6020","1",NA,NA,1,"A",0,NA,"W",NA,NA,NA,NA
333901,1100333901,110068787,110001073,NA,"6020","A",NA,NA,1,"A",0,NA,"W",NA,NA,NA,NA
333902,1100333902,110068787,110001073,NA,"6020","A",NA,NA,1,"B",1,"DF",NA,NA,NA,NA,NA
333903,1100333903,110068788,110001073,NA,"720",NA,NA,NA,1,"3",0,NA,NA,NA,NA,NA,NA
333904,1100333904,110068788,110001073,NA,"6000","2",NA,NA,1,"2",0,NA,NA,NA,NA,NA,NA
333905,1100333905,110068789,110001073,NA,"6020","A",NA,NA,1,"1",0,NA,NA,NA,NA,NA,NA
333906,1100333906,110068789,110001073,NA,"6020","A",NA,NA,1,"1",0,NA,NA,NA,NA,NA,NA
333907,1100333907,110068789,110001073,NA,"6020","1",NA,NA,1,"1",0,NA,NA,NA,NA,NA,NA
333908,1100333908,110068789,110001073,NA,"6020","A",NA,NA,1,"2",0,NA,NA,NA,NA,NA,NA
333909,1100333909,110068790,110001073,NA,"6000","A",NA,NA,1,"2",0,NA,NA,NA,NA,NA,NA
333910,1100333910,110068790,110001073,NA,"6020","A",NA,NA,1,"2",1,NA,NA,NA,NA,NA,NA
333911,1100333911,110068790,110001073,NA,"6000","2",NA,NA,1,"2",0,NA,NA,NA,NA,NA,NA
333912,1100333912,110068790,110001073,NA,"5900","A",NA,NA,1,"2",0,NA,NA,NA,NA,NA,NA
333913,1100333913,110068790,110001073,NA,"6020","A",NA,NA,1,"2",0,NA,NA,NA,NA,NA,NA
333914,1100333914,110068790,110001073,NA,"6000","2",NA,NA,1,"2",0,NA,NA,NA,NA,NA,NA
333915,1100333915,110068790,110001073,NA,"6020","A",NA,NA,1,"2",1,NA,NA,NA,NA,NA,NA
333916,1100333916,110068790,110001073,NA,"6020","A",NA,NA,3,"2",0,NA,NA,NA,NA,NA,NA
333917,1100333917,110068790,110001073,NA,"6020","A",NA,NA,1,"C",1,"P",NA,NA,NA,NA,NA
333918,1100333918,110068790,110001073,NA,"6020","A",NA,NA,1,"2",1,NA,NA,NA,NA,NA,NA
333919,1100333919,110068791,110001073,NA,"6020",NA,NA,NA,240,"2",0,NA,NA,NA,NA,NA,NA
333920,1100333920,110068791,110001073,NA,"5900",NA,NA,NA,30,"2",0,NA,NA,NA,NA,NA,NA
333921,1100333921,110068791,110001073,NA,"6000",NA,NA,NA,8,"2",0,NA,NA,NA,NA,NA,NA
333922,1100333922,110068791,110001073,NA,"6020","A",NA,NA,1,"1",0,NA,NA,NA,NA,NA,NA
333923,1100333923,110068792,110001073,NA,"6345",NA,NA,NA,2,"2",0,NA,NA,NA,NA,NA,NA
333924,1100333924,110068792,110001073,NA,"6020","A",NA,NA,2,"D",1,NA,NA,NA,NA,NA,NA
333925,1100333925,110068792,110001073,NA,"6020","A",NA,NA,1,"2",0,NA,NA,NA,NA,NA,NA
333926,1100333926,110068793,110001073,NA,"5900",NA,NA,NA,4,"U",1,NA,NA,NA,NA,NA,NA
333927,1100333927,110068793,110001073,NA,"6020",NA,NA,NA,42,"U",1,NA,NA,NA,NA,NA,NA
333928,1100333928,110068794,110001073,NA,"6020","1",NA,NA,1,"2",0,NA,NA,NA,NA,NA,NA
333929,1100333929,110068795,110001073,NA,"6020","A",NA,NA,1,"1",0,NA,NA,NA,NA,NA,NA
333930,1100333930,110068796,110001073,NA,"5920","A",NA,NA,1,"2",1,NA,NA,NA,NA,NA,NA
333931,1100333931,110068796,110001073,NA,"6020","A",NA,NA,2,"2",0,NA,NA,NA,NA,NA,NA
333932,1100333932,110068796,110001073,NA,"6360",NA,NA,NA,1,"2",1,NA,NA,NA,NA,NA,NA
333933,1100333933,110068797,110001073,NA,"6000","2",NA,NA,1,"2",0,NA,NA,NA,NA,NA,NA
333934,1100333934,110068798,110001073,NA,"6340",NA,"W",NA,1,"D",1,NA,NA,NA,NA,NA,NA
333935,1100333935,110068798,110001073,NA,"6020","1",NA,NA,1,"2",0,NA,NA,NA,NA,NA,NA
333936,1100333936,110068801,110001073,NA,"5910","A",NA,NA,1,"2",1,NA,NA,NA,NA,NA,NA
333937,1100333937,110068802,110001073,"11","6360",NA,"W",NA,4,"C",1,"DY",NA,NA,NA,NA,NA
333938,1100333938,110068802,110001073,"11","6020","A",NA,NA,1,"C",1,"DF",NA,NA,NA,NA,NA
333939,1100333939,110068803,110001073,NA,"6020","1",NA,NA,1,"1",1,NA,NA,NA,NA,NA,NA
333940,1100333940,110068803,110001073,NA,"6020","A",NA,NA,1,"2",1,NA,NA,NA,NA,NA,NA
333941,1100333941,110068804,110001073,NA,"6020","A",NA,NA,1,"2",0,NA,NA,NA,NA,NA,NA
333942,1100333942,110068804,110001073,NA,"5900","A",NA,NA,1,"2",0,NA,NA,NA,NA,NA,NA
333943,1100333943,110068805,110001073,NA,"6020","A",NA,NA,1,"2",0,NA,NA,NA,NA,NA,NA
333944,1100333944,110068805,110001073,NA,"5926","3",NA,NA,1,"2",0,NA,NA,NA,NA,NA,NA
333945,1100333945,110068808,110001073,NA,"6340",NA,NA,NA,3,"E",0,NA,NA,NA,NA,NA,NA
333946,1100333946,110068808,110001073,NA,"5927","3",NA,NA,1,"D",0,NA,NA,NA,NA,NA,NA
333947,1100333947,110068812,110001073,NA,"6340",NA,"W",NA,1,"D",1,NA,NA,NA,NA,NA,NA
333948,1100333948,110068814,110001073,NA,"6340",NA,"W",NA,1,"D",1,NA,NA,NA,NA,NA,NA
333949,1100333949,110068816,110001073,NA,"6020","A",NA,NA,1,"1",0,NA,NA,NA,NA,NA,NA
333950,1100333950,110068817,110001073,NA,"5927","3",NA,NA,1,"2",1,NA,NA,NA,NA,NA,NA
333951,1100333951,110068818,110001073,NA,"6360",NA,"W",NA,1,"C",1,"DF",NA,NA,NA,NA,NA
333952,1100333952,110068819,110001073,NA,"6340",NA,"W",NA,1,"2",0,NA,NA,NA,NA,NA,NA
333953,1100333953,110068834,110001073,"12","6340",NA,"W",NA,4,"C",1,NA,NA,NA,NA,NA,NA
333954,1100333954,110068834,110001073,"12","6020","A",NA,NA,1,"C",1,NA,NA,NA,NA,NA,NA
333955,1100333955,110068835,110001073,NA,"6020","1",NA,NA,1,"1",0,NA,NA,NA,NA,NA,NA
333956,1100333956,110068835,110001073,NA,"6020","A",NA,NA,1,"2",0,NA,NA,NA,NA,NA,NA
333957,1100333957,110068836,110001073,NA,"710","A",NA,NA,1,"3",0,NA,NA,NA,NA,NA,NA
333958,1100333958,110068836,110001073,NA,"710","A",NA,NA,1,"3",0,NA,NA,NA,NA,NA,NA
333959,1100333959,110068836,110001073,NA,"6360",NA,NA,NA,2,"D",1,NA,NA,NA,NA,NA,NA
333960,1100333960,110068838,110001073,NA,"6340",NA,"W",NA,1,"D",1,NA,NA,NA,NA,NA,NA
333961,1100333961,110068840,110001073,"13","6360",NA,NA,NA,7,"C",1,NA,NA,NA,NA,NA,NA
333962,1100333962,110068840,110001073,"13","6020","1",NA,NA,1,"C",1,NA,NA,NA,NA,NA,NA
333963,1100333963,110068840,110001073,NA,"6020","1",NA,NA,1,"2",0,NA,NA,NA,NA,NA,NA
333964,1100333964,110068843,110001073,NA,"710","A",NA,NA,1,"1",0,NA,NA,NA,NA,NA,NA
333965,1100333965,110068843,110001073,NA,"710","A",NA,NA,3,"3",0,NA,NA,NA,NA,NA,NA
333966,1100333966,110068845,110001073,NA,"6020","A",NA,NA,1,"1",0,NA,NA,NA,NA,NA,NA
333967,1100333967,110068846,110001073,NA,"6360",NA,NA,NA,1,"B",1,NA,NA,NA,NA,NA,NA
333968,1100333968,110068847,110001073,NA,"6360",NA,NA,NA,2,"2",0,NA,NA,NA,NA,NA,NA
333969,1100333969,110068848,110001073,NA,"6360",NA,NA,NA,1,"C",1,"DF",NA,NA,NA,NA,NA
333970,1100333970,110068850,110001073,NA,"6360",NA,NA,NA,3,"E",0,"DF",NA,NA,NA,NA,NA
333971,1100333971,110068850,110001073,NA,"6360","A",NA,NA,5,"A",1,"DY",NA,NA,NA,NA,NA
333972,1100333972,110068852,110001073,NA,"15820",NA,NA,NA,3,"2",0,NA,NA,NA,NA,NA,NA
333973,1100333973,110068853,110001073,NA,"220",NA,"L",NA,1,"C",1,"F",NA,NA,NA,NA,NA
333974,1100333974,110068857,110001073,NA,"6360",NA,NA,NA,1,"2",0,NA,NA,NA,NA,NA,NA
333975,1100333975,110068859,110001073,NA,"6020","A",NA,NA,1,"2",1,NA,NA,NA,NA,NA,NA
333976,1100333976,110068861,110001073,NA,"6020","A",NA,NA,1,"D",1,NA,NA,NA,NA,NA,NA
333977,1100333977,110068864,110001073,NA,"6340",NA,"W",NA,1,"2",0,NA,NA,NA,NA,NA,NA
333978,1100333978,110068870,110001073,NA,"6340",NA,"W",NA,1,"E",0,NA,NA,NA,NA,NA,NA
333979,1100333979,110068871,110001073,NA,"6340",NA,NA,NA,1,"2",0,NA,NA,NA,NA,NA,NA
333980,1100333980,110068872,110001073,NA,"6360","A",NA,NA,4,"C",1,NA,NA,NA,NA,NA,NA
333981,1100333981,110068872,110001073,NA,"6020","A",NA,NA,1,"2",1,NA,NA,NA,NA,NA,NA
333982,1100333982,110068874,110001073,NA,"6340",NA,"W",NA,4,"A",1,NA,NA,NA,NA,NA,NA
333983,1100333983,110068874,110001073,NA,"6340",NA,"B",NA,1,"C",1,NA,NA,NA,NA,NA,NA
333984,1100333984,110068874,110001073,NA,"6020","A",NA,NA,1,"B",1,NA,NA,NA,NA,NA,NA
333985,1100333985,110068876,110001073,"14","6340",NA,"W",NA,1,"B",1,NA,NA,NA,NA,NA,NA
333986,1100333986,110068876,110001073,"14","6340",NA,"B",NA,1,"B",1,NA,NA,NA,NA,NA,NA
333987,1100333987,110068876,110001073,NA,"6020","A",NA,NA,1,"2",1,NA,NA,NA,NA,NA,NA
333988,1100333988,110068877,110001073,NA,"5900","A",NA,NA,2,"2",0,NA,NA,NA,NA,NA,NA
333989,1100333989,110068877,110001073,NA,"6000","2",NA,NA,1,"2",0,NA,NA,NA,NA,NA,NA
333990,1100333990,110068878,110001073,NA,"6340",NA,"T",NA,1,"A",1,NA,NA,NA,NA,NA,NA
333991,1100333991,110068878,110001073,NA,"6020","A",NA,NA,1,"A",1,NA,NA,NA,NA,NA,NA
333992,1100333992,110068878,110001073,NA,"6020","1",NA,NA,1,"1",0,NA,NA,NA,NA,NA,NA
333993,1100333993,110068879,110001073,NA,"6020","A",NA,NA,1,"2",1,NA,NA,NA,NA,NA,NA
333994,1100333994,110068879,110001073,NA,"6020","A",NA,NA,1,"1",0,NA,NA,NA,NA,NA,NA
333995,1100333995,110068879,110001073,NA,"5920","2",NA,NA,1,"A",0,NA,NA,NA,NA,NA,NA
333996,1100333996,110068880,110001073,NA,"6020","1",NA,NA,1,"B",1,NA,NA,NA,NA,NA,NA
333997,1100333997,110068880,110001073,NA,"6020","1",NA,NA,1,"2",0,NA,NA,NA,NA,NA,NA
333998,1100333998,110068880,110001073,NA,"6020","A",NA,NA,2,"A",1,NA,NA,NA,NA,NA,NA
333999,1100333999,110068880,110001073,NA,"6340",NA,"W",NA,2,"A",1,NA,NA,NA,NA,NA,NA
334000,1100334000,110068884,110001073,NA,"710","A",NA,NA,1,"2",1,NA,NA,NA,NA,NA,NA
334001,1100334001,110068885,110001073,NA,"6020","A",NA,NA,1,"1",1,NA,NA,NA,NA,NA,NA
334002,1100334002,110068887,110001073,"15","6360","A","W",NA,2,"D",1,"DF",NA,NA,NA,NA,NA
334003,1100334003,110068887,110001073,"15","6360","1","W",NA,2,"D",1,"DF",NA,NA,NA,NA,NA
334004,1100334004,110068887,110001073,"15","6020","A",NA,NA,1,"D",1,"DF",NA,NA,NA,NA,NA
334005,1100334005,110068887,110001073,NA,"710","A",NA,NA,1,"3",0,NA,NA,NA,NA,NA,NA
336873,1100336873,110070426,110001081,NA,"5910","A",NA,NA,1,"2",1,NA,NA,NA,NA,NA,NA
336874,1100336874,110070426,110001081,NA,"5910","A",NA,NA,1,"2",0,NA,NA,NA,NA,NA,NA
336875,1100336875,110070426,110001081,NA,"5910","A",NA,NA,1,"2",0,NA,NA,NA,NA,NA,NA
336876,1100336876,110070426,110001081,NA,"5910","A",NA,NA,1,"1",0,NA,NA,NA,NA,NA,NA
336877,1100336877,110070427,110001081,NA,"5910","A",NA,NA,1,"1",1,NA,NA,NA,NA,NA,NA
336878,1100336878,110070427,110001081,NA,"5920","2",NA,NA,1,"1",0,NA,NA,NA,NA,NA,NA
336879,1100336879,110070428,110001081,NA,"5900","A",NA,NA,1,"2",0,NA,NA,NA,NA,NA,NA
336880,1100336880,110070431,110001081,NA,"2130",NA,NA,NA,3,"2",0,NA,NA,"NE",NA,NA,NA
336881,1100336881,110070433,110001081,NA,"5910","A",NA,NA,1,"2",0,NA,NA,NA,NA,NA,NA
336882,1100336882,110070435,110001081,NA,"5780","A",NA,NA,1,"2",1,NA,NA,NA,NA,NA,NA
336883,1100336883,110070435,110001081,NA,"63510",NA,NA,NA,1,"B",1,NA,NA,NA,NA,NA,NA
336884,1100336884,110070436,110001081,NA,"5900","2",NA,NA,1,"1",1,NA,NA,NA,NA,NA,NA
336885,1100336885,110070438,110001081,NA,"2130",NA,NA,NA,3,"D",1,"DF",NA,NA,NA,NA,NA
336886,1100336886,110070439,110001081,"1","5910",NA,NA,NA,2,"D",1,"DF",NA,NA,NA,NA,NA
336887,1100336887,110070439,110001081,"1","5910",NA,NA,NA,1,"D",1,NA,NA,NA,NA,NA,NA
336888,1100336888,110070439,110001081,NA,"5900","2",NA,NA,1,"1",0,NA,NA,NA,NA,NA,NA
336889,1100336889,110070439,110001081,NA,"5900","2",NA,NA,1,"A",1,"DF",NA,NA,NA,NA,NA
336890,1100336890,110070439,110001081,NA,"5900","2",NA,NA,1,"B",1,NA,NA,NA,NA,NA,NA
336891,1100336891,110070440,110001081,NA,"5900","A",NA,NA,1,"1",0,NA,NA,NA,NA,NA,NA
336892,1100336892,110070440,110001081,NA,"5900","2",NA,NA,1,"2",1,NA,NA,NA,NA,NA,NA
336893,1100336893,110070440,110001081,NA,"20",NA,NA,NA,1,"2",0,NA,NA,"NE",NA,NA,NA
336894,1100336894,110070440,110001081,NA,"2130",NA,NA,NA,4,"2",0,NA,NA,"NE",NA,NA,NA
336895,1100336895,110070441,110001081,NA,"5780","A",NA,NA,1,"2",0,NA,NA,NA,NA,NA,NA
336896,1100336896,110070441,110001081,NA,"5900","2",NA,NA,1,"2",1,NA,NA,NA,NA,NA,NA
336897,1100336897,110070441,110001081,NA,"5900","2",NA,NA,1,"1",0,NA,NA,NA,NA,NA,NA
336898,1100336898,110070441,110001081,NA,"5920","2",NA,NA,1,"2",1,NA,NA,NA,NA,NA,NA
336899,1100336899,110070442,110001081,"2","5900","2",NA,NA,4,"A",1,"DF",NA,NA,NA,NA,NA
336900,1100336900,110070442,110001081,"2","5900","A",NA,NA,5,"A",1,"DF",NA,NA,NA,NA,NA
336901,1100336901,110070442,110001081,NA,"5900","2",NA,NA,1,"1",0,NA,NA,NA,NA,NA,NA
336902,1100336902,110070442,110001081,NA,"2130",NA,NA,NA,10,"2",0,NA,NA,"NE",NA,NA,NA
336903,1100336903,110070443,110001081,NA,"5900","A",NA,NA,1,"A",1,NA,NA,NA,NA,NA,NA
336904,1100336904,110070443,110001081,NA,"2130",NA,NA,NA,4,"2",0,NA,NA,NA,NA,NA,NA
336905,1100336905,110070443,110001081,NA,"5910","A",NA,NA,1,"E",0,NA,NA,NA,NA,NA,NA
336906,1100336906,110070443,110001081,NA,"5910","A",NA,NA,1,"A",1,"DF",NA,NA,NA,NA,NA
336907,1100336907,110070443,110001081,NA,"5900","A",NA,NA,1,"1",0,NA,NA,NA,NA,NA,NA
336908,1100336908,110070443,110001081,NA,"5920","3",NA,NA,1,"1",0,NA,NA,NA,NA,NA,NA
336909,1100336909,110070443,110001081,NA,"5910","A",NA,NA,1,"1",0,NA,NA,NA,NA,NA,NA
336910,1100336910,110070444,110001081,NA,"5910","A",NA,NA,1,"E",0,NA,NA,NA,NA,NA,NA
336911,1100336911,110070444,110001081,NA,"5910","A",NA,NA,3,"B",1,NA,NA,NA,NA,NA,NA
336912,1100336912,110070444,110001081,NA,"5910","A",NA,NA,2,"D",1,NA,NA,NA,NA,NA,NA
336913,1100336913,110070445,110001081,"3","5900",NA,NA,NA,5,"D",1,NA,NA,NA,NA,NA,NA
336914,1100336914,110070445,110001081,"3","5920","I",NA,NA,1,"D",1,NA,NA,NA,NA,NA,NA
336915,1100336915,110070445,110001081,"3","5910",NA,NA,NA,4,"B",1,NA,NA,NA,NA,NA,NA
336916,1100336916,110070445,110001081,"3","5910",NA,NA,NA,10,"D",1,NA,NA,NA,NA,NA,NA
336917,1100336917,110070446,110001081,NA,"5910","A",NA,NA,9,"U",1,NA,NA,NA,NA,NA,NA
336918,1100336918,110070446,110001081,NA,"5900",NA,NA,NA,7,"E",0,NA,NA,NA,NA,NA,NA
336919,1100336919,110070446,110001081,NA,"2130",NA,NA,NA,2,"2",0,NA,NA,NA,NA,NA,NA
336920,1100336920,110070446,110001081,NA,"5920","2",NA,NA,1,"C",1,NA,NA,NA,NA,NA,NA
336921,1100336921,110070448,110001081,"4","5900","2",NA,NA,3,"B",1,"DF",NA,NA,NA,NA,NA
336922,1100336922,110070448,110001081,"4","5780","A",NA,NA,1,"B",1,"DF",NA,NA,NA,NA,NA
336923,1100336923,110070448,110001081,"4","5900","A",NA,NA,2,"B",1,"DF",NA,NA,NA,NA,NA
336924,1100336924,110070448,110001081,NA,"5900","A",NA,NA,1,"B",1,"DF",NA,NA,NA,NA,NA
336925,1100336925,110070449,110001081,"5","5900",NA,NA,NA,1,"C",1,NA,NA,NA,NA,NA,NA
336926,1100336926,110070449,110001081,"5","5920","A",NA,NA,1,"C",1,NA,NA,NA,NA,NA,NA
336927,1100336927,110070449,110001081,"6","5900","A",NA,NA,1,"B",1,NA,NA,NA,NA,NA,NA
336928,1100336928,110070449,110001081,"6","5910","A",NA,NA,1,"B",1,NA,NA,NA,NA,NA,NA
336929,1100336929,110070450,110001081,"7","5780","A",NA,NA,9,"C",1,"DF",NA,NA,NA,NA,NA
336930,1100336930,110070450,110001081,"7","5780","2",NA,NA,1,"C",1,"DF",NA,NA,NA,NA,NA
336931,1100336931,110070450,110001081,NA,"5900","A",NA,NA,1,"C",1,NA,NA,NA,NA,NA,NA
336932,1100336932,110070451,110001081,NA,"5900","2",NA,NA,1,"2",0,NA,NA,NA,NA,NA,NA
336933,1100336933,110070451,110001081,NA,"2130",NA,NA,NA,5,"3",0,NA,NA,NA,NA,NA,NA
336934,1100336934,110070452,110001081,NA,"2130",NA,NA,NA,150,"E",0,NA,NA,NA,NA,NA,NA
336935,1100336935,110070453,110001081,NA,"5910","4",NA,NA,1,"1",0,NA,NA,NA,NA,NA,NA
336936,1100336936,110070453,110001081,NA,"5900","A",NA,NA,1,"A",1,NA,NA,NA,NA,NA,NA
336937,1100336937,110070456,110001081,NA,"5900","2",NA,NA,1,"1",0,NA,NA,NA,NA,NA,NA
336938,1100336938,110070457,110001081,NA,"5900","A",NA,NA,1,"A",0,"P",NA,NA,NA,NA,NA
336939,1100336939,110070457,110001081,NA,"710","A",NA,NA,1,"D",1,NA,NA,NA,NA,NA,NA
336940,1100336940,110070457,110001081,NA,"6110","A",NA,NA,1,"D",0,NA,"B",NA,NA,NA,NA
336941,1100336941,110070457,110001081,NA,"5900","2",NA,NA,1,"C",1,NA,NA,NA,NA,NA,NA
336942,1100336942,110070458,110001081,NA,"710","A",NA,NA,1,"A",1,NA,NA,NA,NA,NA,NA
336943,1100336943,110070458,110001081,NA,"5910","A",NA,NA,1,"D",1,NA,NA,NA,NA,NA,NA
336944,1100336944,110070459,110001081,"8","6020","A",NA,NA,1,"1",1,"Z",NA,NA,NA,NA,NA
336945,1100336945,110070459,110001081,"8","6360",NA,NA,NA,6,"A",1,NA,NA,NA,NA,NA,NA
336946,1100336946,110070459,110001081,"8","6340",NA,NA,NA,2,"A",1,NA,NA,NA,NA,NA,NA
336947,1100336947,110070459,110001081,NA,"710","A",NA,NA,2,"C",1,NA,NA,NA,NA,NA,NA
336948,1100336948,110070459,110001081,NA,"720","A","B",NA,1,"1",0,NA,NA,NA,NA,NA,NA
336949,1100336949,110070460,110001081,"10","6360",NA,NA,NA,2,"A",1,NA,NA,NA,NA,NA,NA
336950,1100336950,110070460,110001081,"10","6340",NA,NA,NA,1,"A",1,NA,NA,NA,NA,NA,NA
336951,1100336951,110070460,110001081,"11","6360",NA,"B",NA,1,"C",1,NA,NA,NA,NA,NA,NA
336952,1100336952,110070460,110001081,"11","6360",NA,"T",NA,1,"C",1,NA,NA,NA,NA,NA,NA
336953,1100336953,110070460,110001081,"9","6340",NA,NA,NA,3,"A",1,NA,NA,NA,NA,NA,NA
336954,1100336954,110070460,110001081,"9","710",NA,NA,NA,3,"A",1,NA,NA,NA,NA,NA,NA
336955,1100336955,110070460,110001081,"9","5910",NA,NA,NA,2,"A",1,NA,NA,NA,NA,NA,NA
336956,1100336956,110070460,110001081,NA,"6340",NA,NA,NA,1,"C",1,NA,NA,NA,NA,NA,NA
336957,1100336957,110070460,110001081,NA,"64310",NA,NA,NA,1,"B",1,NA,NA,NA,NA,NA,NA
336958,1100336958,110070460,110001081,NA,"6340",NA,NA,NA,2,"A",0,NA,NA,NA,NA,NA,NA
336959,1100336959,110070461,110001081,"12","5900","3",NA,NA,1,"2",1,NA,NA,NA,NA,NA,NA
336960,1100336960,110070461,110001081,"12","5900","A",NA,NA,1,"2",1,NA,NA,NA,NA,NA,NA
336961,1100336961,110070461,110001081,"12","5900","2",NA,NA,1,"2",1,NA,NA,NA,NA,NA,NA
336962,1100336962,110070461,110001081,"13","6360",NA,NA,NA,6,"B",1,NA,NA,NA,NA,NA,NA
336963,1100336963,110070461,110001081,"13","6020","2",NA,NA,1,"B",1,NA,NA,NA,NA,NA,NA
336964,1100336964,110070461,110001081,"13","5900","A",NA,NA,2,"B",1,NA,NA,NA,NA,NA,NA
336965,1100336965,110070461,110001081,NA,"5900","2",NA,NA,1,"1",0,NA,NA,NA,NA,NA,NA
336966,1100336966,110070461,110001081,NA,"5900","A",NA,NA,1,"B",1,NA,NA,NA,NA,NA,NA
336967,1100336967,110070463,110001081,NA,"710",NA,NA,NA,1,"C",1,"DF",NA,NA,NA,NA,NA
336968,1100336968,110070463,110001081,NA,"6340",NA,"B",NA,1,"D",1,NA,NA,NA,NA,NA,NA
336969,1100336969,110070464,110001081,"14","6360",NA,"T",NA,1,"A",1,NA,NA,NA,NA,NA,NA
336970,1100336970,110070464,110001081,"14","6360",NA,"B",NA,2,"A",1,NA,NA,NA,NA,NA,NA
336971,1100336971,110070465,110001081,"15","5900","A",NA,NA,1,"D",1,NA,"L",NA,NA,NA,NA
336972,1100336972,110070465,110001081,"15","5900","2",NA,NA,1,"D",1,NA,"L",NA,NA,NA,NA
336973,1100336973,110070465,110001081,"16","6360",NA,"W",NA,1,"D",1,NA,NA,NA,NA,NA,NA
336974,1100336974,110070465,110001081,"16","6340",NA,"W",NA,1,"D",1,NA,NA,NA,NA,NA,NA
336975,1100336975,110070465,110001081,"16","6360",NA,"B",NA,2,"D",1,NA,NA,NA,NA,NA,NA
336976,1100336976,110070466,110001081,"17","5900","2",NA,NA,2,"B",1,NA,NA,NA,NA,NA,NA
336977,1100336977,110070466,110001081,"17","6020","A",NA,NA,1,"B",1,NA,NA,NA,NA,NA,NA
336978,1100336978,110070466,110001081,NA,"710","A",NA,NA,1,"B",1,NA,NA,NA,NA,NA,NA
336979,1100336979,110070466,110001081,NA,"5910","A",NA,NA,1,"A",1,"DF",NA,NA,NA,NA,NA
336980,1100336980,110070466,110001081,NA,"6020","A",NA,NA,1,"A",1,"DF",NA,NA,NA,NA,NA
336981,1100336981,110070467,110001081,NA,"6340",NA,"T",NA,1,"B",1,NA,NA,NA,NA,NA,NA
336982,1100336982,110070469,110001081,"18","6340",NA,"W",NA,1,"B",1,NA,NA,NA,NA,NA,NA
336983,1100336983,110070469,110001081,"18","6340",NA,"B",NA,1,"B",1,NA,NA,NA,NA,NA,NA
336984,1100336984,110070471,110001081,NA,"710","3",NA,NA,1,"D",1,"Y",NA,NA,NA,NA,NA
336985,1100336985,110070472,110001081,NA,"710","A",NA,NA,1,"2",0,NA,NA,NA,NA,NA,NA
336986,1100336986,110070472,110001081,NA,"6340",NA,"W",NA,1,"B",1,NA,NA,NA,NA,NA,NA
336987,1100336987,110070474,110001081,"19","5900","A",NA,NA,1,"2",0,"Z",NA,NA,NA,NA,NA
336988,1100336988,110070474,110001081,"19","63510",NA,NA,NA,1,"E",0,NA,NA,NA,NA,NA,"90° 500M"
336989,1100336989,110070474,110001081,NA,"5900","A",NA,NA,1,"1",1,NA,NA,NA,NA,NA,NA
336990,1100336990,110070474,110001081,NA,"5910","A",NA,NA,1,"2",0,NA,NA,NA,NA,NA,NA
336991,1100336991,110070477,110001081,"20","6340",NA,"B",NA,1,"A",1,NA,NA,NA,NA,NA,NA
336992,1100336992,110070477,110001081,"20","6340",NA,"W",NA,1,"A",1,NA,NA,NA,NA,NA,NA
336993,1100336993,110070477,110001081,NA,"64320",NA,NA,NA,1,"A",1,NA,NA,NA,NA,NA,NA
336994,1100336994,110070477,110001081,NA,"5900","A",NA,NA,1,"A",1,"DF",NA,NA,NA,NA,NA
336995,1100336995,110070477,110001081,NA,"710",NA,NA,NA,5,"E",0,NA,NA,NA,NA,NA,NA
336996,1100336996,110070477,110001081,NA,"5900","2",NA,NA,1,"A",1,"DF",NA,NA,NA,NA,NA
336997,1100336997,110070478,110001081,"21","5910","A",NA,NA,1,"C",1,"S",NA,NA,NA,NA,NA
336998,1100336998,110070478,110001081,"21","5910","2",NA,NA,1,"C",1,"S",NA,NA,NA,NA,NA
336999,1100336999,110070478,110001081,"22","6360",NA,NA,NA,1,"C",1,NA,NA,NA,NA,NA,NA
337000,1100337000,110070478,110001081,"22","6340",NA,NA,NA,3,"C",1,NA,NA,NA,NA,NA,NA
337001,1100337001,110070478,110001081,"22","6020","A",NA,NA,1,"C",1,NA,NA,NA,NA,NA,NA
337002,1100337002,110070478,110001081,NA,"5920","3",NA,NA,1,"A",1,"DF",NA,NA,NA,NA,NA
337003,1100337003,110070478,110001081,NA,"6340",NA,NA,NA,3,"D",1,NA,NA,NA,NA,NA,NA
337004,1100337004,110070478,110001081,NA,"6340",NA,NA,NA,1,"C",1,NA,NA,NA,NA,NA,NA
337005,1100337005,110070478,110001081,NA,"710",NA,NA,NA,2,"C",1,NA,NA,NA,NA,NA,NA
337006,1100337006,110070478,110001081,NA,"6020","A",NA,NA,1,"D",1,NA,NA,NA,NA,NA,NA
337007,1100337007,110070479,110001081,"23","6340",NA,"B",NA,2,"B",1,NA,NA,NA,NA,NA,NA
337008,1100337008,110070479,110001081,"23","6340",NA,"W",NA,1,"B",1,NA,NA,NA,NA,NA,NA
337009,1100337009,110070479,110001081,NA,"6340",NA,"W",NA,2,"A",1,NA,NA,NA,NA,NA,NA
337010,1100337010,110070479,110001081,NA,"6340",NA,"W",NA,2,"A",1,NA,NA,NA,NA,NA,NA
337011,1100337011,110070479,110001081,NA,"6340",NA,"B",NA,1,"C",1,NA,NA,NA,NA,NA,NA
337012,1100337012,110070480,110001081,"24","6340",NA,"T",NA,1,"C",1,NA,NA,NA,NA,NA,NA
337013,1100337013,110070480,110001081,"24","6340",NA,"W",NA,1,"C",1,NA,NA,NA,NA,NA,NA
337014,1100337014,110070480,110001081,"25","6360",NA,"B",NA,2,"B",1,NA,NA,NA,NA,NA,NA
337015,1100337015,110070480,110001081,"25","6020","A",NA,NA,1,"B",1,NA,NA,NA,NA,NA,NA
337016,1100337016,110070480,110001081,NA,"6360",NA,"B",NA,1,"C",1,NA,NA,NA,NA,NA,NA
337017,1100337017,110070480,110001081,NA,"6340",NA,NA,NA,2,"A",1,NA,NA,NA,NA,NA,NA
337018,1100337018,110070480,110001081,NA,"6020","A",NA,NA,1,"1",0,NA,NA,NA,NA,NA,NA
337019,1100337019,110070480,110001081,NA,"6340",NA,"W",NA,1,"C",1,NA,NA,NA,NA,NA,NA
337020,1100337020,110070481,110001081,"26","6360",NA,"W",NA,1,"A",1,"YS",NA,NA,NA,NA,NA
337021,1100337021,110070481,110001081,"26","6020","A",NA,NA,1,"A",1,"Z",NA,NA,NA,NA,NA
337022,1100337022,110070481,110001081,"26","6360",NA,"B",NA,2,"A",1,"YS",NA,NA,NA,NA,NA
337023,1100337023,110070482,110001081,NA,"6340",NA,"W",NA,1,"A",1,NA,NA,NA,NA,NA,NA
337024,1100337024,110070482,110001081,NA,"6020","2",NA,NA,1,"D",1,NA,NA,NA,NA,NA,NA
337025,1100337025,110070482,110001081,NA,"5910","A",NA,NA,1,"1",1,NA,NA,NA,NA,NA,NA
337026,1100337026,110070483,110001081,NA,"5910","A",NA,NA,1,"1",0,NA,NA,NA,NA,NA,NA
337027,1100337027,110070483,110001081,NA,"710","A",NA,NA,1,"E",0,NA,NA,NA,NA,NA,NA
337028,1100337028,110070485,110001081,NA,"6340",NA,"W",NA,1,"A",1,"DY",NA,NA,NA,NA,NA
337029,1100337029,110070487,110001081,NA,"6340",NA,"B",NA,1,"D",1,NA,NA,NA,NA,NA,NA
337030,1100337030,110070488,110001081,NA,"6345",NA,NA,NA,20,"E",0,NA,"L",NA,NA,NA,"EDGE OF OOSTHINDER"
337031,1100337031,110070488,110001081,NA,"710",NA,NA,NA,15,"E",0,NA,"L",NA,NA,NA,"EDGE OF OOSTHINDER"
337032,1100337032,110070489,110001081,NA,"6340",NA,NA,NA,2,"D",1,NA,"L",NA,NA,NA,"EDGE OF OOSTHINDER"
337033,1100337033,110070489,110001081,NA,"6340",NA,"B",NA,1,"A",1,NA,"L",NA,NA,NA,"EDGE OF OOSTHINDER"
337034,1100337034,110070489,110001081,NA,"6340",NA,NA,NA,5,"C",1,NA,"L",NA,NA,NA,"EDGE OF OOSTHINDER"
337035,1100337035,110070489,110001081,NA,"6340",NA,NA,NA,1,"D",1,NA,"L",NA,NA,NA,"EDGE OF OOSTHINDER"
337036,1100337036,110070490,110001081,NA,"6340",NA,"B",NA,3,"B",1,NA,"L",NA,NA,NA,"EDGE OF OOSTHINDER"
337037,1100337037,110070495,110001081,NA,"6360",NA,NA,NA,1,"C",1,NA,NA,NA,NA,NA,NA
337038,1100337038,110070501,110001081,"27","6020",NA,NA,NA,4,"E",0,NA,NA,NA,NA,NA,NA
337039,1100337039,110070501,110001081,"27","6345",NA,NA,NA,4,"E",0,"YS",NA,NA,NA,NA,NA
337040,1100337040,110070503,110001081,"28","6340",NA,"B",NA,1,"E",0,NA,"L",NA,NA,NA,NA
337041,1100337041,110070503,110001081,"28","6340",NA,"W",NA,1,"E",0,NA,"L",NA,NA,NA,"EDGE OF NOORDHINDER"
337042,1100337042,110070503,110001081,NA,"710",NA,NA,NA,6,"3",0,"Z","L",NA,NA,NA,"EDGE OF NOORDHINDER"
337043,1100337043,110070503,110001081,NA,"6340",NA,"W",NA,2,"C",1,NA,"L",NA,NA,NA,"EDGE OF NOORDHINDER"
337044,1100337044,110070503,110001081,NA,"710",NA,NA,NA,5,"E",0,"Y","L",NA,NA,NA,"EDGE OF NOORDHINDER"
337045,1100337045,110070506,110001082,NA,"6340",NA,"W",NA,1,"B",1,"DY",NA,NA,NA,NA,NA
337046,1100337046,110070507,110001082,NA,"6340",NA,"B",NA,1,"D",1,NA,NA,NA,NA,NA,NA
337047,1100337047,110070507,110001082,NA,"5900","2",NA,NA,1,"2",0,NA,NA,NA,NA,NA,NA
337048,1100337048,110070509,110001082,NA,"9999",NA,NA,NA,2,"E",0,NA,NA,NA,NA,NA,"SPORT 315° 3KM"
337049,1100337049,110070510,110001082,NA,"6340",NA,"B",NA,1,"A",1,NA,NA,NA,NA,NA,NA
337050,1100337050,110070510,110001082,NA,"59",NA,NA,NA,1,"3",0,NA,NA,NA,NA,NA,NA
337051,1100337051,110070511,110001082,NA,"6345",NA,NA,NA,3,"U",0,NA,NA,NA,NA,NA,NA
337052,1100337052,110070511,110001082,NA,"6345",NA,NA,NA,5,"U",0,NA,NA,NA,NA,NA,NA
337053,1100337053,110070511,110001082,NA,"710",NA,NA,NA,2,"U",0,NA,NA,NA,NA,NA,NA
337054,1100337054,110070513,110001082,NA,"64320",NA,NA,NA,1,"U",1,NA,NA,NA,NA,NA,NA
337055,1100337055,110070514,110001082,NA,"5900","2",NA,NA,1,"2",1,NA,NA,NA,NA,NA,NA
337056,1100337056,110070515,110001082,"1","6009","I",NA,NA,1,"2",0,NA,NA,NA,NA,NA,NA
337057,1100337057,110070515,110001082,"1","5910","A",NA,NA,1,"2",0,NA,NA,NA,NA,NA,NA
337058,1100337058,110070516,110001082,"2","6360",NA,"B",NA,3,"C",1,"DY",NA,NA,NA,NA,NA
337059,1100337059,110070516,110001082,"2","6340",NA,"B",NA,1,"C",1,"DY",NA,NA,NA,NA,NA
337060,1100337060,110070516,110001082,"2","6020","A",NA,NA,1,"C",1,NA,NA,NA,NA,NA,NA
337061,1100337061,110070516,110001082,"3","5910","A",NA,NA,2,"2",1,NA,NA,NA,NA,NA,NA
337062,1100337062,110070516,110001082,"3","5910","4",NA,NA,1,"2",1,NA,NA,NA,NA,NA,NA
337063,1100337063,110070516,110001082,NA,"64310",NA,NA,NA,1,"U",1,NA,NA,NA,NA,NA,NA
337064,1100337064,110070518,110001082,NA,"6340",NA,"B",NA,1,"D",1,NA,NA,NA,NA,NA,NA
337065,1100337065,110070519,110001082,NA,"63510",NA,NA,NA,1,"E",0,NA,NA,NA,NA,NA,"90° 500M"
337066,1100337066,110070519,110001082,NA,"6340",NA,"W",NA,2,"C",1,NA,NA,NA,NA,NA,NA
337067,1100337067,110070519,110001082,NA,"710","A",NA,NA,2,"2",0,NA,NA,"SW",NA,NA,NA
337068,1100337068,110070520,110001082,NA,"710","I",NA,NA,1,"E",0,NA,NA,NA,NA,NA,NA
337069,1100337069,110070521,110001082,"4","6360",NA,"W",NA,2,"E",0,NA,NA,NA,NA,NA,NA
337070,1100337070,110070521,110001082,"4","6360",NA,"B",NA,1,"E",0,NA,NA,NA,NA,NA,NA
337071,1100337071,110070522,110001082,NA,"6340",NA,NA,NA,4,"E",0,NA,NA,NA,NA,NA,NA
337072,1100337072,110070522,110001082,NA,"6340",NA,"W",NA,2,"B",1,NA,NA,NA,NA,NA,NA
337073,1100337073,110070523,110001082,"5","6340",NA,"T",NA,1,"E",0,NA,NA,NA,NA,NA,NA
337074,1100337074,110070523,110001082,"5","6340",NA,"W",NA,1,"E",0,NA,NA,NA,NA,NA,NA
337075,1100337075,110070523,110001082,"6","6345",NA,NA,NA,6,"E",0,NA,NA,NA,NA,NA,NA
337076,1100337076,110070523,110001082,"6","6020","A",NA,NA,1,"E",0,NA,NA,NA,NA,NA,NA
337077,1100337077,110070523,110001082,NA,"710",NA,NA,NA,1,"3",0,NA,NA,NA,NA,NA,NA
337078,1100337078,110070523,110001082,NA,"6340",NA,"B",NA,1,"C",1,NA,NA,NA,NA,NA,NA
337079,1100337079,110070524,110001082,"7","6340",NA,"B",NA,1,"D",1,NA,NA,NA,NA,NA,NA
337080,1100337080,110070524,110001082,"7","6340",NA,"W",NA,1,"D",1,NA,NA,NA,NA,NA,NA
337081,1100337081,110070524,110001082,NA,"6340",NA,"T",NA,1,"D",1,NA,NA,NA,NA,NA,NA
337082,1100337082,110070525,110001082,"8","6340",NA,"W",NA,2,"D",1,NA,NA,NA,NA,NA,NA
337083,1100337083,110070525,110001082,"8","6340",NA,"B",NA,1,"D",1,NA,NA,NA,NA,NA,NA
337084,1100337084,110070526,110001082,"9","710",NA,NA,NA,8,"E",0,NA,NA,NA,NA,NA,NA
337085,1100337085,110070526,110001082,"9","6345",NA,NA,NA,18,"E",0,NA,NA,NA,NA,NA,NA
337086,1100337086,110070526,110001082,NA,"6340",NA,"W",NA,1,"D",1,NA,NA,NA,NA,NA,NA
337087,1100337087,110070526,110001082,NA,"710",NA,NA,NA,2,"2",0,NA,NA,NA,NA,NA,NA
337088,1100337088,110070528,110001082,"10","6340",NA,"B",NA,2,"A",1,NA,NA,NA,NA,NA,NA
337089,1100337089,110070528,110001082,"10","6340",NA,"W",NA,1,"A",1,NA,NA,NA,NA,NA,NA
337090,1100337090,110070528,110001082,"11","6360",NA,"W",NA,1,"A",1,NA,NA,NA,NA,NA,NA
337091,1100337091,110070528,110001082,"11","6360",NA,"B",NA,1,"A",1,NA,NA,NA,NA,NA,NA
337092,1100337092,110070528,110001082,"12","6345",NA,NA,NA,3,"E",0,NA,NA,NA,NA,NA,NA
337093,1100337093,110070528,110001082,"12","6020",NA,NA,NA,1,"E",0,NA,NA,NA,NA,NA,NA
337094,1100337094,110070528,110001082,NA,"6340",NA,"W",NA,1,"D",1,NA,NA,NA,NA,NA,NA
337095,1100337095,110070529,110001082,NA,"6360",NA,"W",NA,2,"B",1,NA,NA,NA,NA,NA,NA
337096,1100337096,110070529,110001082,NA,"710","A",NA,NA,1,"C",1,NA,NA,NA,NA,NA,NA
337097,1100337097,110070530,110001082,"13","6340",NA,NA,NA,4,"D",1,NA,NA,NA,NA,NA,NA
337098,1100337098,110070530,110001082,"13","6020","A",NA,NA,1,"D",1,NA,NA,NA,NA,NA,NA
337099,1100337099,110070530,110001082,NA,"710",NA,NA,NA,2,"E",0,NA,NA,NA,NA,NA,NA
337100,1100337100,110070530,110001082,NA,"6340",NA,NA,NA,2,"C",1,NA,NA,NA,NA,NA,NA
337101,1100337101,110070530,110001082,NA,"6340",NA,"W",NA,1,"D",1,NA,NA,NA,NA,NA,NA
337102,1100337102,110070530,110001082,NA,"6340",NA,NA,NA,5,"E",0,NA,NA,NA,NA,NA,NA
337103,1100337103,110070531,110001082,"14","6340",NA,"T",NA,1,"C",1,NA,NA,NA,NA,NA,NA
337104,1100337104,110070531,110001082,"14","6340",NA,"B",NA,1,"C",1,NA,NA,NA,NA,NA,NA
337105,1100337105,110070531,110001082,"15","6340",NA,NA,NA,1,"A",0,NA,NA,NA,NA,NA,NA
337106,1100337106,110070531,110001082,"15","6360",NA,NA,NA,4,"A",0,NA,NA,NA,NA,NA,NA
337107,1100337107,110070531,110001082,NA,"5910","A",NA,NA,1,"2",0,NA,NA,NA,NA,NA,NA
337108,1100337108,110070531,110001082,NA,"6340",NA,NA,NA,4,"A",1,"DY",NA,NA,NA,NA,NA
337109,1100337109,110070532,110001082,"16","6360",NA,NA,NA,2,"A",1,"DY",NA,NA,NA,NA,NA
337110,1100337110,110070532,110001082,"16","6340",NA,NA,NA,2,"A",1,"DY",NA,NA,NA,NA,NA
337111,1100337111,110070532,110001082,"16","6020",NA,NA,NA,1,"A",1,"DF",NA,NA,NA,NA,NA
337112,1100337112,110070532,110001082,NA,"6340",NA,"W",NA,2,"E",0,NA,NA,NA,NA,NA,NA
337113,1100337113,110070532,110001082,NA,"6340",NA,"B",NA,1,"E",0,NA,NA,NA,NA,NA,NA
337114,1100337114,110070532,110001082,NA,"6340",NA,"B",NA,1,"A",1,NA,NA,NA,NA,NA,NA
337115,1100337115,110070534,110001082,"17","6020","A",NA,NA,1,"D",1,NA,NA,NA,NA,NA,NA
337116,1100337116,110070534,110001082,"17","6360",NA,NA,NA,7,"D",1,NA,NA,NA,NA,NA,NA
337117,1100337117,110070534,110001082,"18","6020",NA,NA,NA,2,"E",0,NA,NA,NA,NA,NA,NA
337118,1100337118,110070534,110001082,"18","6345",NA,NA,NA,5,"E",0,NA,NA,NA,NA,NA,NA
337119,1100337119,110070534,110001082,"18","710",NA,NA,NA,1,"E",0,NA,NA,NA,NA,NA,NA
337120,1100337120,110070534,110001082,NA,"220",NA,"L",NA,1,"D",1,NA,NA,NA,NA,NA,NA
337121,1100337121,110070535,110001082,"19","6360",NA,"B",NA,3,"A",1,NA,NA,NA,NA,NA,NA
337122,1100337122,110070535,110001082,"19","6020","A",NA,NA,1,"A",1,NA,NA,NA,NA,NA,NA
337123,1100337123,110070535,110001082,"20","710","A",NA,NA,1,"A",1,"Y",NA,NA,NA,NA,NA
337124,1100337124,110070535,110001082,"20","6020","A",NA,NA,1,"A",1,"Y",NA,NA,NA,NA,NA
337125,1100337125,110070535,110001082,"20","6360",NA,NA,NA,3,"A",1,NA,NA,NA,NA,NA,NA
337126,1100337126,110070535,110001082,NA,"6020","2",NA,NA,1,"1",1,"Z",NA,NA,NA,NA,NA
337127,1100337127,110070536,110001082,"21","6360",NA,NA,NA,3,"D",1,NA,NA,NA,NA,NA,NA
337128,1100337128,110070536,110001082,"21","6020",NA,NA,NA,1,"D",1,NA,NA,NA,NA,NA,NA
337129,1100337129,110070536,110001082,NA,"6340",NA,NA,NA,2,"B",1,NA,NA,NA,NA,NA,NA
337130,1100337130,110070537,110001082,NA,"5910","A",NA,NA,1,"2",1,NA,NA,NA,NA,NA,NA
337131,1100337131,110070538,110001082,NA,"6360",NA,NA,NA,4,"A",1,NA,NA,NA,NA,NA,NA
337132,1100337132,110070538,110001082,NA,"6360",NA,NA,NA,2,"A",1,NA,NA,NA,NA,NA,NA
337133,1100337133,110070538,110001082,NA,"710","A",NA,NA,1,"2",0,NA,NA,NA,NA,NA,NA
337134,1100337134,110070539,110001082,NA,"6340",NA,"T",NA,1,"C",1,NA,NA,NA,NA,NA,NA
337135,1100337135,110070539,110001082,NA,"6340",NA,"W",NA,1,"B",1,NA,NA,NA,NA,NA,NA
337136,1100337136,110070539,110001082,NA,"710","3",NA,NA,1,"E",0,NA,NA,NA,NA,NA,NA
337137,1100337137,110070540,110001082,NA,"6340",NA,"T",NA,2,"E",0,NA,NA,NA,NA,NA,NA
337138,1100337138,110070541,110001082,NA,"6360",NA,NA,NA,3,"C",1,NA,NA,NA,NA,NA,NA
337139,1100337139,110070541,110001082,NA,"6340",NA,"W",NA,1,"C",1,NA,NA,NA,NA,NA,NA
337140,1100337140,110070541,110001082,NA,"6340",NA,"W",NA,1,"A",1,NA,NA,NA,NA,NA,NA
337141,1100337141,110070542,110001082,"22","6020",NA,NA,NA,4,"E",0,NA,NA,NA,NA,NA,NA
337142,1100337142,110070542,110001082,"22","6345",NA,NA,NA,9,"E",0,NA,NA,NA,NA,NA,NA
337143,1100337143,110070542,110001082,"23","710","A",NA,NA,1,"C",1,NA,NA,NA,NA,NA,NA
337144,1100337144,110070542,110001082,"23","6020","A",NA,NA,1,"C",1,NA,NA,NA,NA,NA,NA
337145,1100337145,110070543,110001082,"24","6020","A",NA,NA,2,"C",1,NA,NA,NA,NA,NA,NA
337146,1100337146,110070543,110001082,"24","6360",NA,NA,NA,11,"C",1,"YS",NA,NA,NA,NA,NA
337147,1100337147,110070543,110001082,"24","6020","2",NA,NA,1,"C",1,NA,NA,NA,NA,NA,NA
337148,1100337148,110070545,110001082,"25","6360",NA,NA,NA,5,"B",1,NA,NA,NA,NA,NA,NA
337149,1100337149,110070545,110001082,"25","6020","A",NA,NA,1,"B",1,NA,NA,NA,NA,NA,NA
337150,1100337150,110070545,110001082,"26","6360",NA,NA,NA,4,"D",1,NA,NA,NA,NA,NA,NA
337151,1100337151,110070545,110001082,"26","6020",NA,NA,NA,3,"D",1,NA,NA,NA,NA,NA,NA
337152,1100337152,110070546,110001082,NA,"6360",NA,NA,NA,4,"B",1,NA,NA,NA,NA,NA,NA
337153,1100337153,110070547,110001082,NA,"62260",NA,NA,NA,1,"B",1,NA,NA,NA,NA,NA,"0° 1KM"
337154,1100337154,110070548,110001082,NA,"6340",NA,NA,NA,4,"A",1,NA,NA,NA,NA,NA,NA
337155,1100337155,110070551,110001082,"27","6360",NA,NA,NA,9,"E",0,NA,NA,NA,NA,NA,NA
337156,1100337156,110070551,110001082,"27","6020","A",NA,NA,1,"E",0,NA,NA,NA,NA,NA,NA
337157,1100337157,110070551,110001082,NA,"62260",NA,NA,NA,1,"E",0,NA,NA,NA,NA,NA,"90° 500M - SAME IND"
337158,1100337158,110070552,110001082,NA,"20",NA,NA,NA,4,"2",0,NA,NA,NA,NA,NA,NA
337159,1100337159,110070553,110001082,NA,"6020",NA,NA,NA,4,"D",1,NA,NA,NA,NA,NA,NA
337160,1100337160,110070554,110001082,"28","6360",NA,"B",NA,2,"D",1,NA,NA,NA,NA,NA,NA
337161,1100337161,110070554,110001082,"28","6360",NA,"W",NA,3,"D",1,NA,NA,NA,NA,NA,NA
337162,1100337162,110070554,110001082,NA,"6020","A",NA,NA,2,"C",1,NA,NA,NA,NA,NA,NA
337163,1100337163,110070554,110001082,NA,"6340",NA,"B",NA,1,"B",1,NA,NA,NA,NA,NA,NA
337164,1100337164,110070555,110001082,NA,"6360",NA,NA,NA,1,"1",0,NA,NA,NA,NA,NA,NA
337165,1100337165,110070555,110001082,NA,"6340",NA,"W",NA,2,"B",1,NA,NA,NA,NA,NA,NA
337166,1100337166,110070556,110001082,"29","6340",NA,"W",NA,1,"C",1,NA,NA,NA,NA,NA,NA
337167,1100337167,110070556,110001082,"29","6340",NA,"B",NA,1,"C",1,NA,NA,NA,NA,NA,NA
337168,1100337168,110070556,110001082,NA,"6340",NA,"T",NA,1,"B",1,NA,NA,NA,NA,NA,NA
337169,1100337169,110070557,110001082,"30","6340",NA,"B",NA,1,"D",1,NA,NA,NA,NA,NA,NA
337170,1100337170,110070557,110001082,"30","6340",NA,"W",NA,2,"D",1,NA,NA,NA,NA,NA,NA
337171,1100337171,110070557,110001082,"31","6360",NA,NA,NA,4,"C",1,NA,NA,NA,NA,NA,NA
337172,1100337172,110070557,110001082,"31","6340",NA,NA,NA,1,"C",1,NA,NA,NA,NA,NA,NA
337173,1100337173,110070557,110001082,NA,"6340",NA,NA,NA,5,"D",1,NA,NA,NA,NA,NA,NA
337174,1100337174,110070557,110001082,NA,"6340",NA,NA,NA,3,"E",0,NA,NA,NA,NA,NA,NA
337175,1100337175,110070558,110001082,NA,"6360",NA,NA,NA,8,"B",1,NA,NA,NA,NA,NA,NA
337176,1100337176,110070558,110001082,NA,"6340",NA,NA,NA,3,"C",1,NA,NA,NA,NA,NA,NA
337177,1100337177,110070558,110001082,NA,"6340",NA,NA,NA,3,"A",1,NA,NA,NA,NA,NA,NA
337178,1100337178,110070558,110001082,NA,"6340",NA,"B",NA,2,"A",1,NA,NA,NA,NA,NA,"ONE BRILLED IND"
337179,1100337179,110070559,110001082,NA,"6340",NA,NA,NA,2,"B",1,NA,NA,NA,NA,NA,NA
337180,1100337180,110070559,110001082,NA,"6340",NA,NA,NA,3,"C",1,NA,NA,NA,NA,NA,NA
337181,1100337181,110070559,110001082,NA,"6360",NA,NA,NA,2,"C",1,NA,NA,NA,NA,NA,NA
337182,1100337182,110070559,110001082,NA,"6360",NA,NA,NA,3,"A",1,NA,NA,NA,NA,NA,NA
337183,1100337183,110070559,110001082,NA,"6340",NA,NA,NA,3,"C",1,NA,NA,NA,NA,NA,NA
337184,1100337184,110070560,110001082,"32","6340",NA,NA,NA,2,"A",1,NA,NA,NA,NA,NA,NA
337185,1100337185,110070560,110001082,"32","6360",NA,NA,NA,2,"A",1,NA,NA,NA,NA,NA,NA
337186,1100337186,110070560,110001082,NA,"6340",NA,"W",NA,1,"C",1,NA,NA,NA,NA,NA,NA
337187,1100337187,110070560,110001082,NA,"6340",NA,NA,NA,1,"C",1,NA,NA,NA,NA,NA,NA
337188,1100337188,110070560,110001082,NA,"6340",NA,"B",NA,1,"A",1,NA,NA,NA,NA,NA,NA
337189,1100337189,110070560,110001082,NA,"6360",NA,NA,NA,2,"A",1,NA,NA,NA,NA,NA,NA
337190,1100337190,110070561,110001082,NA,"6340",NA,NA,NA,5,"C",1,NA,NA,NA,NA,NA,NA
337191,1100337191,110070561,110001082,NA,"6340",NA,NA,NA,4,"B",1,NA,NA,NA,NA,NA,NA
337192,1100337192,110070561,110001082,NA,"6340",NA,NA,NA,1,"B",1,NA,NA,NA,NA,NA,NA
337193,1100337193,110070561,110001082,NA,"6340",NA,NA,NA,1,"B",1,NA,NA,NA,NA,NA,NA
337194,1100337194,110070561,110001082,NA,"6340",NA,"B",NA,1,"D",1,NA,NA,NA,NA,NA,NA
337195,1100337195,110070561,110001082,NA,"6340",NA,NA,NA,1,"B",1,NA,NA,NA,NA,NA,NA
337196,1100337196,110070561,110001082,NA,"64320",NA,NA,NA,1,"E",0,NA,NA,NA,NA,NA,NA
337197,1100337197,110070562,110001082,NA,"6360",NA,NA,NA,4,"B",1,NA,NA,NA,NA,NA,NA
337198,1100337198,110070562,110001082,NA,"6340",NA,NA,NA,2,"C",1,NA,NA,NA,NA,NA,NA
337199,1100337199,110070562,110001082,NA,"6360",NA,NA,NA,2,"C",1,NA,NA,NA,NA,NA,NA
337200,1100337200,110070563,110001082,NA,"6340",NA,"B",NA,2,"C",1,NA,NA,NA,NA,NA,NA
337201,1100337201,110070563,110001082,NA,"6340",NA,"W",NA,1,"A",1,NA,NA,NA,NA,NA,NA
337202,1100337202,110070564,110001082,"33","6340",NA,"W",NA,1,"C",1,NA,NA,NA,NA,NA,NA
337203,1100337203,110070564,110001082,"33","6340",NA,"B",NA,1,"C",1,NA,NA,NA,NA,NA,NA
337204,1100337204,110070564,110001082,"34","6340",NA,"W",NA,1,"C",1,NA,NA,NA,NA,NA,NA
337205,1100337205,110070564,110001082,"34","6340",NA,"B",NA,1,"C",1,NA,NA,NA,NA,NA,NA
337206,1100337206,110070564,110001082,"35","6340",NA,"B",NA,1,"A",1,NA,NA,NA,NA,NA,NA
337207,1100337207,110070564,110001082,"35","6340",NA,"T",NA,1,"A",1,NA,NA,NA,NA,NA,NA
337208,1100337208,110070564,110001082,NA,"710",NA,NA,NA,1,"1",1,NA,NA,NA,NA,NA,NA
337209,1100337209,110070564,110001082,NA,"6340",NA,NA,NA,2,"C",1,NA,NA,NA,NA,NA,NA
337210,1100337210,110070564,110001082,NA,"6340",NA,"B",NA,1,"A",1,NA,NA,NA,NA,NA,NA
337211,1100337211,110070565,110001082,NA,"5910",NA,NA,NA,1,"A",1,NA,NA,NA,NA,NA,NA
337212,1100337212,110070565,110001082,NA,"5910",NA,NA,NA,6,"B",1,NA,NA,NA,NA,NA,NA
337213,1100337213,110070565,110001082,NA,"6340",NA,"W",NA,1,"B",1,NA,NA,NA,NA,NA,NA
337214,1100337214,110070565,110001082,NA,"5910",NA,NA,NA,3,"C",1,NA,NA,NA,NA,NA,NA
337215,1100337215,110070565,110001082,NA,"220",NA,NA,NA,1,"1",0,NA,NA,NA,NA,NA,NA
337216,1100337216,110070566,110001082,NA,"5900","2",NA,NA,1,"1",0,NA,NA,NA,NA,NA,NA
337217,1100337217,110070566,110001082,NA,"6340",NA,"B",NA,1,"C",1,NA,NA,NA,NA,NA,NA
337218,1100337218,110070569,110001082,NA,"5900","A",NA,NA,2,"1",0,NA,NA,NA,NA,NA,NA
337219,1100337219,110070570,110001082,NA,"6340",NA,NA,NA,2,"E",0,NA,NA,NA,NA,NA,NA
337220,1100337220,110070570,110001082,NA,"5910","A",NA,NA,1,"1",0,NA,NA,NA,NA,NA,NA
337221,1100337221,110070570,110001082,NA,"6360",NA,NA,NA,2,"C",1,NA,NA,NA,NA,NA,NA
337222,1100337222,110070571,110001082,NA,"5900","2",NA,NA,1,"2",1,NA,NA,NA,NA,NA,NA
337223,1100337223,110070571,110001082,NA,"5410",NA,NA,NA,1,"2",0,NA,NA,NA,NA,NA,NA
337224,1100337224,110070571,110001082,NA,"6360",NA,NA,NA,1,"2",0,NA,NA,NA,NA,NA,NA
337225,1100337225,110070575,110001082,"36","6360",NA,"T",NA,1,"B",1,NA,NA,NA,NA,NA,NA
337226,1100337226,110070575,110001082,"36","6360",NA,"B",NA,1,"B",1,NA,NA,NA,NA,NA,NA
337227,1100337227,110070577,110001082,NA,"710","A",NA,NA,1,"2",0,NA,NA,NA,NA,NA,NA
337228,1100337228,110070578,110001082,NA,"6360",NA,NA,NA,3,"C",1,NA,NA,NA,NA,NA,NA
337229,1100337229,110070578,110001082,NA,"5900","3",NA,NA,1,"1",0,NA,NA,NA,NA,NA,NA
337230,1100337230,110070581,110001082,NA,"6340",NA,"B",NA,2,"C",1,NA,NA,NA,NA,NA,NA
337231,1100337231,110070581,110001082,NA,"6340",NA,"W",NA,1,"E",0,NA,NA,NA,NA,NA,NA
337232,1100337232,110070581,110001082,NA,"6340",NA,"B",NA,1,"D",1,NA,NA,NA,NA,NA,NA
337233,1100337233,110070581,110001082,NA,"6340",NA,"B",NA,1,"B",1,NA,NA,NA,NA,NA,NA
337234,1100337234,110070581,110001082,NA,"6340",NA,"W",NA,1,"B",1,NA,NA,NA,NA,NA,NA
337235,1100337235,110070582,110001082,NA,"6340",NA,"B",NA,1,"B",1,NA,NA,NA,NA,NA,NA
337236,1100337236,110070582,110001082,NA,"710","A",NA,NA,1,"2",0,NA,NA,NA,NA,NA,NA
337237,1100337237,110070582,110001082,NA,"5910","A",NA,NA,1,"1",0,NA,NA,NA,NA,NA,NA
337238,1100337238,110070582,110001082,NA,"6340",NA,"W",NA,2,"C",1,NA,NA,NA,NA,NA,NA
337239,1100337239,110070583,110001082,NA,"6340",NA,NA,NA,1,"C",1,NA,NA,NA,NA,NA,NA
337240,1100337240,110070583,110001082,NA,"6340",NA,"T",NA,1,"B",1,NA,NA,NA,NA,NA,NA
337241,1100337241,110070583,110001082,NA,"6340",NA,NA,NA,1,"B",1,NA,NA,NA,NA,NA,NA
337242,1100337242,110070583,110001082,NA,"6340",NA,"W",NA,1,"B",1,NA,NA,NA,NA,NA,NA
337243,1100337243,110070583,110001082,NA,"6340",NA,NA,NA,11,"U",1,NA,NA,NA,NA,NA,NA
337244,1100337244,110070583,110001082,NA,"6340",NA,"W",NA,1,"A",1,NA,NA,NA,NA,NA,NA
337245,1100337245,110070584,110001082,NA,"6340",NA,"T",NA,1,"A",1,NA,NA,NA,NA,NA,NA
337246,1100337246,110070584,110001082,NA,"5920","2",NA,NA,1,"1",0,NA,NA,NA,NA,NA,NA
337247,1100337247,110070584,110001082,NA,"6340",NA,NA,NA,8,"U",1,NA,NA,NA,NA,NA,NA
337248,1100337248,110070584,110001082,NA,"6340",NA,NA,NA,5,"E",0,NA,NA,NA,NA,NA,NA
337249,1100337249,110070584,110001082,NA,"5910","A",NA,NA,1,"1",0,NA,NA,NA,NA,NA,NA
337250,1100337250,110070585,110001082,NA,"6340",NA,NA,NA,3,"C",1,NA,NA,NA,NA,NA,NA
337251,1100337251,110070585,110001082,NA,"6340",NA,NA,NA,1,"C",1,NA,NA,NA,NA,NA,NA
337252,1100337252,110070585,110001082,NA,"6360",NA,NA,NA,2,"A",1,NA,NA,NA,NA,NA,NA
337253,1100337253,110070586,110001082,NA,"6340",NA,NA,NA,3,"A",1,NA,NA,NA,NA,NA,NA
337254,1100337254,110070586,110001082,NA,"6340",NA,NA,NA,14,"U",1,NA,NA,NA,NA,NA,NA
337255,1100337255,110070586,110001082,NA,"5920","A",NA,NA,1,"2",0,NA,NA,NA,NA,NA,NA
337256,1100337256,110070587,110001082,NA,"6340",NA,NA,NA,1,"C",1,NA,NA,NA,NA,NA,NA
337257,1100337257,110070587,110001082,NA,"6340",NA,NA,NA,2,"C",1,NA,NA,NA,NA,NA,NA
337258,1100337258,110070587,110001082,NA,"6340",NA,NA,NA,9,"B",1,NA,NA,NA,NA,NA,NA
337259,1100337259,110070587,110001082,NA,"6340",NA,NA,NA,1,"B",1,NA,NA,NA,NA,NA,NA
337260,1100337260,110070587,110001082,NA,"6340",NA,"W",NA,1,"C",1,NA,NA,NA,NA,NA,NA
337261,1100337261,110070587,110001082,NA,"6340",NA,"W",NA,2,"D",1,NA,NA,NA,NA,NA,NA
337262,1100337262,110070587,110001082,NA,"5900","2",NA,NA,1,"2",0,NA,NA,NA,NA,NA,NA
337263,1100337263,110070587,110001082,NA,"6340",NA,NA,NA,4,"E",0,NA,NA,NA,NA,NA,NA
337264,1100337264,110070587,110001082,NA,"6340",NA,"W",NA,1,"C",1,NA,NA,NA,NA,NA,NA
337265,1100337265,110070588,110001082,"37","6340",NA,"B",NA,2,"C",1,NA,NA,NA,NA,NA,NA
337266,1100337266,110070588,110001082,"37","6340",NA,"W",NA,1,"C",1,NA,NA,NA,NA,NA,NA
337267,1100337267,110070588,110001082,"37","6340",NA,"T",NA,1,"C",1,NA,NA,NA,NA,NA,NA
337268,1100337268,110070588,110001082,NA,"6340",NA,"B",NA,1,"C",1,NA,NA,NA,NA,NA,NA
337269,1100337269,110070588,110001082,NA,"6340",NA,NA,NA,3,"C",1,NA,NA,NA,NA,NA,NA
337270,1100337270,110070588,110001082,NA,"6340",NA,NA,NA,3,"D",1,NA,NA,NA,NA,NA,NA
337271,1100337271,110070589,110001082,"38","6340",NA,"B",NA,2,"A",1,NA,NA,NA,NA,NA,NA
337272,1100337272,110070589,110001082,"38","6340",NA,"W",NA,1,"A",1,NA,NA,NA,NA,NA,NA
337273,1100337273,110070589,110001082,NA,"6340",NA,"W",NA,1,"A",1,NA,NA,NA,NA,NA,NA
337274,1100337274,110070589,110001082,NA,"6360",NA,NA,NA,2,"C",1,"YS~F",NA,NA,NA,NA,NA
337275,1100337275,110070589,110001082,NA,"710","A",NA,NA,1,"1",0,NA,NA,NA,NA,NA,NA
337276,1100337276,110070589,110001082,NA,"6360",NA,"W",NA,1,"D",1,NA,NA,NA,NA,NA,NA
337277,1100337277,110070589,110001082,NA,"6340",NA,"W",NA,1,"A",1,NA,NA,NA,NA,NA,NA
337278,1100337278,110070589,110001082,NA,"5900","2",NA,NA,1,"1",0,NA,NA,NA,NA,NA,NA
337279,1100337279,110070590,110001082,NA,"6340",NA,NA,NA,5,"A",1,NA,NA,NA,NA,NA,NA
337280,1100337280,110070590,110001082,NA,"6340",NA,NA,NA,14,"U",1,NA,NA,NA,NA,NA,NA
337281,1100337281,110070590,110001082,NA,"6340",NA,"W",NA,1,"B",1,NA,NA,NA,NA,NA,NA
337282,1100337282,110070590,110001082,NA,"6340",NA,NA,NA,1,"C",1,NA,NA,NA,NA,NA,NA
337283,1100337283,110070590,110001082,NA,"5900","3",NA,NA,1,"1",0,NA,NA,NA,NA,NA,NA
337284,1100337284,110070590,110001082,NA,"6340",NA,NA,NA,4,"D",1,NA,NA,NA,NA,NA,NA
337285,1100337285,110070591,110001082,NA,"6340",NA,NA,NA,3,"D",1,NA,NA,NA,NA,NA,NA
337286,1100337286,110070591,110001082,NA,"6340",NA,NA,NA,1,"C",1,NA,NA,NA,NA,NA,NA
337287,1100337287,110070592,110001082,NA,"6360",NA,NA,NA,2,"C",1,NA,NA,NA,NA,NA,NA
337288,1100337288,110070592,110001082,NA,"6340",NA,"W",NA,1,"A",1,NA,NA,NA,NA,NA,NA
337289,1100337289,110070592,110001082,NA,"6340",NA,"W",NA,1,"C",1,NA,NA,NA,NA,NA,NA
337290,1100337290,110070592,110001082,NA,"6020","A",NA,NA,1,"2",0,"Z",NA,NA,NA,NA,NA
337291,1100337291,110070593,110001082,"39","6340",NA,"W",NA,1,"C",1,NA,NA,NA,NA,NA,NA
337292,1100337292,110070593,110001082,"39","6340",NA,"T",NA,1,"C",1,NA,NA,NA,NA,NA,NA
337293,1100337293,110070593,110001082,"40","6340",NA,"W",NA,2,"C",1,NA,NA,NA,NA,NA,NA
337294,1100337294,110070593,110001082,"40","6340",NA,"T",NA,1,"C",1,NA,NA,NA,NA,NA,NA
337295,1100337295,110070593,110001082,NA,"6340",NA,"W",NA,2,"D",1,NA,NA,NA,NA,NA,NA
337296,1100337296,110070593,110001082,NA,"6340",NA,"B",NA,1,"A",1,NA,NA,NA,NA,NA,NA
337297,1100337297,110070594,110001082,"41","6340",NA,"W",NA,2,"D",1,NA,NA,NA,NA,NA,NA
337298,1100337298,110070594,110001082,"41","6340",NA,"T",NA,1,"D",1,NA,NA,NA,NA,NA,NA
337299,1100337299,110070594,110001082,NA,"6340",NA,"W",NA,1,"D",1,NA,NA,NA,NA,NA,NA
337300,1100337300,110070594,110001082,NA,"6340",NA,"W",NA,1,"D",1,NA,NA,NA,NA,NA,NA
337301,1100337301,110070594,110001082,NA,"6340",NA,"W",NA,1,"C",1,NA,NA,NA,NA,NA,NA
337302,1100337302,110070595,110001082,"42","6340",NA,"B",NA,1,"B",1,NA,NA,NA,NA,NA,NA
337303,1100337303,110070595,110001082,"42","6340",NA,"T",NA,2,"B",1,NA,NA,NA,NA,NA,NA
337304,1100337304,110070595,110001082,NA,"6340",NA,"W",NA,1,"B",1,NA,NA,NA,NA,NA,NA
337305,1100337305,110070596,110001082,NA,"6360",NA,NA,NA,3,"E",0,NA,NA,NA,NA,NA,NA
337306,1100337306,110070596,110001082,NA,"5910",NA,NA,NA,1,"2",0,NA,NA,NA,NA,NA,NA
337307,1100337307,110070596,110001082,NA,"6360",NA,"T",NA,1,"A",1,NA,NA,NA,NA,NA,NA
337308,1100337308,110070597,110001082,NA,"5900","A",NA,NA,1,"2",0,NA,NA,NA,NA,NA,NA
337309,1100337309,110070599,110001082,NA,"6360",NA,NA,NA,6,"A",0,NA,NA,NA,NA,NA,NA
337310,1100337310,110070600,110001082,NA,"6340",NA,NA,NA,1,"A",1,"DY",NA,NA,NA,NA,NA
337311,1100337311,110070600,110001082,NA,"6340",NA,"W",NA,2,"A",0,NA,NA,NA,NA,NA,NA
337312,1100337312,110070601,110001082,NA,"6340",NA,"B",NA,1,"A",1,NA,NA,NA,NA,NA,NA
337313,1100337313,110070601,110001082,NA,"6340",NA,"W",NA,1,"C",1,NA,NA,NA,NA,NA,NA
337314,1100337314,110070601,110001082,NA,"6340",NA,"T",NA,1,"C",1,NA,NA,NA,NA,NA,NA
337315,1100337315,110070602,110001082,NA,"6340",NA,"B",NA,1,"D",1,NA,NA,NA,NA,NA,NA
337316,1100337316,110070602,110001082,NA,"6340",NA,"T",NA,1,"A",1,NA,NA,NA,NA,NA,NA
337317,1100337317,110070602,110001082,NA,"6340",NA,NA,NA,4,"U",0,NA,NA,NA,NA,NA,NA
337318,1100337318,110070603,110001082,NA,"6340",NA,"B",NA,1,"A",1,NA,NA,NA,NA,NA,NA
337319,1100337319,110070603,110001082,NA,"6340",NA,"B",NA,1,"A",1,NA,NA,NA,NA,NA,NA
337320,1100337320,110070603,110001082,NA,"6340",NA,"T",NA,1,"A",1,NA,NA,NA,NA,NA,NA
337321,1100337321,110070604,110001082,"43","6340",NA,"B",NA,1,"C",1,NA,NA,NA,NA,NA,NA
337322,1100337322,110070604,110001082,"43","6340",NA,"W",NA,1,"C",1,NA,NA,NA,NA,NA,NA
337323,1100337323,110070606,110001082,NA,"5900","3",NA,NA,1,"2",0,NA,NA,NA,NA,NA,NA
337324,1100337324,110070606,110001082,NA,"5900","2",NA,NA,3,"2",0,NA,NA,NA,NA,NA,NA
337325,1100337325,110070606,110001082,NA,"5910","A",NA,NA,1,"2",0,NA,NA,NA,NA,NA,NA
337326,1100337326,110070607,110001082,NA,"6340",NA,NA,NA,2,"E",0,NA,NA,NA,NA,NA,NA
337327,1100337327,110070607,110001082,NA,"6340",NA,NA,NA,1,"C",1,NA,NA,NA,NA,NA,NA
337328,1100337328,110070607,110001082,NA,"220",NA,NA,NA,1,"E",0,NA,NA,NA,NA,NA,NA
337329,1100337329,110070608,110001082,"44","220",NA,NA,NA,1,"E",0,NA,NA,NA,NA,NA,NA
337330,1100337330,110070608,110001082,"44","6345",NA,NA,NA,1,"E",0,NA,NA,NA,NA,NA,NA
337331,1100337331,110070608,110001082,NA,"6340",NA,NA,NA,1,"D",1,NA,NA,NA,NA,NA,NA
337332,1100337332,110070609,110001082,NA,"6340",NA,"W",NA,1,"B",1,NA,NA,NA,NA,NA,NA
337333,1100337333,110070609,110001082,NA,"710","A",NA,NA,1,"3",0,NA,NA,NA,NA,NA,NA
337334,1100337334,110070610,110001082,NA,"64330",NA,NA,NA,1,"D",1,NA,NA,NA,NA,NA,NA
337335,1100337335,110070612,110001082,NA,"5900",NA,NA,NA,1,"E",0,"Z",NA,NA,NA,NA,NA
337336,1100337336,110070612,110001082,NA,"64320",NA,NA,NA,1,"C",1,NA,NA,NA,NA,NA,NA
337337,1100337337,110070612,110001082,NA,"6360",NA,NA,NA,4,"B",1,NA,NA,NA,NA,NA,NA
337338,1100337338,110070612,110001082,NA,"6340",NA,NA,NA,1,"E",0,NA,NA,NA,NA,NA,NA
337339,1100337339,110070620,110001082,NA,"6340",NA,NA,NA,1,"D",1,NA,NA,NA,NA,NA,NA
337340,1100337340,110070620,110001082,NA,"6340",NA,NA,NA,2,"A",0,NA,NA,NA,NA,NA,NA
337341,1100337341,110070620,110001082,NA,"63510",NA,NA,NA,1,"A",0,NA,NA,NA,NA,NA,NA
337342,1100337342,110070620,110001082,NA,"6340",NA,NA,NA,1,"D",1,NA,NA,NA,NA,NA,NA
337343,1100337343,110070621,110001082,NA,"6340",NA,NA,NA,1,"C",1,NA,NA,NA,NA,NA,NA
337344,1100337344,110070621,110001082,NA,"6340",NA,NA,NA,1,"E",0,NA,NA,NA,NA,NA,NA
337345,1100337345,110070621,110001082,NA,"6340",NA,NA,NA,1,"A",1,NA,NA,NA,NA,NA,NA
337346,1100337346,110070622,110001082,NA,"6340",NA,"T",NA,1,"D",1,NA,NA,NA,NA,NA,NA
337347,1100337347,110070622,110001082,NA,"63510",NA,NA,NA,2,"E",0,NA,NA,NA,NA,NA,NA
337348,1100337348,110070622,110001082,NA,"6360",NA,"W",NA,1,"C",1,NA,NA,NA,NA,NA,NA
337349,1100337349,110070626,110001082,NA,"6340",NA,"W",NA,1,"D",1,NA,NA,NA,NA,NA,NA
337350,1100337350,110070628,110001082,NA,"6340",NA,NA,NA,4,"D",1,NA,NA,NA,NA,NA,NA
337351,1100337351,110070629,110001082,NA,"40",NA,NA,NA,1,"C",1,NA,NA,NA,NA,NA,NA
337352,1100337352,110070629,110001082,NA,"16360",NA,NA,NA,1,"1",0,NA,"E",NA,NA,NA,NA
337353,1100337353,110070633,110001082,NA,"5900","2",NA,NA,1,"2",0,NA,NA,NA,NA,NA,NA
337354,1100337354,110070635,110001082,NA,"6340",NA,"B",NA,1,"D",1,NA,NA,NA,NA,NA,NA
337355,1100337355,110070638,110001082,NA,"20",NA,NA,NA,2,"2",0,NA,NA,NA,NA,NA,NA
337356,1100337356,110070639,110001082,NA,"5900",NA,NA,NA,1,"2",0,NA,NA,NA,NA,NA,NA
337357,1100337357,110070643,110001082,NA,"5900",NA,NA,NA,1,"2",0,NA,NA,NA,NA,NA,NA
337358,1100337358,110070643,110001082,NA,"5920","I",NA,NA,1,"2",1,NA,NA,NA,NA,NA,NA
337359,1100337359,110070644,110001082,NA,"5900",NA,NA,NA,1,"2",0,NA,NA,NA,NA,NA,NA
337360,1100337360,110070644,110001082,NA,"6020","2",NA,NA,1,"1",0,NA,NA,NA,NA,NA,NA
337361,1100337361,110070644,110001082,NA,"710","A",NA,NA,1,"E",0,NA,NA,NA,NA,NA,NA
337362,1100337362,110070645,110001082,"45","5910",NA,NA,NA,70,"E",0,NA,"V",NA,NA,NA,NA
337363,1100337363,110070645,110001082,"45","5920",NA,NA,NA,10,"E",0,NA,"V",NA,NA,NA,NA
337364,1100337364,110070645,110001082,NA,"9999",NA,NA,NA,1,"E",0,NA,NA,NA,NA,NA,"SEINER BL899825  TOWING 45° 1KM"
337365,1100337365,110070645,110001082,NA,"5910","A",NA,NA,1,"1",0,NA,NA,NA,NA,NA,NA
337366,1100337366,110070645,110001082,NA,"5920","2",NA,NA,2,"1",0,NA,NA,NA,NA,NA,NA
337367,1100337367,110070645,110001082,NA,"710",NA,NA,NA,3,"E",0,NA,"V",NA,NA,NA,NA
337368,1100337368,110070646,110001082,NA,"5910","A",NA,NA,2,"1",0,NA,"V",NA,NA,NA,NA
337369,1100337369,110070646,110001082,NA,"5910","A",NA,NA,3,"D",1,NA,"V",NA,NA,NA,NA
337370,1100337370,110070646,110001082,NA,"5910","A",NA,NA,3,"2",0,NA,"V",NA,NA,NA,NA
337371,1100337371,110070646,110001082,NA,"5910","A",NA,NA,2,"E",0,NA,"V",NA,NA,NA,NA
337372,1100337372,110070647,110001082,NA,"5920",NA,NA,NA,2,"E",0,NA,"V",NA,NA,NA,NA
337373,1100337373,110070647,110001082,NA,"5910",NA,NA,NA,2,"E",0,NA,"V",NA,NA,NA,NA
337374,1100337374,110070647,110001082,NA,"5910",NA,NA,NA,3,"1",0,NA,"V",NA,NA,NA,NA
337375,1100337375,110070647,110001082,NA,"710","4",NA,NA,1,"E",0,NA,"V",NA,NA,NA,NA
337376,1100337376,110070647,110001082,NA,"5920",NA,NA,NA,2,"2",0,NA,"V",NA,NA,NA,NA
337377,1100337377,110070648,110001082,NA,"5910",NA,NA,NA,2,"2",1,NA,"V",NA,NA,NA,NA
337378,1100337378,110070648,110001082,NA,"5920","I",NA,NA,1,"D",1,NA,"V",NA,NA,NA,NA
337379,1100337379,110070648,110001082,NA,"5910",NA,NA,NA,7,"E",0,NA,"V",NA,NA,NA,NA
337380,1100337380,110070648,110001082,NA,"5920",NA,NA,NA,1,"E",0,NA,"V",NA,NA,NA,NA
337381,1100337381,110070648,110001082,NA,"5910",NA,NA,NA,10,"E",0,NA,"V",NA,NA,NA,NA
337382,1100337382,110070649,110001082,NA,"710","A",NA,NA,1,"1",1,NA,NA,NA,NA,NA,NA
337383,1100337383,110070649,110001082,NA,"5910","4",NA,NA,1,"2",0,NA,NA,NA,NA,NA,NA
337384,1100337384,110070649,110001082,NA,"5910","A",NA,NA,1,"1",0,NA,NA,NA,NA,NA,NA
337385,1100337385,110070649,110001082,NA,"5900","A",NA,NA,1,"C",1,NA,NA,NA,NA,NA,NA
337386,1100337386,110070649,110001082,NA,"6340",NA,NA,NA,1,"E",0,NA,NA,NA,NA,NA,NA
337387,1100337387,110070650,110001082,"46","5910","A",NA,NA,3,"2",0,NA,NA,NA,NA,NA,NA
337388,1100337388,110070650,110001082,"46","5920","2",NA,NA,1,"2",0,NA,NA,NA,NA,NA,NA
337389,1100337389,110070650,110001082,"47","5910",NA,NA,NA,45,"E",0,NA,NA,NA,NA,NA,NA
337390,1100337390,110070650,110001082,"47","5920",NA,NA,NA,45,"E",0,NA,NA,NA,NA,NA,NA
337391,1100337391,110070650,110001082,NA,"5910","3",NA,NA,1,"2",0,NA,NA,NA,NA,NA,NA
337392,1100337392,110070650,110001082,NA,"710",NA,NA,NA,1,"E",0,NA,NA,NA,NA,NA,NA
337393,1100337393,110070650,110001082,NA,"710","A",NA,NA,1,"C",1,NA,NA,NA,NA,NA,NA
337394,1100337394,110070650,110001082,NA,"710",NA,NA,NA,4,"2",0,NA,NA,NA,NA,NA,NA
337395,1100337395,110070650,110001082,NA,"710",NA,NA,NA,3,"E",0,NA,NA,NA,NA,NA,NA
337396,1100337396,110070651,110001082,NA,"6340",NA,NA,NA,2,"E",0,NA,NA,NA,NA,NA,NA
337397,1100337397,110070652,110001082,NA,"5900","A",NA,NA,1,"1",0,NA,NA,NA,NA,NA,NA
337398,1100337398,110070652,110001082,NA,"5920","2",NA,NA,1,"1",0,NA,NA,NA,NA,NA,NA
337399,1100337399,110070652,110001082,NA,"5910","A",NA,NA,1,"1",1,NA,NA,NA,NA,NA,NA
337400,1100337400,110070652,110001082,NA,"5920","3",NA,NA,1,"2",0,NA,NA,NA,NA,NA,NA
337401,1100337401,110070653,110001082,NA,"710",NA,NA,NA,12,"E",0,NA,NA,NA,NA,NA,"spread across wide area up to 3 km away"
337402,1100337402,110070653,110001082,NA,"5910","3",NA,NA,1,"2",0,NA,NA,NA,NA,NA,NA
337403,1100337403,110070653,110001082,NA,"710","A",NA,NA,1,"C",1,NA,NA,NA,NA,NA,NA
337404,1100337404,110070654,110001082,NA,"710","A",NA,NA,2,"2",0,NA,NA,NA,NA,NA,NA
337405,1100337405,110070654,110001082,NA,"710","A",NA,NA,2,"D",1,NA,NA,NA,NA,NA,NA
337406,1100337406,110070654,110001082,NA,"710","A",NA,NA,2,"C",1,NA,NA,NA,NA,NA,NA
337407,1100337407,110070654,110001082,NA,"710","A",NA,NA,1,"2",0,NA,NA,NA,NA,NA,NA
337408,1100337408,110070655,110001082,NA,"710","A",NA,NA,3,"E",0,NA,NA,NA,NA,NA,NA
337409,1100337409,110070655,110001082,NA,"710",NA,NA,NA,30,"E",0,NA,NA,NA,NA,NA,"spread across wide area up to 5 km away"
337410,1100337410,110070655,110001082,NA,"710",NA,NA,NA,2,"E",0,NA,NA,NA,NA,NA,NA
337411,1100337411,110070657,110001082,NA,"710",NA,NA,NA,10,"E",0,NA,NA,NA,NA,NA,NA
337412,1100337412,110070658,110001082,NA,"710","A",NA,NA,1,"1",0,NA,NA,NA,NA,NA,NA
337413,1100337413,110070658,110001082,NA,"5900","3",NA,NA,1,"2",0,NA,NA,NA,NA,NA,NA
337414,1100337414,110070659,110001082,"48","5910","A",NA,NA,1,"E",0,NA,NA,NA,NA,NA,NA
337415,1100337415,110070659,110001082,"48","5910","3",NA,NA,1,"E",0,NA,NA,NA,NA,NA,NA
337416,1100337416,110070659,110001082,NA,"710","A",NA,NA,2,"E",0,NA,NA,NA,NA,NA,NA
337417,1100337417,110070659,110001082,NA,"710",NA,NA,NA,3,"E",0,NA,NA,NA,NA,NA,NA
337418,1100337418,110070659,110001082,NA,"6345",NA,NA,NA,3,"E",0,NA,NA,NA,NA,NA,NA
337419,1100337419,110070660,110001082,NA,"6340",NA,"W",NA,1,"D",1,NA,NA,NA,NA,NA,NA
337420,1100337420,110070660,110001082,NA,"5920","2",NA,NA,1,"D",1,NA,NA,NA,NA,NA,NA
337421,1100337421,110070661,110001082,NA,"6000","I",NA,NA,1,"2",1,NA,NA,NA,NA,NA,NA
337422,1100337422,110070661,110001082,NA,"710",NA,NA,NA,12,"E",0,NA,NA,NA,NA,NA,NA
337423,1100337423,110070661,110001082,NA,"6340",NA,"B",NA,1,"C",1,NA,NA,NA,NA,NA,NA
337424,1100337424,110070661,110001082,NA,"710","4",NA,NA,1,"1",0,NA,NA,NA,NA,NA,NA
337425,1100337425,110070662,110001082,"49","6340",NA,"T",NA,1,"C",1,NA,NA,NA,NA,NA,NA
337426,1100337426,110070662,110001082,"49","6340",NA,"W",NA,3,"C",1,NA,NA,NA,NA,NA,NA
337427,1100337427,110070662,110001082,NA,"710","A",NA,NA,1,"E",0,"Y",NA,NA,NA,NA,NA
337428,1100337428,110070662,110001082,NA,"9999",NA,NA,NA,1,"E",0,NA,NA,NA,NA,NA,"BEAM OD8 (?) TOWING 270° 3KM"
337429,1100337429,110070663,110001082,NA,"710",NA,NA,NA,4,"E",0,NA,NA,NA,NA,NA,NA
337430,1100337430,110070663,110001082,NA,"6340",NA,"W",NA,1,"C",1,NA,NA,NA,NA,NA,NA
337431,1100337431,110070663,110001082,NA,"5910","A",NA,NA,1,"1",0,NA,NA,NA,NA,NA,NA
337432,1100337432,110070664,110001082,NA,"710","4",NA,NA,1,"2",0,NA,NA,NA,NA,NA,NA
337433,1100337433,110070664,110001082,NA,"710","A",NA,NA,1,"2",0,NA,NA,NA,NA,NA,NA
337434,1100337434,110070664,110001082,NA,"63510",NA,NA,NA,1,"E",0,NA,NA,NA,NA,NA,"270° 1KM"
337435,1100337435,110070664,110001082,NA,"5900","A",NA,NA,1,"2",0,NA,NA,NA,NA,NA,NA
337436,1100337436,110070666,110001082,NA,"5910","2",NA,NA,1,"1",0,NA,NA,NA,NA,NA,NA
337437,1100337437,110070666,110001082,NA,"5900","2",NA,NA,1,"2",0,NA,NA,NA,NA,NA,NA
337438,1100337438,110070666,110001082,NA,"5910","A",NA,NA,1,"1",0,NA,NA,NA,NA,NA,NA
337439,1100337439,110070666,110001082,NA,"5900","2",NA,NA,1,"2",1,NA,NA,NA,NA,NA,NA
337440,1100337440,110070668,110001082,NA,"63510",NA,NA,NA,1,"A",1,NA,NA,NA,NA,NA,NA
337441,1100337441,110070669,110001082,"50","5920","4",NA,NA,1,"2",1,NA,NA,NA,NA,NA,NA
337442,1100337442,110070669,110001082,"50","5910","A",NA,NA,1,"2",1,NA,NA,NA,NA,NA,NA
337443,1100337443,110070669,110001082,NA,"2130",NA,NA,NA,15,"2",0,NA,NA,NA,NA,NA,NA
337444,1100337444,110070671,110001082,NA,"5910",NA,NA,NA,1,"2",0,NA,NA,NA,NA,NA,NA
337445,1100337445,110070671,110001082,NA,"5900",NA,NA,NA,1,"2",0,NA,NA,NA,NA,NA,NA
337446,1100337446,110070671,110001082,NA,"5920","2",NA,NA,1,"1",0,NA,NA,NA,NA,NA,NA
337447,1100337447,110070671,110001082,NA,"63510",NA,NA,NA,4,"D",1,NA,NA,NA,NA,NA,NA
337448,1100337448,110070671,110001082,NA,"5900","2",NA,NA,1,"1",0,NA,NA,NA,NA,NA,NA
337449,1100337449,110070672,110001082,NA,"5900","A",NA,NA,1,"2",0,NA,NA,NA,NA,NA,NA
337450,1100337450,110070672,110001082,NA,"5900","3",NA,NA,1,"1",0,NA,NA,NA,NA,NA,NA
337451,1100337451,110070672,110001082,NA,"5910","A",NA,NA,1,"1",0,NA,NA,NA,NA,NA,NA
337452,1100337452,110070673,110001082,NA,"710","A",NA,NA,2,"C",1,"DF",NA,NA,NA,NA,NA
337453,1100337453,110070673,110001082,NA,"710","A",NA,NA,1,"C",1,NA,NA,NA,NA,NA,NA
337454,1100337454,110070675,110001082,NA,"6340",NA,"W",NA,1,"A",1,NA,NA,NA,NA,NA,NA
337455,1100337455,110070675,110001082,NA,"6340",NA,"W",NA,1,"E",0,NA,NA,NA,NA,NA,NA
337456,1100337456,110070675,110001082,NA,"5900","2",NA,NA,1,"2",1,NA,NA,NA,NA,NA,NA
337457,1100337457,110070676,110001082,NA,"6340",NA,"W",NA,1,"A",1,NA,NA,NA,NA,NA,NA
337458,1100337458,110070676,110001082,NA,"6340",NA,NA,NA,5,"E",0,NA,NA,NA,NA,NA,NA
337459,1100337459,110070676,110001082,NA,"5900","3",NA,NA,1,"2",0,NA,NA,NA,NA,NA,NA
337460,1100337460,110070676,110001082,NA,"5900","2",NA,NA,1,"2",0,NA,NA,NA,NA,NA,NA
337461,1100337461,110070678,110001082,NA,"5900","2",NA,NA,1,"1",0,NA,NA,NA,NA,NA,NA
337462,1100337462,110070678,110001082,NA,"5910","A",NA,NA,2,"2",1,NA,NA,NA,NA,NA,NA
337463,1100337463,110070679,110001082,NA,"5900","A",NA,NA,1,"C",1,NA,NA,NA,NA,NA,NA
337464,1100337464,110070679,110001082,NA,"6340",NA,"B",NA,1,"D",1,NA,NA,NA,NA,NA,NA
337465,1100337465,110070680,110001082,"51","5900",NA,NA,NA,11,"A",0,NA,NA,NA,NA,NA,NA
337466,1100337466,110070680,110001082,"51","5910","3",NA,NA,1,"A",0,NA,NA,NA,NA,NA,NA
337467,1100337467,110070680,110001082,"51","5900","2",NA,NA,2,"A",1,NA,NA,NA,NA,NA,NA
337468,1100337468,110070680,110001082,"52","5910","3",NA,NA,1,"C",1,NA,NA,NA,NA,NA,NA
337469,1100337469,110070680,110001082,"52","5900","A",NA,NA,1,"C",1,NA,NA,NA,NA,NA,NA
337470,1100337470,110070680,110001082,"52","6360",NA,"W",NA,2,"C",1,NA,NA,NA,NA,NA,NA
337471,1100337471,110070680,110001082,"52","6360",NA,"B",NA,1,"C",1,NA,NA,NA,NA,NA,NA
337472,1100337472,110070681,110001082,NA,"710","4",NA,NA,1,"E",0,NA,NA,NA,NA,NA,NA
337473,1100337473,110070682,110001082,"53","6360",NA,NA,NA,3,"B",0,NA,NA,NA,NA,NA,NA
337474,1100337474,110070682,110001082,"53","710",NA,NA,NA,3,"B",0,NA,NA,NA,NA,NA,NA
337475,1100337475,110070682,110001082,"53","5900",NA,NA,NA,6,"B",0,NA,NA,NA,NA,NA,NA
337476,1100337476,110070682,110001082,NA,"5900","2",NA,NA,1,"B",1,"DF",NA,NA,NA,NA,NA
337477,1100337477,110070682,110001082,NA,"5910","A",NA,NA,1,"2",1,NA,NA,NA,NA,NA,NA
337478,1100337478,110070687,110001082,NA,"5910","A",NA,NA,1,"2",0,NA,NA,NA,NA,NA,NA
337479,1100337479,110070687,110001082,NA,"5920","2",NA,NA,1,"2",0,NA,NA,NA,NA,NA,NA
337480,1100337480,110070688,110001082,NA,"710","A",NA,NA,1,"A",1,NA,NA,NA,NA,NA,NA
337481,1100337481,110070689,110001082,NA,"5910","3",NA,NA,1,"1",0,NA,NA,NA,NA,NA,NA
337482,1100337482,110070689,110001082,NA,"6340",NA,"B",NA,1,"E",0,NA,NA,NA,NA,NA,NA
337483,1100337483,110070690,110001082,"54","6360",NA,NA,NA,1,"A",1,NA,NA,NA,NA,NA,NA
337484,1100337484,110070690,110001082,"54","5900","A",NA,NA,1,"1",1,"Z",NA,NA,NA,NA,NA
337485,1100337485,110070690,110001082,NA,"6340",NA,"B",NA,1,"E",0,NA,NA,NA,NA,NA,NA
337486,1100337486,110070690,110001082,NA,"710","A",NA,NA,1,"1",0,NA,NA,NA,NA,NA,NA
337487,1100337487,110070691,110001082,"55","6340",NA,NA,NA,3,"C",1,NA,NA,NA,NA,NA,NA
337488,1100337488,110070691,110001082,"55","6360",NA,NA,NA,2,"C",1,NA,NA,NA,NA,NA,NA
337489,1100337489,110070691,110001082,"55","5900",NA,NA,NA,1,"C",1,NA,NA,NA,NA,NA,NA
337490,1100337490,110070691,110001082,NA,"5900",NA,NA,NA,1,"B",1,NA,NA,NA,NA,NA,NA
337491,1100337491,110070691,110001082,NA,"6340",NA,"T",NA,1,"E",0,NA,NA,NA,NA,NA,NA
337492,1100337492,110070692,110001082,"56","5920","4",NA,NA,1,"B",1,NA,NA,NA,NA,NA,NA
337493,1100337493,110070692,110001082,"56","6340",NA,"W",NA,2,"B",1,NA,NA,NA,NA,NA,NA
337494,1100337494,110070692,110001082,NA,"64310",NA,NA,NA,1,"C",1,NA,NA,NA,NA,NA,NA
337495,1100337495,110070693,110001082,NA,"5900","A",NA,NA,1,"2",1,NA,NA,NA,NA,NA,NA
337496,1100337496,110070693,110001082,NA,"5900","2",NA,NA,1,"2",0,NA,NA,NA,NA,NA,NA
337497,1100337497,110070694,110001082,NA,"6000","I",NA,NA,1,"1",0,NA,NA,NA,NA,NA,NA
337498,1100337498,110070694,110001082,NA,"5910","A",NA,NA,1,"2",1,NA,NA,NA,NA,NA,NA
337499,1100337499,110070694,110001082,NA,"5910","A",NA,NA,1,"1",0,NA,NA,NA,NA,NA,NA
337500,1100337500,110070695,110001082,NA,"63510",NA,NA,NA,1,"C",1,NA,NA,NA,NA,NA,NA
337501,1100337501,110070696,110001082,"57","5900","A",NA,NA,1,"2",1,NA,NA,NA,NA,NA,NA
337502,1100337502,110070696,110001082,"57","5900","2",NA,NA,1,"2",1,NA,NA,NA,NA,NA,NA
337503,1100337503,110070696,110001082,NA,"5900",NA,NA,NA,1,"A",0,NA,NA,NA,NA,NA,NA
337504,1100337504,110070697,110001082,NA,"40",NA,NA,NA,1,"D",1,"F",NA,NA,NA,NA,"FIGHTING WITH A FLATFISH"
337505,1100337505,110070698,110001082,NA,"5910","A",NA,NA,1,"B",1,"DF",NA,NA,NA,NA,NA
337506,1100337506,110070700,110001082,NA,"5900",NA,NA,NA,2,"E",0,"P",NA,NA,NA,NA,NA
337507,1100337507,110070700,110001082,NA,"710","A",NA,NA,2,"E",0,NA,NA,NA,NA,NA,NA
337508,1100337508,110070701,110001082,"58","5920","2",NA,NA,2,"C",1,NA,NA,NA,NA,NA,NA
337509,1100337509,110070701,110001082,"58","5910","A",NA,NA,1,"C",1,NA,NA,NA,NA,NA,NA
337510,1100337510,110070701,110001082,NA,"5900",NA,NA,NA,1,"D",1,NA,NA,NA,NA,NA,NA
337511,1100337511,110070701,110001082,NA,"5920","2",NA,NA,1,"A",1,NA,NA,NA,NA,NA,NA
337512,1100337512,110070702,110001082,NA,"5900","2",NA,NA,1,"1",1,NA,NA,NA,NA,NA,NA
337513,1100337513,110070702,110001082,NA,"5910","A",NA,NA,1,"1",1,NA,NA,NA,NA,NA,NA
337514,1100337514,110070702,110001082,NA,"5910","A",NA,NA,1,"C",1,NA,NA,NA,NA,NA,NA
337515,1100337515,110070703,110001082,NA,"5910","A",NA,NA,1,"A",1,NA,NA,NA,NA,NA,NA
337516,1100337516,110070703,110001082,NA,"5920","3",NA,NA,2,"B",1,NA,NA,NA,NA,NA,NA
337517,1100337517,110070704,110001082,"59","5910","A",NA,NA,1,"B",1,NA,NA,NA,NA,NA,NA
337518,1100337518,110070704,110001082,"59","710","4",NA,NA,1,"B",1,"AV~F",NA,NA,24,NA,NA
337519,1100337519,110070704,110001082,"59","5900","3",NA,NA,1,"B",1,NA,NA,NA,NA,NA,NA
337520,1100337520,110070704,110001082,"59","5920","2",NA,NA,1,"B",1,"K~F",NA,NA,24,NA,NA
337521,1100337521,110070704,110001082,NA,"5910","2",NA,NA,1,"A",1,NA,NA,NA,NA,NA,NA
337522,1100337522,110070704,110001082,NA,"710",NA,NA,NA,1,"E",0,NA,NA,NA,NA,NA,NA
337523,1100337523,110070705,110001082,NA,"5910","A",NA,NA,4,"D",1,NA,NA,NA,NA,NA,NA
337524,1100337524,110070708,110001082,NA,"6340",NA,"W",NA,1,"B",1,NA,NA,NA,NA,NA,NA
337525,1100337525,110070708,110001082,NA,"5900","2",NA,NA,3,"A",1,NA,NA,NA,NA,NA,NA
337526,1100337526,110070708,110001082,NA,"6340",NA,"W",NA,3,"B",1,NA,NA,NA,NA,NA,NA
337527,1100337527,110070708,110001082,NA,"710","A",NA,NA,1,"E",0,NA,NA,NA,NA,NA,NA
337528,1100337528,110070708,110001082,NA,"6340",NA,NA,NA,1,"E",0,NA,NA,NA,NA,NA,NA
337529,1100337529,110070710,110001082,NA,"6340",NA,"W",NA,1,"C",1,NA,NA,NA,NA,NA,NA
337530,1100337530,110070710,110001082,NA,"59",NA,NA,NA,1,"E",0,"DF",NA,NA,NA,NA,NA
337531,1100337531,110070711,110001082,NA,"6345",NA,NA,NA,3,"E",0,NA,NA,NA,NA,NA,NA
337532,1100337532,110070711,110001082,NA,"6340",NA,"W",NA,4,"C",1,NA,NA,NA,NA,NA,NA
337533,1100337533,110070711,110001082,NA,"5900",NA,NA,NA,1,"2",0,"Z",NA,NA,NA,NA,NA
337534,1100337534,110070712,110001082,NA,"6345",NA,NA,NA,3,"E",0,NA,NA,NA,NA,NA,NA
337535,1100337535,110070713,110001082,"60","6360",NA,NA,NA,4,"D",1,"YS",NA,NA,NA,NA,NA
337536,1100337536,110070713,110001082,"60","6340",NA,NA,NA,1,"D",1,"YS",NA,NA,NA,NA,NA
337537,1100337537,110070713,110001082,"61","6340",NA,"W",NA,1,"B",1,NA,NA,NA,NA,NA,NA
337538,1100337538,110070713,110001082,"61","6340",NA,"B",NA,2,"B",1,NA,NA,NA,NA,NA,NA
337539,1100337539,110070713,110001082,"61","5910","A",NA,NA,1,"B",1,NA,NA,NA,NA,NA,NA
337540,1100337540,110070713,110001082,NA,"6345",NA,NA,NA,6,"E",0,NA,NA,NA,NA,NA,NA
337541,1100337541,110070713,110001082,NA,"6345",NA,NA,NA,8,"E",0,NA,NA,NA,NA,NA,NA
337542,1100337542,110070714,110001082,"62","6340",NA,NA,NA,9,"C",1,NA,NA,NA,NA,NA,NA
337543,1100337543,110070714,110001082,"62","5900","A",NA,NA,1,"C",1,NA,NA,NA,NA,NA,NA
337544,1100337544,110070714,110001082,NA,"6340",NA,NA,NA,10,"A",0,NA,NA,NA,NA,NA,NA
337545,1100337545,110070715,110001082,NA,"6345",NA,NA,NA,8,"E",0,NA,NA,NA,NA,NA,NA
337546,1100337546,110070716,110001082,"63","6340",NA,"B",NA,1,"C",1,NA,NA,NA,NA,NA,NA
337547,1100337547,110070716,110001082,"63","6340",NA,"W",NA,7,"C",1,NA,NA,NA,NA,NA,NA
337548,1100337548,110070716,110001082,"64","6340",NA,"W",NA,6,"C",1,NA,NA,NA,NA,NA,NA
337549,1100337549,110070716,110001082,"64","6340",NA,"B",NA,1,"C",1,NA,NA,NA,NA,NA,NA
337550,1100337550,110070716,110001082,NA,"6340",NA,"B",NA,1,"D",1,NA,NA,NA,NA,NA,NA
337551,1100337551,110070717,110001082,"65","6360",NA,NA,NA,3,"C",1,NA,NA,NA,NA,NA,NA
337552,1100337552,110070717,110001082,"65","6340",NA,NA,NA,2,"C",1,NA,NA,NA,NA,NA,NA
337553,1100337553,110070717,110001082,NA,"5900","A",NA,NA,1,"2",0,NA,NA,NA,NA,NA,NA
337554,1100337554,110070717,110001082,NA,"710","A",NA,NA,1,"B",1,NA,NA,NA,NA,NA,NA
337555,1100337555,110070717,110001082,NA,"710","A",NA,NA,1,"D",1,NA,NA,NA,NA,NA,NA
337556,1100337556,110070718,110001082,"66","6340",NA,NA,NA,1,"A",1,NA,NA,NA,NA,NA,NA
337557,1100337557,110070718,110001082,"66","6360",NA,NA,NA,4,"A",1,NA,NA,NA,NA,NA,NA
337558,1100337558,110070718,110001082,NA,"6340",NA,NA,NA,8,"A",0,NA,NA,NA,NA,NA,NA
337559,1100337559,110070719,110001082,"67","6340",NA,NA,NA,5,"B",0,NA,NA,NA,NA,NA,NA
337560,1100337560,110070719,110001082,"67","6360",NA,NA,NA,4,"B",0,NA,NA,NA,NA,NA,NA
337561,1100337561,110070719,110001082,NA,"5900","A",NA,NA,1,"1",0,"Z",NA,NA,NA,NA,NA
337562,1100337562,110070719,110001082,NA,"63510",NA,NA,NA,2,"U",0,NA,NA,NA,NA,NA,NA
337563,1100337563,110070720,110001082,NA,"710","A",NA,NA,1,"C",1,NA,NA,NA,NA,NA,NA
337564,1100337564,110070720,110001082,NA,"710","A",NA,NA,1,"C",1,"DF",NA,NA,NA,NA,NA
337565,1100337565,110070721,110001082,NA,"63510",NA,NA,NA,3,"A",0,NA,NA,NA,NA,NA,NA
337566,1100337566,110070722,110001082,NA,"6360",NA,NA,NA,3,"E",0,NA,NA,NA,NA,NA,NA
337567,1100337567,110070723,110001082,NA,"6340",NA,NA,NA,2,"E",0,NA,NA,NA,NA,NA,NA
337568,1100337568,110070724,110001082,"68","6340",NA,NA,NA,3,"C",1,NA,NA,NA,NA,NA,NA
337569,1100337569,110070724,110001082,"68","5900",NA,NA,NA,1,"C",1,NA,NA,NA,NA,NA,NA
337570,1100337570,110070724,110001082,"68","6360",NA,NA,NA,9,"C",1,NA,NA,NA,NA,NA,NA
337571,1100337571,110070724,110001082,NA,"6340",NA,"W",NA,2,"A",1,NA,NA,NA,NA,NA,NA
337572,1100337572,110070724,110001082,NA,"6360",NA,NA,NA,2,"C",1,NA,NA,NA,NA,NA,NA
337573,1100337573,110070725,110001082,NA,"6340",NA,NA,NA,1,"C",1,NA,NA,NA,NA,NA,NA
337574,1100337574,110070725,110001082,NA,"6340",NA,"W",NA,1,"B",1,NA,NA,NA,NA,NA,NA
337575,1100337575,110070726,110001082,"69","6340",NA,NA,NA,17,"D",1,NA,NA,NA,NA,NA,NA
337576,1100337576,110070726,110001082,"69","5900",NA,NA,NA,1,"D",1,NA,NA,NA,NA,NA,NA
337577,1100337577,110070726,110001082,NA,"6345",NA,NA,NA,14,"E",0,NA,NA,NA,NA,NA,NA
337578,1100337578,110070726,110001082,NA,"6340",NA,NA,NA,1,"C",1,NA,NA,NA,NA,NA,NA
337579,1100337579,110070727,110001082,NA,"6360",NA,NA,NA,1,"D",1,NA,NA,NA,NA,NA,NA
337580,1100337580,110070727,110001082,NA,"63510",NA,NA,NA,1,"E",0,NA,NA,NA,NA,NA,NA
337581,1100337581,110070727,110001082,NA,"6360",NA,NA,NA,4,"C",1,NA,NA,NA,NA,NA,NA
337582,1100337582,110070728,110001082,NA,"6340",NA,NA,NA,2,"E",0,NA,NA,NA,NA,NA,NA
337583,1100337583,110070730,110001082,NA,"6340",NA,NA,NA,1,"C",1,NA,NA,NA,NA,NA,NA
337584,1100337584,110070730,110001082,NA,"63510",NA,NA,NA,2,"U",1,NA,NA,NA,NA,NA,NA
337585,1100337585,110070731,110001083,NA,"710","A",NA,NA,1,"2",0,NA,NA,NA,NA,NA,NA
337586,1100337586,110070732,110001083,NA,"6340",NA,NA,NA,2,"2",0,NA,NA,NA,NA,NA,NA
337587,1100337587,110070732,110001083,NA,"5920","2",NA,NA,1,"1",0,NA,NA,NA,NA,NA,NA
337588,1100337588,110070732,110001083,NA,"710","A",NA,NA,1,"1",1,NA,NA,NA,NA,NA,NA
337589,1100337589,110070732,110001083,NA,"710","A",NA,NA,1,"B",1,NA,NA,NA,NA,NA,NA
337590,1100337590,110070732,110001083,NA,"710","A",NA,NA,1,"2",1,NA,NA,NA,NA,NA,NA
337591,1100337591,110070732,110001083,NA,"710","A",NA,NA,1,"2",0,NA,NA,NA,NA,NA,NA
337592,1100337592,110070733,110001083,NA,"5910","A",NA,NA,1,"1",1,NA,NA,NA,NA,NA,NA
337593,1100337593,110070733,110001083,NA,"5920","3",NA,NA,1,"2",0,NA,NA,NA,NA,NA,NA
337594,1100337594,110070734,110001083,"1","5920","4",NA,NA,1,"A",1,"P~F",NA,NA,22,NA,NA
337595,1100337595,110070734,110001083,"1","5920","I",NA,NA,3,"1",0,"K",NA,NA,NA,NA,NA
337596,1100337596,110070735,110001083,NA,"5910","2",NA,NA,1,"1",0,NA,NA,NA,NA,NA,NA
337597,1100337597,110070736,110001083,"2","6340",NA,"W",NA,1,"D",1,NA,NA,NA,NA,NA,NA
337598,1100337598,110070736,110001083,"2","6340",NA,"B",NA,3,"D",1,NA,NA,NA,NA,NA,NA
337599,1100337599,110070736,110001083,"3","5920","4",NA,NA,1,"B",1,NA,NA,NA,NA,NA,NA
337600,1100337600,110070736,110001083,"3","6340",NA,"W",NA,1,"B",1,NA,NA,NA,NA,NA,NA
337601,1100337601,110070736,110001083,NA,"5910","A",NA,NA,1,"1",1,NA,NA,NA,NA,NA,NA
337602,1100337602,110070737,110001083,NA,"6340",NA,"W",NA,1,"C",1,NA,NA,NA,NA,NA,NA
337603,1100337603,110070738,110001083,NA,"6340",NA,NA,NA,1,"2",0,NA,NA,NA,NA,NA,NA
337604,1100337604,110070739,110001083,NA,"6340",NA,"W",NA,1,"C",1,NA,NA,NA,NA,NA,NA
337605,1100337605,110070739,110001083,NA,"5920","3",NA,NA,1,"1",0,NA,NA,NA,NA,NA,NA
337606,1100337606,110070740,110001083,"4","5920","2",NA,NA,1,"1",1,NA,NA,NA,NA,NA,NA
337607,1100337607,110070740,110001083,"4","5920","A",NA,NA,1,"1",1,NA,NA,NA,NA,NA,NA
337608,1100337608,110070740,110001083,"4","5910","2",NA,NA,1,"1",1,NA,NA,NA,NA,NA,NA
337609,1100337609,110070740,110001083,"5","5920","A",NA,NA,1,"C",1,NA,NA,NA,NA,NA,NA
337610,1100337610,110070740,110001083,"5","5920","2",NA,NA,1,"C",1,NA,NA,NA,NA,NA,NA
337611,1100337611,110070740,110001083,NA,"5910","A",NA,NA,2,"B",1,NA,NA,NA,NA,NA,NA
337612,1100337612,110070740,110001083,NA,"6340",NA,"B",NA,1,"B",1,NA,NA,NA,NA,NA,NA
337613,1100337613,110070741,110001083,"6","6340",NA,"W",NA,1,"B",1,NA,NA,NA,NA,NA,NA
337614,1100337614,110070741,110001083,"6","6020","A",NA,NA,1,"B",1,NA,NA,NA,NA,NA,NA
337615,1100337615,110070741,110001083,"6","6340",NA,"T",NA,1,"B",1,NA,NA,NA,NA,NA,NA
337616,1100337616,110070742,110001083,"7","5920","2",NA,NA,1,"2",1,NA,NA,NA,NA,NA,NA
337617,1100337617,110070742,110001083,"7","5920","A",NA,NA,1,"2",1,NA,NA,NA,NA,NA,NA
337618,1100337618,110070742,110001083,NA,"5920","2",NA,NA,1,"1",0,NA,NA,NA,NA,NA,NA
337619,1100337619,110070742,110001083,NA,"5920","3",NA,NA,1,"1",0,NA,NA,NA,NA,NA,NA
337620,1100337620,110070743,110001083,NA,"5920","A",NA,NA,1,"1",1,NA,NA,NA,NA,NA,NA
337621,1100337621,110070745,110001083,NA,"5920","4",NA,NA,1,"B",1,NA,NA,NA,NA,NA,NA
337622,1100337622,110070746,110001083,NA,"5920","3",NA,NA,1,"2",1,NA,NA,NA,NA,NA,NA
337623,1100337623,110070746,110001083,NA,"710","A",NA,NA,1,"2",0,NA,NA,NA,NA,NA,NA
337624,1100337624,110070746,110001083,NA,"710","A",NA,NA,1,"B",1,NA,NA,NA,NA,NA,NA
337625,1100337625,110070747,110001083,NA,"710","A",NA,NA,1,"1",0,NA,NA,NA,NA,NA,NA
337626,1100337626,110070748,110001083,"8","5900",NA,NA,NA,6,"D",1,NA,NA,NA,NA,NA,NA
337627,1100337627,110070748,110001083,"8","5927","2",NA,NA,1,"D",1,NA,NA,NA,NA,NA,NA
337628,1100337628,110070748,110001083,"8","5920",NA,NA,NA,3,"D",1,NA,NA,NA,NA,NA,NA
337629,1100337629,110070749,110001083,NA,"710","4",NA,NA,1,"2",1,NA,NA,NA,NA,NA,NA
337630,1100337630,110070752,110001083,NA,"6340",NA,"B",NA,1,"D",1,NA,NA,NA,NA,NA,NA
337631,1100337631,110070753,110001083,NA,"6340",NA,"W",NA,1,"2",0,NA,NA,NA,NA,NA,NA
337632,1100337632,110070754,110001083,NA,"5910","A",NA,NA,1,"2",0,NA,NA,NA,NA,NA,NA
337633,1100337633,110070754,110001083,NA,"5920","2",NA,NA,1,"2",1,NA,NA,NA,NA,NA,NA
337634,1100337634,110070761,110001083,NA,"5910","A",NA,NA,1,"2",0,NA,NA,NA,NA,NA,NA
337635,1100337635,110070762,110001083,NA,"6020","A",NA,NA,1,"2",1,NA,NA,NA,NA,NA,NA
337636,1100337636,110070762,110001083,NA,"5900","2",NA,NA,1,"1",0,NA,NA,NA,NA,NA,NA
337637,1100337637,110070763,110001083,NA,"710",NA,NA,NA,1,"C",1,"Y",NA,NA,NA,NA,NA
337638,1100337638,110070763,110001083,NA,"6360",NA,NA,NA,1,"D",1,NA,NA,NA,NA,NA,NA
337639,1100337639,110070763,110001083,NA,"5920","2",NA,NA,2,"D",1,NA,NA,NA,NA,NA,NA
337640,1100337640,110070763,110001083,NA,"6360",NA,NA,NA,1,"D",1,NA,NA,NA,NA,NA,NA
337641,1100337641,110070763,110001083,NA,"710","A",NA,NA,1,"D",1,"Y",NA,NA,NA,NA,NA
337642,1100337642,110070763,110001083,NA,"6340",NA,NA,NA,3,"D",1,NA,NA,NA,NA,NA,NA
337643,1100337643,110070763,110001083,NA,"6020","A",NA,NA,1,"2",0,NA,NA,NA,NA,NA,NA
337644,1100337644,110070764,110001083,"9","5920",NA,NA,NA,3,"A",1,"S~F",NA,NA,24,NA,NA
337645,1100337645,110070764,110001083,"9","5910",NA,NA,NA,2,"A",1,"S~F",NA,NA,24,NA,NA
337646,1100337646,110070764,110001083,NA,"710","A",NA,NA,1,"1",0,NA,NA,NA,NA,NA,NA
337647,1100337647,110070765,110001083,NA,"5900","3",NA,NA,1,"1",0,NA,NA,NA,NA,NA,NA
337648,1100337648,110070766,110001083,NA,"5900","3",NA,NA,1,"2",0,NA,NA,NA,NA,NA,NA
337649,1100337649,110070766,110001083,NA,"710","4",NA,NA,1,"2",1,NA,NA,NA,NA,NA,NA
337650,1100337650,110070766,110001083,NA,"5910","A",NA,NA,1,"2",1,NA,NA,NA,NA,NA,NA
337651,1100337651,110070767,110001083,"10","710",NA,NA,NA,1,"C",1,NA,NA,NA,NA,NA,NA
337652,1100337652,110070767,110001083,"10","5900",NA,NA,NA,1,"C",1,NA,NA,NA,NA,NA,NA
337653,1100337653,110070767,110001083,"10","5920",NA,NA,NA,1,"C",1,NA,NA,NA,NA,NA,NA
337654,1100337654,110070768,110001083,NA,"710","A",NA,NA,1,"B",1,"DF",NA,NA,NA,NA,NA
337655,1100337655,110070768,110001083,NA,"710","A",NA,NA,1,"D",1,NA,NA,NA,NA,NA,NA
337656,1100337656,110070768,110001083,NA,"5900","A",NA,NA,1,"1",0,NA,NA,NA,NA,NA,NA
337657,1100337657,110070769,110001083,NA,"710",NA,NA,NA,1,"D",1,NA,NA,NA,NA,NA,NA
337658,1100337658,110070769,110001083,NA,"5910","A",NA,NA,1,"2",0,NA,NA,NA,NA,NA,NA
337659,1100337659,110070770,110001083,NA,"5910","A",NA,NA,1,"2",0,NA,NA,NA,NA,NA,NA
337660,1100337660,110070770,110001083,NA,"5910","A",NA,NA,1,"1",0,NA,NA,NA,NA,NA,NA
337661,1100337661,110070770,110001083,NA,"9999",NA,NA,NA,1,"E",0,NA,NA,NA,NA,NA,"290° 2KM SEINER TOWING"
337662,1100337662,110070770,110001083,NA,"6340",NA,"W",NA,1,"B",1,NA,NA,NA,NA,NA,NA
337663,1100337663,110070771,110001083,NA,"5920","2",NA,NA,1,"1",0,NA,NA,NA,NA,NA,NA
337664,1100337664,110070771,110001083,NA,"710",NA,NA,NA,3,"D",1,NA,NA,NA,NA,NA,NA
337665,1100337665,110070771,110001083,NA,"5920","2",NA,NA,1,"2",0,NA,NA,NA,NA,NA,NA
337666,1100337666,110070771,110001083,NA,"6340",NA,NA,NA,1,"C",1,NA,NA,NA,NA,NA,NA
337667,1100337667,110070772,110001083,NA,"710",NA,NA,NA,1,"D",1,"Y",NA,NA,NA,NA,NA
337668,1100337668,110070772,110001083,NA,"710","A",NA,NA,2,"2",1,NA,NA,NA,NA,NA,NA
337669,1100337669,110070772,110001083,NA,"5910","A",NA,NA,1,"C",1,NA,NA,NA,NA,NA,NA
337670,1100337670,110070772,110001083,NA,"59",NA,NA,NA,1,"2",0,NA,NA,NA,NA,NA,NA
337671,1100337671,110070772,110001083,NA,"710","A",NA,NA,1,"B",1,NA,NA,NA,NA,NA,NA
337672,1100337672,110070772,110001083,NA,"710","A",NA,NA,1,"A",1,NA,NA,NA,NA,NA,NA
337673,1100337673,110070773,110001083,NA,"5910","4",NA,NA,1,"1",0,NA,NA,NA,NA,NA,NA
337674,1100337674,110070773,110001083,NA,"6340",NA,NA,NA,2,"2",0,NA,NA,NA,NA,NA,NA
337675,1100337675,110070773,110001083,NA,"5910","A",NA,NA,1,"2",1,NA,NA,NA,NA,NA,NA
337676,1100337676,110070774,110001083,NA,"5780","A",NA,NA,6,"B",1,"DF",NA,NA,NA,NA,NA
337677,1100337677,110070774,110001083,NA,"5910","A",NA,NA,1,"1",0,NA,NA,NA,NA,NA,NA
337678,1100337678,110070776,110001083,NA,"710","A",NA,NA,1,"B",1,NA,NA,NA,NA,NA,NA
337679,1100337679,110070779,110001083,NA,"6340",NA,NA,NA,1,"2",0,NA,NA,NA,NA,NA,NA
337680,1100337680,110070781,110001083,NA,"59",NA,NA,NA,1,"3",0,NA,NA,NA,NA,NA,NA
337681,1100337681,110070783,110001083,NA,"5910","A",NA,NA,1,"1",0,NA,NA,NA,NA,NA,NA
337682,1100337682,110070784,110001083,NA,"59",NA,NA,NA,1,"2",0,NA,NA,NA,NA,NA,NA
337683,1100337683,110070786,110001083,NA,"20",NA,NA,NA,1,"D",1,"DF",NA,NA,NA,NA,NA
337684,1100337684,110070787,110001083,"11","5920","4",NA,NA,1,"2",0,NA,NA,NA,NA,NA,NA
337685,1100337685,110070787,110001083,"11","5920","3",NA,NA,1,"2",0,NA,NA,NA,NA,NA,NA
337686,1100337686,110070788,110001083,NA,"5920","4",NA,NA,1,"2",0,NA,NA,NA,NA,NA,NA
337687,1100337687,110070788,110001083,NA,"5920","2",NA,NA,1,"1",0,NA,NA,NA,NA,NA,NA
337688,1100337688,110070789,110001083,NA,"720",NA,NA,NA,1,"2",0,NA,NA,NA,NA,NA,NA
337689,1100337689,110070790,110001083,NA,"6340",NA,"W",NA,1,"D",1,NA,NA,NA,NA,NA,NA
337690,1100337690,110070790,110001083,NA,"5920","4",NA,NA,1,"2",0,NA,NA,NA,NA,NA,NA
337691,1100337691,110070792,110001083,NA,"720",NA,NA,NA,1,"2",0,NA,NA,NA,NA,NA,NA
337692,1100337692,110070792,110001083,NA,"6110","A",NA,NA,1,"2",0,NA,NA,NA,NA,NA,NA
337693,1100337693,110070793,110001083,NA,"20",NA,NA,NA,1,"2",0,NA,NA,NA,NA,NA,NA
337694,1100337694,110070794,110001083,NA,"6340",NA,"W",NA,1,"B",1,NA,NA,NA,NA,NA,NA
337695,1100337695,110070797,110001083,NA,"6340",NA,"T",NA,1,"C",1,NA,NA,NA,NA,NA,NA
337696,1100337696,110070798,110001083,NA,"5910","A",NA,NA,1,"2",0,NA,NA,NA,NA,NA,NA
337697,1100337697,110070799,110001083,NA,"5910","A",NA,NA,1,"2",0,NA,NA,NA,NA,NA,NA
337698,1100337698,110070800,110001083,NA,"6340",NA,"W",NA,1,"2",0,NA,NA,NA,NA,NA,NA
337699,1100337699,110070801,110001083,NA,"20",NA,NA,NA,1,"2",0,NA,NA,NA,NA,NA,NA
337700,1100337700,110070801,110001083,NA,"5920","2",NA,NA,1,"1",0,NA,NA,NA,NA,NA,NA
337701,1100337701,110070803,110001083,NA,"5910","A",NA,NA,1,"1",0,NA,NA,NA,NA,NA,NA
337702,1100337702,110070803,110001083,NA,"2130",NA,NA,NA,10,"E",0,NA,NA,NA,NA,NA,NA
337703,1100337703,110070807,110001083,NA,"720",NA,NA,NA,1,"2",0,NA,NA,NA,NA,NA,NA
337704,1100337704,110070807,110001083,NA,"5920","3",NA,NA,1,"1",0,NA,NA,NA,NA,NA,NA
337705,1100337705,110070807,110001083,NA,"710","A",NA,NA,1,"2",0,NA,NA,NA,NA,NA,NA
337706,1100337706,110070809,110001083,NA,"100","A","B",NA,1,"C",1,NA,NA,NA,NA,NA,NA
337707,1100337707,110070809,110001083,NA,"5920","4",NA,NA,1,"2",0,NA,NA,NA,NA,NA,NA
337708,1100337708,110070810,110001083,NA,"20",NA,NA,NA,1,"C",1,"DF",NA,NA,NA,NA,NA
337709,1100337709,110070811,110001083,NA,"6360",NA,NA,NA,1,"2",0,NA,NA,NA,NA,NA,NA
337710,1100337710,110070811,110001083,NA,"5910","A",NA,NA,1,"D",1,NA,NA,NA,NA,NA,NA
337711,1100337711,110070812,110001083,NA,"720","A","B",NA,1,"2",0,NA,NA,NA,NA,NA,NA
337712,1100337712,110070812,110001083,NA,"5920","4",NA,NA,1,"2",0,NA,NA,NA,NA,NA,NA
337713,1100337713,110070813,110001083,NA,"720",NA,NA,NA,1,"2",0,NA,NA,NA,NA,NA,NA
337714,1100337714,110070813,110001083,NA,"720",NA,NA,NA,1,"2",0,NA,NA,NA,NA,NA,NA
337715,1100337715,110070814,110001083,NA,"720",NA,NA,NA,2,"E",0,NA,"B",NA,NA,NA,NA
337716,1100337716,110070814,110001083,NA,"5920","2",NA,NA,1,"2",1,NA,NA,NA,NA,NA,NA
337717,1100337717,110070814,110001083,NA,"2130",NA,NA,NA,7,"2",0,NA,NA,NA,NA,NA,NA
337718,1100337718,110070816,110001083,"12","2130",NA,NA,"M",5,"C",1,"DF",NA,NA,NA,NA,NA
337719,1100337719,110070816,110001083,"12","2130",NA,NA,"F",1,"C",1,"DF",NA,NA,NA,NA,NA
337720,1100337720,110070816,110001083,NA,"6360",NA,"W",NA,1,"C",1,NA,NA,NA,NA,NA,NA
337721,1100337721,110070817,110001083,NA,"5900","2",NA,NA,1,"1",0,NA,NA,NA,NA,NA,NA
337722,1100337722,110070817,110001083,NA,"6340",NA,"W",NA,1,"B",1,NA,NA,NA,NA,NA,NA
337723,1100337723,110070818,110001083,NA,"720",NA,NA,NA,4,"D",1,NA,NA,NA,NA,NA,NA
337724,1100337724,110070818,110001083,NA,"720",NA,NA,NA,1,"2",0,NA,NA,NA,NA,NA,NA
337725,1100337725,110070818,110001083,NA,"5910","A",NA,NA,1,"2",1,NA,NA,NA,NA,NA,NA
337726,1100337726,110070818,110001083,NA,"2130",NA,NA,NA,2,"2",0,NA,NA,NA,NA,NA,NA
337727,1100337727,110070820,110001083,"13","5920","A",NA,NA,1,"2",1,NA,NA,NA,NA,NA,NA
337728,1100337728,110070820,110001083,"13","5920","2",NA,NA,2,"2",1,NA,NA,NA,NA,NA,NA
337729,1100337729,110070821,110001083,NA,"5920","2",NA,NA,1,"2",1,NA,NA,NA,NA,NA,NA
337730,1100337730,110070823,110001083,NA,"20","A",NA,NA,1,"B",1,"DF",NA,NA,NA,NA,NA
337731,1100337731,110070824,110001083,"14","5920","2",NA,NA,2,"2",1,NA,NA,NA,NA,NA,NA
337732,1100337732,110070824,110001083,"14","5920","5",NA,NA,1,"2",1,NA,NA,NA,NA,NA,NA
337733,1100337733,110070824,110001083,NA,"5910","A",NA,NA,1,"2",0,NA,NA,NA,NA,NA,NA
337734,1100337734,110070825,110001083,NA,"5910","A",NA,NA,1,"2",0,NA,NA,NA,NA,NA,NA
337735,1100337735,110070826,110001083,NA,"2130",NA,NA,NA,8,"2",0,NA,NA,NA,NA,NA,NA
337736,1100337736,110070827,110001083,NA,"20",NA,NA,NA,1,"A",0,"DF",NA,NA,NA,NA,NA
337737,1100337737,110070827,110001083,NA,"5900","A",NA,NA,1,"2",0,NA,NA,NA,NA,NA,NA
337738,1100337738,110070827,110001083,NA,"5910","A",NA,NA,5,"1",0,NA,NA,NA,NA,NA,NA
337739,1100337739,110070827,110001083,NA,"20",NA,NA,NA,1,"A",1,"DF",NA,NA,NA,NA,NA
337740,1100337740,110070827,110001083,NA,"20",NA,NA,NA,1,"U",1,"DF",NA,NA,NA,NA,NA
337741,1100337741,110070828,110001083,NA,"710",NA,NA,NA,5,"E",0,NA,NA,NA,NA,NA,NA
337742,1100337742,110070828,110001083,NA,"6360",NA,NA,NA,3,"C",1,"DY",NA,NA,NA,NA,NA
337743,1100337743,110070830,110001083,NA,"5920","A",NA,NA,1,"2",0,NA,NA,NA,NA,NA,NA
337744,1100337744,110070830,110001083,NA,"5910","A",NA,NA,1,"1",0,NA,NA,NA,NA,NA,NA
337745,1100337745,110070831,110001083,NA,"5920","2",NA,NA,1,"2",0,NA,NA,NA,NA,NA,NA
337746,1100337746,110070833,110001083,NA,"6340",NA,"W",NA,1,"B",1,NA,NA,NA,NA,NA,NA
337747,1100337747,110070834,110001083,NA,"710",NA,NA,NA,2,"E",0,NA,NA,NA,NA,NA,NA
337748,1100337748,110070834,110001083,NA,"5910","A",NA,NA,1,"1",0,NA,NA,NA,NA,NA,NA
337749,1100337749,110070836,110001083,"15","5920","3",NA,NA,3,"2",1,NA,NA,NA,NA,NA,NA
337750,1100337750,110070836,110001083,"15","5920","4",NA,NA,1,"2",1,NA,NA,NA,NA,NA,NA
337751,1100337751,110070836,110001083,"16","5920","3",NA,NA,1,"C",1,NA,NA,NA,NA,NA,NA
337752,1100337752,110070836,110001083,"16","5920","2",NA,NA,1,"C",1,NA,NA,NA,NA,NA,NA
337753,1100337753,110070836,110001083,"16","5910","A",NA,NA,3,"C",1,NA,NA,NA,NA,NA,NA
337754,1100337754,110070836,110001083,NA,"5920","4",NA,NA,1,"1",0,NA,NA,NA,NA,NA,NA
337755,1100337755,110070836,110001083,NA,"9999",NA,NA,NA,1,"E",0,NA,NA,NA,NA,NA,"90° 1KM O23 TOWING"
337756,1100337756,110070837,110001083,NA,"6000","I",NA,NA,1,"2",0,NA,NA,NA,NA,NA,NA
337757,1100337757,110070838,110001083,NA,"6110","A",NA,NA,1,"1",0,NA,NA,NA,NA,NA,NA
337758,1100337758,110070838,110001083,NA,"5900","2",NA,NA,1,"2",1,NA,NA,NA,NA,NA,NA
337759,1100337759,110070838,110001083,NA,"5910","3",NA,NA,1,"1",0,NA,NA,NA,NA,NA,NA
337760,1100337760,110070840,110001083,NA,"5920","2",NA,NA,1,"1",1,NA,NA,NA,NA,NA,NA
337761,1100337761,110070841,110001083,"17","5920","I",NA,NA,4,"1",0,NA,NA,NA,NA,NA,NA
337762,1100337762,110070841,110001083,"17","6000","I",NA,NA,1,"1",0,NA,NA,NA,NA,NA,NA
337763,1100337763,110070841,110001083,NA,"5910","A",NA,NA,1,"2",0,NA,NA,NA,NA,NA,NA
337764,1100337764,110070841,110001083,NA,"15820",NA,NA,NA,1,"1",0,NA,"E",NA,NA,NA,NA
337765,1100337765,110070843,110001083,"18","5920","A",NA,NA,1,"1",0,NA,NA,NA,NA,NA,NA
337766,1100337766,110070843,110001083,"18","5920","2",NA,NA,1,"1",0,NA,NA,NA,NA,NA,NA
337767,1100337767,110070843,110001083,NA,"5920","2",NA,NA,1,"2",0,NA,NA,NA,NA,NA,NA
337768,1100337768,110070843,110001083,NA,"5900","3",NA,NA,1,"2",0,NA,NA,NA,NA,NA,NA
337769,1100337769,110070843,110001083,NA,"5910","A",NA,NA,1,"2",0,NA,NA,NA,NA,NA,NA
337770,1100337770,110070845,110001083,NA,"5920","3",NA,NA,1,"1",0,NA,NA,NA,NA,NA,NA
337771,1100337771,110070847,110001083,NA,"20",NA,NA,NA,1,"A",1,"DF",NA,NA,NA,NA,NA
337772,1100337772,110070848,110001083,NA,"5920","4",NA,NA,1,"2",0,NA,NA,NA,NA,NA,NA
337773,1100337773,110070849,110001083,NA,"5920","2",NA,NA,2,"1",0,NA,NA,NA,NA,NA,NA
337774,1100337774,110070850,110001083,NA,"5900","3",NA,NA,1,"2",0,NA,NA,NA,NA,NA,NA
337775,1100337775,110070852,110001083,NA,"5920","2",NA,NA,1,"1",0,NA,NA,NA,NA,NA,NA
337776,1100337776,110070856,110001083,NA,"5910","A",NA,NA,1,"1",0,NA,NA,NA,NA,NA,NA
337777,1100337777,110070858,110001083,NA,"5910","A",NA,NA,1,"2",0,NA,NA,NA,NA,NA,NA
337778,1100337778,110070859,110001083,NA,"5910","A",NA,NA,1,"2",0,NA,NA,NA,NA,NA,NA
337779,1100337779,110070859,110001083,NA,"5910","3",NA,NA,1,"2",0,NA,NA,NA,NA,NA,NA
337780,1100337780,110070860,110001083,"19","2130",NA,NA,"M",1,"2",1,NA,NA,NA,NA,NA,NA
337781,1100337781,110070860,110001083,"19","2130",NA,NA,"F",1,"2",1,NA,NA,NA,NA,NA,NA
337782,1100337782,110070860,110001083,"20","2130",NA,NA,"M",2,"2",0,NA,NA,NA,NA,NA,NA
337783,1100337783,110070860,110001083,"20","2130",NA,NA,"F",1,"2",0,NA,NA,NA,NA,NA,NA
337784,1100337784,110070860,110001083,NA,"2130",NA,NA,NA,8,"2",0,NA,NA,NA,NA,NA,NA
337785,1100337785,110070860,110001083,NA,"5910",NA,NA,NA,1,"2",1,NA,NA,NA,NA,NA,NA
337786,1100337786,110070861,110001083,NA,"2130",NA,NA,NA,2,"2",0,NA,NA,NA,NA,NA,NA
337787,1100337787,110070864,110001083,NA,"2130",NA,NA,NA,2,"E",0,NA,NA,NA,NA,NA,NA
337788,1100337788,110070864,110001083,NA,"5910","A",NA,NA,2,"E",0,NA,NA,NA,NA,NA,NA
337789,1100337789,110070864,110001083,NA,"2130",NA,NA,NA,15,"U",0,"DF",NA,NA,NA,NA,NA
337790,1100337790,110070865,110001083,NA,"6000","I",NA,NA,1,"2",0,NA,NA,NA,NA,NA,NA
337791,1100337791,110070865,110001083,NA,"2130",NA,NA,NA,4,"2",0,NA,NA,NA,NA,NA,NA
337792,1100337792,110070865,110001083,NA,"5900","2",NA,NA,1,"2",0,NA,NA,NA,NA,NA,NA
337793,1100337793,110070865,110001083,NA,"5900","2",NA,NA,1,"A",1,NA,NA,NA,NA,NA,NA
337794,1100337794,110070865,110001083,NA,"5920","2",NA,NA,1,"1",0,NA,NA,NA,NA,NA,NA
337795,1100337795,110070865,110001083,NA,"2130",NA,NA,NA,8,"2",1,NA,NA,NA,NA,NA,NA
337796,1100337796,110070865,110001083,NA,"5920","2",NA,NA,1,"2",0,NA,NA,NA,NA,NA,NA
