"FI	202	BE															"
"EC	110001074	Public	2024-03-29	2024-03-29													"
"EC	110001075	Public	2024-04-26	2024-04-26													"
"EC	110001076	Public	2024-05-24	2024-05-24													"
"EC	110001077	Public	2024-07-25	2024-07-25													"
"EC	110001078	Public	2024-09-30	2024-09-30													"
"EC	110001079	Public	2024-10-25	2024-10-25													"
"EC	110001080	Public	2024-12-16	2024-12-16													"
"ES	110001074	110001074	2024-03-29	11SS	30			300	1	TRUE	1	0|50|100|200|300	3				"
"ES	110001075	110001075	2024-04-26	11SS	30			300	1	TRUE	1	0|50|100|200|300	3				"
"ES	110001076	110001076	2024-05-24	11SS	30			300	1	TRUE	1	0|50|100|200|300	3				"
"ES	110001077	110001077	2024-07-25	11SS	30			300	1	TRUE	1	0|50|100|200|300	3				"
"ES	110001078	110001078	2024-09-30	11SS	30			300	1	TRUE	1	0|50|100|200|300	3				"
"ES	110001079	110001079	2024-10-25	11SS	30			300	1	TRUE	1	0|50|100|200|300	3				"
"ES	110001080	110001080	2024-12-16	11SS	30			300	1	TRUE	1	0|50|100|200|300	3				"
"EP	110001074	110068891	08:00:00	51.2429	2.9072	0.473	0.1419	 4	D	none				0			"
"EP	110001074	110068892	08:10:00	51.2387	2.8968	0.659	0.1977	 4	D	none				0			"
"EP	110001074	110068893	08:12:00	51.2357	2.8885	0.681	0.2043	 4	D	none				0			"
"EP	110001074	110068894	08:14:00	51.2327	2.8800	0.683	0.2049	 4	D	none				0			"
"EP	110001074	110068895	08:16:00	51.2299	2.8713	0.683	0.2049	 4	D	none				0			"
"EP	110001074	110068896	08:18:00	51.2271	2.8625	0.684	0.2052	 4	D	none				0			"
"EP	110001074	110068897	08:20:00	51.2243	2.8538	0.682	0.2046	 4	D	none				0			"
"EP	110001074	110068898	08:22:00	51.2215	2.8451	0.683	0.2049	 4	D	none				0			"
"EP	110001074	110068899	08:24:00	51.2184	2.8366	0.685	0.2055	 4	D	none				0			"
"EP	110001074	110068900	08:26:00	51.2153	2.8281	0.686	0.2058	 4	D	none				0			"
"EP	110001074	110068901	08:28:00	51.2122	2.8197	0.687	0.2061	 4	D	none				0			"
"EP	110001074	110068902	08:30:00	51.2090	2.8112	0.687	0.2061	 4	D	none				0			"
"EP	110001074	110068903	08:32:00	51.2059	2.8027	0.689	0.2067	 4	D	none				0			"
"EP	110001074	110068904	08:34:00	51.2030	2.7940	0.689	0.2067	 4	D	none				0			"
"EP	110001074	110068905	08:36:00	51.2004	2.7850	0.690	0.2070	 4	D	none				0			"
"EP	110001074	110068906	08:38:00	51.1986	2.7756	0.690	0.2070	 4	D	none				0			"
"EP	110001074	110068907	08:40:00	51.1977	2.7658	0.690	0.2070	 4	D	none				0			"
"EP	110001074	110068908	08:42:00	51.1973	2.7560	0.685	0.2055	 4	D	none				0			"
"EP	110001074	110068909	08:44:00	51.1971	2.7463	0.675	0.2025	 4	D	none				0			"
"EP	110001074	110068910	08:46:00	51.1969	2.7367	0.658	0.1974	 5	D	none				0			"
"EP	110001074	110068911	08:48:00	51.1966	2.7274	0.644	0.1932	 5	D	none				0			"
"EP	110001074	110068912	08:50:00	51.1961	2.7182	0.647	0.1941	 5	D	none				0			"
"EP	110001074	110068913	08:52:00	51.1950	2.7091	0.646	0.1938	 5	D	none				0			"
"EP	110001074	110068914	08:54:00	51.1929	2.7005	0.654	0.1962	 5	D	none				0			"
"EP	110001074	110068915	08:56:00	51.1899	2.6924	0.660	0.1980	 5	D	none				0			"
"EP	110001074	110068916	08:58:00	51.1863	2.6847	0.669	0.2007	 5	D	none				0			"
"EP	110001074	110068917	09:00:00	51.1824	2.6774	0.673	0.2019	 5	D	none				0			"
"EP	110001074	110068918	09:02:00	51.1780	2.6709	0.670	0.2010	 5	D	none				0			"
"EP	110001074	110068919	09:04:00	51.1732	2.6652	0.669	0.2007	 5	D	none				0			"
"EP	110001074	110068920	09:06:00	51.1682	2.6599	0.667	0.2001	 5	D	none				0			"
"EP	110001074	110068921	09:08:00	51.1635	2.6540	0.662	0.1986	 5	D	none				0			"
"EP	110001074	110068922	09:10:00	51.1595	2.6471	0.661	0.1983	 5	D	none				0			"
"EP	110001074	110068923	09:12:00	51.1566	2.6388	0.664	0.1992	 5	D	none				0			"
"EP	110001074	110068924	09:14:00	51.1545	2.6299	0.665	0.1995	 5	D	none				0			"
"EP	110001074	110068925	09:16:00	51.1536	2.6230	0.333	0.0999	 5	D	none				0			"
"EP	110001074	110068926	09:17:00	51.1534	2.6158	0.671	0.2013	 5	D	none				0			"
"EP	110001074	110068927	09:19:00	51.1532	2.6061	0.687	0.2061	 5	D	none				0			"
"EP	110001074	110068928	09:21:00	51.1530	2.5962	0.692	0.2076	 5	D	none				0			"
"EP	110001074	110068929	09:23:00	51.1528	2.5863	0.688	0.2064	 5	D	none				0			"
"EP	110001074	110068930	09:25:00	51.1527	2.5790	0.343	0.1029	 5	D	none				0			"
"EP	110001074	110068931	09:26:00	51.1543	2.5761	0.385	0.1155	 5	D	none				0			"
"EP	110001074	110068932	09:28:00	51.1582	2.5778	0.557	0.1671	 5	D	none				0			"
"EP	110001074	110068933	09:30:00	51.1625	2.5819	0.559	0.1677	 5	D	none				0			"
"EP	110001074	110068934	09:32:00	51.1668	2.5861	0.565	0.1695	 5	D	none				0			"
"EP	110001074	110068935	09:34:00	51.1711	2.5905	0.561	0.1683	 5	D	none				0			"
"EP	110001074	110068936	09:36:00	51.1753	2.5946	0.551	0.1653	 5	D	none				0			"
"EP	110001074	110068937	09:38:00	51.1796	2.5987	0.566	0.1698	 5	D	none				0			"
"EP	110001074	110068938	09:40:00	51.1840	2.6028	0.570	0.1710	 5	D	none				0			"
"EP	110001074	110068939	09:42:00	51.1885	2.6069	0.571	0.1713	 5	D	none				0			"
"EP	110001074	110068940	09:44:00	51.1929	2.6109	0.569	0.1707	 5	D	none				0			"
"EP	110001074	110068941	09:46:00	51.1974	2.6150	0.571	0.1713	 5	D	none				0			"
"EP	110001074	110068942	09:48:00	51.2018	2.6190	0.570	0.1710	 5	D	none				0			"
"EP	110001074	110068943	09:50:00	51.2063	2.6231	0.569	0.1707	 5	D	none				0			"
"EP	110001074	110068944	09:52:00	51.2107	2.6272	0.567	0.1701	 5	D	none				0			"
"EP	110001074	110068945	09:54:00	51.2150	2.6315	0.571	0.1713	 5	D	none				0			"
"EP	110001074	110068946	09:56:00	51.2194	2.6357	0.574	0.1722	 5	D	none				0			"
"EP	110001074	110068947	09:58:00	51.2238	2.6400	0.575	0.1725	 5	D	none				0			"
"EP	110001074	110068948	10:00:00	51.2282	2.6443	0.576	0.1728	 5	D	none				0			"
"EP	110001074	110068949	10:02:00	51.2317	2.6468	0.285	0.0855	 5	D	none				0			"
"EP	110001074	110068950	10:03:00	51.2337	2.6432	0.570	0.1710	 5	D	none				0			"
"EP	110001074	110068951	10:05:00	51.2333	2.6345	0.713	0.2139	 5	D	none				0			"
"EP	110001074	110068952	10:07:00	51.2310	2.6249	0.718	0.2154	 5	D	none				0			"
"EP	110001074	110068953	10:09:00	51.2288	2.6152	0.718	0.2154	 5	D	none				0			"
"EP	110001074	110068954	10:11:00	51.2265	2.6056	0.719	0.2157	 5	D	none				0			"
"EP	110001074	110068955	10:13:00	51.2242	2.5959	0.721	0.2163	 5	D	none				0			"
"EP	110001074	110068956	10:15:00	51.2218	2.5864	0.717	0.2151	 5	D	none				0			"
"EP	110001074	110068957	10:17:00	51.2193	2.5770	0.711	0.2133	 5	D	none				0			"
"EP	110001074	110068958	10:19:00	51.2168	2.5676	0.710	0.2130	 5	D	none				0			"
"EP	110001074	110068959	10:21:00	51.2142	2.5583	0.705	0.2115	 5	D	none				0			"
"EP	110001074	110068960	10:23:00	51.2116	2.5491	0.702	0.2106	 5	D	none				0			"
"EP	110001074	110068961	10:25:00	51.2090	2.5399	0.709	0.2127	 5	D	none				0			"
"EP	110001074	110068962	10:27:00	51.2063	2.5307	0.717	0.2151	 5	D	none				0			"
"EP	110001074	110068963	10:29:00	51.2034	2.5214	0.722	0.2166	 5	D	none				0			"
"EP	110001074	110068964	10:31:00	51.2006	2.5121	0.722	0.2166	 5	D	none				0			"
"EP	110001074	110068965	10:33:00	51.1977	2.5028	0.723	0.2169	 5	D	none				0			"
"EP	110001074	110068966	10:35:00	51.1949	2.4934	0.726	0.2178	 5	D	none				0			"
"EP	110001074	110068967	10:37:00	51.1924	2.4838	0.725	0.2175	 5	D	none				0			"
"EP	110001074	110068968	10:39:00	51.1906	2.4740	0.711	0.2133	 5	D	none				0			"
"EP	110001074	110068969	10:41:00	51.1901	2.4666	0.344	0.1032	 5	D	none				0			"
"EP	110001074	110068970	10:42:00	51.1926	2.4613	0.630	0.1890	 5	D	none				0			"
"EP	110001074	110068971	10:44:00	51.1971	2.4561	0.617	0.1851	 5	D	none				0			"
"EP	110001074	110068972	10:46:00	51.2007	2.4527	0.309	0.0927	 5	D	none				0			"
"EP	110001074	110068973	10:47:00	51.2041	2.4536	0.577	0.1731	 5	D	none				0			"
"EP	110001074	110068974	10:49:00	51.2086	2.4581	0.604	0.1812	 5	D	none				0			"
"EP	110001074	110068975	10:51:00	51.2132	2.4629	0.611	0.1833	 5	D	none				0			"
"EP	110001074	110068976	10:53:00	51.2177	2.4677	0.609	0.1827	 5	D	none				0			"
"EP	110001074	110068977	10:55:00	51.2223	2.4726	0.609	0.1827	 5	D	none				0			"
"EP	110001074	110068978	10:57:00	51.2268	2.4776	0.610	0.1830	 5	D	none				0			"
"EP	110001074	110068979	10:59:00	51.2312	2.4827	0.606	0.1818	 5	D	none				0			"
"EP	110001074	110068980	11:01:00	51.2356	2.4878	0.607	0.1821	 5	D	none				0			"
"EP	110001074	110068981	11:03:00	51.2400	2.4929	0.604	0.1812	 5	D	none				0			"
"EP	110001074	110068982	11:05:00	51.2444	2.4980	0.601	0.1803	 5	D	none				0			"
"EP	110001074	110068983	11:07:00	51.2488	2.5030	0.600	0.1800	 5	D	none				0			"
"EP	110001074	110068984	11:09:00	51.2531	2.5080	0.596	0.1788	 5	D	none				0			"
"EP	110001074	110068985	11:11:00	51.2575	2.5131	0.597	0.1791	 5	D	none				0			"
"EP	110001074	110068986	11:13:00	51.2618	2.5182	0.605	0.1815	 5	D	none				0			"
"EP	110001074	110068987	11:15:00	51.2661	2.5234	0.602	0.1806	 5	D	none				0			"
"EP	110001074	110068988	11:17:00	51.2705	2.5285	0.598	0.1794	 5	D	none				0			"
"EP	110001074	110068989	11:19:00	51.2748	2.5336	0.600	0.1800	 5	D	none				0			"
"EP	110001074	110068990	11:21:00	51.2791	2.5387	0.597	0.1791	 5	D	none				0			"
"EP	110001074	110068991	11:23:00	51.2835	2.5438	0.596	0.1788	 5	D	none				0			"
"EP	110001074	110068992	11:25:00	51.2877	2.5489	0.593	0.1779	 5	D	none				0			"
"EP	110001074	110068993	11:27:00	51.2911	2.5553	0.597	0.1791	 5	D	none				0			"
"EP	110001074	110068994	11:29:00	51.2937	2.5628	0.604	0.1812	 5	D	none				0			"
"EP	110001074	110068995	11:31:00	51.2962	2.5705	0.603	0.1809	 5	D	none				0			"
"EP	110001074	110068996	11:33:00	51.2987	2.5783	0.604	0.1812	 5	D	none				0			"
"EP	110001074	110068997	11:35:00	51.3010	2.5861	0.609	0.1827	 5	D	none				0			"
"EP	110001074	110068998	11:37:00	51.3034	2.5940	0.608	0.1824	 5	D	none				0			"
"EP	110001074	110068999	11:39:00	51.3058	2.6019	0.610	0.1830	 5	D	none				0			"
"EP	110001074	110069000	11:41:00	51.3081	2.6099	0.617	0.1851	 5	D	none				0			"
"EP	110001074	110069001	11:43:00	51.3105	2.6179	0.616	0.1848	 5	D	none				0			"
"EP	110001074	110069002	11:45:00	51.3128	2.6259	0.616	0.1848	 5	D	none				0			"
"EP	110001074	110069003	11:47:00	51.3151	2.6339	0.612	0.1836	 5	D	none				0			"
"EP	110001074	110069004	11:49:00	51.3168	2.6400	0.309	0.0927	 5	D	none				0			"
"EP	110001074	110069005	11:59:00	51.3217	2.6368	0.653	0.1959	 5	D	none				0			"
"EP	110001074	110069006	12:01:00	51.3234	2.6279	0.647	0.1941	 5	D	none				0			"
"EP	110001074	110069007	12:03:00	51.3250	2.6189	0.645	0.1935	 5	D	none				0			"
"EP	110001074	110069008	12:05:00	51.3266	2.6100	0.643	0.1929	 5	D	none				0			"
"EP	110001074	110069009	12:07:00	51.3282	2.6012	0.643	0.1929	 5	D	none				0			"
"EP	110001074	110069010	12:09:00	51.3299	2.5923	0.640	0.1920	 5	D	none				0			"
"EP	110001074	110069011	12:11:00	51.3315	2.5835	0.637	0.1911	 5	D	none				0			"
"EP	110001074	110069012	12:13:00	51.3332	2.5747	0.649	0.1947	 5	D	none				0			"
"EP	110001074	110069013	12:15:00	51.3350	2.5657	0.658	0.1974	 5	D	none				0			"
"EP	110001074	110069014	12:17:00	51.3366	2.5566	0.660	0.1980	 5	D	none				0			"
"EP	110001074	110069015	12:19:00	51.3381	2.5481	0.581	0.1743	 5	D	none				0			"
"EP	110001074	110069016	12:21:00	51.3397	2.5397	0.633	0.1899	 5	D	none				0			"
"EP	110001074	110069017	12:23:00	51.3411	2.5309	0.628	0.1884	 5	D	none				0			"
"EP	110001074	110069018	12:25:00	51.3423	2.5223	0.601	0.1803	 5	D	none				0			"
"EP	110001074	110069019	12:27:00	51.3435	2.5140	0.583	0.1749	 5	D	none				0			"
"EP	110001074	110069020	12:29:00	51.3448	2.5057	0.611	0.1833	 5	D	none				0			"
"EP	110001074	110069021	12:31:00	51.3463	2.4971	0.622	0.1866	 5	D	none				0			"
"EP	110001074	110069022	12:33:00	51.3477	2.4885	0.619	0.1857	 5	D	none				0			"
"EP	110001074	110069023	12:35:00	51.3490	2.4798	0.616	0.1848	 5	D	none				0			"
"EP	110001074	110069024	12:37:00	51.3502	2.4712	0.620	0.1860	 5	D	none				0			"
"EP	110001074	110069025	12:39:00	51.3513	2.4624	0.620	0.1860	 5	D	none				0			"
"EP	110001074	110069026	12:41:00	51.3522	2.4537	0.611	0.1833	 5	D	none				0			"
"EP	110001074	110069027	12:43:00	51.3532	2.4451	0.597	0.1791	 5	D	none				0			"
"EP	110001074	110069028	12:45:00	51.3541	2.4367	0.601	0.1803	 5	D	none				0			"
"EP	110001074	110069029	12:47:00	51.3551	2.4282	0.599	0.1797	 5	D	none				0			"
"EP	110001074	110069030	12:49:00	51.3562	2.4198	0.593	0.1779	 5	D	none				0			"
"EP	110001074	110069031	12:51:00	51.3573	2.4116	0.576	0.1728	 5	D	none				0			"
"EP	110001074	110069032	12:53:00	51.3593	2.4050	0.475	0.1425	 5	D	none				0			"
"EP	110001074	110069033	12:55:00	51.3637	2.4036	0.685	0.2055	 5	D	none				0			"
"EP	110001074	110069034	12:57:00	51.3693	2.4031	0.651	0.1953	 5	D	none				0			"
"EP	110001074	110069035	12:59:00	51.3745	2.3988	0.652	0.1956	 5	D	none				0			"
"EP	110001074	110069036	13:01:00	51.3795	2.3938	0.654	0.1962	 5	D	none				0			"
"EP	110001074	110069037	13:03:00	51.3844	2.3887	0.653	0.1959	 5	D	none				0			"
"EP	110001074	110069038	13:05:00	51.3893	2.3835	0.649	0.1947	 5	D	none				0			"
"EP	110001074	110069039	13:07:00	51.3941	2.3783	0.642	0.1926	 5	D	none				0			"
"EP	110001074	110069040	13:09:00	51.3988	2.3729	0.647	0.1941	 5	D	none				0			"
"EP	110001074	110069041	13:11:00	51.4036	2.3676	0.656	0.1968	 5	D	none				0			"
"EP	110001074	110069042	13:13:00	51.4074	2.3643	0.316	0.0948	 5	D	none				0			"
"EP	110001074	110069043	13:14:00	51.4116	2.3661	0.730	0.2190	 5	D	none				0			"
"EP	110001074	110069044	13:16:00	51.4175	2.3711	0.745	0.2235	 5	D	none				0			"
"EP	110001074	110069045	13:18:00	51.4234	2.3760	0.741	0.2223	 5	D	none				0			"
"EP	110001074	110069046	13:20:00	51.4293	2.3810	0.737	0.2211	 5	D	none				0			"
"EP	110001074	110069047	13:22:00	51.4352	2.3859	0.742	0.2226	 5	D	none				0			"
"EP	110001074	110069048	13:24:00	51.4411	2.3910	0.741	0.2223	 5	D	none				0			"
"EP	110001074	110069049	13:26:00	51.4469	2.3961	0.736	0.2208	 5	D	none				0			"
"EP	110001074	110069050	13:28:00	51.4515	2.4033	0.751	0.2253	 5	D	none				0			"
"EP	110001074	110069051	13:30:00	51.4550	2.4126	0.744	0.2232	 5	D	none				0			"
"EP	110001074	110069052	13:32:00	51.4570	2.4224	0.720	0.2160	 5	D	none				0			"
"EP	110001074	110069053	13:34:00	51.4576	2.4328	0.730	0.2190	 5	D	none				0			"
"EP	110001074	110069054	13:36:00	51.4581	2.4434	0.743	0.2229	 5	D	none				0			"
"EP	110001074	110069055	13:38:00	51.4585	2.4541	0.748	0.2244	 5	D	none				0			"
"EP	110001074	110069056	13:40:00	51.4590	2.4648	0.732	0.2196	 5	D	none				0			"
"EP	110001074	110069057	13:42:00	51.4596	2.4753	0.738	0.2214	 5	D	none				0			"
"EP	110001074	110069058	13:44:00	51.4603	2.4859	0.736	0.2208	 5	D	none				0			"
"EP	110001074	110069059	13:46:00	51.4609	2.4965	0.738	0.2214	 5	D	none				0			"
"EP	110001074	110069060	13:48:00	51.4614	2.5072	0.746	0.2238	 5	D	none				0			"
"EP	110001074	110069061	13:50:00	51.4616	2.5180	0.754	0.2262	 5	D	none				0			"
"EP	110001074	110069062	13:52:00	51.4615	2.5288	0.758	0.2274	 5	D	none				0			"
"EP	110001074	110069063	13:54:00	51.4614	2.5396	0.738	0.2214	 5	D	none				0			"
"EP	110001074	110069064	13:56:00	51.4616	2.5503	0.737	0.2211	 5	D	none				0			"
"EP	110001074	110069065	13:58:00	51.4618	2.5610	0.752	0.2256	 5	D	none				0			"
"EP	110001074	110069066	14:00:00	51.4620	2.5717	0.740	0.2220	 5	D	none				0			"
"EP	110001074	110069067	14:02:00	51.4621	2.5824	0.746	0.2238	 5	D	none				0			"
"EP	110001074	110069068	14:04:00	51.4612	2.5926	0.700	0.2100	 5	D	none				0			"
"EP	110001074	110069069	14:06:00	51.4589	2.6017	0.669	0.2007	 5	D	none				0			"
"EP	110001074	110069070	14:08:00	51.4562	2.6103	0.660	0.1980	 5	D	none				0			"
"EP	110001074	110069071	14:10:00	51.4535	2.6187	0.651	0.1953	 5	D	none				0			"
"EP	110001074	110069072	14:12:00	51.4504	2.6265	0.635	0.1905	 5	D	none				0			"
"EP	110001074	110069073	14:14:00	51.4467	2.6334	0.621	0.1863	 5	D	none				0			"
"EP	110001074	110069074	14:16:00	51.4426	2.6392	0.604	0.1812	 5	D	none				0			"
"EP	110001074	110069075	14:18:00	51.4383	2.6443	0.597	0.1791	 5	D	none				0			"
"EP	110001074	110069076	14:20:00	51.4338	2.6489	0.594	0.1782	 5	D	none				0			"
"EP	110001074	110069077	14:22:00	51.4293	2.6536	0.598	0.1794	 5	D	none				0			"
"EP	110001074	110069078	14:24:00	51.4253	2.6595	0.630	0.1890	 5	D	none				0			"
"EP	110001074	110069079	14:26:00	51.4220	2.6670	0.645	0.1935	 5	D	none				0			"
"EP	110001074	110069080	14:28:00	51.4188	2.6748	0.647	0.1941	 5	D	none				0			"
"EP	110001074	110069081	14:30:00	51.4156	2.6825	0.640	0.1920	 5	D	none				0			"
"EP	110001074	110069082	14:32:00	51.4121	2.6898	0.633	0.1899	 5	D	none				0			"
"EP	110001074	110069083	14:34:00	51.4086	2.6969	0.636	0.1908	 5	D	none				0			"
"EP	110001074	110069084	14:36:00	51.4049	2.7039	0.632	0.1896	 5	D	none				0			"
"EP	110001074	110069085	14:38:00	51.4011	2.7107	0.631	0.1893	 5	D	none				0			"
"EP	110001074	110069086	14:40:00	51.3972	2.7173	0.634	0.1902	 5	D	none				0			"
"EP	110001074	110069087	14:42:00	51.3933	2.7240	0.638	0.1914	 5	D	none				0			"
"EP	110001074	110069088	14:44:00	51.3894	2.7307	0.642	0.1926	 5	D	none				0			"
"EP	110001074	110069089	14:46:00	51.3854	2.7373	0.628	0.1884	 5	D	none				0			"
"EP	110001074	110069090	14:48:00	51.3814	2.7436	0.623	0.1869	 5	D	none				0			"
"EP	110001074	110069091	14:50:00	51.3774	2.7498	0.618	0.1854	 5	D	none				0			"
"EP	110001074	110069092	14:52:00	51.3734	2.7559	0.615	0.1845	 5	D	none				0			"
"EP	110001074	110069093	14:54:00	51.3693	2.7618	0.612	0.1836	 5	D	none				0			"
"EP	110001074	110069094	14:56:00	51.3651	2.7676	0.615	0.1845	 5	D	none				0			"
"EP	110001074	110069095	14:58:00	51.3610	2.7736	0.621	0.1863	 5	D	none				0			"
"EP	110001074	110069096	15:00:00	51.3569	2.7796	0.619	0.1857	 5	D	none				0			"
"EP	110001074	110069097	15:02:00	51.3527	2.7856	0.621	0.1863	 5	D	none				0			"
"EP	110001074	110069098	15:04:00	51.3485	2.7914	0.622	0.1866	 5	D	none				0			"
"EP	110001074	110069099	15:06:00	51.3443	2.7972	0.619	0.1857	 5	D	none				0			"
"EP	110001074	110069100	15:08:00	51.3401	2.8030	0.617	0.1851	 5	D	none				0			"
"EP	110001074	110069101	15:10:00	51.3359	2.8088	0.613	0.1839	 5	D	none				0			"
"EP	110001074	110069102	15:12:00	51.3318	2.8147	0.610	0.1830	 5	D	none				0			"
"EP	110001074	110069103	15:14:00	51.3277	2.8205	0.607	0.1821	 5	D	none				0			"
"EP	110001074	110069104	15:16:00	51.3236	2.8263	0.608	0.1824	 5	D	none				0			"
"EP	110001074	110069105	15:18:00	51.3195	2.8320	0.606	0.1818	 5	D	none				0			"
"EP	110001074	110069106	15:20:00	51.3153	2.8375	0.603	0.1809	 5	D	none				0			"
"EP	110001074	110069107	15:22:00	51.3112	2.8431	0.599	0.1797	 5	D	none				0			"
"EP	110001074	110069108	15:24:00	51.3070	2.8486	0.599	0.1797	 5	D	none				0			"
"EP	110001074	110069109	15:26:00	51.3029	2.8541	0.597	0.1791	 5	D	none				0			"
"EP	110001074	110069110	15:28:00	51.2988	2.8596	0.596	0.1788	 5	D	none				0			"
"EP	110001074	110069111	15:30:00	51.2947	2.8650	0.594	0.1782	 5	D	none				0			"
"EP	110001074	110069112	15:32:00	51.2904	2.8699	0.575	0.1725	 5	D	none				0			"
"EP	110001074	110069113	15:34:00	51.2859	2.8740	0.575	0.1725	 5	D	none				0			"
"EP	110001074	110069114	15:36:00	51.2814	2.8779	0.577	0.1731	 5	D	none				0			"
"EP	110001074	110069115	15:38:00	51.2768	2.8817	0.585	0.1755	 5	D	none				0			"
"EP	110001074	110069116	15:40:00	51.2720	2.8854	0.585	0.1755	 5	D	none				0			"
"EP	110001074	110069117	15:42:00	51.2673	2.8890	0.589	0.1767	 5	D	none				0			"
"EP	110001074	110069118	15:44:00	51.2626	2.8932	0.596	0.1788	 5	D	none				0			"
"EP	110001074	110069119	15:46:00	51.2582	2.8980	0.599	0.1797	 5	D	none				0			"
"EP	110001074	110069120	15:48:00	51.2538	2.9031	0.604	0.1812	 5	D	none				0			"
"EP	110001074	110069121	15:50:00	51.2495	2.9083	0.605	0.1815	 5	D	none				0			"
"EP	110001074	110069122	15:52:00	51.2471	2.9111	0.057	0.0171	 5	D	none				0			"
"EP	110001075	110069123	07:52:00	51.2490	2.9092	0.569	0.1707	 3						0			"
"EP	110001075	110069124	07:54:00	51.2536	2.9054	0.586	0.1758	 3						0			"
"EP	110001075	110069125	07:56:00	51.2588	2.9022	0.641	0.1923	 3						0			"
"EP	110001075	110069126	07:58:00	51.2643	2.8988	0.669	0.2007	 3						0			"
"EP	110001075	110069127	08:00:00	51.2699	2.8952	0.671	0.2013	 3						0			"
"EP	110001075	110069128	08:02:00	51.2754	2.8918	0.662	0.1986	 3						0			"
"EP	110001075	110069129	08:04:00	51.2810	2.8886	0.648	0.1944	 3						0			"
"EP	110001075	110069130	08:06:00	51.2851	2.8865	0.315	0.0945	 3						0			"
"EP	110001075	110069131	08:07:00	51.2884	2.8889	0.605	0.1815	 3						0			"
"EP	110001075	110069132	08:09:00	51.2923	2.8950	0.610	0.1830	 3						0			"
"EP	110001075	110069133	08:11:00	51.2964	2.9008	0.603	0.1809	 3						0			"
"EP	110001075	110069134	08:13:00	51.3005	2.9062	0.595	0.1785	 3						0			"
"EP	110001075	110069135	08:15:00	51.3042	2.9124	0.598	0.1794	 3						0			"
"EP	110001075	110069136	08:17:00	51.3075	2.9193	0.607	0.1821	 3						0			"
"EP	110001075	110069137	08:19:00	51.3106	2.9265	0.611	0.1833	 3						0			"
"EP	110001075	110069138	08:21:00	51.3135	2.9339	0.608	0.1824	 3						0			"
"EP	110001075	110069139	08:23:00	51.3161	2.9415	0.600	0.1800	 3						0			"
"EP	110001075	110069140	08:25:00	51.3187	2.9491	0.602	0.1806	 3						0			"
"EP	110001075	110069141	08:27:00	51.3213	2.9567	0.605	0.1815	 3						0			"
"EP	110001075	110069142	08:29:00	51.3238	2.9643	0.595	0.1785	 3						0			"
"EP	110001075	110069143	08:31:00	51.3263	2.9719	0.598	0.1794	 3						0			"
"EP	110001075	110069144	08:33:00	51.3282	2.9776	0.300	0.0900	 3						0			"
"EP	110001075	110069145	08:34:00	51.3308	2.9823	0.586	0.1758	 3						0			"
"EP	110001075	110069146	08:36:00	51.3352	2.9870	0.603	0.1809	 3						0			"
"EP	110001075	110069147	08:38:00	51.3403	2.9904	0.626	0.1878	 3						0			"
"EP	110001075	110069148	08:40:00	51.3456	2.9935	0.626	0.1878	 3						0			"
"EP	110001075	110069149	08:42:00	51.3509	2.9965	0.623	0.1869	 3						0			"
"EP	110001075	110069150	08:44:00	51.3561	2.9995	0.621	0.1863	 3						0			"
"EP	110001075	110069151	08:46:00	51.3614	3.0026	0.627	0.1881	 3						0			"
"EP	110001075	110069152	08:48:00	51.3667	3.0059	0.628	0.1884	 3						0			"
"EP	110001075	110069153	08:50:00	51.3719	3.0092	0.624	0.1872	 3						0			"
"EP	110001075	110069154	08:52:00	51.3771	3.0124	0.626	0.1878	 3						0			"
"EP	110001075	110069155	08:54:00	51.3824	3.0156	0.631	0.1893	 3						0			"
"EP	110001075	110069156	08:56:00	51.3877	3.0187	0.621	0.1863	 3						0			"
"EP	110001075	110069157	08:58:00	51.3930	3.0216	0.624	0.1872	 3						0			"
"EP	110001075	110069158	09:00:00	51.3983	3.0245	0.634	0.1902	 3						0			"
"EP	110001075	110069159	09:02:00	51.4037	3.0277	0.646	0.1938	 3						0			"
"EP	110001075	110069160	09:04:00	51.4092	3.0311	0.651	0.1953	 3						0			"
"EP	110001075	110069161	09:06:00	51.4145	3.0347	0.650	0.1950	 3						0			"
"EP	110001075	110069162	09:08:00	51.4198	3.0384	0.632	0.1896	 3						0			"
"EP	110001075	110069163	09:10:00	51.4249	3.0421	0.619	0.1857	 3						0			"
"EP	110001075	110069164	09:12:00	51.4300	3.0457	0.611	0.1833	 3						0			"
"EP	110001075	110069165	09:14:00	51.4344	3.0452	0.536	0.1608	 3						0			"
"EP	110001075	110069166	09:16:00	51.4372	3.0377	0.740	0.2220	 3						0			"
"EP	110001075	110069167	09:18:00	51.4387	3.0273	0.745	0.2235	 3						0			"
"EP	110001075	110069168	09:20:00	51.4402	3.0168	0.751	0.2253	 3						0			"
"EP	110001075	110069169	09:22:00	51.4416	3.0062	0.757	0.2271	 3						0			"
"EP	110001075	110069170	09:24:00	51.4429	2.9956	0.750	0.2250	 3						0			"
"EP	110001075	110069171	09:26:00	51.4445	2.9850	0.750	0.2250	 3						0			"
"EP	110001075	110069172	09:28:00	51.4460	2.9745	0.746	0.2238	 3						0			"
"EP	110001075	110069173	09:30:00	51.4476	2.9640	0.750	0.2250	 3						0			"
"EP	110001075	110069174	09:32:00	51.4491	2.9535	0.758	0.2274	 3						0			"
"EP	110001075	110069175	09:34:00	51.4507	2.9428	0.769	0.2307	 3						0			"
"EP	110001075	110069176	09:36:00	51.4523	2.9320	0.769	0.2307	 3						0			"
"EP	110001075	110069177	09:38:00	51.4536	2.9211	0.775	0.2325	 3						0			"
"EP	110001075	110069178	09:40:00	51.4545	2.9128	0.393	0.1179	 3						0			"
"EP	110001075	110069179	09:41:00	51.4536	2.9053	0.704	0.2112	 3						0			"
"EP	110001075	110069180	09:43:00	51.4511	2.8959	0.715	0.2145	 3						0			"
"EP	110001075	110069181	09:45:00	51.4485	2.8865	0.702	0.2106	 3						0			"
"EP	110001075	110069182	09:47:00	51.4459	2.8773	0.702	0.2106	 3						0			"
"EP	110001075	110069183	09:49:00	51.4433	2.8681	0.709	0.2127	 3						0			"
"EP	110001075	110069184	09:51:00	51.4406	2.8588	0.708	0.2124	 3						0			"
"EP	110001075	110069185	09:53:00	51.4378	2.8496	0.704	0.2112	 3						0			"
"EP	110001075	110069186	09:55:00	51.4351	2.8405	0.704	0.2112	 3						0			"
"EP	110001075	110069187	09:57:00	51.4322	2.8315	0.702	0.2106	 3						0			"
"EP	110001075	110069188	09:59:00	51.4293	2.8225	0.699	0.2097	 3						0			"
"EP	110001075	110069189	10:01:00	51.4264	2.8135	0.705	0.2115	 3						0			"
"EP	110001075	110069190	10:03:00	51.4235	2.8045	0.709	0.2127	 3						0			"
"EP	110001075	110069191	10:05:00	51.4207	2.7952	0.719	0.2157	 3						0			"
"EP	110001075	110069192	10:07:00	51.4178	2.7860	0.723	0.2169	 3						0			"
"EP	110001075	110069193	10:09:00	51.4147	2.7768	0.723	0.2169	 3						0			"
"EP	110001075	110069194	10:11:00	51.4115	2.7677	0.727	0.2181	 3						0			"
"EP	110001075	110069195	10:13:00	51.4081	2.7587	0.728	0.2184	 3						0			"
"EP	110001075	110069196	10:15:00	51.4048	2.7498	0.727	0.2181	 3						0			"
"EP	110001075	110069197	10:17:00	51.4014	2.7408	0.724	0.2172	 3						0			"
"EP	110001075	110069198	10:19:00	51.3980	2.7319	0.724	0.2172	 3						0			"
"EP	110001075	110069199	10:21:00	51.3947	2.7229	0.725	0.2175	 3						0			"
"EP	110001075	110069200	10:23:00	51.3914	2.7140	0.720	0.2160	 3						0			"
"EP	110001075	110069201	10:25:00	51.3880	2.7052	0.713	0.2139	 3						0			"
"EP	110001075	110069202	10:27:00	51.3845	2.6966	0.708	0.2124	 3						0			"
"EP	110001075	110069203	10:29:00	51.3805	2.6888	0.707	0.2121	 3						0			"
"EP	110001075	110069204	10:31:00	51.3760	2.6816	0.707	0.2121	 3						0			"
"EP	110001075	110069205	10:33:00	51.3713	2.6746	0.713	0.2139	 3						0			"
"EP	110001075	110069206	10:35:00	51.3665	2.6678	0.712	0.2136	 3						0			"
"EP	110001075	110069207	10:37:00	51.3618	2.6610	0.707	0.2121	 3						0			"
"EP	110001075	110069208	10:39:00	51.3570	2.6544	0.697	0.2091	 3						0			"
"EP	110001075	110069209	10:41:00	51.3523	2.6479	0.689	0.2067	 3						0			"
"EP	110001075	110069210	10:43:00	51.3477	2.6413	0.683	0.2049	 3						0			"
"EP	110001075	110069211	10:45:00	51.3434	2.6344	0.682	0.2046	 3						0			"
"EP	110001075	110069212	10:47:00	51.3392	2.6273	0.676	0.2028	 3						0			"
"EP	110001075	110069213	10:49:00	51.3350	2.6203	0.670	0.2010	 3						0			"
"EP	110001075	110069214	10:51:00	51.3309	2.6133	0.672	0.2016	 3						0			"
"EP	110001075	110069215	10:53:00	51.3267	2.6063	0.671	0.2013	 3						0			"
"EP	110001075	110069216	10:55:00	51.3225	2.5994	0.664	0.1992	 3						0			"
"EP	110001075	110069217	10:57:00	51.3182	2.5929	0.660	0.1980	 3						0			"
"EP	110001075	110069218	10:59:00	51.3138	2.5866	0.657	0.1971	 3						0			"
"EP	110001075	110069219	11:01:00	51.3093	2.5804	0.654	0.1962	 3						0			"
"EP	110001075	110069220	11:03:00	51.3048	2.5744	0.653	0.1959	 3						0			"
"EP	110001075	110069221	11:05:00	51.3003	2.5684	0.652	0.1956	 3						0			"
"EP	110001075	110069222	11:07:00	51.2958	2.5624	0.648	0.1944	 3						0			"
"EP	110001075	110069223	11:09:00	51.2913	2.5564	0.656	0.1968	 3						0			"
"EP	110001075	110069224	11:11:00	51.2868	2.5504	0.657	0.1971	 3						0			"
"EP	110001075	110069225	11:13:00	51.2821	2.5443	0.684	0.2052	 3						0			"
"EP	110001075	110069226	11:15:00	51.2774	2.5381	0.678	0.2034	 3						0			"
"EP	110001075	110069227	11:17:00	51.2727	2.5320	0.662	0.1986	 3						0			"
"EP	110001075	110069228	11:19:00	51.2682	2.5259	0.653	0.1959	 3						0			"
"EP	110001075	110069229	11:21:00	51.2637	2.5199	0.649	0.1947	 3						0			"
"EP	110001075	110069230	11:23:00	51.2593	2.5139	0.644	0.1932	 3						0			"
"EP	110001075	110069231	11:25:00	51.2548	2.5080	0.642	0.1926	 3						0			"
"EP	110001075	110069232	11:27:00	51.2504	2.5022	0.640	0.1920	 3						0			"
"EP	110001075	110069233	11:29:00	51.2459	2.4964	0.638	0.1914	 3						0			"
"EP	110001075	110069234	11:31:00	51.2415	2.4907	0.636	0.1908	 3						0			"
"EP	110001075	110069235	11:33:00	51.2369	2.4852	0.632	0.1896	 3						0			"
"EP	110001075	110069236	11:35:00	51.2323	2.4800	0.626	0.1878	 3						0			"
"EP	110001075	110069237	11:37:00	51.2278	2.4747	0.615	0.1845	 3						0			"
"EP	110001075	110069238	11:39:00	51.2234	2.4696	0.604	0.1812	 3						0			"
"EP	110001075	110069239	11:41:00	51.2190	2.4646	0.603	0.1809	 3						0			"
"EP	110001075	110069240	11:43:00	51.2145	2.4598	0.598	0.1794	 3						0			"
"EP	110001075	110069241	11:45:00	51.2099	2.4553	0.599	0.1797	 3						0			"
"EP	110001075	110069242	11:47:00	51.2052	2.4513	0.588	0.1764	 3						0			"
"EP	110001075	110069243	11:49:00	51.2004	2.4521	0.665	0.1995	 3						0			"
"EP	110001075	110069244	11:51:00	51.1954	2.4582	0.728	0.2184	 3						0			"
"EP	110001075	110069245	11:53:00	51.1907	2.4652	0.716	0.2148	 3						0			"
"EP	110001075	110069246	11:55:00	51.1895	2.4739	0.741	0.2223	 3						0			"
"EP	110001075	110069247	11:57:00	51.1919	2.4839	0.752	0.2256	 3						0			"
"EP	110001075	110069248	11:59:00	51.1944	2.4937	0.726	0.2178	 3						0			"
"EP	110001075	110069249	12:01:00	51.1968	2.5033	0.725	0.2175	 3						0			"
"EP	110001075	110069250	12:03:00	51.1992	2.5131	0.737	0.2211	 3						0			"
"EP	110001075	110069251	12:05:00	51.2017	2.5229	0.740	0.2220	 3						0			"
"EP	110001075	110069252	12:07:00	51.2043	2.5327	0.745	0.2235	 3						0			"
"EP	110001075	110069253	12:09:00	51.2070	2.5425	0.750	0.2250	 3						0			"
"EP	110001075	110069254	12:11:00	51.2097	2.5524	0.758	0.2274	 3						0			"
"EP	110001075	110069255	12:13:00	51.2124	2.5624	0.764	0.2292	 3						0			"
"EP	110001075	110069256	12:15:00	51.2153	2.5724	0.770	0.2310	 3						0			"
"EP	110001075	110069257	12:17:00	51.2182	2.5825	0.775	0.2325	 3						0			"
"EP	110001075	110069258	12:19:00	51.2211	2.5926	0.779	0.2337	 3						0			"
"EP	110001075	110069259	12:21:00	51.2239	2.6028	0.774	0.2322	 3						0			"
"EP	110001075	110069260	12:23:00	51.2266	2.6131	0.776	0.2328	 3						0			"
"EP	110001075	110069261	12:25:00	51.2291	2.6234	0.770	0.2310	 3						0			"
"EP	110001075	110069262	12:27:00	51.2307	2.6311	0.363	0.1089	 3						0			"
"EP	110001075	110069263	12:28:00	51.2294	2.6368	0.550	0.1650	 3						0			"
"EP	110001075	110069264	12:30:00	51.2253	2.6379	0.645	0.1935	 3						0			"
"EP	110001075	110069265	12:32:00	51.2201	2.6339	0.647	0.1941	 3						0			"
"EP	110001075	110069266	12:34:00	51.2149	2.6299	0.633	0.1899	 3						0			"
"EP	110001075	110069267	12:36:00	51.2099	2.6260	0.620	0.1860	 3						0			"
"EP	110001075	110069268	12:38:00	51.2048	2.6221	0.620	0.1860	 3						0			"
"EP	110001075	110069269	12:40:00	51.1999	2.6179	0.624	0.1872	 3						0			"
"EP	110001075	110069270	12:42:00	51.1952	2.6132	0.621	0.1863	 3						0			"
"EP	110001075	110069271	12:44:00	51.1905	2.6085	0.618	0.1854	 3						0			"
"EP	110001075	110069272	12:46:00	51.1858	2.6038	0.614	0.1842	 3						0			"
"EP	110001075	110069273	12:48:00	51.1811	2.5991	0.615	0.1845	 3						0			"
"EP	110001075	110069274	12:50:00	51.1764	2.5945	0.612	0.1836	 3						0			"
"EP	110001075	110069275	12:52:00	51.1718	2.5899	0.610	0.1830	 3						0			"
"EP	110001075	110069276	12:54:00	51.1671	2.5853	0.611	0.1833	 3						0			"
"EP	110001075	110069277	12:56:00	51.1636	2.5820	0.294	0.0882	 3						0			"
"EP	110001075	110069278	12:57:00	51.1598	2.5815	0.596	0.1788	 3						0			"
"EP	110001075	110069279	12:59:00	51.1563	2.5873	0.754	0.2262	 3						0			"
"EP	110001075	110069280	13:01:00	51.1553	2.5982	0.792	0.2376	 3						0			"
"EP	110001075	110069281	13:03:00	51.1549	2.6095	0.793	0.2379	 3						0			"
"EP	110001075	110069282	13:05:00	51.1550	2.6208	0.787	0.2361	 3						0			"
"EP	110001075	110069283	13:07:00	51.1563	2.6319	0.794	0.2382	 3						0			"
"EP	110001075	110069284	13:09:00	51.1583	2.6421	0.697	0.2091	 3						0			"
"EP	110001075	110069285	13:11:00	51.1604	2.6508	0.619	0.1857	 3						0			"
"EP	110001075	110069286	13:13:00	51.1626	2.6588	0.603	0.1809	 3						0			"
"EP	110001075	110069287	13:15:00	51.1649	2.6667	0.602	0.1806	 3						0			"
"EP	110001075	110069288	13:17:00	51.1672	2.6745	0.607	0.1821	 3						0			"
"EP	110001075	110069289	13:19:00	51.1696	2.6823	0.605	0.1815	 3						0			"
"EP	110001075	110069290	13:21:00	51.1720	2.6900	0.596	0.1788	 3						0			"
"EP	110001075	110069291	13:23:00	51.1744	2.6976	0.589	0.1767	 3						0			"
"EP	110001075	110069292	13:25:00	51.1767	2.7051	0.585	0.1755	 3						0			"
"EP	110001075	110069293	13:27:00	51.1790	2.7127	0.583	0.1749	 3						0			"
"EP	110001075	110069294	13:29:00	51.1812	2.7202	0.581	0.1743	 3						0			"
"EP	110001075	110069295	13:31:00	51.1835	2.7278	0.591	0.1773	 3						0			"
"EP	110001075	110069296	13:33:00	51.1858	2.7355	0.598	0.1794	 3						0			"
"EP	110001075	110069297	13:35:00	51.1880	2.7433	0.598	0.1794	 3						0			"
"EP	110001075	110069298	13:37:00	51.1902	2.7511	0.600	0.1800	 3						0			"
"EP	110001075	110069299	13:39:00	51.1924	2.7590	0.597	0.1791	 3						0			"
"EP	110001075	110069300	13:41:00	51.1945	2.7668	0.595	0.1785	 3						0			"
"EP	110001075	110069301	13:43:00	51.1965	2.7747	0.596	0.1788	 3						0			"
"EP	110001075	110069302	13:45:00	51.1986	2.7826	0.602	0.1806	 3						0			"
"EP	110001075	110069303	13:47:00	51.2010	2.7904	0.601	0.1803	 3						0			"
"EP	110001075	110069304	13:49:00	51.2036	2.7979	0.606	0.1818	 3						0			"
"EP	110001075	110069305	13:51:00	51.2062	2.8054	0.599	0.1797	 3						0			"
"EP	110001075	110069306	13:53:00	51.2089	2.8129	0.594	0.1782	 3						0			"
"EP	110001075	110069307	13:55:00	51.2116	2.8203	0.612	0.1836	 3						0			"
"EP	110001075	110069308	13:57:00	51.2147	2.8286	0.733	0.2199	 3						0			"
"EP	110001075	110069309	13:59:00	51.2172	2.8354	0.365	0.1095	 3						0			"
"EP	110001076	110069310	07:20:00	51.2499	2.9085	0.635	0.1905							0			"
"EP	110001076	110069311	07:22:00	51.2549	2.9042	0.626	0.1878							0			"
"EP	110001076	110069312	07:24:00	51.2600	2.9006	0.623	0.1869							0			"
"EP	110001076	110069313	07:26:00	51.2653	2.8973	0.628	0.1884							0			"
"EP	110001076	110069314	07:28:00	51.2706	2.8943	0.625	0.1875							0			"
"EP	110001076	110069315	07:30:00	51.2759	2.8914	0.621	0.1863							0			"
"EP	110001076	110069316	07:32:00	51.2812	2.8887	0.616	0.1848							0			"
"EP	110001076	110069317	07:34:00	51.2858	2.8899	0.561	0.1683							0			"
"EP	110001076	110069318	07:36:00	51.2895	2.8956	0.593	0.1779							0			"
"EP	110001076	110069319	07:38:00	51.2928	2.9023	0.589	0.1767							0			"
"EP	110001076	110069320	07:40:00	51.2958	2.9092	0.588	0.1764							0			"
"EP	110001076	110069321	07:42:00	51.2989	2.9161	0.585	0.1755							0			"
"EP	110001076	110069322	07:44:00	51.3018	2.9231	0.587	0.1761							0			"
"EP	110001076	110069323	07:46:00	51.3048	2.9300	0.583	0.1749							0			"
"EP	110001076	110069324	07:48:00	51.3078	2.9368	0.575	0.1725							0			"
"EP	110001076	110069325	07:50:00	51.3107	2.9436	0.569	0.1707							0			"
"EP	110001076	110069326	07:52:00	51.3135	2.9503	0.563	0.1689							0			"
"EP	110001076	110069327	07:54:00	51.3163	2.9571	0.562	0.1686							0			"
"EP	110001076	110069328	07:56:00	51.3190	2.9639	0.559	0.1677							0			"
"EP	110001076	110069329	07:58:00	51.3217	2.9706	0.556	0.1668							0			"
"EP	110001076	110069330	08:00:00	51.3245	2.9773	0.554	0.1662							0			"
"EP	110001076	110069331	08:02:00	51.3272	2.9839	0.547	0.1641							0			"
"EP	110001076	110069332	08:04:00	51.3298	2.9905	0.545	0.1635							0			"
"EP	110001076	110069333	08:06:00	51.3324	2.9972	0.547	0.1641							0			"
"EP	110001076	110069334	08:08:00	51.3347	3.0041	0.547	0.1641							0			"
"EP	110001076	110069335	08:10:00	51.3367	3.0113	0.544	0.1632							0			"
"EP	110001076	110069336	08:12:00	51.3385	3.0186	0.549	0.1647							0			"
"EP	110001076	110069337	08:14:00	51.3404	3.0259	0.549	0.1647							0			"
"EP	110001076	110069338	08:16:00	51.3422	3.0332	0.546	0.1638							0			"
"EP	110001076	110069339	08:18:00	51.3440	3.0405	0.545	0.1635							0			"
"EP	110001076	110069340	08:20:00	51.3459	3.0478	0.553	0.1659							0			"
"EP	110001076	110069341	08:22:00	51.3477	3.0552	0.558	0.1674							0			"
"EP	110001076	110069342	08:24:00	51.3496	3.0627	0.560	0.1680							0			"
"EP	110001076	110069343	08:26:00	51.3515	3.0701	0.555	0.1665							0			"
"EP	110001076	110069344	08:28:00	51.3534	3.0775	0.555	0.1665							0			"
"EP	110001076	110069345	08:30:00	51.3553	3.0849	0.566	0.1698							0			"
"EP	110001076	110069346	08:32:00	51.3572	3.0925	0.563	0.1689							0			"
"EP	110001076	110069347	08:34:00	51.3591	3.0999	0.561	0.1683							0			"
"EP	110001076	110069348	08:36:00	51.3611	3.1074	0.559	0.1677							0			"
"EP	110001076	110069349	08:38:00	51.3630	3.1148	0.564	0.1692							0			"
"EP	110001076	110069350	08:40:00	51.3650	3.1223	0.568	0.1704							0			"
"EP	110001076	110069351	08:42:00	51.3672	3.1297	0.567	0.1701							0			"
"EP	110001076	110069352	08:44:00	51.3711	3.1336	0.604	0.1812							0			"
"EP	110001076	110069353	08:46:00	51.3767	3.1335	0.633	0.1899							0			"
"EP	110001076	110069354	08:48:00	51.3823	3.1325	0.627	0.1881							0			"
"EP	110001076	110069355	08:50:00	51.3879	3.1314	0.631	0.1893							0			"
"EP	110001076	110069356	08:52:00	51.3937	3.1304	0.660	0.1980							0			"
"EP	110001076	110069357	08:54:00	51.3996	3.1295	0.667	0.2001							0			"
"EP	110001076	110069358	08:56:00	51.4055	3.1287	0.643	0.1929							0			"
"EP	110001076	110069359	08:58:00	51.4110	3.1272	0.606	0.1818							0			"
"EP	110001076	110069360	09:00:00	51.4145	3.1214	0.668	0.2004							0			"
"EP	110001076	110069361	09:02:00	51.4163	3.1122	0.677	0.2031							0			"
"EP	110001076	110069362	09:04:00	51.4179	3.1027	0.681	0.2043							0			"
"EP	110001076	110069363	09:06:00	51.4196	3.0934	0.680	0.2040							0			"
"EP	110001076	110069364	09:08:00	51.4215	3.0841	0.677	0.2031							0			"
"EP	110001076	110069365	09:10:00	51.4236	3.0749	0.675	0.2025							0			"
"EP	110001076	110069366	09:12:00	51.4259	3.0659	0.672	0.2016							0			"
"EP	110001076	110069367	09:14:00	51.4283	3.0571	0.670	0.2010							0			"
"EP	110001076	110069368	09:16:00	51.4307	3.0483	0.670	0.2010							0			"
"EP	110001076	110069369	09:18:00	51.4332	3.0394	0.678	0.2034							0			"
"EP	110001076	110069370	09:20:00	51.4358	3.0305	0.681	0.2043							0			"
"EP	110001076	110069371	09:22:00	51.4383	3.0215	0.687	0.2061							0			"
"EP	110001076	110069372	09:24:00	51.4401	3.0119	0.711	0.2133							0			"
"EP	110001076	110069373	09:26:00	51.4411	3.0017	0.731	0.2193							0			"
"EP	110001076	110069374	09:28:00	51.4422	2.9912	0.740	0.2220							0			"
"EP	110001076	110069375	09:30:00	51.4434	2.9807	0.739	0.2217							0			"
"EP	110001076	110069376	09:32:00	51.4447	2.9704	0.728	0.2184							0			"
"EP	110001076	110069377	09:34:00	51.4460	2.9601	0.721	0.2163							0			"
"EP	110001076	110069378	09:36:00	51.4473	2.9500	0.720	0.2160							0			"
"EP	110001076	110069379	09:38:00	51.4486	2.9397	0.737	0.2211							0			"
"EP	110001076	110069380	09:40:00	51.4501	2.9293	0.742	0.2226							0			"
"EP	110001076	110069381	09:42:00	51.4515	2.9188	0.744	0.2232							0			"
"EP	110001076	110069382	09:44:00	51.4519	2.9109	0.381	0.1143							0			"
"EP	110001076	110069383	09:45:00	51.4504	2.9029	0.777	0.2331							0			"
"EP	110001076	110069384	09:47:00	51.4481	2.8924	0.771	0.2313							0			"
"EP	110001076	110069385	09:49:00	51.4457	2.8819	0.775	0.2325							0			"
"EP	110001076	110069386	09:51:00	51.4431	2.8715	0.782	0.2346							0			"
"EP	110001076	110069387	09:53:00	51.4401	2.8613	0.792	0.2376							0			"
"EP	110001076	110069388	09:55:00	51.4368	2.8511	0.794	0.2382							0			"
"EP	110001076	110069389	09:57:00	51.4335	2.8409	0.796	0.2388							0			"
"EP	110001076	110069390	09:59:00	51.4303	2.8307	0.796	0.2388							0			"
"EP	110001076	110069391	10:01:00	51.4270	2.8205	0.795	0.2385							0			"
"EP	110001076	110069392	10:03:00	51.4238	2.8103	0.790	0.2370							0			"
"EP	110001076	110069393	10:05:00	51.4207	2.8002	0.779	0.2337							0			"
"EP	110001076	110069394	10:07:00	51.4176	2.7902	0.774	0.2322							0			"
"EP	110001076	110069395	10:09:00	51.4146	2.7803	0.755	0.2265							0			"
"EP	110001076	110069396	10:11:00	51.4115	2.7706	0.757	0.2271							0			"
"EP	110001076	110069397	10:13:00	51.4085	2.7608	0.758	0.2274							0			"
"EP	110001076	110069398	10:15:00	51.4055	2.7510	0.756	0.2268							0			"
"EP	110001076	110069399	10:17:00	51.4024	2.7415	0.729	0.2187							0			"
"EP	110001076	110069400	10:19:00	51.3994	2.7323	0.720	0.2160							0			"
"EP	110001076	110069401	10:21:00	51.3964	2.7231	0.718	0.2154							0			"
"EP	110001076	110069402	10:23:00	51.3935	2.7145	0.635	0.1905							0			"
"EP	110001076	110069403	10:25:00	51.3909	2.7066	0.612	0.1836							0			"
"EP	110001076	110069404	10:27:00	51.3873	2.7014	0.531	0.1593							0			"
"EP	110001076	110069405	10:29:00	51.3820	2.7002	0.678	0.2034							0			"
"EP	110001076	110069406	10:31:00	51.3761	2.6980	0.702	0.2106							0			"
"EP	110001076	110069407	10:33:00	51.3710	2.6920	0.736	0.2208							0			"
"EP	110001076	110069408	10:35:00	51.3664	2.6845	0.732	0.2196							0			"
"EP	110001076	110069409	10:37:00	51.3617	2.6771	0.729	0.2187							0			"
"EP	110001076	110069410	10:39:00	51.3571	2.6697	0.723	0.2169							0			"
"EP	110001076	110069411	10:41:00	51.3525	2.6624	0.719	0.2157							0			"
"EP	110001076	110069412	10:43:00	51.3480	2.6552	0.706	0.2118							0			"
"EP	110001076	110069413	10:45:00	51.3434	2.6481	0.701	0.2103							0			"
"EP	110001076	110069414	10:47:00	51.3389	2.6412	0.694	0.2082							0			"
"EP	110001076	110069415	10:49:00	51.3344	2.6343	0.692	0.2076							0			"
"EP	110001076	110069416	10:51:00	51.3299	2.6275	0.690	0.2070							0			"
"EP	110001076	110069417	10:53:00	51.3255	2.6206	0.686	0.2058							0			"
"EP	110001076	110069418	10:55:00	51.3210	2.6138	0.682	0.2046							0			"
"EP	110001076	110069419	10:57:00	51.3166	2.6070	0.681	0.2043							0			"
"EP	110001076	110069420	10:59:00	51.3122	2.6002	0.683	0.2049							0			"
"EP	110001076	110069421	11:01:00	51.3079	2.5933	0.675	0.2025							0			"
"EP	110001076	110069422	11:03:00	51.3036	2.5866	0.671	0.2013							0			"
"EP	110001076	110069423	11:05:00	51.2993	2.5798	0.667	0.2001							0			"
"EP	110001076	110069424	11:07:00	51.2951	2.5730	0.667	0.2001							0			"
"EP	110001076	110069425	11:09:00	51.2908	2.5662	0.664	0.1992							0			"
"EP	110001076	110069426	11:11:00	51.2866	2.5595	0.662	0.1986							0			"
"EP	110001076	110069427	11:13:00	51.2824	2.5529	0.656	0.1968							0			"
"EP	110001076	110069428	11:15:00	51.2782	2.5464	0.642	0.1926							0			"
"EP	110001076	110069429	11:17:00	51.2740	2.5401	0.639	0.1917							0			"
"EP	110001076	110069430	11:19:00	51.2699	2.5338	0.634	0.1902							0			"
"EP	110001076	110069431	11:21:00	51.2658	2.5275	0.632	0.1896							0			"
"EP	110001076	110069432	11:23:00	51.2617	2.5212	0.628	0.1884							0			"
"EP	110001076	110069433	11:25:00	51.2577	2.5150	0.624	0.1872							0			"
"EP	110001076	110069434	11:27:00	51.2537	2.5087	0.624	0.1872							0			"
"EP	110001076	110069435	11:29:00	51.2496	2.5025	0.624	0.1872							0			"
"EP	110001076	110069436	11:31:00	51.2454	2.4966	0.624	0.1872							0			"
"EP	110001076	110069437	11:33:00	51.2410	2.4911	0.627	0.1881							0			"
"EP	110001076	110069438	11:35:00	51.2364	2.4859	0.631	0.1893							0			"
"EP	110001076	110069439	11:37:00	51.2316	2.4809	0.634	0.1902							0			"
"EP	110001076	110069440	11:39:00	51.2269	2.4758	0.637	0.1911							0			"
"EP	110001076	110069441	11:41:00	51.2221	2.4707	0.635	0.1905							0			"
"EP	110001076	110069442	11:43:00	51.2174	2.4657	0.629	0.1887							0			"
"EP	110001076	110069443	11:45:00	51.2127	2.4607	0.624	0.1872							0			"
"EP	110001076	110069444	11:47:00	51.2080	2.4559	0.617	0.1851							0			"
"EP	110001076	110069445	11:49:00	51.2046	2.4522	0.305	0.0915							0			"
"EP	110001076	110069446	11:50:00	51.2010	2.4521	0.566	0.1698							0			"
"EP	110001076	110069447	11:52:00	51.1962	2.4569	0.741	0.2223							0			"
"EP	110001076	110069448	11:54:00	51.1914	2.4643	0.748	0.2244							0			"
"EP	110001076	110069449	11:56:00	51.1897	2.4733	0.776	0.2328							0			"
"EP	110001076	110069450	11:58:00	51.1920	2.4841	0.813	0.2439							0			"
"EP	110001076	110069451	12:00:00	51.1950	2.4947	0.815	0.2445							0			"
"EP	110001076	110069452	12:02:00	51.1980	2.5053	0.814	0.2442							0			"
"EP	110001076	110069453	12:04:00	51.2011	2.5160	0.821	0.2463							0			"
"EP	110001076	110069454	12:06:00	51.2042	2.5266	0.819	0.2457							0			"
"EP	110001076	110069455	12:08:00	51.2073	2.5372	0.806	0.2418							0			"
"EP	110001076	110069456	12:10:00	51.2104	2.5476	0.797	0.2391							0			"
"EP	110001076	110069457	12:12:00	51.2132	2.5580	0.789	0.2367							0			"
"EP	110001076	110069458	12:14:00	51.2159	2.5684	0.785	0.2355							0			"
"EP	110001076	110069459	12:16:00	51.2185	2.5789	0.788	0.2364							0			"
"EP	110001076	110069460	12:18:00	51.2211	2.5895	0.795	0.2385							0			"
"EP	110001076	110069461	12:20:00	51.2237	2.6001	0.801	0.2403							0			"
"EP	110001076	110069462	12:22:00	51.2263	2.6109	0.802	0.2406							0			"
"EP	110001076	110069463	12:24:00	51.2279	2.6219	0.787	0.2361							0			"
"EP	110001076	110069464	12:26:00	51.2261	2.6307	0.652	0.1956							0			"
"EP	110001076	110069465	12:28:00	51.2212	2.6325	0.629	0.1887							0			"
"EP	110001076	110069466	12:30:00	51.2160	2.6292	0.632	0.1896							0			"
"EP	110001076	110069467	12:32:00	51.2109	2.6253	0.631	0.1893							0			"
"EP	110001076	110069468	12:34:00	51.2058	2.6212	0.630	0.1890							0			"
"EP	110001076	110069469	12:36:00	51.2009	2.6167	0.632	0.1896							0			"
"EP	110001076	110069470	12:38:00	51.1963	2.6123	0.564	0.1692							0			"
"EP	110001076	110069471	12:40:00	51.1938	2.6099	0.079	0.0237							0			"
"EP	110001076	110069472	12:42:00	51.1936	2.6096	0.024	0.0072							0			"
"EP	110001076	110069473	12:44:00	51.1937	2.6101	0.044	0.0132							0			"
"EP	110001076	110069474	12:46:00	51.1937	2.6107	0.043	0.0129							0			"
"EP	110001076	110069475	12:48:00	51.1939	2.6113	0.058	0.0174							0			"
"EP	110001076	110069476	12:50:00	51.1941	2.6121	0.060	0.0180							0			"
"EP	110001076	110069477	12:52:00	51.1941	2.6130	0.060	0.0180							0			"
"EP	110001076	110069478	12:54:00	51.1942	2.6139	0.067	0.0201							0			"
"EP	110001076	110069479	12:56:00	51.1943	2.6149	0.068	0.0204							0			"
"EP	110001076	110069480	12:58:00	51.1933	2.6136	0.331	0.0993							0			"
"EP	110001076	110069481	13:00:00	51.1900	2.6092	0.642	0.1926							0			"
"EP	110001076	110069482	13:02:00	51.1851	2.6042	0.656	0.1968							0			"
"EP	110001076	110069483	13:04:00	51.1798	2.5999	0.655	0.1965							0			"
"EP	110001076	110069484	13:06:00	51.1744	2.5965	0.644	0.1932							0			"
"EP	110001076	110069485	13:08:00	51.1688	2.5953	0.652	0.1956							0			"
"EP	110001076	110069486	13:18:00	51.1541	2.6181	0.731	0.2193							0			"
"EP	110001076	110069487	13:20:00	51.1550	2.6284	0.729	0.2187							0			"
"EP	110001076	110069488	13:22:00	51.1568	2.6385	0.729	0.2187							0			"
"EP	110001076	110069489	13:24:00	51.1590	2.6483	0.728	0.2184							0			"
"EP	110001076	110069490	13:26:00	51.1611	2.6581	0.727	0.2181							0			"
"EP	110001076	110069491	13:28:00	51.1633	2.6679	0.725	0.2175							0			"
"EP	110001076	110069492	13:30:00	51.1663	2.6772	0.732	0.2196							0			"
"EP	110001076	110069493	13:32:00	51.1699	2.6859	0.740	0.2220							0			"
"EP	110001076	110069494	13:34:00	51.1736	2.6948	0.739	0.2217							0			"
"EP	110001076	110069495	13:36:00	51.1769	2.7040	0.738	0.2214							0			"
"EP	110001076	110069496	13:38:00	51.1799	2.7134	0.737	0.2211							0			"
"EP	110001076	110069497	13:40:00	51.1828	2.7228	0.736	0.2208							0			"
"EP	110001076	110069498	13:42:00	51.1857	2.7323	0.735	0.2205							0			"
"EP	110001076	110069499	13:44:00	51.1887	2.7417	0.735	0.2205							0			"
"EP	110001076	110069500	13:46:00	51.1916	2.7512	0.743	0.2229							0			"
"EP	110001076	110069501	13:48:00	51.1945	2.7609	0.745	0.2235							0			"
"EP	110001076	110069502	13:50:00	51.1973	2.7706	0.742	0.2226							0			"
"EP	110001076	110069503	13:52:00	51.2001	2.7802	0.740	0.2220							0			"
"EP	110001076	110069504	13:54:00	51.2029	2.7898	0.743	0.2229							0			"
"EP	110001076	110069505	13:56:00	51.2059	2.7994	0.741	0.2223							0			"
"EP	110001076	110069506	13:58:00	51.2089	2.8089	0.743	0.2229							0			"
"EP	110001076	110069507	14:00:00	51.2119	2.8183	0.742	0.2226							0			"
"EP	110001076	110069508	14:02:00	51.2150	2.8278	0.748	0.2244							0			"
"EP	110001076	110069509	14:04:00	51.2182	2.8373	0.751	0.2253							0			"
"EP	110001076	110069510	14:06:00	51.2213	2.8468	0.750	0.2250							0			"
"EP	110001076	110069511	14:08:00	51.2244	2.8563	0.740	0.2220							0			"
"EP	110001076	110069512	14:10:00	51.2275	2.8656	0.725	0.2175							0			"
"EP	110001076	110069513	14:12:00	51.2305	2.8747	0.717	0.2151							0			"
"EP	110001076	110069514	14:14:00	51.2335	2.8836	0.682	0.2046							0			"
"EP	110001077	110069515	06:43:00	51.2510	2.9075	0.716	0.2148	 4	D				N	0			"
"EP	110001077	110069516	06:45:00	51.2561	2.9013	0.710	0.2130	 4	D				N	0			"
"EP	110001077	110069517	06:47:00	51.2611	2.8951	0.703	0.2109	 4	D				N	0			"
"EP	110001077	110069518	06:49:00	51.2664	2.8897	0.695	0.2085	 4	D				N	0			"
"EP	110001077	110069519	06:51:00	51.2706	2.8865	0.348	0.1044	 4	D				N	0			"
"EP	110001077	110069520	06:52:00	51.2752	2.8849	0.701	0.2103	 4	D				N	0			"
"EP	110001077	110069521	06:54:00	51.2813	2.8847	0.686	0.2058	 4	D				N	0			"
"EP	110001077	110069522	06:56:00	51.2870	2.8876	0.670	0.2010	 4	D				N	0			"
"EP	110001077	110069523	06:58:00	51.2907	2.8916	0.332	0.0996	 4	D				N	0			"
"EP	110001077	110069524	06:59:00	51.2935	2.8972	0.661	0.1983	 4	D				N	0			"
"EP	110001077	110069525	07:01:00	51.2967	2.9051	0.659	0.1977	 4	D				N	0			"
"EP	110001077	110069526	07:03:00	51.2998	2.9132	0.663	0.1989	 4	D				N	0			"
"EP	110001077	110069527	07:05:00	51.3028	2.9214	0.661	0.1983	 4	D				N	0			"
"EP	110001077	110069528	07:07:00	51.3058	2.9296	0.658	0.1974	 4	D				N	0			"
"EP	110001077	110069529	07:09:00	51.3088	2.9377	0.654	0.1962	 4	D				N	0			"
"EP	110001077	110069530	07:11:00	51.3118	2.9458	0.650	0.1950	 4	D				N	0			"
"EP	110001077	110069531	07:13:00	51.3150	2.9536	0.645	0.1935	 4	D				N	0			"
"EP	110001077	110069532	07:15:00	51.3183	2.9611	0.640	0.1920	 4	D				N	0			"
"EP	110001077	110069533	07:17:00	51.3217	2.9685	0.637	0.1911	 4	D				N	0			"
"EP	110001077	110069534	07:19:00	51.3251	2.9758	0.636	0.1908	 4	D				N	0			"
"EP	110001077	110069535	07:21:00	51.3285	2.9832	0.634	0.1902	 4	D				N	0			"
"EP	110001077	110069536	07:23:00	51.3315	2.9910	0.632	0.1896	 4	D				N	0			"
"EP	110001077	110069537	07:25:00	51.3340	2.9991	0.630	0.1890	 4	D				N	0			"
"EP	110001077	110069538	07:27:00	51.3362	3.0073	0.623	0.1869	 4	D				N	0			"
"EP	110001077	110069539	07:29:00	51.3382	3.0156	0.613	0.1839	 4	D				N	0			"
"EP	110001077	110069540	07:31:00	51.3399	3.0239	0.602	0.1806	 4	D				N	0			"
"EP	110001077	110069541	07:33:00	51.3416	3.0322	0.603	0.1809	 4	D				N	0			"
"EP	110001077	110069542	07:35:00	51.3433	3.0404	0.599	0.1797	 4	D				N	0			"
"EP	110001077	110069543	07:37:00	51.3449	3.0486	0.600	0.1800	 4	D				N	0			"
"EP	110001077	110069544	07:39:00	51.3465	3.0568	0.599	0.1797	 4	D				N	0			"
"EP	110001077	110069545	07:41:00	51.3481	3.0651	0.604	0.1812	 4	D				N	0			"
"EP	110001077	110069546	07:43:00	51.3496	3.0734	0.595	0.1785	 4	D				N	0			"
"EP	110001077	110069547	07:45:00	51.3511	3.0815	0.586	0.1758	 4	D				N	0			"
"EP	110001077	110069548	07:47:00	51.3523	3.0897	0.584	0.1752	 4	D				N	0			"
"EP	110001077	110069549	07:49:00	51.3535	3.0979	0.578	0.1734	 4	D				N	0			"
"EP	110001077	110069550	07:51:00	51.3547	3.1059	0.569	0.1707	 4	D				N	0			"
"EP	110001077	110069551	07:53:00	51.3558	3.1139	0.573	0.1719	 4	D				N	0			"
"EP	110001077	110069552	07:55:00	51.3570	3.1218	0.559	0.1677	 4	D				N	0			"
"EP	110001077	110069553	07:57:00	51.3586	3.1292	0.527	0.1581	 4	D				N	0			"
"EP	110001077	110069554	07:59:00	51.3602	3.1363	0.528	0.1584	 4	D				N	0			"
"EP	110001077	110069555	08:01:00	51.3617	3.1435	0.529	0.1587	 4	D				N	0			"
"EP	110001077	110069556	08:03:00	51.3632	3.1509	0.536	0.1608	 4	D				N	0			"
"EP	110001077	110069557	08:05:00	51.3646	3.1583	0.548	0.1644	 4	D				N	0			"
"EP	110001077	110069558	08:07:00	51.3660	3.1659	0.553	0.1659	 4	D				N	0			"
"EP	110001077	110069559	08:09:00	51.3674	3.1736	0.554	0.1662	 4	D				N	0			"
"EP	110001077	110069560	08:11:00	51.3690	3.1811	0.550	0.1650	 4	D				N	0			"
"EP	110001077	110069561	08:13:00	51.3707	3.1885	0.554	0.1662	 4	D				N	0			"
"EP	110001077	110069562	08:15:00	51.3723	3.1960	0.549	0.1647	 4	D				N	0			"
"EP	110001077	110069563	08:17:00	51.3739	3.2035	0.548	0.1644	 4	D				N	0			"
"EP	110001077	110069564	08:19:00	51.3754	3.2110	0.546	0.1638	 4	D				N	0			"
"EP	110001077	110069565	08:21:00	51.3767	3.2185	0.539	0.1617	 4	D				N	0			"
"EP	110001077	110069566	08:23:00	51.3780	3.2259	0.532	0.1596	 4	D				N	0			"
"EP	110001077	110069567	08:25:00	51.3797	3.2308	0.284	0.0852	 4	D				N	0			"
"EP	110001077	110069568	08:26:00	51.3835	3.2321	0.636	0.1908	 4	D				N	0			"
"EP	110001077	110069569	08:28:00	51.3893	3.2306	0.687	0.2061	 4	D				N	0			"
"EP	110001077	110069570	08:30:00	51.3953	3.2275	0.702	0.2106	 4	D				N	0			"
"EP	110001077	110069571	08:32:00	51.4013	3.2241	0.711	0.2133	 4	D				N	0			"
"EP	110001077	110069572	08:34:00	51.4073	3.2206	0.725	0.2175	 4	D				N	0			"
"EP	110001077	110069573	08:36:00	51.4134	3.2169	0.729	0.2187	 4	D				N	0			"
"EP	110001077	110069574	08:38:00	51.4179	3.2138	0.359	0.1077	 4	D				N	0			"
"EP	110001077	110069575	08:39:00	51.4191	3.2069	0.777	0.2331	 4	D				N	0			"
"EP	110001077	110069576	08:41:00	51.4182	3.1957	0.785	0.2355	 4	D				N	0			"
"EP	110001077	110069577	08:43:00	51.4167	3.1847	0.777	0.2331	 4	D				N	0			"
"EP	110001077	110069578	08:45:00	51.4152	3.1739	0.770	0.2310	 4	D				N	0			"
"EP	110001077	110069579	08:47:00	51.4134	3.1631	0.769	0.2307	 4	D				N	0			"
"EP	110001077	110069580	08:49:00	51.4116	3.1525	0.765	0.2295	 4	D				N	0			"
"EP	110001077	110069581	08:51:00	51.4103	3.1445	0.378	0.1134	 4	D				N	0			"
"EP	110001077	110069582	08:52:00	51.4107	3.1367	0.733	0.2199	 4	D				N	0			"
"EP	110001077	110069583	08:54:00	51.4127	3.1266	0.742	0.2226	 4	D				N	0			"
"EP	110001077	110069584	08:56:00	51.4152	3.1167	0.736	0.2208	 4	D				N	0			"
"EP	110001077	110069585	08:58:00	51.4176	3.1068	0.739	0.2217	 4	D				N	0			"
"EP	110001077	110069586	09:00:00	51.4201	3.0969	0.748	0.2244	 4	D				N	0			"
"EP	110001077	110069587	09:02:00	51.4226	3.0869	0.751	0.2253	 4	D				N	0			"
"EP	110001077	110069588	09:04:00	51.4250	3.0768	0.749	0.2247	 4	D				N	0			"
"EP	110001077	110069589	09:06:00	51.4274	3.0667	0.741	0.2223	 4	D				N	0			"
"EP	110001077	110069590	09:08:00	51.4297	3.0567	0.741	0.2223	 4	D				N	0			"
"EP	110001077	110069591	09:10:00	51.4320	3.0468	0.734	0.2202	 4	D				N	0			"
"EP	110001077	110069592	09:12:00	51.4342	3.0370	0.711	0.2133	 4	D				N	0			"
"EP	110001077	110069593	09:14:00	51.4361	3.0274	0.695	0.2085	 4	D				N	0			"
"EP	110001077	110069594	09:16:00	51.4379	3.0178	0.694	0.2082	 4	D				N	0			"
"EP	110001077	110069595	09:18:00	51.4398	3.0082	0.691	0.2073	 4	D				N	0			"
"EP	110001077	110069596	09:20:00	51.4415	2.9987	0.696	0.2088	 4	D				N	0			"
"EP	110001077	110069597	09:22:00	51.4433	2.9890	0.694	0.2082	 4	D				N	0			"
"EP	110001077	110069598	09:24:00	51.4448	2.9793	0.702	0.2106	 4	D				N	0			"
"EP	110001077	110069599	09:26:00	51.4463	2.9695	0.700	0.2100	 4	D				N	0			"
"EP	110001077	110069600	09:28:00	51.4477	2.9596	0.705	0.2115	 4	D				N	0			"
"EP	110001077	110069601	09:30:00	51.4490	2.9496	0.713	0.2139	 4	D				N	0			"
"EP	110001077	110069602	09:32:00	51.4503	2.9395	0.713	0.2139	 4	D				N	0			"
"EP	110001077	110069603	09:34:00	51.4517	2.9296	0.705	0.2115	 4	D				N	0			"
"EP	110001077	110069604	09:36:00	51.4531	2.9197	0.701	0.2103	 4	D				N	0			"
"EP	110001077	110069605	09:38:00	51.4542	2.9123	0.349	0.1047	 4	D				N	0			"
"EP	110001077	110069606	09:39:00	51.4535	2.9050	0.708	0.2124	 4	D				N	0			"
"EP	110001077	110069607	09:41:00	51.4509	2.8955	0.736	0.2208	 4	D				N	0			"
"EP	110001077	110069608	09:43:00	51.4479	2.8861	0.728	0.2184	 4	D				N	0			"
"EP	110001077	110069609	09:45:00	51.4449	2.8767	0.728	0.2184	 4	D				N	0			"
"EP	110001077	110069610	09:47:00	51.4419	2.8674	0.732	0.2196	 4	D				N	0			"
"EP	110001077	110069611	09:49:00	51.4389	2.8580	0.736	0.2208	 4	D				N	0			"
"EP	110001077	110069612	09:51:00	51.4359	2.8485	0.749	0.2247	 4	D				N	0			"
"EP	110001077	110069613	09:53:00	51.4328	2.8388	0.754	0.2262	 4	D				N	0			"
"EP	110001077	110069614	09:55:00	51.4297	2.8291	0.758	0.2274	 4	D				N	0			"
"EP	110001077	110069615	09:57:00	51.4267	2.8193	0.761	0.2283	 4	D				N	0			"
"EP	110001077	110069616	09:59:00	51.4236	2.8095	0.764	0.2292	 4	D				N	0			"
"EP	110001077	110069617	10:01:00	51.4205	2.7997	0.762	0.2286	 4	D				N	0			"
"EP	110001077	110069618	10:03:00	51.4174	2.7899	0.762	0.2286	 4	D				N	0			"
"EP	110001077	110069619	10:05:00	51.4142	2.7802	0.761	0.2283	 4	D				N	0			"
"EP	110001077	110069620	10:07:00	51.4110	2.7705	0.767	0.2301	 4	D				N	0			"
"EP	110001077	110069621	10:09:00	51.4078	2.7607	0.768	0.2304	 4	D				N	0			"
"EP	110001077	110069622	10:11:00	51.4045	2.7510	0.771	0.2313	 4	D				N	0			"
"EP	110001077	110069623	10:13:00	51.4012	2.7412	0.777	0.2331	 4	D				N	0			"
"EP	110001077	110069624	10:15:00	51.3978	2.7313	0.780	0.2340	 4	D				N	0			"
"EP	110001077	110069625	10:17:00	51.3945	2.7214	0.775	0.2325	 4	D				N	0			"
"EP	110001077	110069626	10:19:00	51.3920	2.7141	0.385	0.1155	 4	D				N	0			"
"EP	110001077	110069627	10:20:00	51.3890	2.7073	0.769	0.2307	 4	D				N	0			"
"EP	110001077	110069628	10:22:00	51.3847	2.6988	0.765	0.2295	 4	D				N	0			"
"EP	110001077	110069629	10:24:00	51.3801	2.6906	0.761	0.2283	 4	D				N	0			"
"EP	110001077	110069630	10:26:00	51.3753	2.6828	0.762	0.2286	 4	D				N	0			"
"EP	110001077	110069631	10:28:00	51.3705	2.6750	0.766	0.2298	 4	D				N	0			"
"EP	110001077	110069632	10:30:00	51.3656	2.6672	0.767	0.2301	 4	D				N	0			"
"EP	110001077	110069633	10:32:00	51.3607	2.6595	0.767	0.2301	 4	D				N	0			"
"EP	110001077	110069634	10:34:00	51.3557	2.6519	0.766	0.2298	 4	D				N	0			"
"EP	110001077	110069635	10:36:00	51.3506	2.6444	0.767	0.2301	 4	D				N	0			"
"EP	110001077	110069636	10:38:00	51.3456	2.6368	0.772	0.2316	 4	D				N	0			"
"EP	110001077	110069637	10:40:00	51.3405	2.6293	0.771	0.2313	 4	D				N	0			"
"EP	110001077	110069638	10:42:00	51.3355	2.6217	0.775	0.2325	 4	D				N	0			"
"EP	110001077	110069639	10:44:00	51.3304	2.6140	0.779	0.2337	 4	D				N	0			"
"EP	110001077	110069640	10:46:00	51.3253	2.6063	0.780	0.2340	 4	D				N	0			"
"EP	110001077	110069641	10:48:00	51.3202	2.5987	0.775	0.2325	 4	D				N	0			"
"EP	110001077	110069642	10:50:00	51.3151	2.5912	0.769	0.2307	 4	D				N	0			"
"EP	110001077	110069643	10:52:00	51.3100	2.5837	0.766	0.2298	 4	D				N	0			"
"EP	110001077	110069644	10:54:00	51.3050	2.5762	0.768	0.2304	 4	D				N	0			"
"EP	110001077	110069645	10:56:00	51.3000	2.5685	0.772	0.2316	 4	D				N	0			"
"EP	110001077	110069646	10:58:00	51.2949	2.5609	0.769	0.2307	 4	D				N	0			"
"EP	110001077	110069647	11:00:00	51.2899	2.5535	0.764	0.2292	 4	D				N	0			"
"EP	110001077	110069648	11:02:00	51.2848	2.5463	0.752	0.2256	 4	D				N	0			"
"EP	110001077	110069649	11:04:00	51.2795	2.5395	0.748	0.2244	 4	D				N	0			"
"EP	110001077	110069650	11:06:00	51.2742	2.5331	0.744	0.2232	 4	D				N	0			"
"EP	110001077	110069651	11:08:00	51.2688	2.5267	0.743	0.2229	 4	D				N	0			"
"EP	110001077	110069652	11:10:00	51.2635	2.5204	0.738	0.2214	 4	D				N	0			"
"EP	110001077	110069653	11:12:00	51.2581	2.5142	0.740	0.2220	 4	D				N	0			"
"EP	110001077	110069654	11:14:00	51.2526	2.5081	0.740	0.2220	 4	D				N	0			"
"EP	110001077	110069655	11:16:00	51.2472	2.5020	0.731	0.2193	 4	D				N	0			"
"EP	110001077	110069656	11:18:00	51.2419	2.4960	0.721	0.2163	 4	D				N	0			"
"EP	110001077	110069657	11:20:00	51.2367	2.4899	0.715	0.2145	 4	D				N	0			"
"EP	110001077	110069658	11:22:00	51.2315	2.4838	0.713	0.2139	 4	D				N	0			"
"EP	110001077	110069659	11:24:00	51.2264	2.4776	0.715	0.2145	 4	D				N	0			"
"EP	110001077	110069660	11:26:00	51.2213	2.4714	0.716	0.2148	 4	D				N	0			"
"EP	110001077	110069661	11:28:00	51.2162	2.4652	0.715	0.2145	 4	D				N	0			"
"EP	110001077	110069662	11:30:00	51.2110	2.4591	0.713	0.2139	 4	D				N	0			"
"EP	110001077	110069663	11:32:00	51.2059	2.4530	0.710	0.2130	 4	D				N	0			"
"EP	110001077	110069664	11:34:00	51.2020	2.4492	0.327	0.0981	 4	D				N	0			"
"EP	110001077	110069665	11:35:00	51.1983	2.4514	0.645	0.1935	 4	D				N	0			"
"EP	110001077	110069666	11:37:00	51.1938	2.4573	0.657	0.1971	 4	D				N	0			"
"EP	110001077	110069667	11:39:00	51.1905	2.4619	0.323	0.0969	 4	D				N	0			"
"EP	110001077	110069668	11:40:00	51.1890	2.4669	0.506	0.1518	 4	D				N	0			"
"EP	110001077	110069669	11:42:00	51.1896	2.4743	0.557	0.1671	 4	D				N	0			"
"EP	110001077	110069670	11:44:00	51.1913	2.4818	0.558	0.1674	 4	D				N	0			"
"EP	110001077	110069671	11:46:00	51.1931	2.4893	0.563	0.1689	 4	D				N	0			"
"EP	110001077	110069672	11:48:00	51.1949	2.4968	0.565	0.1695	 4	D				N	0			"
"EP	110001077	110069673	11:50:00	51.1970	2.5043	0.572	0.1716	 4	D				N	0			"
"EP	110001077	110069674	11:52:00	51.1990	2.5118	0.579	0.1737	 4	D				N	0			"
"EP	110001077	110069675	11:54:00	51.2011	2.5195	0.581	0.1743	 4	D				N	0			"
"EP	110001077	110069676	11:56:00	51.2031	2.5271	0.582	0.1746	 4	D				N	0			"
"EP	110001077	110069677	11:58:00	51.2052	2.5349	0.588	0.1764	 4	D				N	0			"
"EP	110001077	110069678	12:00:00	51.2073	2.5427	0.601	0.1803	 4	D				N	0			"
"EP	110001077	110069679	12:02:00	51.2095	2.5506	0.608	0.1824	 4	D				N	0			"
"EP	110001077	110069680	12:04:00	51.2115	2.5587	0.604	0.1812	 4	D				N	0			"
"EP	110001077	110069681	12:06:00	51.2136	2.5667	0.600	0.1800	 4	D				N	0			"
"EP	110001077	110069682	12:08:00	51.2156	2.5746	0.596	0.1788	 4	D				N	0			"
"EP	110001077	110069683	12:10:00	51.2178	2.5824	0.593	0.1779	 4	D				N	0			"
"EP	110001077	110069684	12:12:00	51.2201	2.5901	0.590	0.1770	 4	D				N	0			"
"EP	110001077	110069685	12:14:00	51.2222	2.5978	0.593	0.1779	 4	D				N	0			"
"EP	110001077	110069686	12:16:00	51.2243	2.6057	0.595	0.1785	 4	D				N	0			"
"EP	110001077	110069687	12:18:00	51.2264	2.6136	0.600	0.1800	 4	D				N	0			"
"EP	110001077	110069688	12:20:00	51.2286	2.6214	0.604	0.1812	 4	D				N	0			"
"EP	110001077	110069689	12:22:00	51.2308	2.6294	0.609	0.1827	 4	D				N	0			"
"EP	110001077	110069690	12:24:00	51.2330	2.6374	0.611	0.1833	 4	D				N	0			"
"EP	110001077	110069691	12:26:00	51.2343	2.6436	0.300	0.0900	 4	D				N	0			"
"EP	110001077	110069692	12:27:00	51.2319	2.6453	0.585	0.1755	 4	D				N	0			"
"EP	110001077	110069693	12:29:00	51.2266	2.6424	0.697	0.2091	 4	D				N	0			"
"EP	110001077	110069694	12:31:00	51.2211	2.6375	0.697	0.2091	 4	D				N	0			"
"EP	110001077	110069695	12:33:00	51.2156	2.6327	0.696	0.2088	 4	D				N	0			"
"EP	110001077	110069696	12:35:00	51.2103	2.6276	0.695	0.2085	 4	D				N	0			"
"EP	110001077	110069697	12:37:00	51.2049	2.6225	0.691	0.2073	 4	D				N	0			"
"EP	110001077	110069698	12:39:00	51.1996	2.6174	0.685	0.2055	 4	D				N	0			"
"EP	110001077	110069699	12:41:00	51.1944	2.6124	0.681	0.2043	 4	D				N	0			"
"EP	110001077	110069700	12:43:00	51.1891	2.6074	0.678	0.2034	 4	D				N	0			"
"EP	110001077	110069701	12:45:00	51.1840	2.6023	0.672	0.2016	 4	D				N	0			"
"EP	110001077	110069702	12:47:00	51.1789	2.5972	0.667	0.2001	 4	D				N	0			"
"EP	110001077	110069703	12:49:00	51.1738	2.5921	0.663	0.1989	 4	D				N	0			"
"EP	110001077	110069704	12:51:00	51.1688	2.5872	0.657	0.1971	 4	D				N	0			"
"EP	110001077	110069705	12:53:00	51.1648	2.5845	0.329	0.0987	 4	D				N	0			"
"EP	110001077	110069706	12:54:00	51.1610	2.5869	0.636	0.1908	 4	D				N	0			"
"EP	110001077	110069707	12:56:00	51.1585	2.5944	0.681	0.2043	 4	D				N	0			"
"EP	110001077	110069708	12:58:00	51.1583	2.6042	0.684	0.2052	 4	D				N	0			"
"EP	110001077	110069709	13:00:00	51.1583	2.6140	0.681	0.2043	 4	D				N	0			"
"EP	110001077	110069710	13:02:00	51.1585	2.6238	0.687	0.2061	 4	D				N	0			"
"EP	110001077	110069711	13:04:00	51.1598	2.6333	0.685	0.2055	 4	D				N	0			"
"EP	110001077	110069712	13:06:00	51.1624	2.6422	0.692	0.2076	 4	D				N	0			"
"EP	110001077	110069713	13:08:00	51.1659	2.6504	0.696	0.2088	 4	D				N	0			"
"EP	110001077	110069714	13:10:00	51.1697	2.6583	0.697	0.2091	 4	D				N	0			"
"EP	110001077	110069715	13:12:00	51.1734	2.6664	0.699	0.2097	 4	D				N	0			"
"EP	110001077	110069716	13:14:00	51.1771	2.6745	0.700	0.2100	 4	D				N	0			"
"EP	110001077	110069717	13:16:00	51.1805	2.6829	0.706	0.2118	 4	D				N	0			"
"EP	110001077	110069718	13:18:00	51.1835	2.6919	0.712	0.2136	 4	D				N	0			"
"EP	110001077	110069719	13:20:00	51.1863	2.7011	0.714	0.2142	 4	D				N	0			"
"EP	110001077	110069720	13:22:00	51.1888	2.7106	0.721	0.2163	 4	D				N	0			"
"EP	110001077	110069721	13:24:00	51.1909	2.7204	0.727	0.2181	 4	D				N	0			"
"EP	110001077	110069722	13:26:00	51.1927	2.7305	0.734	0.2202	 4	D				N	0			"
"EP	110001077	110069723	13:28:00	51.1945	2.7406	0.738	0.2214	 4	D				N	0			"
"EP	110001077	110069724	13:30:00	51.1966	2.7506	0.740	0.2220	 4	D				N	0			"
"EP	110001077	110069725	13:32:00	51.1992	2.7604	0.736	0.2208	 4	D				N	0			"
"EP	110001077	110069726	13:34:00	51.2018	2.7701	0.736	0.2208	 4	D				N	0			"
"EP	110001077	110069727	13:36:00	51.2044	2.7798	0.741	0.2223	 4	D				N	0			"
"EP	110001077	110069728	13:38:00	51.2071	2.7896	0.745	0.2235	 4	D				N	0			"
"EP	110001077	110069729	13:40:00	51.2099	2.7993	0.747	0.2241	 4	D				N	0			"
"EP	110001077	110069730	13:42:00	51.2127	2.8091	0.753	0.2259	 4	D				N	0			"
"EP	110001077	110069731	13:44:00	51.2155	2.8189	0.759	0.2277	 4	D				N	0			"
"EP	110001077	110069732	13:46:00	51.2185	2.8288	0.764	0.2292	 4	D				N	0			"
"EP	110001077	110069733	13:48:00	51.2214	2.8387	0.765	0.2295	 4	D				N	0			"
"EP	110001077	110069734	13:50:00	51.2244	2.8486	0.763	0.2289	 4	D				N	0			"
"EP	110001077	110069735	13:52:00	51.2274	2.8584	0.765	0.2295	 4	D				N	0			"
"EP	110001077	110069736	13:54:00	51.2304	2.8684	0.772	0.2316	 4	D				N	0			"
"EP	110001077	110069737	13:56:00	51.2334	2.8783	0.773	0.2319	 4	D				N	0			"
"EP	110001077	110069738	13:58:00	51.2365	2.8883	0.774	0.2322	 4	D				N	0			"
"EP	110001077	110069739	14:00:00	51.2396	2.8982	0.779	0.2337	 4	D				N	0			"
"EP	110001077	110069740	14:02:00	51.2420	2.9057	0.392	0.1176	 4	D				N	0			"
"EP	110001077	110069741	14:03:00	51.2438	2.9111	0.465	0.1395	 4	D				N	0			"
"EP	110001078	110069742	07:20:00	51.2470	2.9115	0.596	0.1788	 5	D	none			N	0			"
"EP	110001078	110069743	07:22:00	51.2517	2.9068	0.641	0.1923	 5	D	none			N	0			"
"EP	110001078	110069744	07:24:00	51.2570	2.9031	0.637	0.1911	 5	D	none			N	0			"
"EP	110001078	110069745	07:26:00	51.2623	2.8998	0.640	0.1920	 5	D	none			N	0			"
"EP	110001078	110069746	07:28:00	51.2677	2.8966	0.638	0.1914	 5	D	none			N	0			"
"EP	110001078	110069747	07:30:00	51.2731	2.8934	0.636	0.1908	 5	D	none			N	0			"
"EP	110001078	110069748	07:32:00	51.2785	2.8908	0.629	0.1887	 5	D	none			N	0			"
"EP	110001078	110069749	07:34:00	51.2839	2.8898	0.595	0.1785	 5	D	none			N	0			"
"EP	110001078	110069750	07:36:00	51.2885	2.8925	0.571	0.1713	 5	D	none			N	0			"
"EP	110001078	110069751	07:38:00	51.2920	2.8985	0.576	0.1728	 5	D	none			N	0			"
"EP	110001078	110069752	07:40:00	51.2950	2.9053	0.572	0.1716	 5	D	none			N	0			"
"EP	110001078	110069753	07:42:00	51.2978	2.9121	0.567	0.1701	 5	D	none			N	0			"
"EP	110001078	110069754	07:44:00	51.3006	2.9189	0.567	0.1701	 5	D	none			N	0			"
"EP	110001078	110069755	07:46:00	51.3034	2.9257	0.570	0.1710	 5	D	none			N	0			"
"EP	110001078	110069756	07:48:00	51.3063	2.9325	0.569	0.1707	 5	D	none			N	0			"
"EP	110001078	110069757	07:50:00	51.3091	2.9393	0.572	0.1716	 5	D	none			N	0			"
"EP	110001078	110069758	07:52:00	51.3120	2.9462	0.576	0.1728	 5	D	none			N	0			"
"EP	110001078	110069759	07:54:00	51.3149	2.9531	0.578	0.1734	 5	D	none			N	0			"
"EP	110001078	110069760	07:56:00	51.3179	2.9598	0.579	0.1737	 5	D	none			N	0			"
"EP	110001078	110069761	07:58:00	51.3211	2.9664	0.583	0.1749	 5	D	none			N	0			"
"EP	110001078	110069762	08:00:00	51.3243	2.9731	0.588	0.1764	 5	D	none			N	0			"
"EP	110001078	110069763	08:02:00	51.3275	2.9799	0.592	0.1776	 5	D	none			N	0			"
"EP	110001078	110069764	08:04:00	51.3307	2.9866	0.595	0.1785	 5	C	none			R	0			"
"EP	110001078	110069765	08:06:00	51.3336	2.9937	0.584	0.1752	 5	C	none			R	0			"
"EP	110001078	110069766	08:08:00	51.3356	3.0015	0.599	0.1797	 5	C	none			R	0			"
"EP	110001078	110069767	08:10:00	51.3369	3.0099	0.601	0.1803	 5	C	none			R	0			"
"EP	110001078	110069768	08:12:00	51.3384	3.0182	0.600	0.1800	 5	C	none			R	0			"
"EP	110001078	110069769	08:14:00	51.3398	3.0265	0.600	0.1800	 5	C	none			R	0			"
"EP	110001078	110069770	08:16:00	51.3414	3.0347	0.598	0.1794	 5	D	none			N	0			"
"EP	110001078	110069771	08:18:00	51.3431	3.0429	0.596	0.1788	 5	D	none			N	0			"
"EP	110001078	110069772	08:20:00	51.3449	3.0510	0.605	0.1815	 5	D	none			N	0			"
"EP	110001078	110069773	08:22:00	51.3465	3.0594	0.609	0.1827	 5	D	none			N	0			"
"EP	110001078	110069774	08:24:00	51.3481	3.0678	0.613	0.1839	 5	D	none			N	0			"
"EP	110001078	110069775	08:26:00	51.3495	3.0763	0.618	0.1854	 5	D	none			N	0			"
"EP	110001078	110069776	08:28:00	51.3511	3.0849	0.621	0.1863	 5	D	none			N	0			"
"EP	110001078	110069777	08:30:00	51.3526	3.0935	0.627	0.1881	 5	D	none			N	0			"
"EP	110001078	110069778	08:32:00	51.3542	3.1022	0.627	0.1881	 5	D	none			N	0			"
"EP	110001078	110069779	08:34:00	51.3558	3.1109	0.631	0.1893	 5	D	none			N	0			"
"EP	110001078	110069780	08:36:00	51.3574	3.1196	0.634	0.1902	 5	D	none			N	0			"
"EP	110001078	110069781	08:38:00	51.3590	3.1284	0.641	0.1923	 5	D	none			N	0			"
"EP	110001078	110069782	08:40:00	51.3606	3.1373	0.647	0.1941	 5	D	none			N	0			"
"EP	110001078	110069783	08:42:00	51.3623	3.1462	0.653	0.1959	 5	D	none			N	0			"
"EP	110001078	110069784	08:44:00	51.3640	3.1553	0.662	0.1986	 5	D	none			N	0			"
"EP	110001078	110069785	08:46:00	51.3657	3.1645	0.671	0.2013	 5	D	none			N	0			"
"EP	110001078	110069786	08:48:00	51.3675	3.1738	0.683	0.2049	 5	D	none			N	0			"
"EP	110001078	110069787	08:50:00	51.3694	3.1832	0.689	0.2067	 5	D	none			N	0			"
"EP	110001078	110069788	08:52:00	51.3712	3.1927	0.693	0.2079	 5	D	none			N	0			"
"EP	110001078	110069789	08:54:00	51.3731	3.2023	0.698	0.2094	 5	D	none			N	0			"
"EP	110001078	110069790	08:56:00	51.3749	3.2119	0.704	0.2112	 5	D	none			N	0			"
"EP	110001078	110069791	08:58:00	51.3767	3.2216	0.705	0.2115	 5	D	none			N	0			"
"EP	110001078	110069792	09:00:00	51.3790	3.2309	0.680	0.2040	 5	D	none			N	0			"
"EP	110001078	110069793	09:02:00	51.3831	3.2353	0.600	0.1800	 5	D	none			N	0			"
"EP	110001078	110069794	09:04:00	51.3885	3.2340	0.633	0.1899	 5	D	none			N	0			"
"EP	110001078	110069795	09:06:00	51.3940	3.2315	0.637	0.1911	 5	D	none			N	0			"
"EP	110001078	110069796	09:08:00	51.3995	3.2290	0.636	0.1908	 5	D	none			N	0			"
"EP	110001078	110069797	09:10:00	51.4050	3.2267	0.646	0.1938	 5	D	none			N	0			"
"EP	110001078	110069798	09:12:00	51.4106	3.2246	0.637	0.1911	 5	D	none			N	0			"
"EP	110001078	110069799	09:14:00	51.4161	3.2222	0.617	0.1851	 5	D	none			N	0			"
"EP	110001078	110069800	09:16:00	51.4202	3.2178	0.526	0.1578	 5	D	none			N	0			"
"EP	110001078	110069801	09:18:00	51.4208	3.2108	0.587	0.1761	 5	D	none			N	0			"
"EP	110001078	110069802	09:20:00	51.4194	3.2027	0.582	0.1746	 5	D	none			N	0			"
"EP	110001078	110069803	09:22:00	51.4181	3.1946	0.582	0.1746	 5	D	none			N	0			"
"EP	110001078	110069804	09:24:00	51.4168	3.1865	0.579	0.1737	 5	D	none			N	0			"
"EP	110001078	110069805	09:26:00	51.4154	3.1784	0.580	0.1740	 5	D	none			N	0			"
"EP	110001078	110069806	09:28:00	51.4139	3.1704	0.578	0.1734	 5	D	none			N	0			"
"EP	110001078	110069807	09:30:00	51.4125	3.1625	0.574	0.1722	 5	D	none			N	0			"
"EP	110001078	110069808	09:32:00	51.4111	3.1545	0.570	0.1710	 5	D	none			N	0			"
"EP	110001078	110069809	09:34:00	51.4100	3.1465	0.567	0.1701	 5	D	none			N	0			"
"EP	110001078	110069810	09:36:00	51.4103	3.1387	0.555	0.1665	 5	D	none			N	0			"
"EP	110001078	110069811	09:38:00	51.4119	3.1311	0.568	0.1704	 5	D	none			N	0			"
"EP	110001078	110069812	09:40:00	51.4138	3.1234	0.572	0.1716	 5	D	none			N	0			"
"EP	110001078	110069813	09:42:00	51.4158	3.1158	0.574	0.1722	 5	D	none			N	0			"
"EP	110001078	110069814	09:44:00	51.4178	3.1081	0.581	0.1743	 5	D	none			N	0			"
"EP	110001078	110069815	09:46:00	51.4198	3.1004	0.579	0.1737	 5	D	none			N	0			"
"EP	110001078	110069816	09:48:00	51.4219	3.0927	0.583	0.1749	 5	D	none			N	0			"
"EP	110001078	110069817	09:50:00	51.4241	3.0850	0.590	0.1770	 5	D	none			N	0			"
"EP	110001078	110069818	09:52:00	51.4263	3.0773	0.594	0.1782	 5	D	none			N	0			"
"EP	110001078	110069819	09:54:00	51.4285	3.0695	0.586	0.1758	 5	D	none			N	0			"
"EP	110001078	110069820	09:56:00	51.4303	3.0616	0.581	0.1743	 5	D	none			N	0			"
"EP	110001078	110069821	09:58:00	51.4317	3.0535	0.586	0.1758	 5	D	none			N	0			"
"EP	110001078	110069822	10:00:00	51.4328	3.0453	0.579	0.1737	 5	D	none			N	0			"
"EP	110001078	110069823	10:02:00	51.4338	3.0373	0.560	0.1680	 5	D	none			N	0			"
"EP	110001078	110069824	10:04:00	51.4351	3.0294	0.580	0.1740	 5	D	none			N	0			"
"EP	110001078	110069825	10:06:00	51.4369	3.0215	0.586	0.1758	 5	D	none			N	0			"
"EP	110001078	110069826	10:08:00	51.4388	3.0136	0.595	0.1785	 5	D	none			N	0			"
"EP	110001078	110069827	10:10:00	51.4408	3.0055	0.607	0.1821	 5	D	none			N	0			"
"EP	110001078	110069828	10:12:00	51.4427	2.9973	0.603	0.1809	 5	D	none			N	0			"
"EP	110001078	110069829	10:14:00	51.4441	2.9890	0.598	0.1794	 5	D	none			N	0			"
"EP	110001078	110069830	10:16:00	51.4453	2.9807	0.589	0.1767	 5	D	none			N	0			"
"EP	110001078	110069831	10:18:00	51.4464	2.9724	0.582	0.1746	 5	D	none			N	0			"
"EP	110001078	110069832	10:20:00	51.4475	2.9642	0.581	0.1743	 5	D	none			N	0			"
"EP	110001078	110069833	10:22:00	51.4486	2.9560	0.584	0.1752	 5	D	none			N	0			"
"EP	110001078	110069834	10:24:00	51.4498	2.9479	0.576	0.1728	 5	D	none			N	0			"
"EP	110001078	110069835	10:26:00	51.4510	2.9398	0.583	0.1749	 5	D	none			N	0			"
"EP	110001078	110069836	10:28:00	51.4523	2.9316	0.587	0.1761	 5	D	none			N	0			"
"EP	110001078	110069837	10:30:00	51.4536	2.9234	0.581	0.1743	 5	D	none			N	0			"
"EP	110001078	110069838	10:32:00	51.4549	2.9153	0.577	0.1731	 5	D	none			N	0			"
"EP	110001078	110069839	10:34:00	51.4545	2.9079	0.533	0.1599	 5	D	none			N	0			"
"EP	110001078	110069840	10:36:00	51.4523	2.9010	0.534	0.1602	 5	D	none			N	0			"
"EP	110001078	110069841	10:38:00	51.4499	2.8943	0.537	0.1611	 5	D	none			N	0			"
"EP	110001078	110069842	10:40:00	51.4477	2.8874	0.543	0.1629	 5	D	none			N	0			"
"EP	110001078	110069843	10:42:00	51.4455	2.8805	0.536	0.1608	 5	D	none			N	0			"
"EP	110001078	110069844	10:44:00	51.4433	2.8736	0.530	0.1590	 5	D	none			N	0			"
"EP	110001078	110069845	10:46:00	51.4412	2.8668	0.533	0.1599	 5	D	none			N	0			"
"EP	110001078	110069846	10:48:00	51.4390	2.8599	0.533	0.1599	 5	D	none			N	0			"
"EP	110001078	110069847	10:50:00	51.4368	2.8532	0.524	0.1572	 5	D	none			N	0			"
"EP	110001078	110069848	10:52:00	51.4347	2.8465	0.518	0.1554	 5	D	none			N	0			"
"EP	110001078	110069849	10:54:00	51.4326	2.8398	0.513	0.1539	 5	D	none			N	0			"
"EP	110001078	110069850	10:56:00	51.4306	2.8332	0.514	0.1542	 5	D	none			N	0			"
"EP	110001078	110069851	10:58:00	51.4286	2.8265	0.512	0.1536	 5	D	none			N	0			"
"EP	110001078	110069852	11:00:00	51.4266	2.8199	0.513	0.1539	 5	D	none			N	0			"
"EP	110001078	110069853	11:02:00	51.4249	2.8130	0.515	0.1545	 5	D	none			N	0			"
"EP	110001078	110069854	11:04:00	51.4235	2.8058	0.527	0.1581	 5	D	none			N	0			"
"EP	110001078	110069855	11:06:00	51.4219	2.7987	0.528	0.1584	 5	D	none			N	0			"
"EP	110001078	110069856	11:08:00	51.4199	2.7918	0.535	0.1605	 5	D	none			N	0			"
"EP	110001078	110069857	11:10:00	51.4174	2.7852	0.535	0.1605	 5	D	none			N	0			"
"EP	110001078	110069858	11:12:00	51.4148	2.7787	0.535	0.1605	 5	D	none			N	0			"
"EP	110001078	110069859	11:14:00	51.4122	2.7722	0.536	0.1608	 5	D	none			N	0			"
"EP	110001078	110069860	11:16:00	51.4096	2.7657	0.537	0.1611	 5	D	none			N	0			"
"EP	110001078	110069861	11:18:00	51.4071	2.7590	0.541	0.1623	 5	D	none			N	0			"
"EP	110001078	110069862	11:20:00	51.4047	2.7523	0.542	0.1626	 5	D	none			N	0			"
"EP	110001078	110069863	11:22:00	51.4023	2.7454	0.543	0.1629	 5	D	none			N	0			"
"EP	110001078	110069864	11:24:00	51.4000	2.7386	0.535	0.1605	 5	D	none			N	0			"
"EP	110001078	110069865	11:26:00	51.3977	2.7318	0.536	0.1608	 5	D	none			N	0			"
"EP	110001078	110069866	11:28:00	51.3956	2.7248	0.539	0.1617	 5	D	none			N	0			"
"EP	110001078	110069867	11:30:00	51.3935	2.7179	0.541	0.1623	 5	D	none			N	0			"
"EP	110001078	110069868	11:32:00	51.3913	2.7110	0.534	0.1602	 5	D	none			N	0			"
"EP	110001078	110069869	11:34:00	51.3897	2.7059	0.259	0.0777	 5	D	none			N	0			"
"EP	110001078	110069870	11:35:00	51.3868	2.7033	0.530	0.1590	 5	D	none			N	0			"
"EP	110001078	110069871	11:37:00	51.3821	2.7017	0.543	0.1629	 5	D	none			N	0			"
"EP	110001078	110069872	11:39:00	51.3773	2.7004	0.543	0.1629	 5	D	none			N	0			"
"EP	110001078	110069873	11:41:00	51.3725	2.6991	0.545	0.1635	 7	B	none			R	0			"
"EP	110001078	110069874	11:43:00	51.3677	2.6977	0.549	0.1647	 7	B	none			R	0			"
"EP	110001078	110069875	11:45:00	51.3628	2.6964	0.547	0.1641	 7	B	none			R	0			"
"EP	110001078	110069876	11:47:00	51.3579	2.6951	0.548	0.1644	 7	B	none			R	0			"
"EP	110001078	110069877	11:49:00	51.3531	2.6938	0.547	0.1641	 7	B	none			R	0			"
"EP	110001078	110069878	11:51:00	51.3482	2.6927	0.546	0.1638	 7	B	none			R	0			"
"EP	110001078	110069879	11:53:00	51.3434	2.6916	0.545	0.1635	 7	B	none			R	0			"
"EP	110001078	110069880	11:55:00	51.3385	2.6905	0.554	0.1662	 7	B	none			R	0			"
"EP	110001078	110069881	11:57:00	51.3335	2.6894	0.559	0.1677	 7	B	none			R	0			"
"EP	110001078	110069882	11:59:00	51.3286	2.6881	0.561	0.1683	 7	B	none			R	0			"
"EP	110001078	110069883	12:01:00	51.3236	2.6869	0.558	0.1674	 7	B	none			R	0			"
"EP	110001078	110069884	12:03:00	51.3187	2.6857	0.553	0.1659	 7	B	none			R	0			"
"EP	110001078	110069885	12:05:00	51.3138	2.6847	0.550	0.1650	 7	B	none			R	0			"
"EP	110001078	110069886	12:07:00	51.3088	2.6837	0.554	0.1662	 6	D	none			N	0			"
"EP	110001078	110069887	12:09:00	51.3039	2.6826	0.555	0.1665	 6	D	none			N	0			"
"EP	110001078	110069888	12:11:00	51.2990	2.6810	0.560	0.1680	 6	D	none			N	0			"
"EP	110001078	110069889	12:13:00	51.2941	2.6791	0.563	0.1689	 6	D	none			N	0			"
"EP	110001078	110069890	12:15:00	51.2892	2.6770	0.565	0.1695	 6	D	none			N	0			"
"EP	110001078	110069891	12:17:00	51.2843	2.6749	0.564	0.1692	 6	D	none			N	0			"
"EP	110001078	110069892	12:19:00	51.2794	2.6728	0.561	0.1683	 6	D	none			N	0			"
"EP	110001078	110069893	12:21:00	51.2746	2.6707	0.563	0.1689	 6	D	none			N	0			"
"EP	110001078	110069894	12:23:00	51.2697	2.6685	0.564	0.1692	 6	D	none			N	0			"
"EP	110001078	110069895	12:25:00	51.2648	2.6663	0.567	0.1701	 6	D	none			N	0			"
"EP	110001078	110069896	12:27:00	51.2599	2.6642	0.564	0.1692	 6	D	none			N	0			"
"EP	110001078	110069897	12:29:00	51.2550	2.6620	0.563	0.1689	 6	D	none			N	0			"
"EP	110001078	110069898	12:31:00	51.2501	2.6599	0.564	0.1692	 6	D	none			N	0			"
"EP	110001078	110069899	12:33:00	51.2452	2.6578	0.567	0.1701	 6	D	none			N	0			"
"EP	110001078	110069900	12:35:00	51.2403	2.6556	0.578	0.1734	 6	D	none			N	0			"
"EP	110001078	110069901	12:37:00	51.2353	2.6531	0.581	0.1743	 6	D	none			N	0			"
"EP	110001078	110069902	12:39:00	51.2304	2.6504	0.581	0.1743	 6	D	none			N	0			"
"EP	110001078	110069903	12:41:00	51.2255	2.6473	0.576	0.1728	 6	D	none			N	0			"
"EP	110001078	110069904	12:43:00	51.2208	2.6439	0.578	0.1734	 6	D	none			N	0			"
"EP	110001078	110069905	12:45:00	51.2161	2.6404	0.579	0.1737	 6	D	none			N	0			"
"EP	110001078	110069906	12:47:00	51.2114	2.6369	0.577	0.1731	 6	D	none			N	0			"
"EP	110001078	110069907	12:49:00	51.2068	2.6330	0.576	0.1728	 6	D	none			N	0			"
"EP	110001078	110069908	12:51:00	51.2024	2.6289	0.575	0.1725	 6	D	none			N	0			"
"EP	110001078	110069909	12:53:00	51.1979	2.6248	0.575	0.1725	 6	D	none			N	0			"
"EP	110001078	110069910	12:55:00	51.1934	2.6207	0.577	0.1731	 6	D	none			N	0			"
"EP	110001078	110069911	12:57:00	51.1889	2.6166	0.578	0.1734	 6	D	none			N	0			"
"EP	110001078	110069912	12:59:00	51.1844	2.6125	0.574	0.1722	 6	D	none			N	0			"
"EP	110001078	110069913	13:01:00	51.1799	2.6084	0.577	0.1731	 6	D	none			N	0			"
"EP	110001078	110069914	13:03:00	51.1754	2.6043	0.572	0.1716	 6	D	none			N	0			"
"EP	110001078	110069915	13:05:00	51.1721	2.6013	0.285	0.0855	 6	D	none			N	0			"
"EP	110001078	110069916	13:06:00	51.1684	2.6010	0.573	0.1719	 6	D	none			N	0			"
"EP	110001078	110069917	13:08:00	51.1634	2.6042	0.641	0.1923	 6	D	none			N	0			"
"EP	110001078	110069918	13:10:00	51.1588	2.6097	0.652	0.1956	 6	D	none			N	0			"
"EP	110001078	110069919	13:12:00	51.1556	2.6173	0.669	0.2007	 6	D	none			N	0			"
"EP	110001078	110069920	13:14:00	51.1554	2.6268	0.704	0.2112	 6	D	none			N	0			"
"EP	110001078	110069921	13:16:00	51.1576	2.6362	0.708	0.2124	 6	D	none			N	0			"
"EP	110001078	110069922	13:18:00	51.1605	2.6453	0.712	0.2136	 6	D	none			N	0			"
"EP	110001078	110069923	13:20:00	51.1634	2.6544	0.715	0.2145	 6	D	none			N	0			"
"EP	110001078	110069924	13:22:00	51.1662	2.6636	0.716	0.2148	 6	D	none			N	0			"
"EP	110001078	110069925	13:24:00	51.1689	2.6728	0.713	0.2139	 6	D	none			N	0			"
"EP	110001078	110069926	13:26:00	51.1717	2.6821	0.715	0.2145	 6	D	none			N	0			"
"EP	110001078	110069927	13:28:00	51.1744	2.6913	0.705	0.2115	 6	D	none			N	0			"
"EP	110001078	110069928	13:30:00	51.1771	2.7004	0.703	0.2109	 6	D	none			N	0			"
"EP	110001078	110069929	13:32:00	51.1799	2.7095	0.709	0.2127	 6	D	none			N	0			"
"EP	110001078	110069930	13:34:00	51.1827	2.7187	0.717	0.2151	 6	D	none			N	0			"
"EP	110001078	110069931	13:36:00	51.1855	2.7279	0.719	0.2157	 6	D	none			N	0			"
"EP	110001078	110069932	13:38:00	51.1883	2.7372	0.717	0.2151	 6	D	none			N	0			"
"EP	110001078	110069933	13:40:00	51.1911	2.7465	0.722	0.2166	 5	D	none			N	0			"
"EP	110001078	110069934	13:42:00	51.1939	2.7558	0.720	0.2160	 5	D	none			N	0			"
"EP	110001078	110069935	13:44:00	51.1967	2.7652	0.718	0.2154	 5	D	none			N	0			"
"EP	110001078	110069936	13:46:00	51.1994	2.7745	0.723	0.2169	 5	D	none			N	0			"
"EP	110001078	110069937	13:48:00	51.2021	2.7839	0.722	0.2166	 5	D	none			N	0			"
"EP	110001078	110069938	13:50:00	51.2049	2.7932	0.719	0.2157	 5	D	none			N	0			"
"EP	110001078	110069939	13:52:00	51.2078	2.8024	0.722	0.2166	 5	D	none			N	0			"
"EP	110001078	110069940	13:54:00	51.2109	2.8116	0.718	0.2154	 5	D	none			N	0			"
"EP	110001078	110069941	13:56:00	51.2139	2.8206	0.714	0.2142	 5	D	none			N	0			"
"EP	110001078	110069942	13:58:00	51.2170	2.8296	0.717	0.2151	 5	D	none			N	0			"
"EP	110001078	110069943	14:00:00	51.2200	2.8387	0.719	0.2157	 5	D	none			N	0			"
"EP	110001078	110069944	14:02:00	51.2230	2.8478	0.716	0.2148	 5	D	none			N	0			"
"EP	110001078	110069945	14:04:00	51.2261	2.8568	0.711	0.2133	 5	D	none			N	0			"
"EP	110001078	110069946	14:06:00	51.2291	2.8658	0.713	0.2139	 5	D	none			N	0			"
"EP	110001078	110069947	14:08:00	51.2322	2.8748	0.712	0.2136	 5	D	none			N	0			"
"EP	110001078	110069948	14:10:00	51.2352	2.8837	0.705	0.2115	 5	D	none			N	0			"
"EP	110001078	110069949	14:12:00	51.2382	2.8926	0.706	0.2118	 5	D	none			N	0			"
"EP	110001078	110069950	14:14:00	51.2413	2.9014	0.696	0.2088	 5	D	none			N	0			"
"EP	110001078	110069951	14:16:00	51.2427	2.9078	0.278	0.0834	 5	D	none			N	0			"
"EP	110001079	110069952	06:44:00	51.2415	2.9061	0.581	0.1743	 3	D	none			N	0			"
"EP	110001079	110069953	06:46:00	51.2390	2.8983	0.640	0.1920	 3	D	none			N	0			"
"EP	110001079	110069954	06:48:00	51.2364	2.8905	0.595	0.1785	 3	D	none			N	0			"
"EP	110001079	110069955	06:50:00	51.2339	2.8829	0.597	0.1791	 3	D	none			N	0			"
"EP	110001079	110069956	06:52:00	51.2314	2.8753	0.598	0.1794	 3	D	none			N	0			"
"EP	110001079	110069957	06:54:00	51.2288	2.8678	0.597	0.1791	 3	D	none			N	0			"
"EP	110001079	110069958	06:56:00	51.2263	2.8602	0.597	0.1791	 3	D	none			N	0			"
"EP	110001079	110069959	06:58:00	51.2238	2.8527	0.596	0.1788	 3	D	none			N	0			"
"EP	110001079	110069960	07:00:00	51.2212	2.8452	0.596	0.1788	 3	D	none			N	0			"
"EP	110001079	110069961	07:02:00	51.2186	2.8377	0.597	0.1791	 3	D	none			N	0			"
"EP	110001079	110069962	07:04:00	51.2161	2.8301	0.598	0.1794	 3	D	none			N	0			"
"EP	110001079	110069963	07:06:00	51.2135	2.8226	0.599	0.1797	 3	D	none			N	0			"
"EP	110001079	110069964	07:08:00	51.2109	2.8151	0.598	0.1794	 3	D	none			N	0			"
"EP	110001079	110069965	07:10:00	51.2083	2.8075	0.601	0.1803	 3	D	none			N	0			"
"EP	110001079	110069966	07:12:00	51.2058	2.7999	0.604	0.1812	 3	D	none			N	0			"
"EP	110001079	110069967	07:14:00	51.2032	2.7923	0.604	0.1812	 3	D	none			N	0			"
"EP	110001079	110069968	07:16:00	51.2006	2.7847	0.603	0.1809	 3	D	none			N	0			"
"EP	110001079	110069969	07:18:00	51.1980	2.7771	0.604	0.1812	 3	D	none			N	0			"
"EP	110001079	110069970	07:20:00	51.1956	2.7693	0.607	0.1821	 3	D	none			N	0			"
"EP	110001079	110069971	07:22:00	51.1935	2.7613	0.610	0.1830	 3	D	none			N	0			"
"EP	110001079	110069972	07:24:00	51.1915	2.7531	0.611	0.1833	 3	D	none			N	0			"
"EP	110001079	110069973	07:26:00	51.1895	2.7449	0.615	0.1845	 3	D	none			N	0			"
"EP	110001079	110069974	07:28:00	51.1876	2.7367	0.615	0.1845	 3	D	none			N	0			"
"EP	110001079	110069975	07:30:00	51.1856	2.7285	0.616	0.1848	 3	D	none			N	0			"
"EP	110001079	110069976	07:32:00	51.1835	2.7203	0.616	0.1848	 3	D	none			N	0			"
"EP	110001079	110069977	07:34:00	51.1815	2.7120	0.614	0.1842	 3	D	none			N	0			"
"EP	110001079	110069978	07:36:00	51.1795	2.7038	0.613	0.1839	 3	D	none			N	0			"
"EP	110001079	110069979	07:38:00	51.1775	2.6957	0.615	0.1845	 3	D	none			N	0			"
"EP	110001079	110069980	07:40:00	51.1752	2.6877	0.614	0.1842	 3	D	none			N	0			"
"EP	110001079	110069981	07:42:00	51.1728	2.6797	0.614	0.1842	 3	D	none			N	0			"
"EP	110001079	110069982	07:44:00	51.1705	2.6718	0.614	0.1842	 3	D	none			N	0			"
"EP	110001079	110069983	07:46:00	51.1681	2.6638	0.614	0.1842	 3	D	none			N	0			"
"EP	110001079	110069984	07:48:00	51.1657	2.6559	0.614	0.1842	 3	D	none			N	0			"
"EP	110001079	110069985	07:50:00	51.1635	2.6479	0.615	0.1845	 3	D	none			N	0			"
"EP	110001079	110069986	07:52:00	51.1615	2.6396	0.621	0.1863	 3	D	none			N	0			"
"EP	110001079	110069987	07:54:00	51.1599	2.6311	0.623	0.1869	 3	D	none			N	0			"
"EP	110001079	110069988	07:56:00	51.1590	2.6223	0.626	0.1878	 3	D	none			N	0			"
"EP	110001079	110069989	07:58:00	51.1588	2.6133	0.622	0.1866	 3	D	none			N	0			"
"EP	110001079	110069990	08:00:00	51.1585	2.6044	0.623	0.1869	 3	D	none			N	0			"
"EP	110001079	110069991	08:02:00	51.1578	2.5956	0.621	0.1863	 3	D	none			N	0			"
"EP	110001079	110069992	08:04:00	51.1561	2.5871	0.628	0.1884	 3	D	none			N	0			"
"EP	110001079	110069993	08:06:00	51.1544	2.5786	0.619	0.1857	 3	D	none			N	0			"
"EP	110001079	110069994	08:08:00	51.1558	2.5755	0.468	0.1404	 3	D	none			N	0			"
"EP	110001079	110069995	08:10:00	51.1602	2.5796	0.673	0.2019	 3	D	none			N	0			"
"EP	110001079	110069996	08:12:00	51.1654	2.5847	0.699	0.2097	 3	D	none			N	0			"
"EP	110001079	110069997	08:14:00	51.1710	2.5893	0.697	0.2091	 3	D	none			N	0			"
"EP	110001079	110069998	08:16:00	51.1765	2.5940	0.698	0.2094	 3	D	none			N	0			"
"EP	110001079	110069999	08:18:00	51.1820	2.5987	0.689	0.2067	 3	D	none			N	0			"
"EP	110001079	110070000	08:20:00	51.1875	2.6033	0.686	0.2058	 3	D	none			N	0			"
"EP	110001079	110070001	08:22:00	51.1929	2.6080	0.683	0.2049	 3	D	none			N	0			"
"EP	110001079	110070002	08:24:00	51.1982	2.6128	0.680	0.2040	 3	D	none			N	0			"
"EP	110001079	110070003	08:26:00	51.2035	2.6178	0.680	0.2040	 3	D	none			N	0			"
"EP	110001079	110070004	08:28:00	51.2087	2.6229	0.681	0.2043	 3	D	none			N	0			"
"EP	110001079	110070005	08:30:00	51.2139	2.6281	0.683	0.2049	 3	D	none			N	0			"
"EP	110001079	110070006	08:32:00	51.2190	2.6334	0.685	0.2055	 3	D	none			N	0			"
"EP	110001079	110070007	08:34:00	51.2242	2.6387	0.684	0.2052	 3	D	none			N	0			"
"EP	110001079	110070008	08:36:00	51.2293	2.6442	0.680	0.2040	 3	D	none			N	0			"
"EP	110001079	110070009	08:38:00	51.2333	2.6448	0.463	0.1389	 3	D	none			N	0			"
"EP	110001079	110070010	08:40:00	51.2336	2.6385	0.637	0.1911	 3	D	none			N	0			"
"EP	110001079	110070011	08:42:00	51.2312	2.6302	0.640	0.1920	 3	D	none			N	0			"
"EP	110001079	110070012	08:44:00	51.2288	2.6218	0.642	0.1926	 3	D	none			N	0			"
"EP	110001079	110070013	08:46:00	51.2265	2.6134	0.638	0.1914	 3	D	none			N	0			"
"EP	110001079	110070014	08:48:00	51.2241	2.6051	0.633	0.1899	 3	D	none			N	0			"
"EP	110001079	110070015	08:50:00	51.2218	2.5969	0.631	0.1893	 3	D	none			N	0			"
"EP	110001079	110070016	08:52:00	51.2194	2.5886	0.631	0.1893	 3	D	none			N	0			"
"EP	110001079	110070017	08:54:00	51.2171	2.5804	0.631	0.1893	 3	D	none			N	0			"
"EP	110001079	110070018	08:56:00	51.2148	2.5721	0.632	0.1896	 3	D	none			N	0			"
"EP	110001079	110070019	08:58:00	51.2125	2.5638	0.630	0.1890	 3	D	none			N	0			"
"EP	110001079	110070020	09:00:00	51.2102	2.5556	0.630	0.1890	 3	D	none			N	0			"
"EP	110001079	110070021	09:02:00	51.2079	2.5473	0.632	0.1896	 3	D	none			N	0			"
"EP	110001079	110070022	09:04:00	51.2056	2.5390	0.636	0.1908	 3	D	none			N	0			"
"EP	110001079	110070023	09:06:00	51.2033	2.5306	0.638	0.1914	 3	D	none			N	0			"
"EP	110001079	110070024	09:08:00	51.2010	2.5222	0.640	0.1920	 3	D	none			N	0			"
"EP	110001079	110070025	09:10:00	51.1986	2.5138	0.643	0.1929	 3	D	none			N	0			"
"EP	110001079	110070026	09:12:00	51.1963	2.5054	0.646	0.1938	 3	D	none			N	0			"
"EP	110001079	110070027	09:14:00	51.1940	2.4968	0.648	0.1944	 3	D	none			N	0			"
"EP	110001079	110070028	09:16:00	51.1919	2.4882	0.648	0.1944	 3	D	none			N	0			"
"EP	110001079	110070029	09:18:00	51.1898	2.4796	0.648	0.1944	 3	D	none			N	0			"
"EP	110001079	110070030	09:20:00	51.1886	2.4708	0.622	0.1866	 3	D	none			N	0			"
"EP	110001079	110070031	09:22:00	51.1906	2.4630	0.663	0.1989	 3	D	none			N	0			"
"EP	110001079	110070032	09:24:00	51.1952	2.4569	0.669	0.2007	 3	D	none			N	0			"
"EP	110001079	110070033	09:26:00	51.2002	2.4516	0.675	0.2025	 3	D	none			N	0			"
"EP	110001079	110070034	09:28:00	51.2057	2.4498	0.674	0.2022	 3	D	none			N	0			"
"EP	110001079	110070035	09:30:00	51.2112	2.4536	0.694	0.2082	 3	D	none			N	0			"
"EP	110001079	110070036	09:32:00	51.2164	2.4593	0.695	0.2085	 3	D	none			N	0			"
"EP	110001079	110070037	09:34:00	51.2215	2.4649	0.693	0.2079	 3	D	none			N	0			"
"EP	110001079	110070038	09:36:00	51.2266	2.4706	0.693	0.2079	 3	D	none			N	0			"
"EP	110001079	110070039	09:38:00	51.2317	2.4762	0.693	0.2079	 3	D	none			N	0			"
"EP	110001079	110070040	09:40:00	51.2369	2.4819	0.692	0.2076	 3	D	none			N	0			"
"EP	110001079	110070041	09:42:00	51.2420	2.4875	0.691	0.2073	 3	D	none			N	0			"
"EP	110001079	110070042	09:44:00	51.2471	2.4931	0.687	0.2061	 3	D	none			N	0			"
"EP	110001079	110070043	09:46:00	51.2521	2.4987	0.686	0.2058	 3	D	none			N	0			"
"EP	110001079	110070044	09:48:00	51.2572	2.5043	0.688	0.2064	 3	D	none			N	0			"
"EP	110001079	110070045	09:50:00	51.2623	2.5098	0.687	0.2061	 3	D	none			N	0			"
"EP	110001079	110070046	09:52:00	51.2674	2.5154	0.687	0.2061	 3	D	none			N	0			"
"EP	110001079	110070047	09:54:00	51.2725	2.5210	0.685	0.2055	 3	D	none			N	0			"
"EP	110001079	110070048	09:56:00	51.2776	2.5265	0.686	0.2058	 3	D	none			N	0			"
"EP	110001079	110070049	09:58:00	51.2796	2.5330	0.523	0.1569	 3	D	weak			N	0			"
"EP	110001079	110070050	10:00:00	51.2771	2.5401	0.647	0.1941	 3	D	weak			N	0			"
"EP	110001079	110070051	10:02:00	51.2732	2.5469	0.644	0.1932	 3	D	weak			N	0			"
"EP	110001079	110070052	10:04:00	51.2693	2.5535	0.620	0.1860	 3	D	weak			N	0			"
"EP	110001079	110070053	10:06:00	51.2656	2.5601	0.619	0.1857	 3	D	weak			N	0			"
"EP	110001079	110070054	10:08:00	51.2650	2.5673	0.618	0.1854	 3	D	weak			N	0			"
"EP	110001079	110070055	10:10:00	51.2685	2.5745	0.667	0.2001	 3	D	weak			N	0			"
"EP	110001079	110070056	10:12:00	51.2729	2.5811	0.670	0.2010	 3	D	weak			N	0			"
"EP	110001079	110070057	10:14:00	51.2773	2.5877	0.671	0.2013	 3	D	weak			N	0			"
"EP	110001079	110070058	10:16:00	51.2817	2.5942	0.667	0.2001	 3	D	weak			N	0			"
"EP	110001079	110070059	10:18:00	51.2862	2.6005	0.667	0.2001	 3	D	weak			N	0			"
"EP	110001079	110070060	10:20:00	51.2907	2.6069	0.667	0.2001	 3	D	weak			N	0			"
"EP	110001079	110070061	10:22:00	51.2952	2.6132	0.666	0.1998	 3	D	weak			N	0			"
"EP	110001079	110070062	10:24:00	51.2997	2.6195	0.667	0.2001	 3	D	weak			N	0			"
"EP	110001079	110070063	10:26:00	51.3047	2.6213	0.643	0.1929	 3	D	none			N	0			"
"EP	110001079	110070064	10:28:00	51.3090	2.6159	0.662	0.1986	 3	D	none			N	0			"
"EP	110001079	110070065	10:30:00	51.3113	2.6071	0.678	0.2034	 3	D	none			N	0			"
"EP	110001079	110070066	10:32:00	51.3127	2.5976	0.673	0.2019	 3	D	none			N	0			"
"EP	110001079	110070067	10:34:00	51.3140	2.5882	0.673	0.2019	 3	D	none			N	0			"
"EP	110001079	110070068	10:36:00	51.3152	2.5787	0.674	0.2022	 3	D	none			N	0			"
"EP	110001079	110070069	10:38:00	51.3164	2.5692	0.677	0.2031	 3	D	none			N	0			"
"EP	110001079	110070070	10:40:00	51.3176	2.5597	0.676	0.2028	 3	D	none			N	0			"
"EP	110001079	110070071	10:42:00	51.3187	2.5501	0.671	0.2013	 3	D	none			N	0			"
"EP	110001079	110070072	10:44:00	51.3198	2.5406	0.670	0.2010	 3	D	none			N	0			"
"EP	110001079	110070073	10:46:00	51.3210	2.5312	0.671	0.2013	 3	D	none			N	0			"
"EP	110001079	110070074	10:48:00	51.3225	2.5219	0.675	0.2025	 3	D	none			N	0			"
"EP	110001079	110070075	10:50:00	51.3241	2.5125	0.679	0.2037	 3	D	none			N	0			"
"EP	110001079	110070076	10:52:00	51.3257	2.5030	0.682	0.2046	 3	D	none			N	0			"
"EP	110001079	110070077	10:54:00	51.3273	2.4935	0.685	0.2055	 3	D	none			N	0			"
"EP	110001079	110070078	10:56:00	51.3290	2.4841	0.673	0.2019	 3	D	none			N	0			"
"EP	110001079	110070079	10:58:00	51.3306	2.4748	0.675	0.2025	 3	D	none			N	0			"
"EP	110001079	110070080	11:00:00	51.3323	2.4655	0.677	0.2031	 3	D	none			N	0			"
"EP	110001079	110070081	11:02:00	51.3339	2.4561	0.678	0.2034	 3	D	none			N	0			"
"EP	110001079	110070082	11:04:00	51.3356	2.4467	0.685	0.2055	 3	D	none			N	0			"
"EP	110001079	110070083	11:06:00	51.3372	2.4372	0.683	0.2049	 3	D	none			N	0			"
"EP	110001079	110070084	11:08:00	51.3392	2.4281	0.668	0.2004	 3	D	none			N	0			"
"EP	110001079	110070085	11:10:00	51.3430	2.4208	0.680	0.2040	 3	D	none			N	0			"
"EP	110001079	110070086	11:12:00	51.3479	2.4151	0.682	0.2046	 3	D	none			N	0			"
"EP	110001079	110070087	11:14:00	51.3529	2.4093	0.686	0.2058	 3	D	none			N	0			"
"EP	110001079	110070088	11:16:00	51.3579	2.4036	0.684	0.2052	 3	D	none			N	0			"
"EP	110001079	110070089	11:18:00	51.3629	2.3979	0.679	0.2037	 3	D	none			N	0			"
"EP	110001079	110070090	11:20:00	51.3679	2.3923	0.676	0.2028	 3	D	none			N	0			"
"EP	110001079	110070091	11:22:00	51.3730	2.3870	0.678	0.2034	 3	D	none			N	0			"
"EP	110001079	110070092	11:24:00	51.3782	2.3819	0.679	0.2037	 3	D	none			N	0			"
"EP	110001079	110070093	11:26:00	51.3834	2.3770	0.676	0.2028	 3	D	none			N	0			"
"EP	110001079	110070094	11:28:00	51.3887	2.3722	0.678	0.2034	 3	D	none			N	0			"
"EP	110001079	110070095	11:30:00	51.3940	2.3673	0.678	0.2034	 3	D	none			N	0			"
"EP	110001079	110070096	11:32:00	51.3992	2.3624	0.677	0.2031	 3	D	none			N	0			"
"EP	110001079	110070097	11:34:00	51.4048	2.3590	0.659	0.1977	 3	D	none			N	0			"
"EP	110001079	110070098	11:36:00	51.4103	2.3601	0.657	0.1971	 3	D	none			N	0			"
"EP	110001079	110070099	11:38:00	51.4156	2.3643	0.660	0.1980	 3	D	none			N	0			"
"EP	110001079	110070100	11:40:00	51.4209	2.3687	0.657	0.1971	 3	D	none			N	0			"
"EP	110001079	110070101	11:42:00	51.4261	2.3732	0.658	0.1974	 3	D	none			N	0			"
"EP	110001079	110070102	11:44:00	51.4312	2.3779	0.660	0.1980	 3	D	none			N	0			"
"EP	110001079	110070103	11:46:00	51.4363	2.3826	0.656	0.1968	 3	D	none			N	0			"
"EP	110001079	110070104	11:48:00	51.4415	2.3873	0.657	0.1971	 3	D	none			N	0			"
"EP	110001079	110070105	11:50:00	51.4465	2.3921	0.656	0.1968	 3	D	none			N	0			"
"EP	110001079	110070106	11:52:00	51.4516	2.3970	0.658	0.1974	 3	D	none			N	0			"
"EP	110001079	110070107	11:54:00	51.4565	2.4021	0.657	0.1971	 3	D	none			N	0			"
"EP	110001079	110070108	11:56:00	51.4614	2.4074	0.657	0.1971	 3	D	none			N	0			"
"EP	110001079	110070109	11:58:00	51.4655	2.4138	0.625	0.1875	 3	D	none			N	0			"
"EP	110001079	110070110	12:00:00	51.4663	2.4210	0.531	0.1593	 3	D	none			N	0			"
"EP	110001079	110070111	12:02:00	51.4631	2.4272	0.642	0.1926	 3	D	none			N	0			"
"EP	110001079	110070112	12:04:00	51.4583	2.4323	0.647	0.1941	 3	D	none			N	0			"
"EP	110001079	110070113	12:06:00	51.4535	2.4375	0.643	0.1929	 3	D	none			N	0			"
"EP	110001079	110070114	12:08:00	51.4487	2.4427	0.641	0.1923	 3	D	none			N	0			"
"EP	110001079	110070115	12:10:00	51.4439	2.4478	0.642	0.1926	 3	D	none			N	0			"
"EP	110001079	110070116	12:12:00	51.4391	2.4530	0.647	0.1941	 3	D	none			N	0			"
"EP	110001079	110070117	12:14:00	51.4343	2.4582	0.648	0.1944	 3	D	none			N	0			"
"EP	110001079	110070118	12:16:00	51.4307	2.4621	0.323	0.0969	 3	D	none			N	0			"
"EP	110001079	110070119	12:17:00	51.4306	2.4672	0.572	0.1716	 3	D	none			N	0			"
"EP	110001079	110070120	12:19:00	51.4338	2.4741	0.642	0.1926	 3	D	none			N	0			"
"EP	110001079	110070121	12:21:00	51.4381	2.4802	0.646	0.1938	 3	D	none			N	0			"
"EP	110001079	110070122	12:23:00	51.4425	2.4862	0.645	0.1935	 3	D	none			N	0			"
"EP	110001079	110070123	12:25:00	51.4470	2.4921	0.645	0.1935	 3	D	none			N	0			"
"EP	110001079	110070124	12:27:00	51.4515	2.4979	0.645	0.1935	 3	D	none			N	0			"
"EP	110001079	110070125	12:29:00	51.4561	2.5037	0.645	0.1935	 3	D	none			N	0			"
"EP	110001079	110070126	12:31:00	51.4606	2.5096	0.645	0.1935	 3	D	none			N	0			"
"EP	110001079	110070127	12:33:00	51.4651	2.5154	0.648	0.1944	 3	D	none			N	0			"
"EP	110001079	110070128	12:35:00	51.4696	2.5213	0.650	0.1950	 3	D	none			N	0			"
"EP	110001079	110070129	12:37:00	51.4742	2.5271	0.647	0.1941	 3	D	none			N	0			"
"EP	110001079	110070130	12:39:00	51.4788	2.5328	0.647	0.1941	 3	D	none			N	0			"
"EP	110001079	110070131	12:41:00	51.4835	2.5384	0.651	0.1953	 3	D	none			N	0			"
"EP	110001079	110070132	12:43:00	51.4882	2.5440	0.650	0.1950	 3	D	none			N	0			"
"EP	110001079	110070133	12:45:00	51.4929	2.5495	0.647	0.1941	 3	D	none			N	0			"
"EP	110001079	110070134	12:47:00	51.4959	2.5539	0.275	0.0825	 3	D	none			N	0			"
"EP	110001079	110070135	12:48:00	51.4946	2.5588	0.614	0.1842	 3	D	none			N	0			"
"EP	110001079	110070136	12:50:00	51.4906	2.5651	0.637	0.1911	 3	D	none			N	0			"
"EP	110001079	110070137	12:52:00	51.4865	2.5716	0.648	0.1944	 3	D	none			N	0			"
"EP	110001079	110070138	12:54:00	51.4823	2.5782	0.649	0.1947	 3	D	none			N	0			"
"EP	110001079	110070139	12:56:00	51.4782	2.5848	0.648	0.1944	 3	D	none			N	0			"
"EP	110001079	110070140	12:58:00	51.4742	2.5915	0.643	0.1929	 3	D	none			N	0			"
"EP	110001079	110070141	13:00:00	51.4702	2.5982	0.641	0.1923	 3	D	none			N	0			"
"EP	110001079	110070142	13:02:00	51.4663	2.6050	0.641	0.1923	 3	D	none			N	0			"
"EP	110001079	110070143	13:04:00	51.4625	2.6120	0.640	0.1920	 3	D	none			N	0			"
"EP	110001079	110070144	13:06:00	51.4588	2.6190	0.643	0.1929	 3	D	none			N	0			"
"EP	110001079	110070145	13:08:00	51.4548	2.6258	0.647	0.1941	 3	D	none			N	0			"
"EP	110001079	110070146	13:10:00	51.4505	2.6321	0.649	0.1947	 3	D	none			N	0			"
"EP	110001079	110070147	13:12:00	51.4462	2.6384	0.645	0.1935	 3	D	none			N	0			"
"EP	110001079	110070148	13:14:00	51.4419	2.6445	0.641	0.1923	 3	D	none			N	0			"
"EP	110001079	110070149	13:16:00	51.4375	2.6506	0.641	0.1923	 3	D	none			N	0			"
"EP	110001079	110070150	13:18:00	51.4331	2.6565	0.644	0.1932	 3	D	none			N	0			"
"EP	110001079	110070151	13:20:00	51.4286	2.6624	0.646	0.1938	 3	D	none			N	0			"
"EP	110001079	110070152	13:22:00	51.4241	2.6683	0.653	0.1959	 3	D	none			N	0			"
"EP	110001079	110070153	13:24:00	51.4196	2.6743	0.655	0.1965	 3	D	none			N	0			"
"EP	110001079	110070154	13:26:00	51.4150	2.6803	0.655	0.1965	 3	D	none			N	0			"
"EP	110001079	110070155	13:28:00	51.4105	2.6863	0.657	0.1971	 3	D	none			N	0			"
"EP	110001079	110070156	13:30:00	51.4060	2.6924	0.650	0.1950	 3	D	none			N	0			"
"EP	110001079	110070157	13:32:00	51.4015	2.6983	0.642	0.1926	 3	D	none			N	0			"
"EP	110001079	110070158	13:34:00	51.3972	2.7044	0.635	0.1905	 3	D	none			N	0			"
"EP	110001079	110070159	13:36:00	51.3930	2.7105	0.628	0.1884	 3	D	none			N	0			"
"EP	110001079	110070160	13:38:00	51.3889	2.7167	0.633	0.1899	 3	D	none			N	0			"
"EP	110001079	110070161	13:40:00	51.3849	2.7231	0.633	0.1899	 3	D	none			N	0			"
"EP	110001079	110070162	13:42:00	51.3810	2.7297	0.634	0.1902	 3	D	none			N	0			"
"EP	110001079	110070163	13:44:00	51.3772	2.7366	0.635	0.1905	 3	D	none			N	0			"
"EP	110001079	110070164	13:46:00	51.3739	2.7439	0.629	0.1887	 3	D	none			N	0			"
"EP	110001079	110070165	13:48:00	51.3710	2.7517	0.630	0.1890	 3	D	none			N	0			"
"EP	110001079	110070166	13:50:00	51.3675	2.7588	0.635	0.1905	 3	D	none			N	0			"
"EP	110001079	110070167	13:52:00	51.3633	2.7651	0.634	0.1902	 3	D	none			N	0			"
"EP	110001079	110070168	13:54:00	51.3590	2.7711	0.636	0.1908	 3	D	none			N	0			"
"EP	110001079	110070169	13:56:00	51.3547	2.7770	0.637	0.1911	 3	D	none			N	0			"
"EP	110001079	110070170	13:58:00	51.3503	2.7830	0.635	0.1905	 3	D	none			N	0			"
"EP	110001079	110070171	14:00:00	51.3460	2.7889	0.633	0.1899	 3	D	none			N	0			"
"EP	110001079	110070172	14:02:00	51.3417	2.7949	0.635	0.1905	 3	D	none			N	0			"
"EP	110001079	110070173	14:04:00	51.3374	2.8008	0.636	0.1908	 3	D	none			N	0			"
"EP	110001079	110070174	14:06:00	51.3330	2.8066	0.635	0.1905	 3	D	none			N	0			"
"EP	110001079	110070175	14:08:00	51.3286	2.8125	0.633	0.1899	 3	D	none			N	0			"
"EP	110001079	110070176	14:10:00	51.3243	2.8183	0.633	0.1899	 3	D	none			N	0			"
"EP	110001079	110070177	14:12:00	51.3199	2.8241	0.633	0.1899	 3	D	none			N	0			"
"EP	110001079	110070178	14:14:00	51.3155	2.8300	0.635	0.1905	 3	D	none			N	0			"
"EP	110001079	110070179	14:16:00	51.3111	2.8358	0.637	0.1911	 3	D	none			N	0			"
"EP	110001079	110070180	14:18:00	51.3068	2.8418	0.637	0.1911	 3	D	none			N	0			"
"EP	110001079	110070181	14:20:00	51.3026	2.8481	0.633	0.1899	 3	D	none			N	0			"
"EP	110001079	110070182	14:22:00	51.2986	2.8545	0.631	0.1893	 3	D	none			N	0			"
"EP	110001079	110070183	14:24:00	51.2946	2.8610	0.634	0.1902	 3	D	none			N	0			"
"EP	110001079	110070184	14:26:00	51.2903	2.8669	0.644	0.1932	 3	D	none			N	0			"
"EP	110001079	110070185	14:28:00	51.2854	2.8720	0.653	0.1959	 3	D	none			N	0			"
"EP	110001079	110070186	14:30:00	51.2804	2.8766	0.643	0.1929	 3	D	none			N	0			"
"EP	110001079	110070187	14:32:00	51.2754	2.8812	0.636	0.1908	 3	D	none			N	0			"
"EP	110001079	110070188	14:34:00	51.2704	2.8856	0.638	0.1914	 3	D	none			N	0			"
"EP	110001079	110070189	14:36:00	51.2654	2.8900	0.636	0.1908	 3	D	none			N	0			"
"EP	110001079	110070190	14:38:00	51.2605	2.8947	0.632	0.1896	 3	D	none			N	0			"
"EP	110001079	110070191	14:40:00	51.2558	2.8999	0.636	0.1908	 3	D	none			N	0			"
"EP	110001079	110070192	14:42:00	51.2513	2.9055	0.636	0.1908	 3	D	none			N	0			"
"EP	110001079	110070193	14:44:00	51.2468	2.9112	0.636	0.1908	 3	D	none			N	0			"
"EP	110001079	110070194	14:46:00	51.2419	2.9078	1.057	0.3171	 3	D	none			N	0			"
"EP	110001080	110070195	08:02:00	51.2376	2.8973	0.683	0.2049	 5	C	none			N	0			"
"EP	110001080	110070196	08:04:00	51.2346	2.8887	0.689	0.2067	 5	C	none			N	0			"
"EP	110001080	110070197	08:06:00	51.2316	2.8801	0.686	0.2058	 5	C	none			N	0			"
"EP	110001080	110070198	08:08:00	51.2287	2.8714	0.691	0.2073	 5	C	none			N	0			"
"EP	110001080	110070199	08:10:00	51.2259	2.8626	0.685	0.2055	 5	C	none			N	0			"
"EP	110001080	110070200	08:12:00	51.2230	2.8538	0.691	0.2073	 5	C	none			N	0			"
"EP	110001080	110070201	08:14:00	51.2202	2.8450	0.692	0.2076	 5	C	none			N	0			"
"EP	110001080	110070202	08:16:00	51.2174	2.8361	0.700	0.2100	 5	C	none			N	0			"
"EP	110001080	110070203	08:18:00	51.2146	2.8270	0.704	0.2112	 5	C	none			N	0			"
"EP	110001080	110070204	08:20:00	51.2118	2.8180	0.701	0.2103	 5	C	none			N	0			"
"EP	110001080	110070205	08:22:00	51.2090	2.8090	0.705	0.2115	 5	C	none			N	0			"
"EP	110001080	110070206	08:24:00	51.2062	2.7999	0.704	0.2112	 5	C	none			N	0			"
"EP	110001080	110070207	08:26:00	51.2035	2.7908	0.710	0.2130	 5	C	none			N	0			"
"EP	110001080	110070208	08:28:00	51.2007	2.7816	0.710	0.2130	 5	C	none			N	0			"
"EP	110001080	110070209	08:30:00	51.1979	2.7725	0.710	0.2130	 5	C	none			N	0			"
"EP	110001080	110070210	08:32:00	51.1951	2.7633	0.706	0.2118	 5	C	none			N	0			"
"EP	110001080	110070211	08:34:00	51.1924	2.7542	0.707	0.2121	 5	C	none			N	0			"
"EP	110001080	110070212	08:36:00	51.1897	2.7450	0.707	0.2121	 5	C	none			N	0			"
"EP	110001080	110070213	08:38:00	51.1869	2.7359	0.707	0.2121	 5	C	none			N	0			"
"EP	110001080	110070214	08:40:00	51.1840	2.7269	0.703	0.2109	 5	C	none			N	0			"
"EP	110001080	110070215	08:42:00	51.1811	2.7180	0.702	0.2106	 5	C	none			N	0			"
"EP	110001080	110070216	08:44:00	51.1780	2.7093	0.697	0.2091	 5	C	none			N	0			"
"EP	110001080	110070217	08:46:00	51.1748	2.7007	0.692	0.2076	 5	C	none			N	0			"
"EP	110001080	110070218	08:48:00	51.1716	2.6922	0.690	0.2070	 5	C	none			N	0			"
"EP	110001080	110070219	08:50:00	51.1685	2.6838	0.682	0.2046	 5	C	none			N	0			"
"EP	110001080	110070220	08:52:00	51.1654	2.6754	0.677	0.2031	 5	C	none			N	0			"
"EP	110001080	110070221	08:54:00	51.1629	2.6665	0.677	0.2031	 5	C	none			N	0			"
"EP	110001080	110070222	08:56:00	51.1611	2.6573	0.680	0.2040	 5	C	none			N	0			"
"EP	110001080	110070223	08:58:00	51.1594	2.6479	0.680	0.2040	 5	C	none			N	0			"
"EP	110001080	110070224	09:00:00	51.1578	2.6385	0.675	0.2025	 5	C	none			N	0			"
"EP	110001080	110070225	09:02:00	51.1570	2.6290	0.680	0.2040	 5	C	none			N	0			"
"EP	110001080	110070226	09:04:00	51.1572	2.6191	0.693	0.2079	 5	C	none			N	0			"
"EP	110001080	110070227	09:06:00	51.1582	2.6094	0.688	0.2064	 5	C	none			N	0			"
"EP	110001080	110070228	09:08:00	51.1599	2.5999	0.688	0.2064	 5	C	none			N	0			"
"EP	110001080	110070229	09:10:00	51.1622	2.5908	0.688	0.2064	 5	C	none			N	0			"
"EP	110001080	110070230	09:12:00	51.1646	2.5849	0.311	0.0933	 5	C	none			N	0			"
"EP	110001080	110070231	09:13:00	51.1680	2.5843	0.545	0.1635	 5	C	none			N	0			"
"EP	110001080	110070232	09:15:00	51.1725	2.5877	0.587	0.1761	 5	C	none			N	0			"
"EP	110001080	110070233	09:17:00	51.1768	2.5925	0.582	0.1746	 5	C	none			N	0			"
"EP	110001080	110070234	09:19:00	51.1810	2.5974	0.579	0.1737	 5	C	none			N	0			"
"EP	110001080	110070235	09:21:00	51.1852	2.6022	0.572	0.1716	 5	C	none			N	0			"
"EP	110001080	110070236	09:23:00	51.1895	2.6069	0.578	0.1734	 5	C	none			N	0			"
"EP	110001080	110070237	09:25:00	51.1937	2.6116	0.576	0.1728	 5	C	none			N	0			"
"EP	110001080	110070238	09:27:00	51.1980	2.6162	0.574	0.1722	 5	C	none			N	0			"
"EP	110001080	110070239	09:29:00	51.2023	2.6207	0.575	0.1725	 5	C	none			N	0			"
"EP	110001080	110070240	09:31:00	51.2067	2.6251	0.575	0.1725	 5	C	none			N	0			"
"EP	110001080	110070241	09:33:00	51.2111	2.6294	0.579	0.1737	 5	C	none			N	0			"
"EP	110001080	110070242	09:35:00	51.2156	2.6337	0.585	0.1755	 5	C	none			N	0			"
"EP	110001080	110070243	09:37:00	51.2201	2.6381	0.591	0.1773	 5	C	none			N	0			"
"EP	110001080	110070244	09:39:00	51.2247	2.6424	0.590	0.1770	 5	C	none			N	0			"
"EP	110001080	110070245	09:41:00	51.2281	2.6457	0.298	0.0894	 5	C	none			N	0			"
"EP	110001080	110070246	09:42:00	51.2317	2.6476	0.553	0.1659	 5	C	none			N	0			"
"EP	110001080	110070247	09:44:00	51.2343	2.6441	0.585	0.1755	 5	C	none			N	0			"
"EP	110001080	110070248	09:46:00	51.2335	2.6353	0.678	0.2034	 5	C	none			N	0			"
"EP	110001080	110070249	09:48:00	51.2313	2.6262	0.682	0.2046	 5	C	none			N	0			"
"EP	110001080	110070250	09:50:00	51.2290	2.6171	0.688	0.2064	 5	C	none			N	0			"
"EP	110001080	110070251	09:52:00	51.2267	2.6080	0.683	0.2049	 5	C	none			N	0			"
"EP	110001080	110070252	09:54:00	51.2244	2.5989	0.687	0.2061	 5	C	none			N	0			"
"EP	110001080	110070253	09:56:00	51.2219	2.5899	0.683	0.2049	 5	C	none			N	0			"
"EP	110001080	110070254	09:58:00	51.2194	2.5810	0.674	0.2022	 5	C	none			N	0			"
"EP	110001080	110070255	10:00:00	51.2169	2.5723	0.671	0.2013	 5	C	none			N	0			"
"EP	110001080	110070256	10:02:00	51.2144	2.5636	0.653	0.1959	 5	C	none			N	0			"
"EP	110001080	110070257	10:04:00	51.2120	2.5552	0.648	0.1944	 5	C	none			N	0			"
"EP	110001080	110070258	10:06:00	51.2096	2.5468	0.641	0.1923	 5	C	none			N	0			"
"EP	110001080	110070259	10:08:00	51.2071	2.5384	0.646	0.1938	 5	C	none			N	0			"
"EP	110001080	110070260	10:10:00	51.2046	2.5301	0.644	0.1932	 5	C	none			N	0			"
"EP	110001080	110070261	10:12:00	51.2020	2.5217	0.654	0.1962	 5	C	none			N	0			"
"EP	110001080	110070262	10:14:00	51.1995	2.5132	0.659	0.1977	 5	C	none			N	0			"
"EP	110001080	110070263	10:16:00	51.1969	2.5048	0.657	0.1971	 5	C	none			N	0			"
"EP	110001080	110070264	10:18:00	51.1943	2.4963	0.646	0.1938	 5	C	none			N	0			"
"EP	110001080	110070265	10:20:00	51.1920	2.4879	0.643	0.1929	 5	C	none			N	0			"
"EP	110001080	110070266	10:22:00	51.1898	2.4796	0.617	0.1851	 5	C	none			N	0			"
"EP	110001080	110070267	10:24:00	51.1890	2.4713	0.574	0.1722	 6	C	none			N	0			"
"EP	110001080	110070268	10:26:00	51.1909	2.4641	0.581	0.1743	 6	C	none			N	0			"
"EP	110001080	110070269	10:28:00	51.1946	2.4583	0.568	0.1704	 6	C	none			N	0			"
"EP	110001080	110070270	10:30:00	51.1985	2.4531	0.560	0.1680	 6	C	none			N	0			"
"EP	110001080	110070271	10:32:00	51.2026	2.4522	0.543	0.1629	 6	C	none			N	0			"
"EP	110001080	110070272	10:34:00	51.2071	2.4567	0.654	0.1962	 6	C	none			N	0			"
"EP	110001080	110070273	10:36:00	51.2117	2.4626	0.660	0.1980	 6	C	none			N	0			"
"EP	110001080	110070274	10:38:00	51.2164	2.4684	0.656	0.1968	 6	C	none			N	0			"
"EP	110001080	110070275	10:40:00	51.2212	2.4740	0.658	0.1974	 6	C	none			N	0			"
"EP	110001080	110070276	10:42:00	51.2259	2.4795	0.648	0.1944	 6	C	none			N	0			"
"EP	110001080	110070277	10:44:00	51.2306	2.4850	0.654	0.1962	 6	C	none			N	0			"
"EP	110001080	110070278	10:46:00	51.2354	2.4906	0.662	0.1986	 6	C	none			N	0			"
"EP	110001080	110070279	10:48:00	51.2402	2.4963	0.665	0.1995	 6	C	none			N	0			"
"EP	110001080	110070280	10:50:00	51.2450	2.5019	0.668	0.2004	 6	C	none			N	0			"
"EP	110001080	110070281	10:52:00	51.2499	2.5076	0.674	0.2022	 6	C	none			N	0			"
"EP	110001080	110070282	10:54:00	51.2548	2.5132	0.674	0.2022	 6	C	none			N	0			"
"EP	110001080	110070283	10:56:00	51.2597	2.5191	0.690	0.2070	 6	C	none			N	0			"
"EP	110001080	110070284	10:58:00	51.2645	2.5255	0.703	0.2109	 6	C	none			N	0			"
"EP	110001080	110070285	11:00:00	51.2693	2.5319	0.689	0.2067	 6	C	none			N	0			"
"EP	110001080	110070286	11:02:00	51.2740	2.5383	0.684	0.2052	 6	C	none			N	0			"
"EP	110001080	110070287	11:04:00	51.2787	2.5446	0.676	0.2028	 6	C	none			N	0			"
"EP	110001080	110070288	11:06:00	51.2833	2.5509	0.680	0.2040	 6	C	none			N	0			"
"EP	110001080	110070289	11:08:00	51.2879	2.5575	0.687	0.2061	 6	C	none			N	0			"
"EP	110001080	110070290	11:10:00	51.2923	2.5644	0.696	0.2088	 6	C	none			N	0			"
"EP	110001080	110070291	11:12:00	51.2968	2.5715	0.705	0.2115	 6	C	none			N	0			"
"EP	110001080	110070292	11:14:00	51.3013	2.5787	0.712	0.2136	 6	C	none			N	0			"
"EP	110001080	110070293	11:16:00	51.3054	2.5865	0.712	0.2136	 6	C	none			N	0			"
"EP	110001080	110070294	11:18:00	51.3091	2.5949	0.719	0.2157	 6	C	none			N	0			"
"EP	110001080	110070295	11:20:00	51.3127	2.6035	0.717	0.2151	 6	C	none			N	0			"
"EP	110001080	110070296	11:22:00	51.3162	2.6122	0.726	0.2178	 6	C	none			N	0			"
"EP	110001080	110070297	11:24:00	51.3200	2.6206	0.719	0.2157	 6	C	none			N	0			"
"EP	110001080	110070298	11:26:00	51.3245	2.6278	0.710	0.2130	 6	C	none			N	0			"
"EP	110001080	110070299	11:28:00	51.3296	2.6339	0.702	0.2106	 6	C	none			N	0			"
"EP	110001080	110070300	11:30:00	51.3347	2.6398	0.700	0.2100	 6	C	none			N	0			"
"EP	110001080	110070301	11:32:00	51.3398	2.6456	0.703	0.2109	 6	C	none			N	0			"
"EP	110001080	110070302	11:34:00	51.3450	2.6515	0.706	0.2118	 6	C	none			N	0			"
"EP	110001080	110070303	11:36:00	51.3503	2.6570	0.704	0.2112	 6	C	none			N	0			"
"EP	110001080	110070304	11:38:00	51.3559	2.6609	0.668	0.2004	 6	C	none			N	0			"
"EP	110001080	110070305	11:40:00	51.3617	2.6611	0.652	0.1956	 6	C	none			N	0			"
"EP	110001080	110070306	11:42:00	51.3672	2.6585	0.633	0.1899	 6	C	none			N	0			"
"EP	110001080	110070307	11:44:00	51.3727	2.6574	0.642	0.1926	 6	C	none			N	0			"
"EP	110001080	110070308	11:46:00	51.3778	2.6614	0.682	0.2046	 6	C	none			N	0			"
"EP	110001080	110070309	11:48:00	51.3817	2.6685	0.641	0.1923	 6	C	none			N	0			"
"EP	110001080	110070310	11:50:00	51.3855	2.6762	0.718	0.2154	 6	C	none			N	0			"
"EP	110001080	110070311	11:52:00	51.3896	2.6843	0.736	0.2208	 6	C	none			N	0			"
"EP	110001080	110070312	11:54:00	51.3931	2.6932	0.735	0.2205	 6	C	none			N	0			"
"EP	110001080	110070313	11:56:00	51.3958	2.7029	0.741	0.2223	 6	C	none			N	0			"
"EP	110001080	110070314	11:58:00	51.3978	2.7131	0.743	0.2229	 6	C	none			N	0			"
"EP	110001080	110070315	12:00:00	51.3995	2.7235	0.750	0.2250	 6	C	none			N	0			"
"EP	110001080	110070316	12:02:00	51.4012	2.7340	0.753	0.2259	 6	C	none			N	0			"
"EP	110001080	110070317	12:04:00	51.4035	2.7439	0.738	0.2214	 6	C	none			N	0			"
"EP	110001080	110070318	12:06:00	51.4072	2.7529	0.750	0.2250	 6	C	none			N	0			"
"EP	110001080	110070319	12:08:00	51.4113	2.7613	0.740	0.2220	 6	C	none			N	0			"
"EP	110001080	110070320	12:10:00	51.4155	2.7695	0.724	0.2172	 6	C	none			N	0			"
"EP	110001080	110070321	12:12:00	51.4195	2.7776	0.718	0.2154	 6	C	none			N	0			"
"EP	110001080	110070322	12:14:00	51.4232	2.7860	0.719	0.2157	 6	C	none			N	0			"
"EP	110001080	110070323	12:16:00	51.4263	2.7951	0.719	0.2157	 6	C	none			N	0			"
"EP	110001080	110070324	12:18:00	51.4287	2.8048	0.723	0.2169	 6	C	none			N	0			"
"EP	110001080	110070325	12:20:00	51.4308	2.8146	0.726	0.2178	 6	C	none			N	0			"
"EP	110001080	110070326	12:22:00	51.4330	2.8245	0.729	0.2187	 6	C	none			N	0			"
"EP	110001080	110070327	12:24:00	51.4351	2.8344	0.724	0.2172	 6	C	none			N	0			"
"EP	110001080	110070328	12:26:00	51.4372	2.8443	0.734	0.2202	 6	C	none			N	0			"
"EP	110001080	110070329	12:28:00	51.4394	2.8543	0.729	0.2187	 6	C	none			N	0			"
"EP	110001080	110070330	12:30:00	51.4417	2.8641	0.731	0.2193	 6	C	none			N	0			"
"EP	110001080	110070331	12:32:00	51.4443	2.8738	0.728	0.2184	 6	C	none			N	0			"
"EP	110001080	110070332	12:34:00	51.4469	2.8834	0.730	0.2190	 6	C	none			N	0			"
"EP	110001080	110070333	12:36:00	51.4496	2.8930	0.728	0.2184	 6	C	none			N	0			"
"EP	110001080	110070334	12:38:00	51.4515	2.9030	0.725	0.2175	 6	C	none			N	0			"
"EP	110001080	110070335	12:40:00	51.4521	2.9132	0.707	0.2121	 6	C	none			N	0			"
"EP	110001080	110070336	12:42:00	51.4514	2.9231	0.691	0.2073	 6	C	none			N	0			"
"EP	110001080	110070337	12:44:00	51.4502	2.9329	0.698	0.2094	 6	C	none			N	0			"
"EP	110001080	110070338	12:46:00	51.4491	2.9429	0.699	0.2097	 6	C	none			N	0			"
"EP	110001080	110070339	12:48:00	51.4482	2.9528	0.692	0.2076	 6	C	none			N	0			"
"EP	110001080	110070340	12:50:00	51.4472	2.9626	0.682	0.2046	 6	C	none			N	0			"
"EP	110001080	110070341	12:52:00	51.4461	2.9722	0.679	0.2037	 6	C	none			N	0			"
"EP	110001080	110070342	12:54:00	51.4451	2.9818	0.677	0.2031	 6	C	none			N	0			"
"EP	110001080	110070343	12:56:00	51.4440	2.9914	0.674	0.2022	 6	C	none			N	0			"
"EP	110001080	110070344	12:58:00	51.4427	3.0009	0.674	0.2022	 6	C	none			N	0			"
"EP	110001080	110070345	13:00:00	51.4414	3.0104	0.677	0.2031	 6	C	none			N	0			"
"EP	110001080	110070346	13:02:00	51.4401	3.0200	0.686	0.2058	 6	C	none			N	0			"
"EP	110001080	110070347	13:04:00	51.4384	3.0294	0.670	0.2010	 6	C	none			N	0			"
"EP	110001080	110070348	13:06:00	51.4363	3.0383	0.662	0.1986	 6	C	none			N	0			"
"EP	110001080	110070349	13:08:00	51.4338	3.0470	0.656	0.1968	 6	C	none			N	0			"
"EP	110001080	110070350	13:10:00	51.4314	3.0555	0.648	0.1944	 6	C	none			N	0			"
"EP	110001080	110070351	13:12:00	51.4290	3.0640	0.651	0.1953	 6	C	none			N	0			"
"EP	110001080	110070352	13:14:00	51.4266	3.0726	0.654	0.1962	 6	C	none			N	0			"
"EP	110001080	110070353	13:16:00	51.4243	3.0813	0.653	0.1959	 6	C	none			N	0			"
"EP	110001080	110070354	13:18:00	51.4220	3.0900	0.665	0.1995	 6	C	none			N	0			"
"EP	110001080	110070355	13:20:00	51.4197	3.0990	0.684	0.2052	 6	C	none			N	0			"
"EP	110001080	110070356	13:22:00	51.4173	3.1081	0.686	0.2058	 6	C	none			N	0			"
"EP	110001080	110070357	13:24:00	51.4148	3.1172	0.692	0.2076	 6	C	none			N	0			"
"EP	110001080	110070358	13:26:00	51.4126	3.1266	0.705	0.2115	 6	C	none			N	0			"
"EP	110001080	110070359	13:28:00	51.4114	3.1366	0.718	0.2154	 6	C	none			N	0			"
"EP	110001080	110070360	13:30:00	51.4115	3.1469	0.719	0.2157	 6	C	none			N	0			"
"EP	110001080	110070361	13:32:00	51.4122	3.1572	0.718	0.2154	 6	C	none			N	0			"
"EP	110001080	110070362	13:34:00	51.4132	3.1673	0.707	0.2121	 6	C	none			N	0			"
"EP	110001080	110070363	13:36:00	51.4144	3.1773	0.701	0.2103	 6	C	none			N	0			"
"EP	110001080	110070364	13:38:00	51.4137	3.1859	0.591	0.1773	 6	C	none			N	0			"
"EP	110001080	110070365	13:40:00	51.4101	3.1929	0.684	0.2052	 6	C	none			N	0			"
"EP	110001080	110070366	13:42:00	51.4055	3.1995	0.697	0.2091	 6	C	none			N	0			"
"EP	110001080	110070367	13:44:00	51.4009	3.2061	0.681	0.2043	 6	C	none			N	0			"
"EP	110001080	110070368	13:46:00	51.3962	3.2123	0.679	0.2037	 6	C	none			N	0			"
"EP	110001080	110070369	13:48:00	51.3914	3.2185	0.688	0.2064	 6	C	none			N	0			"
"EP	110001080	110070370	13:50:00	51.3866	3.2243	0.657	0.1971	 6	C	none			N	0			"
"EP	110001080	110070371	13:52:00	51.3827	3.2243	0.495	0.1485	 5	C	none			N	0			"
"EP	110001080	110070372	13:54:00	51.3802	3.2187	0.462	0.1386	 5	C	none			N	0			"
"EP	110001080	110070373	13:56:00	51.3782	3.2120	0.580	0.1740	 5	C	none			N	0			"
"EP	110001080	110070374	13:58:00	51.3765	3.2040	0.586	0.1758	 5	C	none			N	0			"
"EP	110001080	110070375	14:00:00	51.3750	3.1959	0.586	0.1758	 5	C	none			N	0			"
"EP	110001080	110070376	14:02:00	51.3738	3.1877	0.586	0.1758	 5	C	none			N	0			"
"EP	110001080	110070377	14:04:00	51.3729	3.1793	0.600	0.1800	 5	C	none			N	0			"
"EP	110001080	110070378	14:06:00	51.3720	3.1708	0.600	0.1800	 5	C	none			N	0			"
"EP	110001080	110070379	14:08:00	51.3704	3.1627	0.593	0.1779	 5	C	none			N	0			"
"EP	110001080	110070380	14:10:00	51.3682	3.1549	0.584	0.1752	 5	C	none			N	0			"
"EP	110001080	110070381	14:12:00	51.3660	3.1473	0.583	0.1749	 5	C	none			N	0			"
"EP	110001080	110070382	14:14:00	51.3638	3.1396	0.595	0.1785	 5	C	none			N	0			"
"EP	110001080	110070383	14:16:00	51.3614	3.1319	0.604	0.1812	 5	C	none			N	0			"
"EP	110001080	110070384	14:18:00	51.3590	3.1242	0.588	0.1764	 5	C	none			N	0			"
"EP	110001080	110070385	14:20:00	51.3570	3.1166	0.567	0.1701	 5	C	none			N	0			"
"EP	110001080	110070386	14:22:00	51.3552	3.1089	0.579	0.1737	 5	C	none			N	0			"
"EP	110001080	110070387	14:24:00	51.3535	3.1010	0.577	0.1731	 5	C	none			N	0			"
"EP	110001080	110070388	14:26:00	51.3518	3.0932	0.576	0.1728	 5	C	none			N	0			"
"EP	110001080	110070389	14:28:00	51.3502	3.0853	0.576	0.1728	 5	C	none			N	0			"
"EP	110001080	110070390	14:30:00	51.3486	3.0774	0.576	0.1728	 5	C	none			N	0			"
"EP	110001080	110070391	14:32:00	51.3470	3.0695	0.579	0.1737	 5	C	none			N	0			"
"EP	110001080	110070392	14:34:00	51.3455	3.0616	0.579	0.1737	 5	C	none			N	0			"
"EP	110001080	110070393	14:36:00	51.3440	3.0536	0.575	0.1725	 5	C	none			N	0			"
"EP	110001080	110070394	14:38:00	51.3424	3.0457	0.577	0.1731	 5	C	none			N	0			"
"EP	110001080	110070395	14:40:00	51.3409	3.0378	0.578	0.1734	 5	C	none			N	0			"
"EP	110001080	110070396	14:42:00	51.3394	3.0298	0.574	0.1722	 5	C	none			N	0			"
"EP	110001080	110070397	14:44:00	51.3380	3.0219	0.579	0.1737	 5	C	none			N	0			"
"EP	110001080	110070398	14:46:00	51.3364	3.0140	0.570	0.1710	 5	C	none			N	0			"
"EP	110001080	110070399	14:48:00	51.3346	3.0064	0.570	0.1710	 5	C	none			N	0			"
"EP	110001080	110070400	14:50:00	51.3326	2.9989	0.564	0.1692	 5	C	none			N	0			"
"EP	110001080	110070401	14:52:00	51.3303	2.9915	0.573	0.1719	 5	C	none			N	0			"
"EP	110001080	110070402	14:54:00	51.3279	2.9842	0.577	0.1731	 5	C	none			N	0			"
"EP	110001080	110070403	14:56:00	51.3253	2.9772	0.572	0.1716	 5	C	none			N	0			"
"EP	110001080	110070404	14:58:00	51.3224	2.9704	0.565	0.1695	 5	C	none			N	0			"
"EP	110001080	110070405	15:00:00	51.3193	2.9639	0.567	0.1701	 5	C	none			N	0			"
"EP	110001080	110070406	15:02:00	51.3162	2.9574	0.571	0.1713	 5	C	none			N	0			"
"EP	110001080	110070407	15:04:00	51.3132	2.9508	0.568	0.1704	 5	C	none			N	0			"
"EP	110001080	110070408	15:06:00	51.3103	2.9441	0.567	0.1701	 5	C	none			N	0			"
"EP	110001080	110070409	15:08:00	51.3074	2.9374	0.570	0.1710	 5	C	none			N	0			"
"EP	110001080	110070410	15:10:00	51.3046	2.9305	0.574	0.1722	 5	C	none			N	0			"
"EP	110001080	110070411	15:12:00	51.3019	2.9235	0.576	0.1728	 5	C	none			N	0			"
"EP	110001080	110070412	15:14:00	51.2991	2.9165	0.575	0.1725	 5	C	none			N	0			"
"EP	110001080	110070413	15:16:00	51.2964	2.9095	0.577	0.1731	 5	C	none			N	0			"
"EP	110001080	110070414	15:18:00	51.2936	2.9024	0.581	0.1743	 5	C	none			N	0			"
"EP	110001080	110070415	15:20:00	51.2908	2.8954	0.582	0.1746	 5	C	none			N	0			"
"EP	110001080	110070416	15:22:00	51.2873	2.8895	0.565	0.1695	 5	C	none			N	0			"
"EP	110001080	110070417	15:24:00	51.2827	2.8870	0.570	0.1710	 5	C	none			N	0			"
"EP	110001080	110070418	15:26:00	51.2775	2.8875	0.597	0.1791	 5	C	none			N	0			"
"EP	110001080	110070419	15:28:00	51.2721	2.8886	0.607	0.1821	 5	C	none			N	0			"
"EP	110001080	110070420	15:30:00	51.2668	2.8906	0.609	0.1827	 5	C	none			N	0			"
"EP	110001080	110070421	15:32:00	51.2618	2.8942	0.623	0.1869	 5	C	none			N	0			"
"EP	110001080	110070422	15:34:00	51.2571	2.8991	0.636	0.1908	 5	C	none			N	0			"
"EP	110001080	110070423	15:36:00	51.2524	2.9044	0.638	0.1914	 5	C	none			N	0			"
"EP	110001080	110070424	15:38:00	51.2479	2.9100	0.624	0.1872	 5	C	none			N	0			"
"EO	110069123	1100334006		FALSE	ESAS	 5900	   2	F	2								"
"EO	110069123	1100334007		FALSE	ESAS	 5900	   1	F	2								"
"EO	110069123	1100334008		FALSE	ESAS	 5910	   1	F	A								"
"EO	110069124	1100334009		TRUE	ESAS	 5910	   1	F	A								"
"EO	110069126	1100334010		TRUE	ESAS	 5910	   1	F	A								"
"EO	110069127	1100334011		FALSE	ESAS	 6150	   2	E	A							45	"
"EO	110069127	1100334012		FALSE	ESAS	 5920	   2	F	2								"
"EO	110069128	1100334013		FALSE	ESAS	 6110	   1	F	A				NE				"
"EO	110069128	1100334014		FALSE	ESAS	 6150	   2	F	A							49	"
"EO	110069129	1100334015		FALSE	ESAS	 5920	   1	F	2								"
"EO	110069129	1100334016		FALSE	ESAS	 5910	   1	F									"
"EO	110069130	1100334017		FALSE	ESAS	 5920	   1	F	A								"
"EO	110069130	1100334018		FALSE	ESAS	 5910	   1	F	A								"
"EO	110069130	1100334019		FALSE	ESAS	  720	   1	F					NE				"
"EO	110069131	1100334020		FALSE	ESAS	 5910	   1	F	A								"
"EO	110069132	1100334021		FALSE	ESAS	 5920	   1	F	A								"
"EO	110069132	1100334022		FALSE	ESAS	 2130	   2	F				F	SW				"
"EO	110069133	1100334023		TRUE	ESAS	 5920	   2	F	A								"
"EO	110069133	1100334024		TRUE	ESAS	 5900	   2	D	2								"
"EO	110069134	1100334025		TRUE	ESAS	 5910	   1	F	A								"
"EO	110069135	1100334026		TRUE	ESAS	 5920	   1	A	3								"
"EO	110069135	1100334027		TRUE	ESAS	 5920	   1	A	4								"
"EO	110069136	1100334028		TRUE	ESAS	 5920	   1	C	A								"
"EO	110069137	1100334029		FALSE	ESAS	 5920	  25	E							26		"
"EO	110069137	1100334030		FALSE	ESAS	 5920	  95	E							26		"
"EO	110069138	1100334031		FALSE	ESAS	 2130	   2	F					NE				"
"EO	110069139	1100334032		FALSE	ESAS	 6150	   1	F	A							49	"
"EO	110069140	1100334033		TRUE	ESAS	64320	   1	A									"
"EO	110069141	1100334034		FALSE	ESAS	 6150	   1	F	A							49	"
"EO	110069147	1100334035		FALSE	ESAS	 6150	   2	F	A								"
"EO	110069148	1100334036		FALSE	ESAS	 6150	   1	F	A								"
"EO	110069149	1100334037		FALSE	ESAS	  720	   1	F									"
"EO	110069151	1100334038		FALSE	ESAS	 6150	   2	F	A								"
"EO	110069155	1100334039		FALSE	ESAS	 5910	   1	F	A								"
"EO	110069155	1100334040		FALSE	ESAS	 5920	   1	F	I								"
"EO	110069156	1100334041		FALSE	ESAS	 2130	  40	F					SW				"
"EO	110069156	1100334042		TRUE	ESAS	64320	   1	B									"
"EO	110069157	1100334043		FALSE	ESAS	 9920	   3	F					N				"
"EO	110069157	1100334044		TRUE	ESAS	 6110	   1	A	A							44	"
"EO	110069158	1100334045		FALSE	ESAS	 6110	   1	F	A							49	"
"EO	110069158	1100334046		FALSE	ESAS	 6110	   1	F	A				NE				"
"EO	110069158	1100334047		FALSE	ESAS	 6110	   2	F	A				NE				"
"EO	110069158	1100334048		FALSE	ESAS	 6150	   3	F	A				NE				"
"EO	110069159	1100334049	1	FALSE	ESAS	 5920	  25	F							21		"
"EO	110069159	1100334050	1	FALSE	ESAS	 5910	  65	F							21		"
"EO	110069160	1100334051		TRUE	ESAS	 5910	   1	A	A							94	"
"EO	110069160	1100334052		FALSE	ESAS	 6110	   2	F	A								"
"EO	110069161	1100334053		FALSE	ESAS	 5920	   1	B	3								"
"EO	110069162	1100334054	2	TRUE	ESAS	 5920	   3	C	A								"
"EO	110069162	1100334055	2	TRUE	ESAS	 5920	  10	C	I								"
"EO	110069162	1100334056	2	TRUE	ESAS	 5910	   1	C	A								"
"EO	110069162	1100334057		TRUE	ESAS	 5910	   1	A	3							94	"
"EO	110069163	1100334058		FALSE	ESAS	 5910	   1	F	2								"
"EO	110069164	1100334059		FALSE	ESAS	64320	   1	E									"
"EO	110069164	1100334060		FALSE	ESAS	 5910	   1	A	2							94	"
"EO	110069164	1100334061		FALSE	ESAS	 5920	   1	A	2							94	"
"EO	110069164	1100334062		FALSE	ESAS	 6000	   1	A	2								"
"EO	110069165	1100334063		FALSE	ESAS	 5910	   3	A									"
"EO	110069172	1100334064		FALSE	ESAS	 5910	   1	F	A								"
"EO	110069173	1100334065		FALSE	ESAS	 5910	   1	F	A								"
"EO	110069173	1100334066		FALSE	ESAS	 5910	   1	F	A								"
"EO	110069173	1100334067		FALSE	ESAS	 5910	   1	F	2								"
"EO	110069173	1100334068		FALSE	ESAS	 5920	   1	F	A								"
"EO	110069174	1100334069	3	FALSE	ESAS	 5910	   1	F	A								"
"EO	110069174	1100334070	3	FALSE	ESAS	 5910	   1	F	1								"
"EO	110069175	1100334071		FALSE	ESAS	 5910	   1	F	A								"
"EO	110069175	1100334072		FALSE	ESAS	 5920	   2	F	A								"
"EO	110069175	1100334073		FALSE	ESAS	 5910	   1	F	A								"
"EO	110069175	1100334074		FALSE	ESAS	 5920	   1	F	3								"
"EO	110069176	1100334075		FALSE	ESAS	 6110	   1	F	A								"
"EO	110069176	1100334076		FALSE	ESAS	 5920	   1	F	2								"
"EO	110069177	1100334077		FALSE	ESAS	 6110	   1	F	A								"
"EO	110069180	1100334078		FALSE	ESAS	 6110	   1	F	A								"
"EO	110069180	1100334079		FALSE	ESAS	 5910	   1	F	2								"
"EO	110069181	1100334080		TRUE	ESAS	 5910	   1	B	A								"
"EO	110069181	1100334081		TRUE	ESAS	 5910	   1	A	A							94	"
"EO	110069181	1100334082		FALSE	ESAS	 5910	   1	F	3								"
"EO	110069182	1100334083		TRUE	ESAS	 6110	   5	D							22		"
"EO	110069183	1100334084		FALSE	ESAS	 5910	   1	F	A								"
"EO	110069183	1100334085		FALSE	ESAS	 5910	   1	F	A								"
"EO	110069184	1100334086		FALSE	ESAS	 5910	   1	F	A								"
"EO	110069184	1100334087		FALSE	ESAS	 6110	   2	F	A								"
"EO	110069184	1100334088		FALSE	ESAS	 5910	   1	F	A								"
"EO	110069185	1100334089		FALSE	ESAS	 5910	   1	F	A								"
"EO	110069186	1100334090		FALSE	ESAS	 6110	   2	F	A								"
"EO	110069188	1100334091		FALSE	ESAS	 6110	   1	F	A								"
"EO	110069188	1100334092		TRUE	ESAS	 5910	   1	F	A								"
"EO	110069188	1100334093		FALSE	ESAS	 6110	   2	F	A								"
"EO	110069188	1100334094		FALSE	ESAS	 6110	  10	E							22		"
"EO	110069191	1100334095		FALSE	ESAS	 5780	   8	E	A								"
"EO	110069193	1100334096		FALSE	ESAS	 2130	   3	F					NE				"
"EO	110069193	1100334097		FALSE	ESAS	 6110	   2	F	A								"
"EO	110069193	1100334098		FALSE	ESAS	63510	   1	E									"
"EO	110069193	1100334099		FALSE	ESAS	 5910	   2	E	A								"
"EO	110069194	1100334100		FALSE	ESAS	  710	   1	F	2								"
"EO	110069194	1100334101		FALSE	ESAS	 5910	   1	F	A								"
"EO	110069194	1100334102		FALSE	ESAS	 6110	   1	F									"
"EO	110069194	1100334103		TRUE	ESAS	 5910	   2	D	A								"
"EO	110069195	1100334104		FALSE	ESAS	   20	   1	F									"
"EO	110069195	1100334105		FALSE	ESAS	 5910	   1	F	A								"
"EO	110069196	1100334106	4	TRUE	ESAS	  710	   1	A	2							94	"
"EO	110069196	1100334107	4	TRUE	ESAS	 5910	   3	A	A							94	"
"EO	110069196	1100334108	4	TRUE	ESAS	 6000	   1	A	2							94	"
"EO	110069196	1100334109		FALSE	ESAS	  710	   1	F	A								"
"EO	110069196	1100334110		FALSE	ESAS	64320	   1	E									"
"EO	110069197	1100334111		TRUE	ESAS	 6000	   1	D	3								"
"EO	110069197	1100334112		TRUE	ESAS	 6000	   2	D	2						22		"
"EO	110069198	1100334113	5	FALSE	ESAS	 6110	   1	F	A								"
"EO	110069198	1100334114	5	FALSE	ESAS	 5670	   1	F	A		L					68	"
"EO	110069199	1100334115		FALSE	ESAS	 6110	   3	E	A							45	"
"EO	110069199	1100334116		FALSE	ESAS	  710	   4	F	A								"
"EO	110069200	1100334117		FALSE	ESAS	  710	   1	F	A								"
"EO	110069201	1100334118		FALSE	ESAS	 5780	   1	F	A							49	"
"EO	110069202	1100334119		FALSE	ESAS	 6110	   2	F	A								"
"EO	110069205	1100334120		FALSE	ESAS	 6110	   1	F	A								"
"EO	110069206	1100334121		FALSE	ESAS	 5910	   1	F	A								"
"EO	110069207	1100334122		FALSE	ESAS	  710	   1	F	I								"
"EO	110069207	1100334123		TRUE	ESAS	 5910	   2	D	A								"
"EO	110069208	1100334124		TRUE	ESAS	  710	   1	F	A								"
"EO	110069208	1100334125		FALSE	ESAS	  710	   2	F									"
"EO	110069208	1100334126		FALSE	ESAS	  710	   2	F									"
"EO	110069209	1100334127		FALSE	ESAS	  710	   1	E	A								"
"EO	110069210	1100334128		FALSE	ESAS	64320	   1	E									"
"EO	110069212	1100334129		FALSE	ESAS	 6110	   2	E	A								"
"EO	110069213	1100334130		FALSE	ESAS	64310	   1	E									"
"EO	110069214	1100334131		FALSE	ESAS	64320	   1	E									"
"EO	110069214	1100334132		FALSE	ESAS	 6340	   1	E			B						"
"EO	110069215	1100334133		TRUE	ESAS	 6340	   1	D			B						"
"EO	110069216	1100334134	6	FALSE	ESAS	 5910	 950	E	A						26		"
"EO	110069216	1100334135	6	FALSE	ESAS	 5910	  50	E	I						26		"
"EO	110069216	1100334136		TRUE	ESAS	   90	   1	D									"
"EO	110069217	1100334137		FALSE	ESAS	 6110	   2	F	A								"
"EO	110069218	1100334138		FALSE	ESAS	 6110	   2	F	A				NE				"
"EO	110069218	1100334139		FALSE	ESAS	  710	   1	F	A								"
"EO	110069219	1100334140		FALSE	ESAS	 6340	   3	D			B						"
"EO	110069224	1100334141		TRUE	ESAS	 5910	   1	C	3								"
"EO	110069225	1100334142		FALSE	ESAS	 6340	   1	E			W						"
"EO	110069225	1100334143		FALSE	ESAS	 2130	  15	F									"
"EO	110069225	1100334144		FALSE	ESAS	 2130	   5	E									"
"EO	110069226	1100334145		FALSE	ESAS	63510	   1	D									"
"EO	110069226	1100334146		FALSE	ESAS	 5670	   1	E									"
"EO	110069227	1100334147		FALSE	ESAS	  720	   1	F									"
"EO	110069227	1100334148		FALSE	ESAS	  710	   3	F	A								"
"EO	110069227	1100334149		FALSE	ESAS	 5910	   1	E	A								"
"EO	110069227	1100334150		FALSE	ESAS	  710	   1	F	3								"
"EO	110069228	1100334151		FALSE	ESAS	 5670	   1	D									"
"EO	110069229	1100334152		FALSE	ESAS	  720	   1	F									"
"EO	110069230	1100334153		FALSE	ESAS	63510	   1	E									"
"EO	110069230	1100334154		FALSE	ESAS	63510	   1	D									"
"EO	110069230	1100334155		FALSE	ESAS	63510	   4	E									"
"EO	110069231	1100334156		FALSE	ESAS	 6345	   1	E									"
"EO	110069231	1100334157		FALSE	ESAS	63510	   1	F									"
"EO	110069231	1100334158		FALSE	ESAS	  710	   1	F	A								"
"EO	110069232	1100334159	7	FALSE	ESAS	  710	   1	D	A								"
"EO	110069232	1100334160	7	FALSE	ESAS	  710	   1	D	3								"
"EO	110069232	1100334161		FALSE	ESAS	  710	   1	F	A								"
"EO	110069232	1100334162		FALSE	ESAS	  710	   1	W								94	"
"EO	110069233	1100334163		TRUE	ESAS	63510	   2	D									"
"EO	110069234	1100334164		FALSE	ESAS	  720	   1	F									"
"EO	110069235	1100334165		FALSE	ESAS	 5340	   7	F					NE				"
"EO	110069235	1100334166		TRUE	ESAS	 5780	   2	B								44	"
"EO	110069236	1100334167		FALSE	ESAS	  710	   1	F	A								"
"EO	110069237	1100334168		FALSE	ESAS	63510	   2	E									"
"EO	110069237	1100334169		FALSE	ESAS	  710	   3	F	A								"
"EO	110069237	1100334170		FALSE	ESAS	 6340	   2	D									"
"EO	110069238	1100334171		FALSE	ESAS	  710	   5	F									"
"EO	110069238	1100334172		FALSE	ESAS	 6340	   3	E			B						"
"EO	110069238	1100334173		TRUE	ESAS	63510	   1	D									"
"EO	110069238	1100334174		FALSE	ESAS	 6110	   1	F									"
"EO	110069239	1100334175		FALSE	ESAS	63510	   5	E									"
"EO	110069239	1100334176		FALSE	ESAS	 6345	   3	E									"
"EO	110069239	1100334177		FALSE	ESAS	 6345	   3	E									"
"EO	110069239	1100334178		FALSE	ESAS	63510	   2	E									"
"EO	110069239	1100334179		FALSE	ESAS	63510	   1	E									"
"EO	110069239	1100334180		FALSE	ESAS	 6345	   6	E									"
"EO	110069240	1100334181		TRUE	ESAS	 6340	   1	D			B						"
"EO	110069240	1100334182		FALSE	ESAS	  710	   2	E	A								"
"EO	110069240	1100334183		FALSE	ESAS	 6150	   1	F	A							49	"
"EO	110069240	1100334184		FALSE	ESAS	63510	   4	E									"
"EO	110069240	1100334185		FALSE	ESAS	 6340	   1	E									"
"EO	110069240	1100334186		FALSE	ESAS	63510	  12	E									"
"EO	110069240	1100334187		FALSE	ESAS	63510	   1	E									"
"EO	110069240	1100334188		TRUE	ESAS	63510	   1	D									"
"EO	110069241	1100334189		FALSE	ESAS	63510	   5	E									"
"EO	110069241	1100334190		FALSE	ESAS	  710	  15	F									"
"EO	110069241	1100334191		FALSE	ESAS	  710	   8	E	A								"
"EO	110069241	1100334192		TRUE	ESAS	63510	   2	D									"
"EO	110069241	1100334193		TRUE	ESAS	   59	   1	D									"
"EO	110069241	1100334194		FALSE	ESAS	  710	   1	E	A								"
"EO	110069241	1100334195		FALSE	ESAS	 6150	   5	F	A							49	"
"EO	110069242	1100334196	8	FALSE	ESAS	 5670	   1	F								68	"
"EO	110069242	1100334197	8	FALSE	ESAS	 6110	   1	F									"
"EO	110069243	1100334198		FALSE	ESAS	 6110	   2	F	A								"
"EO	110069243	1100334199		TRUE	ESAS	 6340	   3	D									"
"EO	110069243	1100334200		FALSE	ESAS	 2130	  34	F									"
"EO	110069244	1100334201		TRUE	ESAS	 6340	   2	D									"
"EO	110069244	1100334202		TRUE	ESAS	  710	   5	C	A								"
"EO	110069244	1100334203		FALSE	ESAS	63510	   2	E									"
"EO	110069245	1100334204		FALSE	ESAS	  710	   1	E	A								"
"EO	110069245	1100334205		FALSE	ESAS	 6150	   3	F								49	"
"EO	110069245	1100334206		FALSE	ESAS	63510	   1	E									"
"EO	110069246	1100334207		FALSE	ESAS	 5670	   1	F									"
"EO	110069247	1100334208		FALSE	ESAS	 6150	   1	F	A							49	"
"EO	110069247	1100334209		TRUE	ESAS	  710	   1	F									"
"EO	110069247	1100334210		FALSE	ESAS	63510	   1	E									"
"EO	110069247	1100334211		FALSE	ESAS	 6110	   2	F									"
"EO	110069247	1100334212		FALSE	ESAS	63510	   1	E									"
"EO	110069248	1100334213		FALSE	ESAS	63510	   3	E									"
"EO	110069248	1100334214		FALSE	ESAS	64320	   1	E									"
"EO	110069249	1100334215		FALSE	ESAS	63510	   1	C									"
"EO	110069249	1100334216		FALSE	ESAS	63510	   2	E									"
"EO	110069250	1100334217		FALSE	ESAS	63510	   1	E									"
"EO	110069251	1100334218		TRUE	ESAS	64320	   1	B									"
"EO	110069251	1100334219		TRUE	ESAS	63510	   1	D									"
"EO	110069251	1100334220		FALSE	ESAS	64320	   1	E									"
"EO	110069252	1100334221		FALSE	ESAS	   59	   1	E									"
"EO	110069253	1100334222		FALSE	ESAS	63510	   3	E									"
"EO	110069253	1100334223		FALSE	ESAS	  710	   2	F	A								"
"EO	110069253	1100334224		FALSE	ESAS	 6110	   1	F									"
"EO	110069254	1100334225		FALSE	ESAS	63510	   1	E									"
"EO	110069255	1100334226		FALSE	ESAS	 6110	   2	F									"
"EO	110069255	1100334227		FALSE	ESAS	 2130	  40	E									"
"EO	110069255	1100334228		FALSE	ESAS	63510	   1	E									"
"EO	110069255	1100334229		TRUE	ESAS	 6340	   1	D			B						"
"EO	110069256	1100334230		FALSE	ESAS	 2130	  30	E									"
"EO	110069256	1100334231		TRUE	ESAS	 5670	   1	F									"
"EO	110069257	1100334232		FALSE	ESAS	 2130	 150	E									"
"EO	110069258	1100334233		FALSE	ESAS	  710	   1	E	A								"
"EO	110069259	1100334234		FALSE	ESAS	 6340	   1	D			B						"
"EO	110069261	1100334235		FALSE	ESAS	 6020	   1	F	A								"
"EO	110069261	1100334236		FALSE	ESAS	 2130	 850	E									"
"EO	110069261	1100334237		FALSE	ESAS	 2130	3300	E									"
"EO	110069261	1100334238		FALSE	ESAS	63510	   1	E									"
"EO	110069262	1100334239		FALSE	ESAS	   59	   1	E									"
"EO	110069263	1100334240		FALSE	ESAS	 6110	  20	E							22		"
"EO	110069263	1100334241		FALSE	ESAS	 2130	3750	E									"
"EO	110069266	1100334242		FALSE	ESAS	 5920	   1	F	A								"
"EO	110069267	1100334243	9	FALSE	ESAS	 5380	   2	F									"
"EO	110069267	1100334244	9	FALSE	ESAS	 5340	   2	F									"
"EO	110069268	1100334245		FALSE	ESAS	 2130	 100	E									"
"EO	110069268	1100334246		TRUE	ESAS	64330	   1	D									"
"EO	110069268	1100334247		FALSE	ESAS	 6110	   2	F	A							49	"
"EO	110069268	1100334248		FALSE	ESAS	 6110	   2	F	A								"
"EO	110069268	1100334249		TRUE	ESAS	 6340	   1	C			B						"
"EO	110069268	1100334250		FALSE	ESAS	 6110	   2	F	A								"
"EO	110069269	1100334251		FALSE	ESAS	 6110	   2	F	A								"
"EO	110069269	1100334252		FALSE	ESAS	 2130	  50	F									"
"EO	110069269	1100334253		TRUE	ESAS	  720	   2	D									"
"EO	110069269	1100334254		TRUE	ESAS	 6110	   2	F	A								"
"EO	110069270	1100334255		TRUE	ESAS	  720	   1	F									"
"EO	110069270	1100334256		FALSE	ESAS	 6150	  18	F					NE				"
"EO	110069270	1100334257		FALSE	ESAS	 6340	   2	D			B						"
"EO	110069270	1100334258		FALSE	ESAS	 6340	   4	E									"
"EO	110069270	1100334259		FALSE	ESAS	 6150	   2	F					NE				"
"EO	110069270	1100334260		FALSE	ESAS	 5340	  10	F					NE				"
"EO	110069271	1100334261		FALSE	ESAS	  710	   1	F	A								"
"EO	110069271	1100334262		FALSE	ESAS	 2130	 100	E									"
"EO	110069271	1100334263		FALSE	ESAS	  720	   2	D									"
"EO	110069271	1100334264		FALSE	ESAS	 6110	   2	F	A				NE				"
"EO	110069271	1100334265		FALSE	ESAS	 6150	   1	F								49	"
"EO	110069272	1100334266		FALSE	ESAS	 2130	   6	F					NE				"
"EO	110069273	1100334267		FALSE	ESAS	  720	   2	D									"
"EO	110069274	1100334268		FALSE	ESAS	 2130	  12	E									"
"EO	110069274	1100334269		FALSE	ESAS	 2130	  22	F					NE				"
"EO	110069274	1100334270		FALSE	ESAS	 2130	  60	E									"
"EO	110069274	1100334271		FALSE	ESAS	64310	   1	E									"
"EO	110069274	1100334272		FALSE	ESAS	 6110	   2	F					NE				"
"EO	110069274	1100334273		FALSE	ESAS	  720	   1	E							22		"
"EO	110069274	1100334274		FALSE	ESAS	   90	   1	E									"
"EO	110069275	1100334275		FALSE	ESAS	  720	   4	E									"
"EO	110069275	1100334276		FALSE	ESAS	 6150	  21	F					NE				"
"EO	110069276	1100334277		FALSE	ESAS	 6150	  15	F					NE				"
"EO	110069276	1100334278		TRUE	ESAS	   90	   1	C									"
"EO	110069277	1100334279		TRUE	ESAS	   90	   1	C									"
"EO	110069277	1100334280		TRUE	ESAS	  720	   1	C									"
"EO	110069277	1100334281		FALSE	ESAS	 6110	   2	F	A								"
"EO	110069277	1100334282		FALSE	ESAS	  720	   2	D									"
"EO	110069277	1100334283		TRUE	ESAS	 6000	   1	D	2								"
"EO	110069277	1100334284		TRUE	ESAS	  720	   2	D									"
"EO	110069277	1100334285		TRUE	ESAS	   90	   3	B									"
"EO	110069277	1100334286		TRUE	ESAS	  720	   1	D									"
"EO	110069277	1100334287		FALSE	ESAS	 6150	  14	F	A								"
"EO	110069277	1100334288		TRUE	ESAS	 6000	   1	C	2							94	"
"EO	110069278	1100334289		TRUE	ESAS	 5900	   1	B	2								"
"EO	110069278	1100334290		TRUE	ESAS	 5900	   1	F	2								"
"EO	110069278	1100334291		FALSE	ESAS	 6150	   6	F	A				NE				"
"EO	110069279	1100334292		TRUE	ESAS	63510	   1	D									"
"EO	110069279	1100334293		FALSE	ESAS	 6110	   3	F	A				NE				"
"EO	110069280	1100334294		FALSE	ESAS	 2130	  10	F					NE				"
"EO	110069280	1100334295		TRUE	ESAS	 5900	   1	F	2								"
"EO	110069280	1100334296		FALSE	ESAS	63510	   1	E									"
"EO	110069280	1100334297		FALSE	ESAS	  720	   7	F									"
"EO	110069281	1100334298		TRUE	ESAS	 5900	   1	F	2								"
"EO	110069281	1100334299		TRUE	ESAS	 5900	   1	C	2								"
"EO	110069281	1100334300		TRUE	ESAS	64330	   1	D									"
"EO	110069282	1100334301		FALSE	ESAS	 6150	   7	F					NE				"
"EO	110069282	1100334302		FALSE	ESAS	 6110	  10	F					NE				"
"EO	110069283	1100334303		FALSE	ESAS	 6110	   1	F					S				"
"EO	110069283	1100334304		FALSE	ESAS	  720	   5	E									"
"EO	110069283	1100334305		TRUE	ESAS	  720	   1	A									"
"EO	110069283	1100334306		FALSE	ESAS	  720	   5	F									"
"EO	110069283	1100334307		FALSE	ESAS	 2130	  35	E									"
"EO	110069283	1100334308		TRUE	ESAS	  720	   1	B									"
"EO	110069283	1100334309		TRUE	ESAS	 5920	   3	F									"
"EO	110069284	1100334310		TRUE	ESAS	 6000	   1	B									"
"EO	110069284	1100334311		TRUE	ESAS	  720	   1	B									"
"EO	110069284	1100334312		FALSE	ESAS	 2130	  12	E									"
"EO	110069284	1100334313		TRUE	ESAS	  720	   2	A									"
"EO	110069284	1100334314		TRUE	ESAS	  720	   2	C									"
"EO	110069284	1100334315		FALSE	ESAS	  720	   1	A									"
"EO	110069284	1100334316		FALSE	ESAS	  720	   1	E									"
"EO	110069285	1100334317		TRUE	ESAS	 6000	   1	B	2								"
"EO	110069285	1100334318		TRUE	ESAS	 5920	  70	D									"
"EO	110069285	1100334319		TRUE	ESAS	 6000	   2	B	3								"
"EO	110069286	1100334320		TRUE	ESAS	  720	   1	C									"
"EO	110069286	1100334321		TRUE	ESAS	 5920	   1	B	2								"
"EO	110069286	1100334322		TRUE	ESAS	 5920	   1	B									"
"EO	110069286	1100334323		TRUE	ESAS	 5920	   2	A	2								"
"EO	110069286	1100334324		TRUE	ESAS	  720	   4	D									"
"EO	110069287	1100334325		TRUE	ESAS	 6110	   2	F	A								"
"EO	110069287	1100334326		TRUE	ESAS	 5920	   1	D	A								"
"EO	110069287	1100334327		TRUE	ESAS	 5920	   1	F	2								"
"EO	110069287	1100334328		TRUE	ESAS	  720	   2	C									"
"EO	110069287	1100334329		TRUE	ESAS	 2130	  13	F									"
"EO	110069288	1100334330		FALSE	ESAS	64310	   1	E									"
"EO	110069288	1100334331		FALSE	ESAS	 5920	   1	F	2								"
"EO	110069288	1100334332		FALSE	ESAS	 5920	   1	F	2								"
"EO	110069289	1100334333		TRUE	ESAS	 5900	   1	D	2								"
"EO	110069289	1100334334		TRUE	ESAS	  720	   8	W									"
"EO	110069290	1100334335		FALSE	ESAS	 5910	   2	B	A								"
"EO	110069290	1100334336		FALSE	ESAS	  720	  11	W									"
"EO	110069290	1100334337		FALSE	ESAS	 6000	   3	B									"
"EO	110069290	1100334338		FALSE	ESAS	 5920	   4	C									"
"EO	110069291	1100334339		TRUE	ESAS	 6000	   1	A	2								"
"EO	110069291	1100334340		TRUE	ESAS	  720	   1	C								94	"
"EO	110069291	1100334341		TRUE	ESAS	 5927	   1	A	2								"
"EO	110069291	1100334342		TRUE	ESAS	  720	   5	B									"
"EO	110069291	1100334343		TRUE	ESAS	 5920	   1	A	2								"
"EO	110069292	1100334344		TRUE	ESAS	  720	   2	B								94	"
"EO	110069292	1100334345		TRUE	ESAS	 5920	   1	C	3								"
"EO	110069292	1100334346		TRUE	ESAS	 5920	   1	C	2								"
"EO	110069292	1100334347		TRUE	ESAS	 5920	   3	C	4								"
"EO	110069292	1100334348		TRUE	ESAS	  720	   2	C									"
"EO	110069293	1100334349		TRUE	ESAS	 5920	   1	D	2								"
"EO	110069294	1100334350		TRUE	ESAS	 6000	   1	A	2								"
"EO	110069296	1100334351		FALSE	ESAS	  720	   1	C									"
"EO	110069296	1100334352		TRUE	ESAS	  720	   1	C									"
"EO	110069298	1100334353		TRUE	ESAS	 6000	   2	A	2								"
"EO	110069302	1100334354	10	TRUE	ESAS	 5120	   1	F									"
"EO	110069302	1100334355	10	TRUE	ESAS	 5460	   5	F									"
"EO	110069303	1100334356		FALSE	ESAS	 6110	  13	E							22		"
"EO	110069304	1100334357		TRUE	ESAS	 6110	   1	B	A							45	"
"EO	110069306	1100334358		FALSE	ESAS	 5920	   1	F	3								"
"EO	110069306	1100334359		FALSE	ESAS	 5920	   1	F	2								"
"EO	110069307	1100334360		TRUE	ESAS	 5920	   1	F	A								"
"EO	110069310	1100334361		FALSE	ESAS	 5820	   1	F	A								"
"EO	110069311	1100334362		TRUE	ESAS	  720	   2	F								94	"
"EO	110069311	1100334363		FALSE	ESAS	 5910	   1	F	A								"
"EO	110069311	1100334364		FALSE	ESAS	 5910	   1	F	A								"
"EO	110069312	1100334365		FALSE	ESAS	 6110	   1	F	A							49	"
"EO	110069312	1100334366		FALSE	ESAS	 5910	   1	F	A								"
"EO	110069312	1100334367		FALSE	ESAS	 5910	   1	F	A								"
"EO	110069313	1100334368		TRUE	ESAS	 5920	   1	D	3								"
"EO	110069314	1100334369		TRUE	ESAS	 6150	   2	F									"
"EO	110069316	1100334370		FALSE	ESAS	 6110	   1	F									"
"EO	110069316	1100334371		FALSE	ESAS	 6110	   1	F									"
"EO	110069316	1100334372		FALSE	ESAS	 6110	   2	F									"
"EO	110069316	1100334373		FALSE	ESAS	  720	   2	F									"
"EO	110069317	1100334374		FALSE	ESAS	 6000	   1	B	2							94	"
"EO	110069317	1100334375		FALSE	ESAS	 6150	   1	F									"
"EO	110069318	1100334376		FALSE	ESAS	 5910	   1	F	A								"
"EO	110069318	1100334377		TRUE	ESAS	 6110	   1	F								49	"
"EO	110069319	1100334378		FALSE	ESAS	  720	   1	F									"
"EO	110069320	1100334379		FALSE	ESAS	 4700	  10	F					NE				"
"EO	110069321	1100334380		FALSE	ESAS	 6110	   1	F									"
"EO	110069322	1100334381		FALSE	ESAS	 6110	   1	F					NE				"
"EO	110069323	1100334382		FALSE	ESAS	 5910	   2	F									"
"EO	110069323	1100334383		FALSE	ESAS	 6110	   2	F					NE				"
"EO	110069323	1100334384		FALSE	ESAS	 5920	  16	F									"
"EO	110069323	1100334385		TRUE	ESAS	 6150	   1	A								44	"
"EO	110069323	1100334386		TRUE	ESAS	 6110	   2	F					NE				"
"EO	110069323	1100334387		TRUE	ESAS	 6150	   3	B	A							44	"
"EO	110069323	1100334388		TRUE	ESAS	 6150	   3	A	A							44	"
"EO	110069323	1100334389		TRUE	ESAS	 5910	   1	A	A							44	"
"EO	110069324	1100334390		FALSE	ESAS	 6150	   2	F	A								"
"EO	110069324	1100334391		FALSE	ESAS	 6110	   3	F					NE				"
"EO	110069324	1100334392		TRUE	ESAS	 5920	   1	D	3								"
"EO	110069325	1100334393		FALSE	ESAS	 5920	   2	F	4								"
"EO	110069325	1100334394		TRUE	ESAS	 6110	   2	F									"
"EO	110069325	1100334395		FALSE	ESAS	 5920	   1	F	3								"
"EO	110069325	1100334396		FALSE	ESAS	 5920	   1	F	2								"
"EO	110069326	1100334397	1?	FALSE	ESAS	 5920	  60	W									"
"EO	110069326	1100334398	1?	FALSE	ESAS	 5910	  10	W									"
"EO	110069326	1100334399	1?	TRUE	ESAS	 5910	  10	A									"
"EO	110069326	1100334400	1?	TRUE	ESAS	 5920	  60	A									"
"EO	110069326	1100334401	1?	TRUE	ESAS	 5920	  50	W									"
"EO	110069326	1100334402		TRUE	ESAS	 5920	   4	A									"
"EO	110069327	1100334403	2?	TRUE	ESAS	 6000	   4	A									"
"EO	110069327	1100334404	2?	TRUE	ESAS	 5910	  10	B									"
"EO	110069327	1100334405	2?	TRUE	ESAS	 5920	  60	B									"
"EO	110069327	1100334406		FALSE	ESAS	 6150	   1	F	A								"
"EO	110069328	1100334407		FALSE	ESAS	 6110	   1	F	A								"
"EO	110069328	1100334408		TRUE	ESAS	 5920	  22	C									"
"EO	110069328	1100334409		TRUE	ESAS	 5910	   2	C									"
"EO	110069329	1100334410		FALSE	ESAS	 5910	   1	F	A								"
"EO	110069330	1100334411		FALSE	ESAS	 6110	   1	F	A							49	"
"EO	110069331	1100334412		TRUE	ESAS	 6110	   3	F	A								"
"EO	110069334	1100334413		FALSE	ESAS	 6110	   3	F					NE				"
"EO	110069334	1100334414		FALSE	ESAS	 5910	   1	F	2								"
"EO	110069335	1100334415		FALSE	ESAS	 5920	   1	F	3								"
"EO	110069335	1100334416		FALSE	ESAS	 6110	   1	F	A				NE				"
"EO	110069336	1100334417		FALSE	ESAS	 6110	   1	F	A								"
"EO	110069337	1100334418		FALSE	ESAS	 6110	   1	F	A								"
"EO	110069337	1100334419		FALSE	ESAS	 6110	   2	F	A								"
"EO	110069337	1100334420		FALSE	ESAS	 6110	   1	F	2								"
"EO	110069337	1100334421		FALSE	ESAS	 6110	   1	F	A							49	"
"EO	110069337	1100334422		FALSE	ESAS	 6110	   1	F	A								"
"EO	110069338	1100334423		FALSE	ESAS	 6110	   1	F	A				NE			30	Haring"
"EO	110069338	1100334424		TRUE	ESAS	 6110	   1	F	A				NE			30	Zandspiering"
"EO	110069339	1100334425		FALSE	ESAS	 6110	   1	F									"
"EO	110069339	1100334426		FALSE	ESAS	 6110	   1	F					NE			30	"
"EO	110069339	1100334427		FALSE	ESAS	 5920	   1	F	A							49	"
"EO	110069339	1100334428		FALSE	ESAS	 5926	   1	F	2								"
"EO	110069340	1100334429		FALSE	ESAS	 6150	   6	F					NE				"
"EO	110069340	1100334430		FALSE	ESAS	 6110	   1	F	A				NE				"
"EO	110069340	1100334431		TRUE	ESAS	 5910	   1	A	A							44	"
"EO	110069341	1100334432		TRUE	ESAS	 5920	   1	A	A								"
"EO	110069341	1100334433		TRUE	ESAS	 6150	   1	C	A							44	"
"EO	110069341	1100334434		FALSE	ESAS	 6110	   2	F	A				W				"
"EO	110069341	1100334435		FALSE	ESAS	 6110	   1	F	A				W				"
"EO	110069341	1100334436		TRUE	ESAS	 6110	   1	F	A							49	"
"EO	110069342	1100334437		TRUE	ESAS	 6110	   1	F	A							49	"
"EO	110069342	1100334438		FALSE	ESAS	 6110	   1	F	A				W				"
"EO	110069343	1100334439		FALSE	ESAS	 6110	   2	F	A				W				"
"EO	110069343	1100334440		FALSE	ESAS	 6110	   1	F	A								"
"EO	110069343	1100334441		FALSE	ESAS	 5910	   1	F	A								"
"EO	110069344	1100334442		FALSE	ESAS	  720	   2	F									"
"EO	110069344	1100334443		FALSE	ESAS	 9920	   1	F									"
"EO	110069344	1100334444		FALSE	ESAS	 6110	   2	F	A				W				"
"EO	110069344	1100334445		FALSE	ESAS	64310	   1	E									"
"EO	110069345	1100334446		FALSE	ESAS	 6150	   1	F	A								"
"EO	110069346	1100334447		FALSE	ESAS	 6110	   3	F	A				W				"
"EO	110069346	1100334448		FALSE	ESAS	 6110	   6	F	A				SW				"
"EO	110069346	1100334449		FALSE	ESAS	 6110	   1	F	A				W				"
"EO	110069347	1100334450		TRUE	ESAS	 6110	   1	B	A							45	"
"EO	110069347	1100334451		FALSE	ESAS	 6110	   2	F	A						28		"
"EO	110069347	1100334452		FALSE	ESAS	 6110	   1	F	A						28		"
"EO	110069347	1100334453		FALSE	ESAS	 6110	   2	F	A				W				"
"EO	110069348	1100334454		FALSE	ESAS	 6110	   1	F	A				W				"
"EO	110069348	1100334455		FALSE	ESAS	 5910	   1	F	A								"
"EO	110069349	1100334456		FALSE	ESAS	 6110	   5	F	A						28		"
"EO	110069349	1100334457		FALSE	ESAS	 6110	   1	F	A				W				"
"EO	110069349	1100334458		FALSE	ESAS	 9920	   1	F									"
"EO	110069350	1100334459		FALSE	ESAS	 6110	   1	F	A				W				"
"EO	110069350	1100334460		FALSE	ESAS	 6110	   1	F	A								"
"EO	110069350	1100334461		FALSE	ESAS	 6110	   9	F	A				N				"
"EO	110069350	1100334462		FALSE	ESAS	 6110	   1	F	A								"
"EO	110069351	1100334463		FALSE	ESAS	 6110	   1	F	A				W				"
"EO	110069351	1100334464		FALSE	ESAS	 6110	   1	F	A				W				"
"EO	110069351	1100334465		FALSE	ESAS	 6110	   3	F	A				W				"
"EO	110069351	1100334466		FALSE	ESAS	 6110	   5	F	A				W				"
"EO	110069351	1100334467		FALSE	ESAS	 6110	   2	F	A						28		"
"EO	110069351	1100334468		FALSE	ESAS	 6110	   3	F	A				W				"
"EO	110069351	1100334469		FALSE	ESAS	 6110	   1	F	A				W				"
"EO	110069352	1100334470		FALSE	ESAS	 6150	   1	F	A								"
"EO	110069352	1100334471		TRUE	ESAS	 6110	   1	F	A						28		"
"EO	110069352	1100334472		TRUE	ESAS	 6110	   8	F	A				W				"
"EO	110069352	1100334473		FALSE	ESAS	 5910	   1	F	A								"
"EO	110069352	1100334474		FALSE	ESAS	 6110	   4	F	A				W				"
"EO	110069352	1100334475		FALSE	ESAS	 6000	   1	F	2								"
"EO	110069353	1100334476		FALSE	ESAS	 6150	   1	F	A								"
"EO	110069353	1100334477		FALSE	ESAS	 6110	   2	F	A				W				"
"EO	110069353	1100334478		FALSE	ESAS	 6110	   1	F							28		"
"EO	110069353	1100334479		FALSE	ESAS	 6110	   1	F	A								"
"EO	110069354	1100334480		FALSE	ESAS	 5910	   1	A	3								"
"EO	110069354	1100334481		FALSE	ESAS	 5910	   1	C	A								"
"EO	110069354	1100334482		FALSE	ESAS	 6150	   1	F	A								"
"EO	110069355	1100334483		FALSE	ESAS	 6150	   1	F	A								"
"EO	110069355	1100334484		TRUE	ESAS	 6150	   1	F	A								"
"EO	110069355	1100334485		FALSE	ESAS	 6150	   1	F	A								"
"EO	110069355	1100334486		FALSE	ESAS	 6150	   1	F	A								"
"EO	110069356	1100334487		FALSE	ESAS	 6110	   1	F	A								"
"EO	110069356	1100334488		FALSE	ESAS	 9920	   1	F									"
"EO	110069357	1100334489		FALSE	ESAS	 6150	   1	F	A								"
"EO	110069357	1100334490		FALSE	ESAS	 6110	   2	F	A								"
"EO	110069358	1100334491		FALSE	ESAS	 6150	   4	F	A							49	"
"EO	110069358	1100334492		TRUE	ESAS	64320	   1	C								30	"
"EO	110069359	1100334493		TRUE	ESAS	 6150	   1	F	A								"
"EO	110069360	1100334494		TRUE	ESAS	 6110	   1	F	A								"
"EO	110069361	1100334495		TRUE	ESAS	 6110	   1	F	A								"
"EO	110069362	1100334496		FALSE	ESAS	 6150	   1	F	A								"
"EO	110069363	1100334497		FALSE	ESAS	 6150	   2	F	A								"
"EO	110069364	1100334498		FALSE	ESAS	 6150	   1	F	A								"
"EO	110069364	1100334499		FALSE	ESAS	 6150	   1	F	A								"
"EO	110069365	1100334500		FALSE	ESAS	 6150	   1	F	A								"
"EO	110069365	1100334501		FALSE	ESAS	 5910	   1	F	3								"
"EO	110069366	1100334502		TRUE	ESAS	 6150	   1	F	A								"
"EO	110069366	1100334503		TRUE	ESAS	 6110	   1	F									"
"EO	110069368	1100334504		FALSE	ESAS	 6150	   1	F	A							30	"
"EO	110069368	1100334505		FALSE	ESAS	 6110	   1	F								45	"
"EO	110069376	1100334506		TRUE	ESAS	 6110	   1	D	A							44	"
"EO	110069376	1100334507		FALSE	ESAS	 6110	   1	E	A							45	"
"EO	110069377	1100334508		FALSE	ESAS	 6110	   3	F	A								"
"EO	110069377	1100334509		FALSE	ESAS	 6150	   1	F	A							49	"
"EO	110069379	1100334510		FALSE	ESAS	 6110	   1	F	A								"
"EO	110069379	1100334511		FALSE	ESAS	 6110	   1	F	A								"
"EO	110069379	1100334512		FALSE	ESAS	 5910	   1	F	A								"
"EO	110069379	1100334513		FALSE	ESAS	 5920	   1	F	A								"
"EO	110069379	1100334514		FALSE	ESAS	 5910	   2	F	A								"
"EO	110069380	1100334515	3?	FALSE	ESAS	64320	   1	B									"
"EO	110069380	1100334516	3?	FALSE	ESAS	 6110	   1	B								44	"
"EO	110069380	1100334517		FALSE	ESAS	 5910	   1	F	A								"
"EO	110069380	1100334518		FALSE	ESAS	 5910	   1	F	A								"
"EO	110069384	1100334519		FALSE	ESAS	 6110	   1	F									"
"EO	110069385	1100334520		FALSE	ESAS	 5910	   1	F	A								"
"EO	110069386	1100334521		FALSE	ESAS	 6000	   1	F	3								"
"EO	110069386	1100334522		FALSE	ESAS	 5920	   1	D									"
"EO	110069386	1100334523		FALSE	ESAS	 5910	   2	E	A								"
"EO	110069387	1100334524		FALSE	ESAS	 5910	   1	F	3								"
"EO	110069388	1100334525		FALSE	ESAS	 6110	   1	F	A							49	"
"EO	110069389	1100334526		FALSE	ESAS	 5910	   1	F									"
"EO	110069393	1100334527		FALSE	ESAS	 6150	   1	F								49	"
"EO	110069393	1100334528		FALSE	ESAS	  710	   1	E	A						13		"
"EO	110069394	1100334529		TRUE	ESAS	 5910	   1	D	A								"
"EO	110069394	1100334530		FALSE	ESAS	  710	   1	F	A								"
"EO	110069394	1100334531		FALSE	ESAS	 6110	   1	F							13	49	"
"EO	110069395	1100334532		FALSE	ESAS	 6020	   1	F	A								"
"EO	110069396	1100334533		FALSE	ESAS	  710	   1	E	A						13		"
"EO	110069397	1100334534		FALSE	ESAS	 5910	   1	F	A								"
"EO	110069397	1100334535		FALSE	ESAS	 6110	   1	F							13	49	"
"EO	110069398	1100334536		TRUE	ESAS	 5900	   1	B	2						13		"
"EO	110069398	1100334537		FALSE	ESAS	 6110	   1	F	A							49	"
"EO	110069398	1100334538		TRUE	ESAS	  710	   1	A	A							94	"
"EO	110069399	1100334539		TRUE	ESAS	 6110	   4	C								66	"
"EO	110069399	1100334540		FALSE	ESAS	10010	   1	F					NE				"
"EO	110069400	1100334541		FALSE	ESAS	  710	   1	E	A								"
"EO	110069400	1100334542		TRUE	ESAS	 5910	   1	C	A								"
"EO	110069401	1100334543		FALSE	ESAS	  710	   2	E	A								"
"EO	110069402	1100334544		FALSE	ESAS	 6110	   1	F									"
"EO	110069402	1100334545		FALSE	ESAS	 6110	   1	F									"
"EO	110069403	1100334546		FALSE	ESAS	 6110	   1	F	A								"
"EO	110069403	1100334547		FALSE	ESAS	 9920	   2	F									"
"EO	110069446	1100334548		FALSE	ESAS	 6110	   1	F	A								"
"EO	110069446	1100334549		FALSE	ESAS	 6110	   4	F	A							49	"
"EO	110069446	1100334550		TRUE	ESAS	  710	   1	F	A								"
"EO	110069447	1100334551		TRUE	ESAS	  720	  16	D							22		"
"EO	110069447	1100334552		FALSE	ESAS	  710	   1	F	3								"
"EO	110069447	1100334553		FALSE	ESAS	 6110	   2	F	A							45	"
"EO	110069448	1100334554		FALSE	ESAS	 6110	   5	F	A							49	"
"EO	110069448	1100334555		TRUE	ESAS	 6110	   1	F	A								"
"EO	110069448	1100334556		TRUE	ESAS	  710	   1	F	2								"
"EO	110069449	1100334557		FALSE	ESAS	 6110	   8	F	A							49	"
"EO	110069449	1100334558		FALSE	ESAS	 6150	   1	F	A								"
"EO	110069455	1100334559	4?	FALSE	ESAS	  720	   2	E									"
"EO	110069455	1100334560	4?	FALSE	ESAS	 6150	   3	E									"
"EO	110069455	1100334561	4?	FALSE	ESAS	 6020	   1	E									"
"EO	110069455	1100334562	4?	FALSE	ESAS	 6110	  22	E									"
"EO	110069455	1100334563		FALSE	ESAS	  710	   1	E	A								"
"EO	110069455	1100334564		TRUE	ESAS	 5920	   1	A	3								"
"EO	110069456	1100334565		FALSE	ESAS	 6150	   1	F	A								"
"EO	110069456	1100334566		FALSE	ESAS	  720	   1	F									"
"EO	110069456	1100334567		FALSE	ESAS	 5910	   1	F	3								"
"EO	110069456	1100334568		TRUE	ESAS	 6150	   1	F	A								"
"EO	110069458	1100334569		FALSE	ESAS	 5670	   1	F					NE				"
"EO	110069459	1100334570		FALSE	ESAS	 6110	   1	F								49	"
"EO	110069461	1100334571	5?	FALSE	ESAS	63510	   1	E									dood"
"EO	110069461	1100334572	5?	FALSE	ESAS	 5920	   1	E	2								"
"EO	110069461	1100334573	5?	FALSE	ESAS	 5920	   1	E	4								"
"EO	110069462	1100334574		FALSE	ESAS	  720	   1	E									"
"EO	110069462	1100334575		FALSE	ESAS	 6110	   3	F									"
"EO	110069462	1100334576		FALSE	ESAS	 6110	   2	F								49	"
"EO	110069464	1100334577		FALSE	ESAS	 2130	  35	F									"
"EO	110069464	1100334578		FALSE	ESAS	 2130	 250	E									"
"EO	110069464	1100334579		FALSE	ESAS	 2130	  30	F									"
"EO	110069465	1100334580		FALSE	ESAS	 2130	  25	F									"
"EO	110069465	1100334581		FALSE	ESAS	 2130	 100	F									"
"EO	110069467	1100334582		FALSE	ESAS	 2130	  30	F									"
"EO	110069467	1100334583		FALSE	ESAS	 2130	  44	F									"
"EO	110069467	1100334584		FALSE	ESAS	 2130	  45	F									"
"EO	110069468	1100334585	6?	TRUE	ESAS	 5920	   1	C	2								"
"EO	110069468	1100334586	6?	TRUE	ESAS	 5920	   4	C	3								"
"EO	110069468	1100334587	6?	TRUE	ESAS	 5900	   1	C	A								"
"EO	110069468	1100334588		TRUE	ESAS	  720	   2	F									"
"EO	110069468	1100334589		FALSE	ESAS	 2130	  30	F									"
"EO	110069468	1100334590		FALSE	ESAS	 5920	   1	F	3								"
"EO	110069469	1100334591		TRUE	ESAS	 5920	   1	F	2								"
"EO	110069469	1100334592		FALSE	ESAS	 2130	  26	F									"
"EO	110069469	1100334593		FALSE	ESAS	  720	   1	F									"
"EO	110069469	1100334594		FALSE	ESAS	 2130	   3	F									"
"EO	110069470	1100334595		FALSE	ESAS	 2130	7000	F									7000+ zie foto"
"EO	110069482	1100334596	7?	TRUE	ESAS	 5920	   1	W	2								"
"EO	110069482	1100334597	7?	TRUE	ESAS	 5920	   8	W	3								"
"EO	110069483	1100334598		FALSE	ESAS	 2130	 800	E									"
"EO	110069483	1100334599		FALSE	ESAS	  720	   1	F									"
"EO	110069484	1100334600		FALSE	ESAS	 2130	  14	F									"
"EO	110069484	1100334601		TRUE	ESAS	 2130	  35	B									"
"EO	110069484	1100334602		FALSE	ESAS	  720	   6	E							22		"
"EO	110069484	1100334603		FALSE	ESAS	 2130	   4	F									"
"EO	110069484	1100334604		FALSE	ESAS	  720	   1	F									"
"EO	110069485	1100334605		FALSE	ESAS	  720	   3	F									"
"EO	110069485	1100334606		FALSE	ESAS	  720	   1	F									"
"EO	110069485	1100334607		TRUE	ESAS	  720	   3	D									"
"EO	110069485	1100334608		FALSE	ESAS	 6110	   3	F								49	"
"EO	110069486	1100334609		FALSE	ESAS	  720	   5	E							22		"
"EO	110069486	1100334610		FALSE	ESAS	  720	   1	F									"
"EO	110069486	1100334611		FALSE	ESAS	 5900	   1	F								49	"
"EO	110069487	1100334612		FALSE	ESAS	  720	   6	F									"
"EO	110069487	1100334613		FALSE	ESAS	  720	   1	D								94	"
"EO	110069488	1100334614		TRUE	ESAS	 5920	   2	B	3								"
"EO	110069488	1100334615		FALSE	ESAS	  720	   6	F									"
"EO	110069488	1100334616		FALSE	ESAS	 6110	   2	E	A							66	"
"EO	110069489	1100334617		FALSE	ESAS	  720	   4	F									"
"EO	110069491	1100334618	8?	TRUE	ESAS	 5920	   2	F									"
"EO	110069491	1100334619	8?	TRUE	ESAS	 6000	   1	F									"
"EO	110069491	1100334620		FALSE	ESAS	  720	   1	F									"
"EO	110069491	1100334621		FALSE	ESAS	  720	   1	F									"
"EO	110069491	1100334622		FALSE	ESAS	  720	   2	F									"
"EO	110069492	1100334623		FALSE	ESAS	  720	   1	F									"
"EO	110069493	1100334624		FALSE	ESAS	  720	   5	F									"
"EO	110069493	1100334625		FALSE	ESAS	  720	   1	F									"
"EO	110069494	1100334626		FALSE	ESAS	  720	   1	F									"
"EO	110069496	1100334627		FALSE	ESAS	  720	   1	F									"
"EO	110069497	1100334628		FALSE	ESAS	 5920	   1	F	2								"
"EO	110069497	1100334629		FALSE	ESAS	  720	   1	F									"
"EO	110069497	1100334630		FALSE	ESAS	  720	   3	F									"
"EO	110069497	1100334631		FALSE	ESAS	  720	   1	E							22		"
"EO	110069497	1100334632		TRUE	ESAS	  720	   1	F									"
"EO	110069497	1100334633		FALSE	ESAS	 5920	   1	F									"
"EO	110069498	1100334634		FALSE	ESAS	 5910	   1	F	A								"
"EO	110069498	1100334635		FALSE	ESAS	 5910	   5	F									"
"EO	110069501	1100334636		FALSE	ESAS	 6150	   1	F									"
"EO	110069502	1100334637		FALSE	ESAS	  720	   1	F									"
"EO	110069504	1100334638		FALSE	ESAS	  720	   5	C							22		"
"EO	110069504	1100334639		FALSE	ESAS	  720	   1	F									"
"EO	110069505	1100334640		FALSE	ESAS	 5920	   4	D									"
"EO	110069505	1100334641		FALSE	ESAS	  720	   1	F									"
"EO	110069505	1100334642		FALSE	ESAS	 5910	   1	D	A								"
"EO	110069506	1100334643	9?	TRUE	ESAS	 6000	   1	C	2								"
"EO	110069506	1100334644	9?	TRUE	ESAS	 5920	   1	C	2								"
"EO	110069506	1100334645	9?	TRUE	ESAS	 5910	   1	C	A								"
"EO	110069506	1100334646		TRUE	ESAS	 6000	   1	B	A							94	"
"EO	110069506	1100334647		FALSE	ESAS	 5900	   2	F	2								"
"EO	110069509	1100334648		FALSE	ESAS	 5910	   1	F	A								"
"EO	110069510	1100334649		FALSE	ESAS	  720	   2	E							22		"
"EO	110069511	1100334650		TRUE	ESAS	 6000	   1	D	3						22		"
"EO	110069511	1100334651		TRUE	ESAS	  720	   2	D							22		"
"EO	110069512	1100334652		FALSE	ESAS	 6150	   1	F								49	"
"EO	110069514	1100334653		FALSE	ESAS	 6150	   1	F									"
"EO	110069515	1100334654		FALSE	ESAS	 6150	   1	F	A							30	"
"EO	110069515	1100334655		TRUE	ESAS	 5480	   5	F									"
"EO	110069515	1100334656		FALSE	ESAS	 5910	   1	F	A								"
"EO	110069515	1100334657		FALSE	ESAS	 6150	   2	F									"
"EO	110069515	1100334658		FALSE	ESAS	 6110	   6	F									"
"EO	110069516	1100334659		FALSE	ESAS	 5910	   1	F	A								"
"EO	110069516	1100334660		FALSE	ESAS	 5750	   2	F	A								"
"EO	110069516	1100334661		FALSE	ESAS	  720	   1	F									"
"EO	110069517	1100334662		FALSE	ESAS	 6150	   1	F	A								"
"EO	110069517	1100334663		FALSE	ESAS	 5910	   1	F	A								"
"EO	110069518	1100334664		FALSE	ESAS	 6000	   1	A	2							94	"
"EO	110069518	1100334665		FALSE	ESAS	 5750	   1	F	2								"
"EO	110069518	1100334666		TRUE	ESAS	  720	   2	C							22		"
"EO	110069520	1100334667		TRUE	ESAS	 5910	   1	C	A							94	"
"EO	110069520	1100334668		FALSE	ESAS	 5910	   1	A	1								"
"EO	110069521	1100334669		FALSE	ESAS	 6000	   1	F	A								"
"EO	110069521	1100334670		FALSE	ESAS	  720	   2	E							22		"
"EO	110069521	1100334671		FALSE	ESAS	 5920	   1	F	A								"
"EO	110069522	1100334672		FALSE	ESAS	 5920	   1	F	A								"
"EO	110069522	1100334673		FALSE	ESAS	 6110	   2	F	A								"
"EO	110069524	1100334674		FALSE	ESAS	 5910	   1	F	A								"
"EO	110069524	1100334675		FALSE	ESAS	 6150	   1	F	2								"
"EO	110069525	1100334676		FALSE	ESAS	 5910	   2	F	A								"
"EO	110069526	1100334677		FALSE	ESAS	 5920	   1	F	2								"
"EO	110069526	1100334678		FALSE	ESAS	 6000	   1	F	2								"
"EO	110069526	1100334679		FALSE	ESAS	  720	   1	F									"
"EO	110069528	1100334680		FALSE	ESAS	 5910	   1	F	A								"
"EO	110069528	1100334681		TRUE	ESAS	 5910	   1	F	2								"
"EO	110069528	1100334682		TRUE	ESAS	 5910	   1	F	4								"
"EO	110069529	1100334683		TRUE	ESAS	 5910	   1	C	2							40	"
"EO	110069529	1100334684		FALSE	ESAS	 5910	   1	F									"
"EO	110069530	1100334685		FALSE	ESAS	 5910	   1	B	2							94	"
"EO	110069530	1100334686		FALSE	ESAS	 5910	   1	B	2							94	"
"EO	110069530	1100334687		TRUE	ESAS	 5910	   1	B	2							94	"
"EO	110069531	1100334688		TRUE	ESAS	 5910	  10	W									"
"EO	110069531	1100334689		TRUE	ESAS	 5920	   4	W									"
"EO	110069531	1100334690		TRUE	ESAS	 5920	   1	B	2							94	"
"EO	110069531	1100334691		FALSE	ESAS	63510	   1	W									"
"EO	110069531	1100334692		FALSE	ESAS	 5910	   1	E	A								"
"EO	110069533	1100334693		FALSE	ESAS	 5910	   1	F	2								"
"EO	110069533	1100334694		FALSE	ESAS	 6150	   1	F	A								"
"EO	110069533	1100334695		FALSE	ESAS	 5920	   1	F	3								"
"EO	110069533	1100334696		TRUE	ESAS	 5910	   1	F	2								"
"EO	110069533	1100334697		FALSE	ESAS	 5910	   1	A	1							94	"
"EO	110069533	1100334698		TRUE	ESAS	 5910	   1	B	2								"
"EO	110069534	1100334699	1	TRUE	ESAS	 5920	   1	C	A						13		"
"EO	110069534	1100334700	1	TRUE	ESAS	 5910	   4	C	I						13		"
"EO	110069534	1100334701	1	TRUE	ESAS	 5910	   1	C	A						13		"
"EO	110069534	1100334702		FALSE	ESAS	 5920	   1	F									"
"EO	110069534	1100334703		FALSE	ESAS	 5920	   1	A	2								"
"EO	110069534	1100334704		TRUE	ESAS	 5920	   1	C	3						13		"
"EO	110069535	1100334705		TRUE	ESAS	 5910	   1	B	4								"
"EO	110069535	1100334706		TRUE	ESAS	 5910	   1	B	A								"
"EO	110069535	1100334707		TRUE	ESAS	 5910	   1	F	A								"
"EO	110069535	1100334708		FALSE	ESAS	 5910	   1	F	1								"
"EO	110069536	1100334709		FALSE	ESAS	 5910	   4	F	A								"
"EO	110069536	1100334710		TRUE	ESAS	 5910	   1	D	2								"
"EO	110069536	1100334711		FALSE	ESAS	 6049	 400	F							21		BEAM YE139/315°/1"
5KM/STOP/+400 meeuw sp
"EO	110069537	1100334712		FALSE	ESAS	 5910	   1	F	1								"
"EO	110069537	1100334713		FALSE	ESAS	 6150	   1	F	A								"
"EO	110069537	1100334714		TRUE	ESAS	 5910	   1	D	A								"
"EO	110069538	1100334715		FALSE	ESAS	 5910	   4	F	A								BEAM TOWING/315°/3 KM"
"EO	110069538	1100334716		TRUE	ESAS	 5920	   1	F	A								"
"EO	110069538	1100334717		FALSE	ESAS	 5920	   1	F	A								"
"EO	110069539	1100334718		FALSE	ESAS	 5910	   2	F	A								"
"EO	110069539	1100334719		FALSE	ESAS	 5910	   1	F	3								"
"EO	110069539	1100334720		TRUE	ESAS	 5910	   1	F	A								"
"EO	110069539	1100334721		FALSE	ESAS	 5910	   1	F	A								"
"EO	110069539	1100334722		FALSE	ESAS	 6150	   1	F	A								"
"EO	110069539	1100334723		FALSE	ESAS	 5920	   1	F	A								"
"EO	110069540	1100334724	2	TRUE	ESAS	 2130	   5	D				F				94	"
"EO	110069540	1100334725	2	TRUE	ESAS	 2130	   5	D				M				94	"
"EO	110069540	1100334726	3	TRUE	ESAS	 2130	   1	D				M					"
"EO	110069540	1100334727	3	TRUE	ESAS	 2130	   1	D				F					"
"EO	110069540	1100334728		FALSE	ESAS	 5920	   1	F	A								"
"EO	110069540	1100334729		FALSE	ESAS	 5920	   2	F	A								"
"EO	110069541	1100334730		FALSE	ESAS	 5920	   1	F									"
"EO	110069541	1100334731		FALSE	ESAS	 5910	   2	F	A								"
"EO	110069541	1100334732		FALSE	ESAS	 6049	1000	F							21		BEAM TOW/315°/1"
5 KM/Z431
"EO	110069541	1100334733		FALSE	ESAS	 6150	   2	F	A								"
"EO	110069541	1100334734		FALSE	ESAS	 6110	   1	F	A								"
"EO	110069542	1100334735		TRUE	ESAS	63510	   1	A									"
"EO	110069542	1100334736		FALSE	ESAS	 5910	   1	F	4								"
"EO	110069542	1100334737		FALSE	ESAS	 5910	   1	F	A								"
"EO	110069542	1100334738		FALSE	ESAS	 5910	   4	F									"
"EO	110069542	1100334739		TRUE	ESAS	 5910	   1	A	A								"
"EO	110069542	1100334740		FALSE	ESAS	 5910	   1	F	A								"
"EO	110069542	1100334741		FALSE	ESAS	 6150	   1	F	A								"
"EO	110069543	1100334742		TRUE	ESAS	 6150	   1	F	A								BEAM TOW/315°/1 KM / SL23"
"EO	110069543	1100334743		FALSE	ESAS	 6049	1500	F							21		2 x BEAM TOW/315°/2 KM"
"EO	110069543	1100334744		FALSE	ESAS	 6110	   1	F	A								"
"EO	110069544	1100334745		FALSE	ESAS	 6150	   2	F									"
"EO	110069544	1100334746		FALSE	ESAS	 6150	   1	F	A								"
"EO	110069544	1100334747		FALSE	ESAS	 5910	   1	F	A								"
"EO	110069544	1100334748		FALSE	ESAS	 5820	   1	F	1								"
"EO	110069544	1100334749		FALSE	ESAS	 5820	   1	F	1								"
"EO	110069544	1100334750		FALSE	ESAS	 6110	   1	F									"
"EO	110069544	1100334751		FALSE	ESAS	 6049	 200	F							21		BEAM TOW/UK104/315°/1 KM/ 200 meeuw"
"EO	110069544	1100334752		FALSE	ESAS	 6150	   1	F	A								"
"EO	110069545	1100334753		FALSE	ESAS	 5780	   1	A	2							94	"
"EO	110069545	1100334754		TRUE	ESAS	 5910	   1	C	A								"
"EO	110069545	1100334755		FALSE	ESAS	 5910	   1	F	4								"
"EO	110069545	1100334756		TRUE	ESAS	 6150	   1	F	A								"
"EO	110069546	1100334757		FALSE	ESAS	 6270	   1	F									"
"EO	110069546	1100334758		FALSE	ESAS	 5910	   1	F	A								"
"EO	110069546	1100334759		FALSE	ESAS	 5910	   1	F	A								"
"EO	110069546	1100334760		FALSE	ESAS	 6150	   1	F	A								"
"EO	110069547	1100334761	4	FALSE	ESAS	 5910	   1	F	A								"
"EO	110069547	1100334762	4	FALSE	ESAS	 5910	   1	F	4								"
"EO	110069547	1100334763		FALSE	ESAS	 6110	   1	F	A								"
"EO	110069547	1100334764		TRUE	ESAS	 6150	   1	F	A								"
"EO	110069547	1100334765		FALSE	ESAS	 6150	   1	F	A								"
"EO	110069548	1100334766		FALSE	ESAS	 5910	   1	F	A								"
"EO	110069548	1100334767		FALSE	ESAS	 6110	   2	F	A								"
"EO	110069548	1100334768		FALSE	ESAS	 5920	   1	F	A								"
"EO	110069548	1100334769		TRUE	ESAS	 6150	   1	F	A								"
"EO	110069548	1100334770		TRUE	ESAS	 6110	   1	D	A							45	"
"EO	110069549	1100334771		FALSE	ESAS	 6110	   1	F	A								"
"EO	110069549	1100334772		FALSE	ESAS	 5920	   1	F	A								"
"EO	110069549	1100334773		TRUE	ESAS	 5920	   1	F	A								"
"EO	110069549	1100334774		FALSE	ESAS	 6110	   1	F	A								"
"EO	110069549	1100334775		FALSE	ESAS	 6150	   1	F	A								"
"EO	110069549	1100334776		FALSE	ESAS	 5910	   1	F	4								"
"EO	110069549	1100334777		FALSE	ESAS	 5910	   1	F	4								"
"EO	110069549	1100334778		FALSE	ESAS	 6150	   1	F	A								"
"EO	110069549	1100334779		FALSE	ESAS	 6110	   1	F	A							30	"
"EO	110069550	1100334780		FALSE	ESAS	 6150	   1	F	A								"
"EO	110069550	1100334781		FALSE	ESAS	 5910	   1	F	A								"
"EO	110069551	1100334782	5	FALSE	ESAS	 6150	   1	F	A								"
"EO	110069551	1100334783	5	FALSE	ESAS	 6150	   2	F	1								"
"EO	110069551	1100334784		FALSE	ESAS	 5910	   1	F	A								"
"EO	110069551	1100334785		TRUE	ESAS	 6110	   1	F	A								"
"EO	110069551	1100334786		FALSE	ESAS	 6110	   1	F	A								"
"EO	110069551	1100334787		FALSE	ESAS	 5910	   1	F	A								"
"EO	110069551	1100334788		FALSE	ESAS	 6150	   1	F	1								"
"EO	110069551	1100334789		FALSE	ESAS	 5910	   2	F	A								"
"EO	110069551	1100334790		FALSE	ESAS	 6110	   1	F	A								"
"EO	110069552	1100334791		FALSE	ESAS	 5920	   1	F	3								"
"EO	110069552	1100334792		TRUE	ESAS	 5920	   1	F	3								"
"EO	110069552	1100334793		FALSE	ESAS	 5910	   1	F	A								"
"EO	110069552	1100334794		FALSE	ESAS	 5910	   1	F	A								"
"EO	110069553	1100334795		TRUE	ESAS	 5920	   1	F	A								"
"EO	110069553	1100334796		TRUE	ESAS	 6150	   1	F	A								"
"EO	110069553	1100334797		TRUE	ESAS	 5910	   1	F	A								"
"EO	110069553	1100334798		FALSE	ESAS	 6110	   4	F									"
"EO	110069553	1100334799		FALSE	ESAS	 5910	   1	F	A								"
"EO	110069553	1100334800		TRUE	ESAS	 6150	   1	F	A								"
"EO	110069553	1100334801		TRUE	ESAS	 5910	   1	F	A								"
"EO	110069553	1100334802		FALSE	ESAS	 6150	   2	F									"
"EO	110069554	1100334803		TRUE	ESAS	 5910	   1	F	A								"
"EO	110069554	1100334804		TRUE	ESAS	 5910	   1	D	2								"
"EO	110069554	1100334805		FALSE	ESAS	 5910	   1	F	A								"
"EO	110069554	1100334806		TRUE	ESAS	 5820	   3	A	A							94	"
"EO	110069554	1100334807		TRUE	ESAS	 6150	   1	A	A							94	"
"EO	110069554	1100334808		TRUE	ESAS	 5750	   1	B	A							44	"
"EO	110069554	1100334809		FALSE	ESAS	 6150	   3	F	A								"
"EO	110069555	1100334810		TRUE	ESAS	 6150	   1	F	A								"
"EO	110069555	1100334811		FALSE	ESAS	 6150	   1	F	A								"
"EO	110069555	1100334812		TRUE	ESAS	 5910	   1	F	A								"
"EO	110069555	1100334813		TRUE	ESAS	 5920	   2	F	I								"
"EO	110069555	1100334814		FALSE	ESAS	 5920	   1	F	A								"
"EO	110069555	1100334815		FALSE	ESAS	 6049	 300	F							21		BEAM TOW/300°/3 KM/ 300 meeuw"
"EO	110069555	1100334816		TRUE	ESAS	 6150	   1	F	A								"
"EO	110069555	1100334817		FALSE	ESAS	 5910	   2	F	A								"
"EO	110069556	1100334818	6	TRUE	ESAS	 5910	   1	D	A								"
"EO	110069556	1100334819	6	TRUE	ESAS	 5920	   1	D	A								"
"EO	110069556	1100334820	6	TRUE	ESAS	 5910	   2	D	I								"
"EO	110069556	1100334821	6	TRUE	ESAS	 5920	   3	D	I								"
"EO	110069556	1100334822	6	TRUE	ESAS	 5910	   1	D	I								"
"EO	110069556	1100334823		TRUE	ESAS	 5910	   1	F	3								"
"EO	110069556	1100334824		TRUE	ESAS	 6000	   1	B	2								"
"EO	110069556	1100334825		FALSE	ESAS	 6150	   1	F	A								"
"EO	110069556	1100334826		TRUE	ESAS	 5920	   2	C	I								"
"EO	110069556	1100334827		TRUE	ESAS	 5910	   1	F	A								"
"EO	110069556	1100334828		TRUE	ESAS	 5920	   1	B	2								"
"EO	110069556	1100334829		TRUE	ESAS	 5920	   1	C	2								"
"EO	110069556	1100334830		TRUE	ESAS	 5920	   1	A	1								"
"EO	110069556	1100334831		TRUE	ESAS	 5910	   1	C	2								"
"EO	110069557	1100334832		TRUE	ESAS	 6110	   1	F	A								"
"EO	110069557	1100334833		TRUE	ESAS	 5920	   1	F	3								"
"EO	110069557	1100334834		FALSE	ESAS	 5910	   1	F	A								"
"EO	110069557	1100334835		TRUE	ESAS	 5910	   1	A	2								"
"EO	110069557	1100334836		FALSE	ESAS	 6110	   1	F	A								"
"EO	110069557	1100334837		TRUE	ESAS	 5910	   1	F	A								"
"EO	110069557	1100334838		FALSE	ESAS	 5910	   7	F									"
"EO	110069557	1100334839		TRUE	ESAS	 5910	   1	F	A								"
"EO	110069557	1100334840		FALSE	ESAS	 5920	   4	F									"
"EO	110069557	1100334841		FALSE	ESAS	 5920	   1	F	2								"
"EO	110069557	1100334842		FALSE	ESAS	 5910	   4	F									"
"EO	110069557	1100334843		FALSE	ESAS	 6000	   1	F									"
"EO	110069558	1100334844		TRUE	ESAS	 5910	   2	F									"
"EO	110069558	1100334845		TRUE	ESAS	 6000	   1	F	2								"
"EO	110069558	1100334846		FALSE	ESAS	 6110	   1	F	A								"
"EO	110069558	1100334847		TRUE	ESAS	 6150	   1	F	1								"
"EO	110069558	1100334848		TRUE	ESAS	 5920	   2	F									"
"EO	110069558	1100334849		FALSE	ESAS	 5910	   1	F	A								"
"EO	110069558	1100334850		FALSE	ESAS	 5920	   2	F									"
"EO	110069558	1100334851		FALSE	ESAS	 6150	   1	F	1								"
"EO	110069558	1100334852		TRUE	ESAS	 5910	   1	F	A								"
"EO	110069558	1100334853		FALSE	ESAS	 6110	   1	F	A								"
"EO	110069559	1100334854	7	FALSE	ESAS	 6150	   1	F	A								"
"EO	110069559	1100334855	7	FALSE	ESAS	 6150	   1	F	1								"
"EO	110069559	1100334856		FALSE	ESAS	 6150	   1	F	1								"
"EO	110069559	1100334857		TRUE	ESAS	 6110	   1	F	A						28	30	"
"EO	110069559	1100334858		TRUE	ESAS	 5910	   1	F	2								"
"EO	110069559	1100334859		TRUE	ESAS	 6110	   4	F	A								"
"EO	110069559	1100334860		FALSE	ESAS	 6150	   1	F	A								"
"EO	110069559	1100334861		FALSE	ESAS	 6150	   2	F									"
"EO	110069559	1100334862		FALSE	ESAS	 6110	   5	F									"
"EO	110069559	1100334863		TRUE	ESAS	 6110	   1	F	A						28	30	"
"EO	110069559	1100334864		FALSE	ESAS	 6150	   2	F	A						28	30	"
"EO	110069559	1100334865		FALSE	ESAS	 6150	   2	F	A						28	30	"
"EO	110069559	1100334866		FALSE	ESAS	 6110	   1	F	A								"
"EO	110069559	1100334867		FALSE	ESAS	 6110	   1	F	A								"
"EO	110069559	1100334868		FALSE	ESAS	 6110	   1	F	A								"
"EO	110069559	1100334869		TRUE	ESAS	 6150	   1	D	1							45	"
"EO	110069559	1100334870		FALSE	ESAS	 6110	   1	F	A						28	30	"
"EO	110069560	1100334871	8	FALSE	ESAS	 6150	   1	F	A								"
"EO	110069560	1100334872	8	FALSE	ESAS	 6150	   1	F	1								"
"EO	110069560	1100334873		TRUE	ESAS	 6150	   2	F							28	30	"
"EO	110069560	1100334874		TRUE	ESAS	 6110	   1	F	A						28	30	"
"EO	110069560	1100334875		TRUE	ESAS	 5910	   1	F									"
"EO	110069560	1100334876		FALSE	ESAS	 6110	   2	F									"
"EO	110069560	1100334877		FALSE	ESAS	 6150	   5	F									"
"EO	110069560	1100334878		FALSE	ESAS	 6150	   2	F	A								"
"EO	110069560	1100334879		FALSE	ESAS	 6110	   1	F	A						28	30	"
"EO	110069560	1100334880		FALSE	ESAS	 6150	   1	F	A						28	30	"
"EO	110069560	1100334881		TRUE	ESAS	 6110	   1	F	A								"
"EO	110069561	1100334882		FALSE	ESAS	 6110	   1	F	A						28	30	"
"EO	110069561	1100334883		FALSE	ESAS	 6110	   1	F	A						28	30	"
"EO	110069561	1100334884		FALSE	ESAS	 6150	   2	F	A						28	30	"
"EO	110069561	1100334885		TRUE	ESAS	 5820	   1	F	2								"
"EO	110069561	1100334886		TRUE	ESAS	 6150	   1	F	1								"
"EO	110069561	1100334887		FALSE	ESAS	 6150	   1	F	A						28	30	"
"EO	110069561	1100334888		FALSE	ESAS	 6110	   1	F	A						28	30	"
"EO	110069561	1100334889		TRUE	ESAS	 6150	   1	F	A								"
"EO	110069562	1100334890		FALSE	ESAS	 6110	   1	F	A								"
"EO	110069562	1100334891		FALSE	ESAS	 6150	   2	F	A								"
"EO	110069562	1100334892		TRUE	ESAS	 6110	   1	F	A						28	30	"
"EO	110069562	1100334893		FALSE	ESAS	 6150	   1	F	A								"
"EO	110069562	1100334894		FALSE	ESAS	 6110	   4	F	A								"
"EO	110069562	1100334895		FALSE	ESAS	 6150	   1	F	A								"
"EO	110069562	1100334896		FALSE	ESAS	 6150	   2	F	1								"
"EO	110069562	1100334897		FALSE	ESAS	 6150	   1	F	A								"
"EO	110069562	1100334898		FALSE	ESAS	 5920	   1	F	3								"
"EO	110069562	1100334899		FALSE	ESAS	 5910	   1	F	A								"
"EO	110069562	1100334900		FALSE	ESAS	 6150	   1	F	1								"
"EO	110069562	1100334901		FALSE	ESAS	 6110	   1	F	A								"
"EO	110069562	1100334902		FALSE	ESAS	 6150	   1	F	1								"
"EO	110069562	1100334903		TRUE	ESAS	 6110	   1	F	A						28	30	"
"EO	110069562	1100334904		FALSE	ESAS	 6150	   1	F									"
"EO	110069562	1100334905		FALSE	ESAS	 6150	   1	F	A						28	30	"
"EO	110069562	1100334906		FALSE	ESAS	 6110	   1	F	A						28	30	"
"EO	110069563	1100334907		FALSE	ESAS	 6150	   1	F	A								"
"EO	110069563	1100334908		FALSE	ESAS	 6110	   1	F	A								"
"EO	110069563	1100334909		FALSE	ESAS	 6150	   1	F	A								"
"EO	110069563	1100334910		FALSE	ESAS	 6150	   2	F	A								"
"EO	110069563	1100334911		FALSE	ESAS	 6150	   2	F	A								"
"EO	110069563	1100334912		FALSE	ESAS	 6150	   1	F	A						28	30	"
"EO	110069564	1100334913	9	FALSE	ESAS	 6150	   1	F	1								"
"EO	110069564	1100334914	9	FALSE	ESAS	 6150	   1	F	A								"
"EO	110069564	1100334915		FALSE	ESAS	 6150	   2	F	A								"
"EO	110069565	1100334916	10	FALSE	ESAS	 6150	   1	F	A								"
"EO	110069565	1100334917	10	FALSE	ESAS	 6150	   1	F	1								"
"EO	110069565	1100334918		FALSE	ESAS	 6150	   1	F	A								"
"EO	110069565	1100334919		FALSE	ESAS	 6150	   1	F	A								"
"EO	110069566	1100334920		FALSE	ESAS	 6150	   1	F	A								"
"EO	110069566	1100334921		FALSE	ESAS	 6110	   1	F	A								"
"EO	110069566	1100334922		FALSE	ESAS	 6150	   1	B	A							44	"
"EO	110069566	1100334923		FALSE	ESAS	 6150	   1	F	A								"
"EO	110069567	1100334924		FALSE	ESAS	 6150	   1	F	A								"
"EO	110069568	1100334925		FALSE	ESAS	 6150	   1	F	A								"
"EO	110069568	1100334926		FALSE	ESAS	 5910	   1	F	A								"
"EO	110069568	1100334927		FALSE	ESAS	 5820	   1	F	A								"
"EO	110069568	1100334928		FALSE	ESAS	 5910	   1	F	A								"
"EO	110069569	1100334929		TRUE	ESAS	 5900	   1	F	A								"
"EO	110069569	1100334930		TRUE	ESAS	 5910	   1	B	4							44	"
"EO	110069569	1100334931		FALSE	ESAS	 6150	   3	F									"
"EO	110069569	1100334932		FALSE	ESAS	 6150	   1	F	A								"
"EO	110069569	1100334933		TRUE	ESAS	 5910	   1	F	A								"
"EO	110069570	1100334934	11	FALSE	ESAS	 6150	   1	F	1								"
"EO	110069570	1100334935	11	FALSE	ESAS	 6150	   1	F	A								"
"EO	110069571	1100334936		FALSE	ESAS	 6150	   4	F									"
"EO	110069571	1100334937		FALSE	ESAS	 6110	   2	F									"
"EO	110069571	1100334938		TRUE	ESAS	 5910	   1	F	A								"
"EO	110069571	1100334939		FALSE	ESAS	 6150	   2	F	A								"
"EO	110069572	1100334940		FALSE	ESAS	 5920	   1	F	1								"
"EO	110069572	1100334941		FALSE	ESAS	 6150	   2	F	A								"
"EO	110069572	1100334942		FALSE	ESAS	 5910	   1	F	A								"
"EO	110069573	1100334943		FALSE	ESAS	 6110	   1	F	A								"
"EO	110069573	1100334944		FALSE	ESAS	 6110	   1	F	A								"
"EO	110069573	1100334945		TRUE	ESAS	 5910	   1	C	A								"
"EO	110069575	1100334946		FALSE	ESAS	 6110	   1	F	A								"
"EO	110069576	1100334947		TRUE	ESAS	 6110	   1	F	A								"
"EO	110069577	1100334948		FALSE	ESAS	 6150	   1	F	A								"
"EO	110069577	1100334949		TRUE	ESAS	 6110	   2	F	A								"
"EO	110069577	1100334950		TRUE	ESAS	 6110	   1	F	A								"
"EO	110069578	1100334951		FALSE	ESAS	 6110	   1	F	A						28		"
"EO	110069578	1100334952		FALSE	ESAS	 5920	   1	F	A								"
"EO	110069579	1100334953		FALSE	ESAS	 6110	   1	F	A						28		"
"EO	110069579	1100334954		FALSE	ESAS	 6110	   1	F	A								"
"EO	110069579	1100334955		FALSE	ESAS	 6110	   1	F	A								"
"EO	110069580	1100334956		TRUE	ESAS	 6270	   1	F	A								"
"EO	110069580	1100334957		FALSE	ESAS	 6110	   2	F	A								"
"EO	110069582	1100334958		FALSE	ESAS	 6110	   1	F	A						28		"
"EO	110069582	1100334959		FALSE	ESAS	 6110	   1	F	A								"
"EO	110069582	1100334960		FALSE	ESAS	 6150	   1	F	A								"
"EO	110069582	1100334961		TRUE	ESAS	 6150	   1	F	1								"
"EO	110069583	1100334962		FALSE	ESAS	 6110	   1	F	A						28		"
"EO	110069585	1100334963	12	FALSE	ESAS	 6110	   1	F	1								"
"EO	110069585	1100334964	12	FALSE	ESAS	 6110	   1	F	A								"
"EO	110069585	1100334965		FALSE	ESAS	 4500	   5	F					SW				"
"EO	110069586	1100334966		FALSE	ESAS	 6110	   1	F									"
"EO	110069587	1100334967		TRUE	ESAS	 6110	   1	D	A							45	"
"EO	110069587	1100334968		TRUE	ESAS	 6110	   1	C	A							45	"
"EO	110069588	1100334969		FALSE	ESAS	 2130	   7	F				M	SW				"
"EO	110069588	1100334970		FALSE	ESAS	 2130	   1	F				F	SW				"
"EO	110069588	1100334971		FALSE	ESAS	 6110	   1	F									"
"EO	110069589	1100334972		FALSE	ESAS	  720	   2	F									"
"EO	110069589	1100334973		TRUE	ESAS	 6150	   1	F	A								"
"EO	110069589	1100334974		FALSE	ESAS	 6110	   1	F									"
"EO	110069590	1100334975		FALSE	ESAS	 6110	   1	F	A								"
"EO	110069590	1100334976		FALSE	ESAS	 6110	   1	F	A								"
"EO	110069590	1100334977		FALSE	ESAS	 6110	   1	F	A							30	Zandspiering 10xSL!"
"EO	110069591	1100334978		FALSE	ESAS	 5910	   1	F	A								"
"EO	110069593	1100334979		TRUE	ESAS	 5910	   1	F	A								"
"EO	110069594	1100334980		FALSE	ESAS	 6110	   1	F	A								"
"EO	110069595	1100334981		FALSE	ESAS	 6110	   1	F							28	30	"
"EO	110069595	1100334982		FALSE	ESAS	 6110	   1	F	A								"
"EO	110069595	1100334983		FALSE	ESAS	 5910	   1	F	A								"
"EO	110069596	1100334984		FALSE	ESAS	 5910	   1	F	A								"
"EO	110069599	1100334985		FALSE	ESAS	 6110	   1	F	A								"
"EO	110069599	1100334986		FALSE	ESAS	 6110	   1	F	A								"
"EO	110069600	1100334987		TRUE	ESAS	 6110	   1	F	A								"
"EO	110069601	1100334988		TRUE	ESAS	 5910	   1	D	A								"
"EO	110069604	1100334989		TRUE	ESAS	 5910	   1	F	A								"
"EO	110069606	1100334990		FALSE	ESAS	 6110	   1	F	A								"
"EO	110069607	1100334991		FALSE	ESAS	 6110	   1	F	A								"
"EO	110069608	1100334992		FALSE	ESAS	 5910	   1	F	A								"
"EO	110069610	1100334993		FALSE	ESAS	 5910	   1	F	A								"
"EO	110069610	1100334994		FALSE	ESAS	 6150	   1	F	A								"
"EO	110069610	1100334995		FALSE	ESAS	 6110	   1	F	A								"
"EO	110069610	1100334996		FALSE	ESAS	 7950	   1	F									"
"EO	110069611	1100334997		FALSE	ESAS	 5910	   1	F	A								"
"EO	110069611	1100334998		FALSE	ESAS	 6150	   1	F	A								"
"EO	110069611	1100334999		TRUE	ESAS	 6110	   1	F	A								"
"EO	110069612	1100335000		FALSE	ESAS	 6110	   1	F	A								"
"EO	110069613	1100335001		FALSE	ESAS	 5910	   1	F	A								"
"EO	110069613	1100335002		TRUE	ESAS	 5910	   1	F	A								"
"EO	110069614	1100335003		FALSE	ESAS	 5910	   1	F	A								"
"EO	110069614	1100335004		FALSE	ESAS	 5910	   1	F	A								"
"EO	110069617	1100335005		FALSE	ESAS	 5910	   1	F	A								"
"EO	110069618	1100335006		FALSE	ESAS	 5910	   1	F	A								"
"EO	110069619	1100335007		TRUE	ESAS	 5910	   1	A	A								"
"EO	110069622	1100335008		FALSE	ESAS	 6110	   1	F	A								"
"EO	110069626	1100335009		FALSE	ESAS	 5910	   1	F	A								"
"EO	110069627	1100335010		FALSE	ESAS	 5910	   1	F	A								"
"EO	110069629	1100335011		FALSE	ESAS	 6110	   1	F	A								"
"EO	110069629	1100335012		TRUE	ESAS	 6009	   1	D	I								"
"EO	110069629	1100335013		FALSE	ESAS	 6110	   1	F	A								"
"EO	110069648	1100335014		FALSE	ESAS	 5910	   1	F	4								"
"EO	110069665	1100335015		FALSE	ESAS	 5910	   1	F	A								"
"EO	110069666	1100335016		TRUE	ESAS	  720	   1	B								30	Platvis"
"EO	110069666	1100335017		TRUE	ESAS	 5910	   1	A	A							44	"
"EO	110069666	1100335018		FALSE	ESAS	  720	  12	E							22		"
"EO	110069666	1100335019		FALSE	ESAS	 5910	   1	F	A								"
"EO	110069667	1100335020		FALSE	ESAS	  720	   2	F									"
"EO	110069670	1100335021		FALSE	ESAS	 6110	   1	F	A								"
"EO	110069674	1100335022	13	FALSE	ESAS	 6110	   1	F	A								"
"EO	110069674	1100335023	13	FALSE	ESAS	 6110	   1	F	1								"
"EO	110069674	1100335024	13	FALSE	ESAS	 6110	   1	F	A							30	"
"EO	110069685	1100335025		FALSE	ESAS	 5910	   1	F	2								"
"EO	110069686	1100335026		FALSE	ESAS	  720	   1	F									"
"EO	110069686	1100335027		TRUE	ESAS	  720	   1	D									"
"EO	110069687	1100335028		FALSE	ESAS	  720	   1	F									"
"EO	110069688	1100335029		FALSE	ESAS	 5910	   1	F	A								"
"EO	110069688	1100335030		TRUE	ESAS	64320	   1	D									"
"EO	110069689	1100335031		FALSE	ESAS	  720	   2	F									"
"EO	110069690	1100335032	14	TRUE	ESAS	  720	   6	D							22		"
"EO	110069690	1100335033	14	TRUE	ESAS	  720	   2	D							22	94	"
"EO	110069690	1100335034		TRUE	ESAS	  720	   1	F									"
"EO	110069691	1100335035		FALSE	ESAS	  720	   1	E									"
"EO	110069692	1100335036		TRUE	ESAS	  720	   1	C									"
"EO	110069693	1100335037		FALSE	ESAS	  720	   1	F									"
"EO	110069696	1100335038		FALSE	ESAS	 5910	   1	F	A								"
"EO	110069703	1100335039		TRUE	ESAS	  720	   1	F									"
"EO	110069703	1100335040		FALSE	ESAS	  720	   1	F									"
"EO	110069707	1100335041		TRUE	ESAS	 6000	   1	A	2								"
"EO	110069709	1100335042		FALSE	ESAS	  720	   1	F									"
"EO	110069711	1100335043		FALSE	ESAS	  720	   1	D									"
"EO	110069714	1100335044		FALSE	ESAS	  720	   1	F									"
"EO	110069714	1100335045		FALSE	ESAS	  720	   6	F									"
"EO	110069715	1100335046		FALSE	ESAS	  720	   1	F									"
"EO	110069715	1100335047		FALSE	ESAS	 6110	   1	F									"
"EO	110069716	1100335048		FALSE	ESAS	  720	   1	F									"
"EO	110069716	1100335049		FALSE	ESAS	 5910	   1	C	2								"
"EO	110069716	1100335050		TRUE	ESAS	  720	   1	F									"
"EO	110069717	1100335051		FALSE	ESAS	  720	   1	F									"
"EO	110069718	1100335052	15	FALSE	ESAS	 6110	   1	F	A								"
"EO	110069718	1100335053	15	FALSE	ESAS	 6110	   1	F	1								"
"EO	110069719	1100335054		FALSE	ESAS	 6000	   1	F	2								"
"EO	110069719	1100335055		FALSE	ESAS	  720	   1	D								94	"
"EO	110069719	1100335056		FALSE	ESAS	  720	   1	F									"
"EO	110069719	1100335057		TRUE	ESAS	  720	   2	D								94	"
"EO	110069720	1100335058		FALSE	ESAS	  720	   1	F									"
"EO	110069720	1100335059		TRUE	ESAS	 5910	   1	A	3							94	"
"EO	110069721	1100335060		FALSE	ESAS	  720	   1	C							22		"
"EO	110069721	1100335061		FALSE	ESAS	  720	   1	F									"
"EO	110069722	1100335062		TRUE	ESAS	  720	   1	F									"
"EO	110069722	1100335063		FALSE	ESAS	 5910	   1	F	2								"
"EO	110069723	1100335064		TRUE	ESAS	  720	   1	F									"
"EO	110069723	1100335065		TRUE	ESAS	  720	   1	A									"
"EO	110069724	1100335066		FALSE	ESAS	 5910	   1	F	2								"
"EO	110069725	1100335067	16	FALSE	ESAS	 5910	   2	F	2								"
"EO	110069725	1100335068	16	FALSE	ESAS	 5910	   1	F	A								"
"EO	110069725	1100335069		FALSE	ESAS	  720	   1	F									"
"EO	110069726	1100335070		FALSE	ESAS	 5920	   1	A	1							94	"
"EO	110069726	1100335071		FALSE	ESAS	 6000	   1	A	2							94	"
"EO	110069727	1100335072		FALSE	ESAS	 5910	   1	F	A								"
"EO	110069727	1100335073		FALSE	ESAS	 5750	   1	A	2							94	"
"EO	110069728	1100335074		FALSE	ESAS	 6000	   1	B	2								"
"EO	110069728	1100335075		TRUE	ESAS	 5920	   1	A	A							40	"
"EO	110069728	1100335076		FALSE	ESAS	 5910	   1	F	A								"
"EO	110069729	1100335077		FALSE	ESAS	 6110	   1	F	A								"
"EO	110069729	1100335078		TRUE	ESAS	 5750	   1	F	2								"
"EO	110069729	1100335079		TRUE	ESAS	 5920	   1	D	A								"
"EO	110069729	1100335080		TRUE	ESAS	 5910	   1	D	A								"
"EO	110069729	1100335081		FALSE	ESAS	 6000	   1	F	I								"
"EO	110069729	1100335082		FALSE	ESAS	 5750	   1	F	2								"
"EO	110069729	1100335083		TRUE	ESAS	 5920	   1	C	3								"
"EO	110069730	1100335084		FALSE	ESAS	 5910	   1	A	1							94	"
"EO	110069731	1100335085		FALSE	ESAS	 5920	   1	A	1							40	"
"EO	110069731	1100335086		FALSE	ESAS	 6000	   1	B	2							94	"
"EO	110069731	1100335087		TRUE	ESAS	 5910	   1	A	1								"
"EO	110069731	1100335088		FALSE	ESAS	  720	   1	A								94	"
"EO	110069731	1100335089		TRUE	ESAS	 5910	   1	B	A								"
"EO	110069732	1100335090	17	TRUE	ESAS	 5920	   1	B	3								"
"EO	110069732	1100335091	17	TRUE	ESAS	 5920	   1	B	4								"
"EO	110069732	1100335092		TRUE	ESAS	 5920	   1	D	I								"
"EO	110069732	1100335093		TRUE	ESAS	 5910	   1	F	1								"
"EO	110069732	1100335094		FALSE	ESAS	 5910	   1	F	A								"
"EO	110069732	1100335095		TRUE	ESAS	 6000	   1	B	I								"
"EO	110069732	1100335096		FALSE	ESAS	 5920	   6	F									"
"EO	110069732	1100335097		FALSE	ESAS	 5910	   2	F	1								"
"EO	110069733	1100335098		TRUE	ESAS	64330	   1	A									"
"EO	110069733	1100335099		TRUE	ESAS	 5910	   1	A	A							45	"
"EO	110069734	1100335100		FALSE	ESAS	 5910	   1	F	3								"
"EO	110069734	1100335101		TRUE	ESAS	  720	   1	F									"
"EO	110069735	1100335102		FALSE	ESAS	 5910	   2	F	A								"
"EO	110069735	1100335103		FALSE	ESAS	 5910	   1	F	1								"
"EO	110069735	1100335104		FALSE	ESAS	 5910	   1	A	A							45	"
"EO	110069736	1100335105		TRUE	ESAS	 5910	   1	F	A								"
"EO	110069736	1100335106		FALSE	ESAS	 5910	   1	F	1								"
"EO	110069736	1100335107		FALSE	ESAS	 5920	   1	F	A								"
"EO	110069736	1100335108		FALSE	ESAS	  720	   1	F									"
"EO	110069738	1100335109		FALSE	ESAS	 5910	   1	W	2								"
"EO	110069738	1100335110		FALSE	ESAS	 6000	   1	F	2								"
"EO	110069738	1100335111		FALSE	ESAS	  720	   3	F									2A+2"
"EO	110069739	1100335112		FALSE	ESAS	 5910	   1	F	A								"
"EO	110069739	1100335113		FALSE	ESAS	 5910	   1	F	A								"
"EO	110069739	1100335114		FALSE	ESAS	 5920	   2	F	A								"
"EO	110069739	1100335115		FALSE	ESAS	 5920	   1	F	1								"
"EO	110069739	1100335116		FALSE	ESAS	 5920	   1	F	A								"
"EO	110069740	1100335117	18	TRUE	ESAS	 5910	   3	A	1							94	"
"EO	110069740	1100335118	18	TRUE	ESAS	 5910	   1	A	A							94	"
"EO	110069740	1100335119		FALSE	ESAS	 5910	   1	F	A								"
"EO	110069741	1100335120		TRUE	ESAS	 5910	   1	F	A								"
"EO	110069741	1100335121		FALSE	ESAS	  720	   1	F									"
"EO	110069741	1100335122		FALSE	ESAS	 5920	   1	F	A								"
"EO	110069741	1100335123		FALSE	ESAS	  720	   1	F									2 (leeftijd)"
"EO	110069741	1100335124		FALSE	ESAS	 6150	   1	F	A								"
"EO	110069742	1100335125		FALSE	ESAS	 5820	   1	F	A								"
"EO	110069742	1100335126		FALSE	ESAS	  720	   1	F							28		"
"EO	110069743	1100335127		FALSE	ESAS	63510	   1	B									"
"EO	110069744	1100335128		FALSE	ESAS	63510	   1	C									"
"EO	110069744	1100335129		FALSE	ESAS	 6000	   1	C	A								"
"EO	110069744	1100335130		FALSE	ESAS	 6000	   1	C	1								"
"EO	110069744	1100335131		FALSE	ESAS	 5920	   1	B	A								"
"EO	110069744	1100335132		FALSE	ESAS	 6000	   1	F	A								"
"EO	110069745	1100335133		FALSE	ESAS	 5920	   1	F	1								"
"EO	110069747	1100335134	19	FALSE	ESAS	 6110	   2	F									"
"EO	110069747	1100335135	19	FALSE	ESAS	 6110	   1	F	A								"
"EO	110069748	1100335136	20	FALSE	ESAS	 5920	   1	F	1								"
"EO	110069748	1100335137	20	FALSE	ESAS	 5920	   1	F	3								"
"EO	110069748	1100335138		FALSE	ESAS	 5920	   2	F	1								"
"EO	110069748	1100335139		FALSE	ESAS	 5910	   1	F	A								"
"EO	110069749	1100335140		FALSE	ESAS	 5910	   1	F	A								"
"EO	110069750	1100335141	21	FALSE	ESAS	 5910	   2	C	A						21		Vissersboot O28"
"EO	110069750	1100335142	21	FALSE	ESAS	 5920	  10	C	A						21		Vissersboot O28"
"EO	110069750	1100335143	21	FALSE	ESAS	 5920	   1	C	1						21		Vissersboot O28"
"EO	110069750	1100335144		FALSE	ESAS	 5927	   1	A	A								"
"EO	110069750	1100335145		FALSE	ESAS	 5920	   3	A	1							94	"
"EO	110069750	1100335146		FALSE	ESAS	 5910	   1	A	1							94	"
"EO	110069753	1100335147		FALSE	ESAS	 5670	   1	F	1				SW				"
"EO	110069758	1100335148		TRUE	ESAS	 6110	   1	D	1							44	"
"EO	110069760	1100335149		FALSE	ESAS	 5910	   1	F	3								"
"EO	110069760	1100335150		TRUE	ESAS	 6110	   1	D								45	"
"EO	110069760	1100335151		TRUE	ESAS	 6150	   1	D								45	"
"EO	110069761	1100335152		FALSE	ESAS	 5920	   6	F	1								"
"EO	110069761	1100335153		TRUE	ESAS	 5927	   1	F	2								"
"EO	110069762	1100335154		TRUE	ESAS	 6150	   1	C	1							45	"
"EO	110069763	1100335155		TRUE	ESAS	 5920	   1	F	1								"
"EO	110069763	1100335156		FALSE	ESAS	 5910	   1	F	3								"
"EO	110069764	1100335157		FALSE	ESAS	 5820	   1	F	A								"
"EO	110069764	1100335158		FALSE	ESAS	 5920	   1	F	1								"
"EO	110069765	1100335159	22	FALSE	ESAS	 5780	   1	A	A							94	"
"EO	110069765	1100335160	22	FALSE	ESAS	 5780	   1	A	1							94	"
"EO	110069765	1100335161		FALSE	ESAS	 5920	   1	F	1								"
"EO	110069773	1100335162		FALSE	ESAS	 5780	   1	A	A							94	"
"EO	110069773	1100335163		FALSE	ESAS	 6150	   1	F	A								"
"EO	110069774	1100335164		TRUE	ESAS	 6150	   2	B	1							45	"
"EO	110069775	1100335165		FALSE	ESAS	 5780	   1	A	A							45	"
"EO	110069775	1100335166		TRUE	ESAS	 5780	   1	F	A								"
"EO	110069778	1100335167		FALSE	ESAS	 5910	   1	F	1								"
"EO	110069778	1100335168		FALSE	ESAS	 5910	   1	F	1								"
"EO	110069779	1100335169		FALSE	ESAS	 5920	   1	F	1								"
"EO	110069779	1100335170		FALSE	ESAS	 5920	   1	F	1								"
"EO	110069780	1100335171		FALSE	ESAS	 5920	   1	F	3								"
"EO	110069780	1100335172		FALSE	ESAS	 6110	   5	F								49	"
"EO	110069780	1100335173		FALSE	ESAS	 5920	   2	F	1								"
"EO	110069781	1100335174		FALSE	ESAS	 6110	   2	F					SW				"
"EO	110069781	1100335175		FALSE	ESAS	 5910	   1	F	A								"
"EO	110069781	1100335176		FALSE	ESAS	 5920	   1	F	2								"
"EO	110069781	1100335177		FALSE	ESAS	 5920	   1	F	1								"
"EO	110069782	1100335178		TRUE	ESAS	 5920	   1	F	1								"
"EO	110069782	1100335179		FALSE	ESAS	 5910	   1	F	1								"
"EO	110069782	1100335180		FALSE	ESAS	 5920	   3	F	1								"
"EO	110069782	1100335181		FALSE	ESAS	 5920	   1	F	3								"
"EO	110069782	1100335182		FALSE	ESAS	 5920	   1	F	2								"
"EO	110069783	1100335183		FALSE	ESAS	 5920	   1	F	1								"
"EO	110069783	1100335184		FALSE	ESAS	 5910	   1	F	1								"
"EO	110069783	1100335185		TRUE	ESAS	 5920	   1	A	1								"
"EO	110069783	1100335186		FALSE	ESAS	 5910	   1	F	3								"
"EO	110069783	1100335187		TRUE	ESAS	 5920	   1	F	1								"
"EO	110069784	1100335188		FALSE	ESAS	 5900	   1	F	2								"
"EO	110069784	1100335189		FALSE	ESAS	 6000	   1	F	2								"
"EO	110069784	1100335190		TRUE	ESAS	 5920	   1	B	1								"
"EO	110069785	1100335191		TRUE	ESAS	 5920	   1	F	1								"
"EO	110069785	1100335192		FALSE	ESAS	 5910	   1	F	1								"
"EO	110069785	1100335193		FALSE	ESAS	 5920	   1	F	1								"
"EO	110069785	1100335194		FALSE	ESAS	 5920	   1	F	1								"
"EO	110069785	1100335195		FALSE	ESAS	 5920	   1	F	1								"
"EO	110069786	1100335196		TRUE	ESAS	 5910	   1	F	1								"
"EO	110069787	1100335197		FALSE	ESAS	64320	   1	C									"
"EO	110069788	1100335198	23	FALSE	ESAS	 6000	   3	F	2								"
"EO	110069788	1100335199	23	FALSE	ESAS	 6000	   1	F	A								"
"EO	110069788	1100335200		FALSE	ESAS	 5920	   1	F	2								"
"EO	110069788	1100335201		FALSE	ESAS	 5920	   1	F	1								"
"EO	110069788	1100335202		FALSE	ESAS	 6150	   2	F	1							49	"
"EO	110069789	1100335203		FALSE	ESAS	 6150	   1	F									"
"EO	110069789	1100335204		FALSE	ESAS	 5920	   1	F	1								"
"EO	110069789	1100335205		FALSE	ESAS	 5920	   1	F	2								"
"EO	110069790	1100335206		FALSE	ESAS	 6150	   1	F	A				SW				"
"EO	110069790	1100335207		FALSE	ESAS	 6110	   1	F	A				SW				"
"EO	110069791	1100335208		FALSE	ESAS	 5820	   1	F	A								"
"EO	110069791	1100335209		FALSE	ESAS	 5920	   1	F	A								"
"EO	110069793	1100335210		FALSE	ESAS	 5900	   1	F	A								"
"EO	110069794	1100335211		FALSE	ESAS	 5920	   1	F	1								"
"EO	110069794	1100335212		FALSE	ESAS	 5920	   1	F	A								"
"EO	110069795	1100335213		TRUE	ESAS	  720	   2	D									"
"EO	110069795	1100335214		FALSE	ESAS	 5920	   1	F	A								"
"EO	110069796	1100335215		FALSE	ESAS	  720	   1	F									"
"EO	110069797	1100335216	24	TRUE	ESAS	 5920	 120	W	1								"
"EO	110069797	1100335217	24	TRUE	ESAS	 5927	   1	W	2								"
"EO	110069797	1100335218	24	TRUE	ESAS	 5910	  10	W	A								"
"EO	110069797	1100335219	24	TRUE	ESAS	 5920	  12	W	A								"
"EO	110069797	1100335220	24	TRUE	ESAS	 5820	   2	W	A								"
"EO	110069797	1100335221	24	TRUE	ESAS	 6000	   3	W	A								"
"EO	110069800	1100335222		TRUE	ESAS	   20	   1	C	A		B					94	"
"EO	110069801	1100335223		FALSE	ESAS	 5780	   1	E	1							44	"
"EO	110069803	1100335224		TRUE	ESAS	64320	   1	A									"
"EO	110069805	1100335225		FALSE	ESAS	 6009	 300	E							21		Schip Z8 +300 grote meeuwen"
"EO	110069806	1100335226		FALSE	ESAS	 1890	   7	F					NE				"
"EO	110069807	1100335227		FALSE	ESAS	 5750	   1	F	2								"
"EO	110069807	1100335228		FALSE	ESAS	 5780	   1	F	A								"
"EO	110069808	1100335229		FALSE	ESAS	 5780	   1	F	A								"
"EO	110069809	1100335230		TRUE	ESAS	  710	   1	A	A							94	"
"EO	110069811	1100335231		FALSE	ESAS	  710	   1	F	A								"
"EO	110069812	1100335232		TRUE	ESAS	  710	   1	F	A								"
"EO	110069812	1100335233		FALSE	ESAS	 5780	   1	F	A								"
"EO	110069812	1100335234		FALSE	ESAS	 2130	   2	F					NE				"
"EO	110069813	1100335235		FALSE	ESAS	 5780	   1	F	A								"
"EO	110069814	1100335236		FALSE	ESAS	 6150	   1	F	A								"
"EO	110069817	1100335237		FALSE	ESAS	 6110	   1	F									"
"EO	110069823	1100335238		TRUE	ESAS	 5780	   4	C	A								"
"EO	110069824	1100335239	25	TRUE	ESAS	 5926	   1	D	3						21		"
"EO	110069824	1100335240	25	TRUE	ESAS	 5910	   7	D	A						21		"
"EO	110069824	1100335241	25	TRUE	ESAS	 5910	   1	D	1						21		"
"EO	110069824	1100335242	25	TRUE	ESAS	 6000	   3	D	A						21		"
"EO	110069824	1100335243	25	TRUE	ESAS	 6000	   1	D	1						21		"
"EO	110069824	1100335244	25	TRUE	ESAS	 5920	   1	D	A						21		"
"EO	110069825	1100335245		FALSE	ESAS	  710	   2	F	A								"
"EO	110069825	1100335246		FALSE	ESAS	  710	   1	F	A								"
"EO	110069826	1100335247		FALSE	ESAS	  710	   1	F	2								"
"EO	110069826	1100335248		FALSE	ESAS	  710	   7	F	A								"
"EO	110069826	1100335249		FALSE	ESAS	  710	   1	F	3								"
"EO	110069826	1100335250		FALSE	ESAS	  710	   1	F	1								"
"EO	110069827	1100335251		FALSE	ESAS	  710	   4	F	A								"
"EO	110069827	1100335252		FALSE	ESAS	  710	   1	F	3								"
"EO	110069827	1100335253		FALSE	ESAS	  710	   1	F	1								"
"EO	110069828	1100335254		FALSE	ESAS	  710	   1	F	A								"
"EO	110069829	1100335255		FALSE	ESAS	 5780	   1	F	A								"
"EO	110069829	1100335256		FALSE	ESAS	  710	   1	F	A								"
"EO	110069830	1100335257		FALSE	ESAS	  710	   1	F	3								"
"EO	110069830	1100335258		TRUE	ESAS	63510	   2	C									"
"EO	110069833	1100335259		FALSE	ESAS	  710	   1	F	A								"
"EO	110069836	1100335260		FALSE	ESAS	  710	   1	F	2								"
"EO	110069836	1100335261		FALSE	ESAS	  710	   1	F	A								"
"EO	110069837	1100335262		FALSE	ESAS	  710	   1	F	A								"
"EO	110069839	1100335263		FALSE	ESAS	  710	   5	F									"
"EO	110069839	1100335264		FALSE	ESAS	 2600	   1	F	1								"
"EO	110069840	1100335265		FALSE	ESAS	  710	   4	F	A								"
"EO	110069840	1100335266		FALSE	ESAS	  710	   6	F	A								"
"EO	110069840	1100335267		FALSE	ESAS	  710	   1	F	2								"
"EO	110069840	1100335268		TRUE	ESAS	  710	   1	A	A							94	"
"EO	110069841	1100335269		FALSE	ESAS	  710	   1	F	A								"
"EO	110069841	1100335270		TRUE	ESAS	63510	   1	B									"
"EO	110069842	1100335271		TRUE	ESAS	  710	   1	A	2								"
"EO	110069871	1100335272		FALSE	ESAS	  710	   1	F	A								"
"EO	110069872	1100335273		FALSE	ESAS	  710	   1	F	3								"
"EO	110069872	1100335274		FALSE	ESAS	  710	   1	F	2								"
"EO	110069873	1100335275		FALSE	ESAS	 6000	   1	F	2								"
"EO	110069873	1100335276		FALSE	ESAS	  710	   1	F	A								"
"EO	110069873	1100335277		TRUE	ESAS	  710	   1	F	3								"
"EO	110069883	1100335278		TRUE	ESAS	 5910	   1	C	A								"
"EO	110069885	1100335279		FALSE	ESAS	  720	   2	F									"
"EO	110069885	1100335280		TRUE	ESAS	63510	   1	B									"
"EO	110069891	1100335281		FALSE	ESAS	  710	   1	F	A								"
"EO	110069891	1100335282		FALSE	ESAS	  710	   1	F	A								"
"EO	110069892	1100335283		FALSE	ESAS	 5910	   1	F	3								"
"EO	110069897	1100335284		TRUE	ESAS	 6345	   2	C									"
"EO	110069897	1100335285		TRUE	ESAS	  710	   1	F	A								"
"EO	110069897	1100335286		TRUE	ESAS	 6340	   2	C								94	"
"EO	110069897	1100335287		FALSE	ESAS	  710	   1	F	A								"
"EO	110069898	1100335288		FALSE	ESAS	  710	   1	F	A								"
"EO	110069899	1100335289		FALSE	ESAS	  710	   1	F	A								"
"EO	110069899	1100335290		FALSE	ESAS	  710	   1	F	3								"
"EO	110069899	1100335291		TRUE	ESAS	  710	   1	C	A								"
"EO	110069900	1100335292		FALSE	ESAS	  720	   1	E								94	"
"EO	110069900	1100335293		FALSE	ESAS	  710	   1	F	2								"
"EO	110069901	1100335294		FALSE	ESAS	  720	   1	A	1							94	"
"EO	110069901	1100335295		TRUE	ESAS	63510	   2	A									"
"EO	110069901	1100335296		TRUE	ESAS	63510	   1	B									"
"EO	110069902	1100335297		TRUE	ESAS	 6340	   1	B			W					94	"
"EO	110069902	1100335298		TRUE	ESAS	63510	   2	B									"
"EO	110069903	1100335299		TRUE	ESAS	63510	   1	B									"
"EO	110069903	1100335300		TRUE	ESAS	63510	   2	C									"
"EO	110069903	1100335301		FALSE	ESAS	63510	   2	A									"
"EO	110069903	1100335302		TRUE	ESAS	63510	   1	C									"
"EO	110069903	1100335303		FALSE	ESAS	63510	   1	E									"
"EO	110069904	1100335304		TRUE	ESAS	  710	   1	F	A								"
"EO	110069905	1100335305		TRUE	ESAS	  710	   1	F	A								"
"EO	110069905	1100335306		FALSE	ESAS	 5910	   1	F	1								"
"EO	110069906	1100335307		TRUE	ESAS	 5910	   1	F	4								"
"EO	110069906	1100335308		TRUE	ESAS	  710	   1	C									"
"EO	110069906	1100335309		FALSE	ESAS	 5690	   1	F									"
"EO	110069906	1100335310		FALSE	ESAS	  720	   1	F									"
"EO	110069906	1100335311		FALSE	ESAS	  710	   2	F	A								"
"EO	110069906	1100335312		TRUE	ESAS	  710	   2	C									"
"EO	110069907	1100335313		TRUE	ESAS	  710	   1	F	2								"
"EO	110069907	1100335314		FALSE	ESAS	 6345	   1	F									"
"EO	110069907	1100335315		FALSE	ESAS	 5910	   1	E	2								"
"EO	110069908	1100335316		FALSE	ESAS	  710	  10	F									"
"EO	110069908	1100335317		TRUE	ESAS	  710	   1	C									"
"EO	110069908	1100335318		FALSE	ESAS	  720	   1	F									"
"EO	110069908	1100335319		FALSE	ESAS	64320	   1	E									"
"EO	110069909	1100335320		TRUE	ESAS	 6360	   1	A								93	"
"EO	110069909	1100335321		FALSE	ESAS	  720	   1	F									"
"EO	110069910	1100335322		TRUE	ESAS	  710	   1	F	4								"
"EO	110069910	1100335323		FALSE	ESAS	  710	   3	F	A								"
"EO	110069910	1100335324		FALSE	ESAS	 5910	   1	E	3								"
"EO	110069911	1100335325	26	TRUE	ESAS	  710	   1	D	A								"
"EO	110069911	1100335326	26	TRUE	ESAS	  710	   1	D	2								"
"EO	110069911	1100335327		TRUE	ESAS	  710	   1	B	2								"
"EO	110069911	1100335328		TRUE	ESAS	  710	   1	C	A								"
"EO	110069911	1100335329		FALSE	ESAS	  710	   1	E	A								"
"EO	110069911	1100335330		FALSE	ESAS	  710	   1	C	1								"
"EO	110069911	1100335331		TRUE	ESAS	  710	   1	D	A								"
"EO	110069911	1100335332		TRUE	ESAS	  710	   1	F	A								"
"EO	110069911	1100335333		TRUE	ESAS	  710	   1	C	A								"
"EO	110069911	1100335334		FALSE	ESAS	  720	   2	F									"
"EO	110069911	1100335335		TRUE	ESAS	  710	   1	A	A								"
"EO	110069911	1100335336		TRUE	ESAS	  710	   1	D	A								"
"EO	110069911	1100335337		FALSE	ESAS	  710	   1	A	2								"
"EO	110069911	1100335338		FALSE	ESAS	  710	   1	A	A								"
"EO	110069912	1100335339	27	TRUE	ESAS	63510	   2	C									"
"EO	110069912	1100335340	27	TRUE	ESAS	  710	   4	C								49	Associatie bruinvis"
"EO	110069912	1100335341		FALSE	ESAS	 5910	   1	F	2								"
"EO	110069912	1100335342		FALSE	ESAS	  710	   1	B	3								"
"EO	110069913	1100335343		TRUE	ESAS	  710	   1	C	A								"
"EO	110069913	1100335344		TRUE	ESAS	  720	   1	C								94	"
"EO	110069913	1100335345		FALSE	ESAS	  720	   2	F									"
"EO	110069913	1100335346		FALSE	ESAS	  720	   1	C									"
"EO	110069914	1100335347		TRUE	ESAS	  720	   2	F									"
"EO	110069914	1100335348		FALSE	ESAS	  710	   1	F	A								"
"EO	110069915	1100335349		TRUE	ESAS	  710	   1	B	A							94	"
"EO	110069915	1100335350		FALSE	ESAS	  710	   1	E	A								"
"EO	110069915	1100335351		FALSE	ESAS	  710	   5	F									"
"EO	110069915	1100335352		FALSE	ESAS	  720	   2	D							22		"
"EO	110069916	1100335353		FALSE	ESAS	 6000	   1	F	2								"
"EO	110069917	1100335354		FALSE	ESAS	 5910	   1	F	A								"
"EO	110069917	1100335355		FALSE	ESAS	 5910	   1	F	A								"
"EO	110069917	1100335356		FALSE	ESAS	  710	   1	B	A							94	"
"EO	110069918	1100335357		FALSE	ESAS	 5910	   1	C	3								"
"EO	110069918	1100335358		FALSE	ESAS	 5910	   1	E	A								"
"EO	110069920	1100335359		FALSE	ESAS	 5920	   1	F	1								"
"EO	110069922	1100335360		FALSE	ESAS	 6110	   1	F	I								"
"EO	110069922	1100335361		FALSE	ESAS	 5910	   1	F	1								"
"EO	110069922	1100335362		FALSE	ESAS	  720	   1	F									"
"EO	110069922	1100335363		FALSE	ESAS	  720	   1	B								94	"
"EO	110069923	1100335364		FALSE	ESAS	 5910	   1	F									"
"EO	110069923	1100335365		FALSE	ESAS	 5910	   1	F	1								"
"EO	110069923	1100335366		FALSE	ESAS	 5910	   1	F	A								"
"EO	110069925	1100335367		FALSE	ESAS	  720	   3	F									"
"EO	110069925	1100335368		TRUE	ESAS	  720	   1	A								94	"
"EO	110069925	1100335369		TRUE	ESAS	  720	   1	D								94	"
"EO	110069925	1100335370		TRUE	ESAS	  720	   1	C								94	"
"EO	110069927	1100335371		FALSE	ESAS	  720	   5	F									"
"EO	110069927	1100335372		FALSE	ESAS	 6000	   1	F	2								"
"EO	110069928	1100335373		FALSE	ESAS	  720	   1	F									"
"EO	110069928	1100335374		TRUE	ESAS	  720	   1	C								94	"
"EO	110069928	1100335375		TRUE	ESAS	 5910	   1	W									"
"EO	110069928	1100335376		FALSE	ESAS	  710	   1	F	1								"
"EO	110069928	1100335377		FALSE	ESAS	  720	   2	F									"
"EO	110069929	1100335378		FALSE	ESAS	 6110	   2	F	A								"
"EO	110069929	1100335379		FALSE	ESAS	 6110	   2	F	1								"
"EO	110069929	1100335380		FALSE	ESAS	  720	   1	F									"
"EO	110069929	1100335381		FALSE	ESAS	 5910	   1	F	2								"
"EO	110069930	1100335382		TRUE	ESAS	 5910	   1	F									"
"EO	110069930	1100335383		TRUE	ESAS	63510	   1	B									"
"EO	110069930	1100335384		FALSE	ESAS	  720	   1	F									"
"EO	110069931	1100335385		FALSE	ESAS	  720	   1	F									"
"EO	110069931	1100335386		FALSE	ESAS	  710	   1	F	2								"
"EO	110069931	1100335387		TRUE	ESAS	  720	   1	B								94	"
"EO	110069932	1100335388		FALSE	ESAS	 5820	   1	F	A								"
"EO	110069933	1100335389		FALSE	ESAS	 5910	   1	F	3								"
"EO	110069934	1100335390		FALSE	ESAS	 2130	  16	F									"
"EO	110069935	1100335391		FALSE	ESAS	 5926	   1	F	2								"
"EO	110069935	1100335392		FALSE	ESAS	 5920	   1	F	2								"
"EO	110069938	1100335393		TRUE	ESAS	63510	   1	A									"
"EO	110069940	1100335394		FALSE	ESAS	63510	   3	B									"
"EO	110069941	1100335395		FALSE	ESAS	 5910	   1	F	A								"
"EO	110069942	1100335396		FALSE	ESAS	  720	   1	F									"
"EO	110069943	1100335397	28	FALSE	ESAS	 6110	   3	F								68	"
"EO	110069943	1100335398	28	FALSE	ESAS	 5670	   1	F	1							68	"
"EO	110069945	1100335399		FALSE	ESAS	  720	   1	E							22		"
"EO	110069946	1100335400		FALSE	ESAS	 6110	   5	E								45	"
"EO	110069947	1100335401		FALSE	ESAS	 6110	   1	B	1							45	"
"EO	110069947	1100335402		FALSE	ESAS	 6110	   1	F	1								"
"EO	110069948	1100335403		FALSE	ESAS	 5910	   1	F	2								"
"EO	110069949	1100335404		FALSE	ESAS	 5910	   1	F	1								"
"EO	110069949	1100335405		FALSE	ESAS	 5920	   1	F	2								"
"EO	110069949	1100335406		FALSE	ESAS	 5920	   1	F	3								"
"EO	110069949	1100335407		FALSE	ESAS	 5920	   1	F	1								"
"EO	110069950	1100335408		FALSE	ESAS	  720	   2	E							22		"
"EO	110069950	1100335409		FALSE	ESAS	 5820	   1	F	A								"
"EO	110069950	1100335410		TRUE	ESAS	  720	   1	F									"
"EO	110069950	1100335411		FALSE	ESAS	  720	   1	F									"
"EO	110069950	1100335412		FALSE	ESAS	  720	   1	F									"
"EO	110069950	1100335413		FALSE	ESAS	 5920	   1	F	2								"
"EO	110069950	1100335414		FALSE	ESAS	 5920	   1	F	1								"
"EO	110069951	1100335415		FALSE	ESAS	 6110	   1	F									"
"EO	110069951	1100335416		FALSE	ESAS	  720	   1	F									"
"EO	110069951	1100335417		FALSE	ESAS	 6110	   2	F									"
"EO	110069951	1100335418		FALSE	ESAS	 6110	   1	B	A							45	"
"EO	110069951	1100335419		FALSE	ESAS	 6110	   1	B	1							45	"
"EO	110069951	1100335420		FALSE	ESAS	 5820	   2	F	A								"
"EO	110069952	1100335421		FALSE	ESAS	 5900	   1	F	A								"
"EO	110069952	1100335422		FALSE	ESAS	  720	   1	F									"
"EO	110069952	1100335423		FALSE	ESAS	  720	   5	F									"
"EO	110069953	1100335424		FALSE	ESAS	 5900	   1	F	A								"
"EO	110069953	1100335425		FALSE	ESAS	  720	   1	C								94	"
"EO	110069954	1100335426		FALSE	ESAS	 6000	   1	F	A								"
"EO	110069955	1100335427	1	FALSE	ESAS	 5820	   1	F	A								"
"EO	110069955	1100335428	1	FALSE	ESAS	 5820	   1	F	1								"
"EO	110069955	1100335429		TRUE	ESAS	  720	   1	F									"
"EO	110069955	1100335430		FALSE	ESAS	  720	   1	D								94	"
"EO	110069955	1100335431		FALSE	ESAS	 5910	   1	F	2								"
"EO	110069956	1100335432		FALSE	ESAS	 5900	   1	F	A								"
"EO	110069956	1100335433		FALSE	ESAS	 5910	   1	F	A								"
"EO	110069956	1100335434		FALSE	ESAS	  720	   1	F									"
"EO	110069956	1100335435		FALSE	ESAS	 5910	   1	F	3								"
"EO	110069956	1100335436		FALSE	ESAS	 5910	   1	F	1								"
"EO	110069957	1100335437		FALSE	ESAS	  720	   2	F									"
"EO	110069957	1100335438		FALSE	ESAS	 5820	   1	F	A								"
"EO	110069957	1100335439		TRUE	ESAS	 5820	   1	B	A							45	"
"EO	110069957	1100335440		FALSE	ESAS	  720	   2	F									"
"EO	110069958	1100335441		FALSE	ESAS	 5910	   1	F	1								"
"EO	110069958	1100335442		TRUE	ESAS	  720	   3	C							22		"
"EO	110069958	1100335443		TRUE	ESAS	 5910	   1	F	A								"
"EO	110069958	1100335444		FALSE	ESAS	 5920	   1	F	2								"
"EO	110069959	1100335445		TRUE	ESAS	  720	   1	F									"
"EO	110069959	1100335446		FALSE	ESAS	  720	   2	F									"
"EO	110069960	1100335447		TRUE	ESAS	 5910	   1	F	A								"
"EO	110069960	1100335448		FALSE	ESAS	  720	   1	F									"
"EO	110069960	1100335449		FALSE	ESAS	 5910	   1	F	1								"
"EO	110069960	1100335450		FALSE	ESAS	 5900	   1	F	A								"
"EO	110069961	1100335451		FALSE	ESAS	  720	   1	F									"
"EO	110069961	1100335452		FALSE	ESAS	 5900	   1	F	A								"
"EO	110069962	1100335453		TRUE	ESAS	 5910	   1	F	A		W						"
"EO	110069962	1100335454		FALSE	ESAS	  720	   1	A								94	"
"EO	110069963	1100335455		FALSE	ESAS	15820	   4	F									"
"EO	110069963	1100335456		FALSE	ESAS	 5910	   1	F	A								"
"EO	110069963	1100335457		FALSE	ESAS	 5910	   1	F	1								"
"EO	110069964	1100335458		TRUE	ESAS	 5820	   2	F	A								"
"EO	110069964	1100335459		TRUE	ESAS	 5900	   3	F	A								"
"EO	110069964	1100335460		FALSE	ESAS	  720	   1	F									"
"EO	110069964	1100335461		TRUE	ESAS	 5910	   1	F	A								"
"EO	110069964	1100335462		FALSE	ESAS	 5900	   1	F									"
"EO	110069964	1100335463		FALSE	ESAS	 5910	   3	F									"
"EO	110069964	1100335464		FALSE	ESAS	 5900	   1	F	A								"
"EO	110069964	1100335465		FALSE	ESAS	 5900	   1	F	A								"
"EO	110069965	1100335466		FALSE	ESAS	 5910	   2	F	1								"
"EO	110069965	1100335467		FALSE	ESAS	 5910	   1	F	A								"
"EO	110069965	1100335468		FALSE	ESAS	 5910	   1	F	A								"
"EO	110069965	1100335469		FALSE	ESAS	 5910	   1	F	A								"
"EO	110069965	1100335470		TRUE	ESAS	 5900	   1	F	A								"
"EO	110069966	1100335471		FALSE	ESAS	 5910	   1	F	A								"
"EO	110069967	1100335472		FALSE	ESAS	  720	   2	0							22		"
"EO	110069968	1100335473		FALSE	ESAS	 6340	   1	F									"
"EO	110069968	1100335474		FALSE	ESAS	 5910	   2	F	A								"
"EO	110069969	1100335475		FALSE	ESAS	 5920	   1	F	2								"
"EO	110069969	1100335476		TRUE	ESAS	 1610	   1	D									"
"EO	110069969	1100335477		FALSE	ESAS	 5920	   1	F	A								"
"EO	110069969	1100335478		TRUE	ESAS	 5910	   1	F	3								"
"EO	110069970	1100335479		FALSE	ESAS	 2130	   5	F									"
"EO	110069970	1100335480		FALSE	ESAS	 5900	   1	F	1								"
"EO	110069970	1100335481		FALSE	ESAS	 5920	   1	F	1								"
"EO	110069971	1100335482		TRUE	ESAS	 5900	   1	D	1							94	"
"EO	110069971	1100335483		FALSE	ESAS	 5820	   1	F	A								"
"EO	110069971	1100335484		FALSE	ESAS	 6020	   1	F	1								"
"EO	110069971	1100335485		FALSE	ESAS	 6345	   1	F									"
"EO	110069972	1100335486		FALSE	ESAS	  710	   2	E									"
"EO	110069972	1100335487		FALSE	ESAS	  710	   1	F	2								"
"EO	110069972	1100335488		TRUE	ESAS	 5910	   1	F	1								"
"EO	110069973	1100335489		FALSE	ESAS	 5900	   1	F	A								"
"EO	110069973	1100335490		FALSE	ESAS	 6000	   1	F	A								"
"EO	110069974	1100335491		FALSE	ESAS	 5910	   1	F	1								"
"EO	110069974	1100335492		FALSE	ESAS	 6345	   1	F									"
"EO	110069974	1100335493		TRUE	ESAS	 5900	   1	F	A								"
"EO	110069975	1100335494		FALSE	ESAS	 5910	   1	F									"
"EO	110069976	1100335495		FALSE	ESAS	 6360	   2	F									"
"EO	110069976	1100335496		FALSE	ESAS	 5910	   1	F	3								"
"EO	110069976	1100335497		FALSE	ESAS	  720	   1	F									"
"EO	110069976	1100335498		FALSE	ESAS	 5900	   1	F	A								"
"EO	110069976	1100335499		FALSE	ESAS	 5900	   1	F	A								"
"EO	110069976	1100335500		FALSE	ESAS	 6345	   1	E									"
"EO	110069977	1100335501		TRUE	ESAS	 5900	   1	F	A								"
"EO	110069977	1100335502		FALSE	ESAS	  720	   1	F	1								"
"EO	110069977	1100335503		TRUE	ESAS	 5910	   1	F	1								"
"EO	110069977	1100335504		TRUE	ESAS	 5910	   1	A	A							94	"
"EO	110069978	1100335505		FALSE	ESAS	  720	   4	F									"
"EO	110069978	1100335506		FALSE	ESAS	 6345	   4	D								94	"
"EO	110069978	1100335507		FALSE	ESAS	  720	   5	F									"
"EO	110069979	1100335508		TRUE	ESAS	 5910	   1	C	A								"
"EO	110069979	1100335509		TRUE	ESAS	 6360	   6	C									"
"EO	110069979	1100335510		FALSE	ESAS	 6345	   7	F									"
"EO	110069979	1100335511		FALSE	ESAS	  710	   1	F	A								"
"EO	110069979	1100335512		FALSE	ESAS	  720	   1	F									"
"EO	110069980	1100335513		TRUE	ESAS	 6360	   4	C									"
"EO	110069980	1100335514		FALSE	ESAS	  720	   1	F									"
"EO	110069980	1100335515		FALSE	ESAS	 5900	   1	F	A								"
"EO	110069980	1100335516		TRUE	ESAS	 5900	   1	F	1								"
"EO	110069980	1100335517		TRUE	ESAS	  720	   1	F									"
"EO	110069980	1100335518		FALSE	ESAS	  720	   1	F									"
"EO	110069980	1100335519		FALSE	ESAS	  720	   1	F									"
"EO	110069981	1100335520		FALSE	ESAS	 6345	   2	F									"
"EO	110069981	1100335521		FALSE	ESAS	  720	   1	F									"
"EO	110069981	1100335522		TRUE	ESAS	 6360	   1	C								93	"
"EO	110069981	1100335523		TRUE	ESAS	  710	   1	F	A								"
"EO	110069981	1100335524		TRUE	ESAS	 6360	   1	A									"
"EO	110069982	1100335525		FALSE	ESAS	  720	   1	F									"
"EO	110069982	1100335526		TRUE	ESAS	 5927	   1	F	1								"
"EO	110069983	1100335527		FALSE	ESAS	 5910	   1	F	A								"
"EO	110069983	1100335528		FALSE	ESAS	 5910	   1	F	1								"
"EO	110069983	1100335529		FALSE	ESAS	 5910	   1	F	3								"
"EO	110069983	1100335530		TRUE	ESAS	 6360	   1	C									"
"EO	110069984	1100335531	2	TRUE	ESAS	 5900	   1	F	1								"
"EO	110069984	1100335532	2	TRUE	ESAS	 5820	   2	F	A								"
"EO	110069984	1100335533		FALSE	ESAS	  720	   2	F									"
"EO	110069984	1100335534		FALSE	ESAS	 5900	   1	F	A								"
"EO	110069984	1100335535		TRUE	ESAS	  720	   2	F									"
"EO	110069984	1100335536		FALSE	ESAS	  720	   1	F									"
"EO	110069984	1100335537		FALSE	ESAS	 5900	   1	F	1								"
"EO	110069984	1100335538		FALSE	ESAS	  720	   1	F									"
"EO	110069984	1100335539		FALSE	ESAS	 6345	   3	B								94	"
"EO	110069984	1100335540		FALSE	ESAS	 6345	   1	F									"
"EO	110069984	1100335541		FALSE	ESAS	  720	   1	F									"
"EO	110069985	1100335542		TRUE	ESAS	 6360	   1	B								93	"
"EO	110069985	1100335543		TRUE	ESAS	  720	   1	D							22		"
"EO	110069986	1100335544		FALSE	ESAS	64320	   1	B									"
"EO	110069987	1100335545		TRUE	ESAS	 6360	   4	C								94	"
"EO	110069987	1100335546		TRUE	ESAS	 5920	   1	D	3						22		"
"EO	110069987	1100335547		FALSE	ESAS	  720	   1	F									"
"EO	110069987	1100335548		TRUE	ESAS	  720	   1	D							22		"
"EO	110069988	1100335549		FALSE	ESAS	 5910	   1	F	1								"
"EO	110069988	1100335550		FALSE	ESAS	 5780	   1	A	A								"
"EO	110069988	1100335551		FALSE	ESAS	  710	   1	F	4								"
"EO	110069989	1100335552		FALSE	ESAS	 6345	   2	F									"
"EO	110069989	1100335553		FALSE	ESAS	  720	   1	F									"
"EO	110069990	1100335554		FALSE	ESAS	 6345	   1	F									"
"EO	110069990	1100335555		FALSE	ESAS	 5900	   2	F	A								"
"EO	110069990	1100335556		FALSE	ESAS	  720	   2	F									"
"EO	110069991	1100335557		FALSE	ESAS	 6000	   2	F	2								"
"EO	110069991	1100335558		TRUE	ESAS	 5910	   1	F	A								"
"EO	110069991	1100335559		TRUE	ESAS	 6000	   1	B	1								"
"EO	110069991	1100335560		TRUE	ESAS	 6345	   2	F									"
"EO	110069992	1100335561		FALSE	ESAS	 5910	   1	F	1								"
"EO	110069992	1100335562		FALSE	ESAS	 5910	   2	F	A								"
"EO	110069992	1100335563		FALSE	ESAS	19999	   1	F									"
"EO	110069994	1100335564		FALSE	ESAS	 6360	   1	F									"
"EO	110069994	1100335565		FALSE	ESAS	63510	   1	D									30°"
 200 m
"EO	110069994	1100335566		FALSE	ESAS	 5900	   1	F	A								"
"EO	110069995	1100335567		FALSE	ESAS	 5900	   1	F	A								"
"EO	110069996	1100335568		FALSE	ESAS	 6345	   2	F									"
"EO	110069996	1100335569		FALSE	ESAS	 5900	   2	F	1								"
"EO	110069996	1100335570		FALSE	ESAS	 5910	   1	F	A								"
"EO	110069996	1100335571		FALSE	ESAS	  710	   1	F	A								"
"EO	110069996	1100335572		FALSE	ESAS	  720	   1	F									"
"EO	110069997	1100335573		TRUE	ESAS	 6000	   1	D	A								"
"EO	110069997	1100335574		FALSE	ESAS	  720	   1	E								94	"
"EO	110069998	1100335575	3	FALSE	ESAS	 5900	   6	A	A							44	"
"EO	110069998	1100335576	3	FALSE	ESAS	 5900	   1	A	2								"
"EO	110069998	1100335577	4	TRUE	ESAS	 5910	   1	F	A								"
"EO	110069998	1100335578	4	TRUE	ESAS	 5920	   1	F	A								"
"EO	110069998	1100335579		TRUE	ESAS	 5900	   1	F	A								"
"EO	110069998	1100335580		FALSE	ESAS	 6360	  26	F									"
"EO	110069998	1100335581		FALSE	ESAS	 6360	   5	F									"
"EO	110069998	1100335582		FALSE	ESAS	 6345	  14	F									"
"EO	110069998	1100335583		FALSE	ESAS	 6345	   3	F									"
"EO	110069999	1100335584		FALSE	ESAS	 6360	  10	F									"
"EO	110069999	1100335585		FALSE	ESAS	  710	   1	E	A							94	"
"EO	110069999	1100335586		TRUE	ESAS	 6360	   5	F									"
"EO	110069999	1100335587		FALSE	ESAS	  720	   2	F									"
"EO	110070000	1100335588		FALSE	ESAS	  710	   1	F	3								"
"EO	110070000	1100335589		TRUE	ESAS	 6360	   2	F									"
"EO	110070000	1100335590		FALSE	ESAS	 6360	   3	F									"
"EO	110070000	1100335591		TRUE	ESAS	 6360	   3	C									"
"EO	110070000	1100335592		FALSE	ESAS	  710	   1	F	A								"
"EO	110070000	1100335593		TRUE	ESAS	 6360	   1	C									"
"EO	110070000	1100335594		TRUE	ESAS	 6360	   2	D									"
"EO	110070000	1100335595		TRUE	ESAS	  710	   1	F	4								"
"EO	110070000	1100335596		TRUE	ESAS	 6360	   2	C									"
"EO	110070001	1100335597		TRUE	ESAS	 5900	   1	F	1								"
"EO	110070001	1100335598		TRUE	ESAS	 6360	   1	C									"
"EO	110070001	1100335599		FALSE	ESAS	 6360	  20	F									"
"EO	110070001	1100335600		TRUE	ESAS	  710	   1	F	A								"
"EO	110070001	1100335601		FALSE	ESAS	 5780	   1	F	1								"
"EO	110070002	1100335602		FALSE	ESAS	 5920	   1	F	1								"
"EO	110070002	1100335603		FALSE	ESAS	 6345	   2	F									"
"EO	110070002	1100335604		TRUE	ESAS	 5900	   1	A	A								"
"EO	110070002	1100335605		TRUE	ESAS	 5780	   1	F	A								"
"EO	110070002	1100335606		FALSE	ESAS	  710	   1	F	A								"
"EO	110070002	1100335607		FALSE	ESAS	 6360	   2	F									"
"EO	110070003	1100335608		FALSE	ESAS	  710	   1	F	2								"
"EO	110070003	1100335609		TRUE	ESAS	  710	   1	F	4								"
"EO	110070003	1100335610		TRUE	ESAS	  710	   1	C	A								"
"EO	110070003	1100335611		TRUE	ESAS	  720	   1	B								94	"
"EO	110070003	1100335612		FALSE	ESAS	  720	   1	F									"
"EO	110070003	1100335613		FALSE	ESAS	 5910	   1	F	A								"
"EO	110070004	1100335614		FALSE	ESAS	 6360	   1	F									"
"EO	110070004	1100335615		FALSE	ESAS	  710	   1	F	3								"
"EO	110070004	1100335616		TRUE	ESAS	  710	   1	F	2								"
"EO	110070004	1100335617		FALSE	ESAS	 5900	   1	F	A								"
"EO	110070005	1100335618		TRUE	ESAS	  720	   1	A								94	"
"EO	110070005	1100335619		FALSE	ESAS	 5780	   7	F	A								"
"EO	110070006	1100335620		FALSE	ESAS	 6360	   3	F									"
"EO	110070006	1100335621		FALSE	ESAS	 5780	   1	F	A								"
"EO	110070006	1100335622		FALSE	ESAS	  710	   1	A	A							94	"
"EO	110070007	1100335623		FALSE	ESAS	  710	   1	F	A								"
"EO	110070007	1100335624		TRUE	ESAS	  710	   1	F	A								"
"EO	110070007	1100335625		FALSE	ESAS	 5900	   1	F	A								"
"EO	110070008	1100335626		FALSE	ESAS	 6345	   2	F									"
"EO	110070008	1100335627		FALSE	ESAS	 5920	   1	F	A								"
"EO	110070008	1100335628		FALSE	ESAS	 6360	   3	F									"
"EO	110070008	1100335629		FALSE	ESAS	15820	   1	F									"
"EO	110070008	1100335630		TRUE	ESAS	  720	   7	D							22		"
"EO	110070009	1100335631		FALSE	ESAS	 6345	   1	F									"
"EO	110070009	1100335632		TRUE	ESAS	 5910	   1	F	4								"
"EO	110070010	1100335633		FALSE	ESAS	  720	   1	F									"
"EO	110070010	1100335634		FALSE	ESAS	 6345	   3	F									"
"EO	110070010	1100335635		TRUE	ESAS	15820	  10	F									"
"EO	110070010	1100335636		FALSE	ESAS	  720	   1	F									"
"EO	110070010	1100335637		FALSE	ESAS	  720	   2	F									"
"EO	110070011	1100335638		FALSE	ESAS	  720	   1	F									"
"EO	110070011	1100335639		FALSE	ESAS	 6345	   4	F									"
"EO	110070011	1100335640		FALSE	ESAS	  720	   1	C									"
"EO	110070011	1100335641		TRUE	ESAS	 5780	   3	D	A								"
"EO	110070012	1100335642		FALSE	ESAS	  710	   1	A	A							94	"
"EO	110070012	1100335643		FALSE	ESAS	  710	   1	C									"
"EO	110070014	1100335644		FALSE	ESAS	 6360	   1	F									"
"EO	110070015	1100335645		FALSE	ESAS	 6345	   1	F									"
"EO	110070016	1100335646		TRUE	ESAS	 6360	   1	C									"
"EO	110070016	1100335647		TRUE	ESAS	 6360	   2	B									"
"EO	110070016	1100335648		FALSE	ESAS	 6345	   2	C									"
"EO	110070017	1100335649		FALSE	ESAS	 6360	   2	F									"
"EO	110070017	1100335650		FALSE	ESAS	  710	   1	F	A								"
"EO	110070018	1100335651		FALSE	ESAS	 6000	   1	F	1								"
"EO	110070019	1100335652		FALSE	ESAS	  710	   1	F	A								"
"EO	110070021	1100335653	5	FALSE	ESAS	 5780	   1	F	1								"
"EO	110070021	1100335654	5	FALSE	ESAS	 5780	   2	F	A								"
"EO	110070022	1100335655		FALSE	ESAS	 6360	   4	F									"
"EO	110070024	1100335656		FALSE	ESAS	 5900	   1	F	A								"
"EO	110070024	1100335657		FALSE	ESAS	 5900	   1	F	1								"
"EO	110070024	1100335658		FALSE	ESAS	 5900	   1	F	A								"
"EO	110070025	1100335659		FALSE	ESAS	 6345	   2	F									"
"EO	110070025	1100335660		FALSE	ESAS	  710	   1	F									"
"EO	110070027	1100335661	6	FALSE	ESAS	 6360	  15	E									"
"EO	110070027	1100335662	6	FALSE	ESAS	 5900	   1	E									"
"EO	110070027	1100335663		FALSE	ESAS	 6360	   6	F									"
"EO	110070028	1100335664		FALSE	ESAS	  710	   1	B								94	"
"EO	110070029	1100335665		FALSE	ESAS	  710	   1	F									"
"EO	110070030	1100335666		FALSE	ESAS	 5900	   1	F	A								"
"EO	110070030	1100335667		TRUE	ESAS	 6360	   2	D									"
"EO	110070031	1100335668		FALSE	ESAS	 6360	   2	F									"
"EO	110070031	1100335669		FALSE	ESAS	  720	   9	E							22		Buitenratelboei"
"EO	110070035	1100335670		FALSE	ESAS	 6360	   1	C									"
"EO	110070036	1100335671	7	TRUE	ESAS	 6360	   3	B									"
"EO	110070036	1100335672	7	TRUE	ESAS	 6360	   1	B								94	"
"EO	110070037	1100335673		FALSE	ESAS	 3200	   1	F									Foto"
"EO	110070039	1100335674	8	FALSE	ESAS	 6360	   2	C								94	"
"EO	110070039	1100335675	8	FALSE	ESAS	 6360	   1	C								93	"
"EO	110070039	1100335676		FALSE	ESAS	15820	  10	F									"
"EO	110070039	1100335677		TRUE	ESAS	 6360	   1	C									"
"EO	110070042	1100335678		FALSE	ESAS	 5920	   1	F	A								"
"EO	110070042	1100335679		FALSE	ESAS	 6340	   1	B								93	"
"EO	110070043	1100335680		FALSE	ESAS	 6360	   1	E									"
"EO	110070043	1100335681		TRUE	ESAS	 6345	   2	D									"
"EO	110070043	1100335682		TRUE	ESAS	63510	   2	D									"
"EO	110070044	1100335683		FALSE	ESAS	  710	   1	B								94	"
"EO	110070045	1100335684		FALSE	ESAS	 6360	   1	A								93	"
"EO	110070045	1100335685		FALSE	ESAS	 6360	   1	A									"
"EO	110070045	1100335686		FALSE	ESAS	 6360	   2	F									"
"EO	110070045	1100335687		FALSE	ESAS	 6345	   1	A								94	"
"EO	110070046	1100335688		TRUE	ESAS	 5780	   2	A	A							94	"
"EO	110070049	1100335689		FALSE	ESAS	15820	  12	F									"
"EO	110070052	1100335690		TRUE	ESAS	 5780	   1	D	A								"
"EO	110070052	1100335691		FALSE	ESAS	 5780	   1	F	1								"
"EO	110070053	1100335692		FALSE	ESAS	 5780	   1	F	1								"
"EO	110070053	1100335693		TRUE	ESAS	 6345	   1	B								94	"
"EO	110070054	1100335694		FALSE	ESAS	  710	   1	E	A								"
"EO	110070054	1100335695		FALSE	ESAS	  710	   1	E	A							45	"
"EO	110070055	1100335696		FALSE	ESAS	 6020	   1	F	A								"
"EO	110070055	1100335697		TRUE	ESAS	 6020	   1	C	1							44	"
"EO	110070055	1100335698		FALSE	ESAS	  710	   1	E	A							45	"
"EO	110070056	1100335699		TRUE	ESAS	  710	   1	C	A							45	"
"EO	110070056	1100335700		FALSE	ESAS	 6345	   1	F									"
"EO	110070056	1100335701		FALSE	ESAS	 6020	   1	F	1								"
"EO	110070056	1100335702		FALSE	ESAS	 6360	   1	F									"
"EO	110070056	1100335703		FALSE	ESAS	 6360	   1	F									"
"EO	110070056	1100335704		FALSE	ESAS	  710	   1	F	A								"
"EO	110070057	1100335705		TRUE	ESAS	 5780	   1	C	A								"
"EO	110070058	1100335706	9	FALSE	ESAS	 6020	   1	F	A								"
"EO	110070058	1100335707	9	FALSE	ESAS	 6360	   1	E									"
"EO	110070058	1100335708		FALSE	ESAS	 6360	   1	F									"
"EO	110070058	1100335709		FALSE	ESAS	  710	   1	E	A								"
"EO	110070059	1100335710	10	FALSE	ESAS	 6360	   4	B									"
"EO	110070059	1100335711	10	FALSE	ESAS	 5780	   7	B									"
"EO	110070059	1100335712	10	FALSE	ESAS	 6020	   1	B									"
"EO	110070059	1100335713		TRUE	ESAS	  710	   1	D	A							45	"
"EO	110070062	1100335714		FALSE	ESAS	 6360	   1	F									"
"EO	110070063	1100335715		FALSE	ESAS	  710	   1	F									"
"EO	110070063	1100335716		FALSE	ESAS	15820	  20	F									"
"EO	110070066	1100335717		FALSE	ESAS	  710	   1	F	A								"
"EO	110070067	1100335718		FALSE	ESAS	15820	   1	F									"
"EO	110070067	1100335719		FALSE	ESAS	  710	   1	E								45	"
"EO	110070068	1100335720		FALSE	ESAS	  710	   1	E	A								"
"EO	110070068	1100335721		TRUE	ESAS	  710	   1	C	4							94	"
"EO	110070068	1100335722		FALSE	ESAS	  710	   1	D	A								"
"EO	110070069	1100335723		TRUE	ESAS	  710	   1	F	A								"
"EO	110070070	1100335724		FALSE	ESAS	  710	   1	F	A								"
"EO	110070070	1100335725		TRUE	ESAS	 6360	   1	B									"
"EO	110070073	1100335726		TRUE	ESAS	  710	   1	C	4								"
"EO	110070074	1100335727		FALSE	ESAS	 6345	   2	F									"
"EO	110070074	1100335728		FALSE	ESAS	 5910	   1	F	1								"
"EO	110070076	1100335729		FALSE	ESAS	 6345	   1	F									"
"EO	110070078	1100335730		FALSE	ESAS	  710	   1	F	A								"
"EO	110070083	1100335731		TRUE	ESAS	 6360	   1	C									"
"EO	110070083	1100335732		FALSE	ESAS	  710	   1	F	A								"
"EO	110070084	1100335733		TRUE	ESAS	  710	   2	D	A								"
"EO	110070084	1100335734		FALSE	ESAS	 5910	   1	F	1								"
"EO	110070086	1100335735		TRUE	ESAS	 5900	   1	B	1							44	"
"EO	110070087	1100335736		TRUE	ESAS	  710	   1	C	3							45	"
"EO	110070087	1100335737		FALSE	ESAS	 5900	   1	F	A								"
"EO	110070088	1100335738	11	FALSE	ESAS	 5900	   1	F	A								"
"EO	110070088	1100335739	11	FALSE	ESAS	 5900	   1	F	1								"
"EO	110070088	1100335740		FALSE	ESAS	 5900	   2	A	A								"
"EO	110070088	1100335741		TRUE	ESAS	  710	   1	F	A								"
"EO	110070088	1100335742		TRUE	ESAS	 6020	   1	F	A								"
"EO	110070089	1100335743		FALSE	ESAS	  710	   1	F									"
"EO	110070093	1100335744		FALSE	ESAS	  710	   1	F	A								"
"EO	110070094	1100335745		TRUE	ESAS	 6340	   1	B									"
"EO	110070095	1100335746		FALSE	ESAS	 6360	   3	F									"
"EO	110070099	1100335747		FALSE	ESAS	  710	   1	F	1								"
"EO	110070101	1100335748		FALSE	ESAS	 6020	   1	F									"
"EO	110070103	1100335749		FALSE	ESAS	 6345	   1	F									"
"EO	110070103	1100335750		FALSE	ESAS	  710	   1	F	A								"
"EO	110070105	1100335751		FALSE	ESAS	  710	   1	F	1								"
"EO	110070107	1100335752		FALSE	ESAS	 5780	   1	F	A								"
"EO	110070107	1100335753		FALSE	ESAS	  710	   1	F	A								"
"EO	110070108	1100335754		FALSE	ESAS	 6000	   1	F	I								"
"EO	110070109	1100335755		FALSE	ESAS	15820	   3	F									"
"EO	110070111	1100335756		FALSE	ESAS	 5927	   1	F	1								"
"EO	110070114	1100335757		FALSE	ESAS	  710	   1	F	A								"
"EO	110070115	1100335758		TRUE	ESAS	  710	   1	B	A								"
"EO	110070116	1100335759		FALSE	ESAS	  710	   1	F	A								"
"EO	110070116	1100335760		FALSE	ESAS	 5927	   1	F	1								"
"EO	110070117	1100335761		FALSE	ESAS	  710	   1	E	A								"
"EO	110070117	1100335762		FALSE	ESAS	  710	   1	F	A								"
"EO	110070118	1100335763		FALSE	ESAS	 5920	   1	F	A								"
"EO	110070119	1100335764		TRUE	ESAS	 5900	   1	B	1								"
"EO	110070120	1100335765		FALSE	ESAS	 6009	  11	E									"
"EO	110070120	1100335766		FALSE	ESAS	  710	   1	E	A								"
"EO	110070121	1100335767		FALSE	ESAS	 6020	   1	F	A								"
"EO	110070121	1100335768		FALSE	ESAS	  710	   1	F	A								"
"EO	110070122	1100335769		TRUE	ESAS	 6020	   1	C	A								"
"EO	110070122	1100335770		TRUE	ESAS	 6340	   1	B									"
"EO	110070122	1100335771		FALSE	ESAS	  710	   1	B	A								"
"EO	110070122	1100335772		FALSE	ESAS	  710	   1	C	A								"
"EO	110070123	1100335773		TRUE	ESAS	  710	   1	B	2								"
"EO	110070124	1100335774		FALSE	ESAS	  710	   1	D	A							94	"
"EO	110070124	1100335775		FALSE	ESAS	 5920	   1	F	A								"
"EO	110070124	1100335776		FALSE	ESAS	 5910	   1	F	1								"
"EO	110070124	1100335777		TRUE	ESAS	 6360	   1	A								94	"
"EO	110070124	1100335778		FALSE	ESAS	15820	   1	F									"
"EO	110070125	1100335779		FALSE	ESAS	 5910	   1	F	1								"
"EO	110070125	1100335780		FALSE	ESAS	  710	   1	C	A								"
"EO	110070125	1100335781		FALSE	ESAS	  710	   1	E									"
"EO	110070125	1100335782		FALSE	ESAS	 6000	   1	F	2								"
"EO	110070125	1100335783		FALSE	ESAS	 6049	  23	E									"
"EO	110070126	1100335784		FALSE	ESAS	 6000	   1	F	2								"
"EO	110070126	1100335785		FALSE	ESAS	 5920	   1	F	1								"
"EO	110070126	1100335786		TRUE	ESAS	 6340	   1	C									"
"EO	110070126	1100335787		TRUE	ESAS	 6020	   1	F	A								"
"EO	110070126	1100335788		FALSE	ESAS	 6020	   1	F	A								"
"EO	110070126	1100335789		FALSE	ESAS	 6000	   1	F	1								"
"EO	110070126	1100335790		FALSE	ESAS	 6345	   1	F									"
"EO	110070126	1100335791		FALSE	ESAS	  710	   1	F	A								"
"EO	110070127	1100335792		TRUE	ESAS	 6020	   1	F	A							44	"
"EO	110070128	1100335793		FALSE	ESAS	 6020	   1	F	A								"
"EO	110070128	1100335794		TRUE	ESAS	 6020	   1	D	A							44	"
"EO	110070129	1100335795		TRUE	ESAS	 6020	   1	C	A							44	"
"EO	110070129	1100335796		FALSE	ESAS	  710	   1	B								94	"
"EO	110070129	1100335797		TRUE	ESAS	 6020	   2	F	A								"
"EO	110070129	1100335798		TRUE	ESAS	 6020	   1	B	A							94	"
"EO	110070129	1100335799		TRUE	ESAS	 6020	   1	F	A								"
"EO	110070130	1100335800		TRUE	ESAS	 6020	   1	C	A							94	"
"EO	110070130	1100335801		FALSE	ESAS	 6020	   1	F	A								"
"EO	110070132	1100335802		TRUE	ESAS	 6020	   1	F	1								"
"EO	110070132	1100335803		TRUE	ESAS	 6020	   1	C	1							94	"
"EO	110070133	1100335804		TRUE	ESAS	  710	   1	D	A							94	"
"EO	110070133	1100335805		FALSE	ESAS	  710	   1	F	A								"
"EO	110070133	1100335806		FALSE	ESAS	  710	   1	E	A							94	"
"EO	110070134	1100335807		FALSE	ESAS	 6020	   3	E								44	"
"EO	110070135	1100335808		FALSE	ESAS	  710	   1	E	A								"
"EO	110070135	1100335809		FALSE	ESAS	 6020	   1	F	1								"
"EO	110070136	1100335810		FALSE	ESAS	  710	   1	E	A							94	"
"EO	110070137	1100335811		TRUE	ESAS	 6020	   1	D	A							44	"
"EO	110070137	1100335812		TRUE	ESAS	 6020	   1	F	A								"
"EO	110070137	1100335813		TRUE	ESAS	  710	   1	F	A								"
"EO	110070139	1100335814		FALSE	ESAS	  710	   1	E	A								"
"EO	110070140	1100335815		FALSE	ESAS	 6110	   1	F	A								"
"EO	110070140	1100335816		FALSE	ESAS	 6020	   1	F	1								"
"EO	110070141	1100335817		FALSE	ESAS	 5910	   1	F	1								"
"EO	110070141	1100335818		FALSE	ESAS	 5927	   1	F	2								"
"EO	110070142	1100335819		FALSE	ESAS	 5926	   1	F	3								"
"EO	110070142	1100335820		TRUE	ESAS	 6000	   1	F	2								"
"EO	110070145	1100335821		FALSE	ESAS	  710	   1	F	1								"
"EO	110070146	1100335822		TRUE	ESAS	 6020	   1	D	A							44	"
"EO	110070146	1100335823		FALSE	ESAS	 6020	   3	F	A								"
"EO	110070147	1100335824		FALSE	ESAS	 6020	   1	F	A								"
"EO	110070147	1100335825		FALSE	ESAS	 6020	   1	F	A								"
"EO	110070147	1100335826		FALSE	ESAS	  710	   1	F	A								"
"EO	110070149	1100335827		TRUE	ESAS	 6340	   1	C									"
"EO	110070149	1100335828		FALSE	ESAS	  710	   1	F	2								"
"EO	110070151	1100335829		TRUE	ESAS	  710	   1	D	1							94	"
"EO	110070151	1100335830		FALSE	ESAS	 6020	   1	E	A								"
"EO	110070152	1100335831		FALSE	ESAS	  710	   1	E	A								"
"EO	110070155	1100335832		FALSE	ESAS	 6345	   1	F									"
"EO	110070157	1100335833		FALSE	ESAS	 6340	   1	A								93	"
"EO	110070162	1100335834		FALSE	ESAS	 5910	   1	A	1							94	"
"EO	110070167	1100335835		TRUE	ESAS	15820	   1	F									"
"EO	110070169	1100335836	12	FALSE	ESAS	  710	   1	F	A								"
"EO	110070169	1100335837	12	FALSE	ESAS	64310	   1	E									"
"EO	110070171	1100335838		FALSE	ESAS	  710	   1	F	1								"
"EO	110070174	1100335839	13	FALSE	ESAS	 5900	   1	F	A								"
"EO	110070174	1100335840	13	FALSE	ESAS	63510	   1	E									270°"
 400 m
"EO	110070175	1100335841		FALSE	ESAS	63510	   1	C									20°"
 300 m
"EO	110070175	1100335842		FALSE	ESAS	 6340	   1	C									"
"EO	110070176	1100335843		FALSE	ESAS	 5910	   1	C	A							94	"
"EO	110070178	1100335844		FALSE	ESAS	  710	   1	F	A								"
"EO	110070178	1100335845		FALSE	ESAS	63510	   1	E									"
"EO	110070179	1100335846	14	TRUE	ESAS	 5920	   8	C									"
"EO	110070179	1100335847	14	TRUE	ESAS	 5910	   9	C									"
"EO	110070179	1100335848	14	TRUE	ESAS	 5910	   1	C	A								"
"EO	110070179	1100335849	14	TRUE	ESAS	 5910	   1	D	I								"
"EO	110070179	1100335850	14	FALSE	ESAS	 5900	   5	E									"
"EO	110070179	1100335851	14	TRUE	ESAS	 5920	   1	D	I								"
"EO	110070179	1100335852	14	TRUE	ESAS	 5910	   1	C	A								"
"EO	110070179	1100335853		FALSE	ESAS	   20	   1	F									"
"EO	110070179	1100335854		TRUE	ESAS	 5920	   2	C	2								"
"EO	110070179	1100335855		TRUE	ESAS	 6020	   3	C	1								"
"EO	110070180	1100335856	15	FALSE	ESAS	 5900	   1	F	A								"
"EO	110070180	1100335857	15	TRUE	ESAS	 5910	   1	B	1								"
"EO	110070180	1100335858	15	TRUE	ESAS	 5900	   1	B	A								"
"EO	110070180	1100335859	15	TRUE	ESAS	 5920	   2	C	1								"
"EO	110070180	1100335860	15	TRUE	ESAS	 5900	   1	C	A								"
"EO	110070180	1100335861	15	TRUE	ESAS	63510	   1	D									330°"
 400 m
"EO	110070180	1100335862	15	FALSE	ESAS	 6020	   1	E	A								"
"EO	110070181	1100335863	16	FALSE	ESAS	63510	   2	E									300°"
 400 m
"EO	110070181	1100335864	16	FALSE	ESAS	 6000	   3	E	I								"
"EO	110070182	1100335865		FALSE	ESAS	 6340	   1	E									"
"EO	110070183	1100335866		FALSE	ESAS	63510	   1	B									10°"
 100 m
"EO	110070184	1100335867		FALSE	ESAS	  720	   5	E							22		"
"EO	110070185	1100335868		FALSE	ESAS	64310	   1	E									"
"EO	110070186	1100335869		FALSE	ESAS	 5900	  16	E									"
"EO	110070188	1100335870		FALSE	ESAS	15820	   2	F							18		"
"EO	110070189	1100335871		TRUE	ESAS	 6000	   1	D	A						22		"
"EO	110070190	1100335872		TRUE	ESAS	 5900	   1	D	A								"
"EO	110070192	1100335873		TRUE	ESAS	 5820	   1	F	A							44	"
"EO	110070193	1100335874		TRUE	ESAS	 6000	   1	D	3						22		"
"EO	110070193	1100335875		FALSE	ESAS	 5820	  14	E							13		"
"EO	110070193	1100335876		TRUE	ESAS	 5820	   5	W	A						13		"
"EO	110070194	1100335877		FALSE	ESAS	  720	   1	F									"
"EO	110070194	1100335878		FALSE	ESAS	  720	   1	F									"
"EO	110070195	1100335879		FALSE	ESAS	 5900	   1	F	A								"
"EO	110070195	1100335880		FALSE	ESAS	  720	   1	F									"
"EO	110070195	1100335881		FALSE	ESAS	 5900	   2	F	A								"
"EO	110070195	1100335882		FALSE	ESAS	 5900	   3	F	A								"
"EO	110070195	1100335883		FALSE	ESAS	 5920	   1	F	1								"
"EO	110070195	1100335884		TRUE	ESAS	 6000	   1	C	A							94	"
"EO	110070195	1100335885		TRUE	ESAS	 5920	   1	C	1							94	"
"EO	110070196	1100335886		TRUE	ESAS	 5900	   1	F	A								"
"EO	110070196	1100335887		FALSE	ESAS	  720	   2	F									"
"EO	110070196	1100335888		TRUE	ESAS	 5900	   1	F	A								"
"EO	110070196	1100335889		FALSE	ESAS	 5900	   4	F	A								"
"EO	110070196	1100335890		TRUE	ESAS	 5900	   3	F	A								"
"EO	110070196	1100335891		FALSE	ESAS	 5900	   1	F	A								"
"EO	110070196	1100335892		FALSE	ESAS	 5900	   1	F	2								"
"EO	110070196	1100335893		FALSE	ESAS	 5900	   4	F	A								"
"EO	110070197	1100335894		FALSE	ESAS	  720	   2	F									"
"EO	110070197	1100335895		FALSE	ESAS	 5920	   1	F	A								"
"EO	110070197	1100335896		FALSE	ESAS	 5920	   1	F	A								"
"EO	110070198	1100335897		TRUE	ESAS	 5900	   1	F	A								"
"EO	110070198	1100335898		FALSE	ESAS	 5920	   1	F	A								"
"EO	110070198	1100335899		FALSE	ESAS	 5900	   2	F	A								"
"EO	110070198	1100335900		FALSE	ESAS	 5900	   2	F	A								"
"EO	110070198	1100335901		FALSE	ESAS	 5900	   3	F	A								"
"EO	110070198	1100335902		FALSE	ESAS	 5920	   1	F	2								"
"EO	110070198	1100335903		FALSE	ESAS	 5900	   1	F	A								"
"EO	110070198	1100335904		FALSE	ESAS	 5910	   1	F	1								"
"EO	110070198	1100335905		FALSE	ESAS	  720	   1	F									"
"EO	110070199	1100335906		FALSE	ESAS	 5900	   1	F	A								"
"EO	110070199	1100335907		FALSE	ESAS	 5920	   1	F	1								"
"EO	110070199	1100335908		FALSE	ESAS	 6000	   1	F	A								"
"EO	110070199	1100335909		TRUE	ESAS	 5920	   1	F	3								"
"EO	110070199	1100335910		TRUE	ESAS	 5900	   2	F	A								"
"EO	110070199	1100335911		FALSE	ESAS	  720	   1	F									"
"EO	110070199	1100335912		FALSE	ESAS	 5900	   3	F	A								"
"EO	110070199	1100335913		FALSE	ESAS	 5900	   1	F	A								"
"EO	110070199	1100335914		FALSE	ESAS	 5900	   4	F	A								"
"EO	110070199	1100335915		TRUE	ESAS	 5900	   3	F	A								"
"EO	110070200	1100335916		FALSE	ESAS	  720	   1	F									"
"EO	110070200	1100335917		FALSE	ESAS	 5900	   1	F									"
"EO	110070200	1100335918		FALSE	ESAS	 5910	   1	F	A								"
"EO	110070200	1100335919		FALSE	ESAS	 5920	   1	F	3								"
"EO	110070200	1100335920		FALSE	ESAS	  720	   1	B								94	"
"EO	110070200	1100335921		TRUE	ESAS	 6000	   1	F	1								"
"EO	110070200	1100335922		FALSE	ESAS	 5900	   1	F	2								"
"EO	110070200	1100335923		FALSE	ESAS	 5920	   1	F	A								"
"EO	110070200	1100335924		FALSE	ESAS	  720	   1	F									"
"EO	110070200	1100335925		FALSE	ESAS	 5900	   2	F	A								"
"EO	110070201	1100335926		FALSE	ESAS	 5920	   1	F	1								"
"EO	110070201	1100335927		FALSE	ESAS	 6000	   1	F	A								"
"EO	110070201	1100335928		TRUE	ESAS	 5900	   2	C								44	"
"EO	110070201	1100335929		TRUE	ESAS	 5910	   1	C	3							44	"
"EO	110070201	1100335930		FALSE	ESAS	 5920	   1	F	I								"
"EO	110070201	1100335931		TRUE	ESAS	 5900	   1	F	A								"
"EO	110070201	1100335932		FALSE	ESAS	 6000	   1	F	A								"
"EO	110070201	1100335933		FALSE	ESAS	 5920	   1	F	3								"
"EO	110070202	1100335934		FALSE	ESAS	 5900	   1	F	A								"
"EO	110070202	1100335935		FALSE	ESAS	 5920	   1	F	1								"
"EO	110070202	1100335936		FALSE	ESAS	 5900	   1	F	A								"
"EO	110070202	1100335937		TRUE	ESAS	  710	   1	F	A								"
"EO	110070202	1100335938		FALSE	ESAS	 6000	   2	F	A								"
"EO	110070203	1100335939	1	TRUE	ESAS	 5920	   1	B	I								"
"EO	110070203	1100335940	1	TRUE	ESAS	 5920	   1	B	A								"
"EO	110070203	1100335941		FALSE	ESAS	 5920	   1	F	A								"
"EO	110070203	1100335942		FALSE	ESAS	 5920	   1	F	1								"
"EO	110070203	1100335943		FALSE	ESAS	 6000	   1	F	1								"
"EO	110070203	1100335944		FALSE	ESAS	 6000	   1	F	2								"
"EO	110070203	1100335945		FALSE	ESAS	 5900	   1	F	A								"
"EO	110070203	1100335946		FALSE	ESAS	 5900	   2	F	A								"
"EO	110070203	1100335947		FALSE	ESAS	 6000	   1	F	A								"
"EO	110070203	1100335948		TRUE	ESAS	 5900	   2	F	A								"
"EO	110070204	1100335949		FALSE	ESAS	 5910	   1	F	A								"
"EO	110070204	1100335950		FALSE	ESAS	 5920	   1	F	A								"
"EO	110070204	1100335951		TRUE	ESAS	 5900	   1	F	A								"
"EO	110070204	1100335952		TRUE	ESAS	 6000	   1	F	A								"
"EO	110070204	1100335953		TRUE	ESAS	 5900	   1	F	A								"
"EO	110070204	1100335954		FALSE	ESAS	 6000	   1	F	1								"
"EO	110070204	1100335955		FALSE	ESAS	 5900	   1	F	A								"
"EO	110070204	1100335956		FALSE	ESAS	 5920	   1	F	1								"
"EO	110070205	1100335957		FALSE	ESAS	 5900	   1	F	A								"
"EO	110070205	1100335958		FALSE	ESAS	 5910	   1	F	A								"
"EO	110070205	1100335959		TRUE	ESAS	 6000	   2	B	1							94	"
"EO	110070205	1100335960		FALSE	ESAS	 5900	   1	F	A								"
"EO	110070206	1100335961		TRUE	ESAS	   90	   1	D									"
"EO	110070206	1100335962		FALSE	ESAS	 5900	   1	F	A								"
"EO	110070206	1100335963		FALSE	ESAS	 5900	   1	F	A								"
"EO	110070206	1100335964		TRUE	ESAS	 6000	   1	D	A								"
"EO	110070206	1100335965		FALSE	ESAS	 6000	   1	F	1								"
"EO	110070207	1100335966	2	FALSE	ESAS	 5920	   1	F	A								"
"EO	110070207	1100335967	2	FALSE	ESAS	 5920	   1	F	3								"
"EO	110070207	1100335968		FALSE	ESAS	 5900	   1	F	A								"
"EO	110070207	1100335969		FALSE	ESAS	 5900	   1	F	A								"
"EO	110070207	1100335970		FALSE	ESAS	 5920	   1	F	A								"
"EO	110070207	1100335971		FALSE	ESAS	 5920	   1	F	A								"
"EO	110070207	1100335972		FALSE	ESAS	 5900	   2	F	A								"
"EO	110070207	1100335973		FALSE	ESAS	 5900	   4	F	A								"
"EO	110070208	1100335974		FALSE	ESAS	 5920	   1	F	A								"
"EO	110070208	1100335975		FALSE	ESAS	 6000	   1	F	A								"
"EO	110070208	1100335976		FALSE	ESAS	 6000	   1	F	2								"
"EO	110070208	1100335977		FALSE	ESAS	 5926	   1	F	2								"
"EO	110070208	1100335978		FALSE	ESAS	 5900	   1	F	A								"
"EO	110070209	1100335979		FALSE	ESAS	 5920	   1	F	1								"
"EO	110070209	1100335980		FALSE	ESAS	 5900	   2	F	A								"
"EO	110070209	1100335981		FALSE	ESAS	 5900	   1	F	A								"
"EO	110070209	1100335982		FALSE	ESAS	 5900	   1	F	A								"
"EO	110070209	1100335983		FALSE	ESAS	 5900	   1	F	A								"
"EO	110070209	1100335984		FALSE	ESAS	 5900	   2	F	A								"
"EO	110070209	1100335985		FALSE	ESAS	 6000	   1	F	1								"
"EO	110070209	1100335986		FALSE	ESAS	 5920	   3	F	I								"
"EO	110070210	1100335987		FALSE	ESAS	  710	   1	F	A								"
"EO	110070210	1100335988		FALSE	ESAS	 5920	   2	F	I								"
"EO	110070210	1100335989		TRUE	ESAS	 5900	   1	F	A								"
"EO	110070210	1100335990		FALSE	ESAS	 5927	   1	F	1								"
"EO	110070210	1100335991		FALSE	ESAS	 5900	   1	F	A								"
"EO	110070210	1100335992		TRUE	ESAS	 5900	   1	F	A								"
"EO	110070210	1100335993		FALSE	ESAS	 5920	   1	F	A								"
"EO	110070211	1100335994		FALSE	ESAS	 5900	   1	F	2								"
"EO	110070211	1100335995		FALSE	ESAS	 5900	   1	F	A								"
"EO	110070212	1100335996		TRUE	ESAS	 5910	   1	D	3							94	"
"EO	110070212	1100335997		FALSE	ESAS	 5900	   1	F	A								"
"EO	110070212	1100335998		FALSE	ESAS	 5910	   1	F	A								"
"EO	110070212	1100335999		FALSE	ESAS	 5920	   1	F	1								"
"EO	110070212	1100336000		TRUE	ESAS	 5900	   3	F	A								"
"EO	110070212	1100336001		TRUE	ESAS	   90	   1	C									"
"EO	110070212	1100336002		FALSE	ESAS	 2130	   1	F									"
"EO	110070212	1100336003		FALSE	ESAS	 5927	   1	F	3								"
"EO	110070212	1100336004		FALSE	ESAS	 5900	   1	F	2								"
"EO	110070213	1100336005		TRUE	ESAS	   90	   1	C									"
"EO	110070213	1100336006		TRUE	ESAS	   90	   1	C									"
"EO	110070213	1100336007		TRUE	ESAS	   90	   1	D									"
"EO	110070213	1100336008		FALSE	ESAS	 5750	   1	F	3								"
"EO	110070213	1100336009		TRUE	ESAS	 5900	   1	D	A								"
"EO	110070213	1100336010		FALSE	ESAS	 5900	   1	F	A								"
"EO	110070213	1100336011		FALSE	ESAS	 5900	   1	F	A								"
"EO	110070213	1100336012		FALSE	ESAS	 5920	   1	F	2								"
"EO	110070213	1100336013		FALSE	ESAS	 5900	   1	F	A								"
"EO	110070213	1100336014		FALSE	ESAS	 5900	   1	F	A								"
"EO	110070214	1100336015		TRUE	ESAS	 6000	   1	W	A							44	"
"EO	110070214	1100336016		FALSE	ESAS	 6000	   1	F	1							49	"
"EO	110070214	1100336017		FALSE	ESAS	 5920	   1	F	A								"
"EO	110070214	1100336018		FALSE	ESAS	 5900	   1	F	2								"
"EO	110070214	1100336019		FALSE	ESAS	 5900	   1	F	A								"
"EO	110070215	1100336020		FALSE	ESAS	 5900	   1	F	A								"
"EO	110070215	1100336021		FALSE	ESAS	 5900	   1	F	2								"
"EO	110070215	1100336022		FALSE	ESAS	 5920	   1	F	A								"
"EO	110070215	1100336023		TRUE	ESAS	 5920	   1	F	1								"
"EO	110070215	1100336024		TRUE	ESAS	 5900	   1	F	A								"
"EO	110070215	1100336025		FALSE	ESAS	 5900	   1	F	A								"
"EO	110070215	1100336026		FALSE	ESAS	 5900	   1	F	A								"
"EO	110070215	1100336027		FALSE	ESAS	 6000	   1	F	A								"
"EO	110070215	1100336028		FALSE	ESAS	 5910	   1	F	A								"
"EO	110070215	1100336029		FALSE	ESAS	 6020	   1	F	A								"
"EO	110070215	1100336030		FALSE	ESAS	 5900	   1	F	A								"
"EO	110070216	1100336031		FALSE	ESAS	 5900	   1	F	1								"
"EO	110070216	1100336032		FALSE	ESAS	 5900	   1	F	1								"
"EO	110070216	1100336033		FALSE	ESAS	 5920	   1	F	1								"
"EO	110070216	1100336034		FALSE	ESAS	 5920	   1	F	1								"
"EO	110070216	1100336035		FALSE	ESAS	  710	   1	F							18		"
"EO	110070216	1100336036		FALSE	ESAS	 5900	   1	F	1								"
"EO	110070216	1100336037		FALSE	ESAS	 6000	   1	F	A								"
"EO	110070216	1100336038		FALSE	ESAS	  710	   1	F							18		"
"EO	110070217	1100336039		FALSE	ESAS	 5910	   1	F	A								"
"EO	110070217	1100336040		FALSE	ESAS	  720	   1	F									"
"EO	110070217	1100336041		FALSE	ESAS	  720	   1	F									"
"EO	110070217	1100336042		FALSE	ESAS	  720	   4	F									"
"EO	110070217	1100336043		FALSE	ESAS	 5900	   1	F	A								"
"EO	110070218	1100336044		FALSE	ESAS	  720	   1	F									"
"EO	110070218	1100336045		FALSE	ESAS	 5910	   1	F	A								"
"EO	110070218	1100336046		FALSE	ESAS	   90	   5	E									"
"EO	110070218	1100336047		FALSE	ESAS	 5920	   1	F	3								"
"EO	110070219	1100336048		FALSE	ESAS	  720	   4	F									"
"EO	110070219	1100336049		FALSE	ESAS	   20	   1	F									"
"EO	110070219	1100336050		FALSE	ESAS	 5920	   1	F	1								"
"EO	110070219	1100336051		FALSE	ESAS	   59	   1	E								94	"
"EO	110070219	1100336052		FALSE	ESAS	 5920	   1	F	1								"
"EO	110070219	1100336053		FALSE	ESAS	  720	   7	F									"
"EO	110070220	1100336054		FALSE	ESAS	 5927	   1	F	1								"
"EO	110070220	1100336055		TRUE	ESAS	   90	   1	B									"
"EO	110070220	1100336056		FALSE	ESAS	 5900	   1	F	A								"
"EO	110070220	1100336057		FALSE	ESAS	 5900	   1	F	A								"
"EO	110070220	1100336058		TRUE	ESAS	 5900	   1	C	A								"
"EO	110070220	1100336059		FALSE	ESAS	 5900	   1	F	2								"
"EO	110070220	1100336060		TRUE	ESAS	   90	   3	D									"
"EO	110070220	1100336061		FALSE	ESAS	 5920	   1	F	A								"
"EO	110070221	1100336062		FALSE	ESAS	  710	   1	F	A								"
"EO	110070221	1100336063		FALSE	ESAS	 6020	   1	F	A								"
"EO	110070221	1100336064		FALSE	ESAS	  720	   1	F									"
"EO	110070221	1100336065		FALSE	ESAS	 5900	   1	F	A								"
"EO	110070221	1100336066		FALSE	ESAS	 5920	   1	F	1								"
"EO	110070221	1100336067		FALSE	ESAS	 5920	   1	F	1								"
"EO	110070221	1100336068		FALSE	ESAS	  710	   1	F	A								"
"EO	110070221	1100336069		FALSE	ESAS	 5920	   1	F	1								"
"EO	110070221	1100336070		FALSE	ESAS	 5920	   1	F	A								"
"EO	110070221	1100336071		FALSE	ESAS	 5920	   1	F	2								"
"EO	110070222	1100336072		TRUE	ESAS	 5900	   1	F	2								"
"EO	110070222	1100336073		FALSE	ESAS	 5900	   1	F	2								"
"EO	110070222	1100336074		FALSE	ESAS	 6000	   1	F	1								"
"EO	110070222	1100336075		FALSE	ESAS	  720	   3	F									"
"EO	110070222	1100336076		FALSE	ESAS	  710	   1	F	A								"
"EO	110070223	1100336077		FALSE	ESAS	 6000	   1	F	A								"
"EO	110070223	1100336078		FALSE	ESAS	 5900	   1	F	A								"
"EO	110070223	1100336079		FALSE	ESAS	 6000	   1	F	A								"
"EO	110070223	1100336080		FALSE	ESAS	 5920	   1	F	1								"
"EO	110070223	1100336081		FALSE	ESAS	 6000	   1	F	A								"
"EO	110070223	1100336082		FALSE	ESAS	  720	   3	F								94	"
"EO	110070223	1100336083		FALSE	ESAS	  710	   1	F	4								"
"EO	110070223	1100336084		FALSE	ESAS	 5900	   1	F	A								"
"EO	110070224	1100336085		TRUE	ESAS	   90	   1	D									"
"EO	110070224	1100336086		TRUE	ESAS	   90	   1	C									"
"EO	110070224	1100336087		FALSE	ESAS	 5926	   1	F	A								"
"EO	110070224	1100336088		FALSE	ESAS	 5920	   1	F	A								"
"EO	110070225	1100336089		FALSE	ESAS	 2130	   1	F									"
"EO	110070225	1100336090		FALSE	ESAS	 5900	   6	F									"
"EO	110070226	1100336091		FALSE	ESAS	 5910	   1	F	A								"
"EO	110070226	1100336092		FALSE	ESAS	  720	   1	F									"
"EO	110070226	1100336093		FALSE	ESAS	 6000	   1	F	A								"
"EO	110070226	1100336094		FALSE	ESAS	 6000	   1	F	A								"
"EO	110070226	1100336095		TRUE	ESAS	 5910	   1	F	A								"
"EO	110070227	1100336096		FALSE	ESAS	  720	   2	F									"
"EO	110070227	1100336097		TRUE	ESAS	 5910	   1	F	A								"
"EO	110070227	1100336098		FALSE	ESAS	 5920	   1	F	A								"
"EO	110070227	1100336099		FALSE	ESAS	 6020	   1	F	A								"
"EO	110070228	1100336100		FALSE	ESAS	   59	   1	F									"
"EO	110070228	1100336101		FALSE	ESAS	  720	   1	F									"
"EO	110070228	1100336102		FALSE	ESAS	   20	   1	F									"
"EO	110070229	1100336103		FALSE	ESAS	  710	   1	F	A								"
"EO	110070229	1100336104		FALSE	ESAS	 6020	   1	F	A								"
"EO	110070229	1100336105		FALSE	ESAS	 5926	   1	F	3						18		"
"EO	110070229	1100336106		TRUE	ESAS	  720	   1	F									"
"EO	110070229	1100336107		FALSE	ESAS	 5910	   1	F	A								"
"EO	110070229	1100336108		FALSE	ESAS	  710	   2	F	A								"
"EO	110070229	1100336109		FALSE	ESAS	   20	   1	F									"
"EO	110070230	1100336110		FALSE	ESAS	  710	   1	F	A								"
"EO	110070231	1100336111		FALSE	ESAS	 6020	   1	F	A								"
"EO	110070231	1100336112		FALSE	ESAS	  720	   5	F									"
"EO	110070231	1100336113		TRUE	ESAS	  710	   1	F	A								"
"EO	110070231	1100336114		FALSE	ESAS	   20	   2	F									"
"EO	110070231	1100336115		FALSE	ESAS	 6020	   1	F	A								"
"EO	110070231	1100336116		FALSE	ESAS	 6020	   1	A	A							94	"
"EO	110070232	1100336117		TRUE	ESAS	 6000	   1	A	A							94	"
"EO	110070232	1100336118		FALSE	ESAS	  710	   1	F	A								"
"EO	110070232	1100336119		FALSE	ESAS	 2130	   4	F									"
"EO	110070232	1100336120		FALSE	ESAS	 5900	   1	F	A								"
"EO	110070232	1100336121		FALSE	ESAS	 5910	   1	F	A								"
"EO	110070232	1100336122		FALSE	ESAS	   90	   1	E									"
"EO	110070233	1100336123		FALSE	ESAS	 5900	   1	F	A								"
"EO	110070233	1100336124		FALSE	ESAS	 5920	   1	F	1								"
"EO	110070233	1100336125		FALSE	ESAS	  710	   3	E	A							45	"
"EO	110070233	1100336126		FALSE	ESAS	   20	   2	F									"
"EO	110070233	1100336127		FALSE	ESAS	  720	   1	F									"
"EO	110070233	1100336128		FALSE	ESAS	  710	   2	F	A								"
"EO	110070234	1100336129		FALSE	ESAS	 2130	   8	F									"
"EO	110070234	1100336130		FALSE	ESAS	 5910	   1	F	A								"
"EO	110070234	1100336131		FALSE	ESAS	 5900	   1	F	1								"
"EO	110070234	1100336132		FALSE	ESAS	 5900	   1	F	3								"
"EO	110070234	1100336133		FALSE	ESAS	  710	   1	F	A								"
"EO	110070235	1100336134		FALSE	ESAS	 6020	   1	F	A								"
"EO	110070235	1100336135		FALSE	ESAS	 5927	   1	F	A								"
"EO	110070235	1100336136		FALSE	ESAS	  710	   1	F	4								"
"EO	110070235	1100336137		FALSE	ESAS	 5920	   1	F	4								"
"EO	110070235	1100336138		FALSE	ESAS	 5900	   1	F	2								"
"EO	110070235	1100336139		FALSE	ESAS	 6020	   1	F	1								"
"EO	110070235	1100336140		FALSE	ESAS	  720	   1	F									"
"EO	110070236	1100336141		FALSE	ESAS	 5927	   1	F	2								"
"EO	110070236	1100336142		TRUE	ESAS	 6340	   1	A			B					93	"
"EO	110070237	1100336143		FALSE	ESAS	 5920	   1	F	1								"
"EO	110070237	1100336144		FALSE	ESAS	  720	   2	F									"
"EO	110070237	1100336145		TRUE	ESAS	   20	   1	C								94	"
"EO	110070237	1100336146		FALSE	ESAS	  710	   1	F									"
"EO	110070237	1100336147		FALSE	ESAS	 5920	   1	F	4								"
"EO	110070237	1100336148		TRUE	ESAS	 5900	   1	F	2								"
"EO	110070238	1100336149	3	TRUE	ESAS	 6020	   9	C	A								"
"EO	110070238	1100336150	3	TRUE	ESAS	 6020	   2	C	1								"
"EO	110070238	1100336151		FALSE	ESAS	   20	   7	F									"
"EO	110070238	1100336152		FALSE	ESAS	   59	   1	F									"
"EO	110070238	1100336153		FALSE	ESAS	   20	   2	F									"
"EO	110070238	1100336154		FALSE	ESAS	   59	   1	F									"
"EO	110070239	1100336155		FALSE	ESAS	   20	   1	F									"
"EO	110070239	1100336156		FALSE	ESAS	   59	   2	F									"
"EO	110070240	1100336157		FALSE	ESAS	  710	   2	F									"
"EO	110070240	1100336158		FALSE	ESAS	   20	   1	E								94	"
"EO	110070241	1100336159	4	TRUE	ESAS	 6020	  12	A	A							94	"
"EO	110070241	1100336160	4	TRUE	ESAS	 5920	   1	A	A							94	"
"EO	110070241	1100336161		TRUE	ESAS	  710	   1	F	A								"
"EO	110070241	1100336162		FALSE	ESAS	 5920	   1	F	1								"
"EO	110070241	1100336163		TRUE	ESAS	  720	   1	F									"
"EO	110070241	1100336164		FALSE	ESAS	64320	   1	E									"
"EO	110070241	1100336165		FALSE	ESAS	 5920	   1	F	4								"
"EO	110070241	1100336166		FALSE	ESAS	  720	   1	F									"
"EO	110070242	1100336167		FALSE	ESAS	   59	   1	F									"
"EO	110070242	1100336168		TRUE	ESAS	 6000	   1	D	A								"
"EO	110070242	1100336169		FALSE	ESAS	  720	   3	E									"
"EO	110070242	1100336170		TRUE	ESAS	 6000	   1	A	3							94	"
"EO	110070243	1100336171		FALSE	ESAS	  710	   1	F	A								"
"EO	110070243	1100336172		FALSE	ESAS	64320	   1	E									"
"EO	110070243	1100336173		FALSE	ESAS	 6020	   6	E									"
"EO	110070243	1100336174		FALSE	ESAS	 5926	   1	F	A								"
"EO	110070243	1100336175		FALSE	ESAS	   20	   1	F									"
"EO	110070243	1100336176		FALSE	ESAS	  710	   1	F	A								"
"EO	110070244	1100336177	5	FALSE	ESAS	  710	   3	A	A							94	"
"EO	110070244	1100336178	5	FALSE	ESAS	  710	   1	A	3							94	"
"EO	110070244	1100336179	5	FALSE	ESAS	 5900	   1	A	3							94	"
"EO	110070244	1100336180	5	FALSE	ESAS	 5910	   1	A	3							94	"
"EO	110070244	1100336181	5	FALSE	ESAS	  710	   1	A	2							94	"
"EO	110070244	1100336182		FALSE	ESAS	 5926	   1	A								94	"
"EO	110070245	1100336183		FALSE	ESAS	   20	   1	F									"
"EO	110070246	1100336184		TRUE	ESAS	 6000	   1	D	2								"
"EO	110070246	1100336185		FALSE	ESAS	  710	   1	C	A								"
"EO	110070246	1100336186		FALSE	ESAS	  710	   1	F	A								"
"EO	110070247	1100336187		FALSE	ESAS	 6020	   1	F	A								"
"EO	110070247	1100336188		FALSE	ESAS	 6000	   1	F	A								"
"EO	110070247	1100336189		FALSE	ESAS	  710	   1	F	3								"
"EO	110070248	1100336190		FALSE	ESAS	   20	   1	F									"
"EO	110070248	1100336191		FALSE	ESAS	 6020	   1	F	1								"
"EO	110070248	1100336192		FALSE	ESAS	  710	   1	F	2								"
"EO	110070249	1100336193		FALSE	ESAS	  710	   1	F	A								"
"EO	110070249	1100336194		FALSE	ESAS	   59	  16	E								94	"
"EO	110070250	1100336195		TRUE	ESAS	63510	   1	C									"
"EO	110070250	1100336196		FALSE	ESAS	  710	   1	F	A								"
"EO	110070250	1100336197		TRUE	ESAS	  710	   1	F	A								"
"EO	110070250	1100336198		FALSE	ESAS	   20	   1	F									"
"EO	110070250	1100336199		FALSE	ESAS	 6000	   1	F	A								"
"EO	110070250	1100336200		FALSE	ESAS	   20	   2	F									"
"EO	110070252	1100336201		FALSE	ESAS	   59	   2	F									"
"EO	110070252	1100336202		TRUE	ESAS	 6020	   1	F	A								"
"EO	110070252	1100336203		TRUE	ESAS	 6020	   1	F	A								"
"EO	110070253	1100336204		TRUE	ESAS	63510	   2	A									"
"EO	110070253	1100336205		FALSE	ESAS	   20	   2	F									"
"EO	110070254	1100336206		FALSE	ESAS	 6020	   1	F	1								"
"EO	110070254	1100336207		FALSE	ESAS	   20	   1	F									"
"EO	110070255	1100336208		FALSE	ESAS	   20	   2	F									"
"EO	110070256	1100336209		FALSE	ESAS	 6345	   1	F									"
"EO	110070256	1100336210		FALSE	ESAS	 6020	   1	F	A								"
"EO	110070256	1100336211		TRUE	ESAS	63510	   1	A									"
"EO	110070257	1100336212		FALSE	ESAS	 6345	   1	F								94	"
"EO	110070257	1100336213		TRUE	ESAS	 6020	   1	C	A								"
"EO	110070258	1100336214		TRUE	ESAS	 6000	   1	F	3								"
"EO	110070258	1100336215		FALSE	ESAS	 6000	   1	F	A								"
"EO	110070258	1100336216		FALSE	ESAS	 6020	   1	F	A								"
"EO	110070258	1100336217		FALSE	ESAS	 6000	   1	F	1								"
"EO	110070259	1100336218		TRUE	ESAS	63510	   2	B									"
"EO	110070259	1100336219		TRUE	ESAS	 6020	   2	F	A								"
"EO	110070260	1100336220	6	TRUE	ESAS	 6340	   1	C			W						"
"EO	110070260	1100336221	6	TRUE	ESAS	 6340	   1	C			B						"
"EO	110070260	1100336222		FALSE	ESAS	 6340	   1	E			W						"
"EO	110070261	1100336223		FALSE	ESAS	 6340	   2	F			W						"
"EO	110070261	1100336224		FALSE	ESAS	   20	   1	F									"
"EO	110070261	1100336225		FALSE	ESAS	 6345	   1	F									"
"EO	110070262	1100336226		TRUE	ESAS	63510	   1	B									"
"EO	110070262	1100336227		TRUE	ESAS	 6020	   2	F									"
"EO	110070263	1100336228		FALSE	ESAS	 6020	   1	F	A								"
"EO	110070263	1100336229		FALSE	ESAS	 5920	   1	F	1								"
"EO	110070263	1100336230		FALSE	ESAS	 6020	   1	F	2								"
"EO	110070264	1100336231		TRUE	ESAS	 5690	   1	F									"
"EO	110070265	1100336232		FALSE	ESAS	 5820	   1	F									"
"EO	110070266	1100336233		TRUE	ESAS	 6360	   2	D			W						"
"EO	110070266	1100336234		FALSE	ESAS	 6345	   4	F									"
"EO	110070266	1100336235		FALSE	ESAS	 6340	   3	C									"
"EO	110070266	1100336236		TRUE	ESAS	 6340	   1	A			W					94	"
"EO	110070267	1100336237		TRUE	ESAS	 6000	   1	F	A								"
"EO	110070267	1100336238		TRUE	ESAS	 6020	   1	F	A								"
"EO	110070267	1100336239		FALSE	ESAS	 5690	   1	F									"
"EO	110070267	1100336240		FALSE	ESAS	 6340	   2	W			W					94	"
"EO	110070268	1100336241	7	TRUE	ESAS	 6340	   1	C			W					94	"
"EO	110070268	1100336242	7	TRUE	ESAS	 6340	   1	C			T					94	"
"EO	110070268	1100336243		FALSE	ESAS	  710	   2	F	A								"
"EO	110070268	1100336244		FALSE	ESAS	 6000	   1	F									"
"EO	110070270	1100336245		TRUE	ESAS	 6340	   2	A			W					94	"
"EO	110070270	1100336246		FALSE	ESAS	 6340	   1	C									"
"EO	110070270	1100336247		TRUE	ESAS	 6340	   1	A			W						"
"EO	110070270	1100336248		FALSE	ESAS	 6020	   1	F	A								"
"EO	110070270	1100336249		FALSE	ESAS	  710	   1	F									"
"EO	110070271	1100336250		TRUE	ESAS	63510	   2	A									"
"EO	110070271	1100336251		FALSE	ESAS	 6340	   1	A			T					94	"
"EO	110070271	1100336252		TRUE	ESAS	 6340	   1	C			T						"
"EO	110070271	1100336253		FALSE	ESAS	 6340	   2	F			W						"
"EO	110070272	1100336254		TRUE	ESAS	 6340	   2	D			W						"
"EO	110070272	1100336255		FALSE	ESAS	 6020	   1	F	A								"
"EO	110070272	1100336256		FALSE	ESAS	 6340	   4	F			W						"
"EO	110070274	1100336257		TRUE	ESAS	 6020	   1	F	A								"
"EO	110070274	1100336258		TRUE	ESAS	 6340	   4	D			W						"
"EO	110070275	1100336259		FALSE	ESAS	 6020	   1	F	A								"
"EO	110070275	1100336260		FALSE	ESAS	  710	   1	F	A								"
"EO	110070275	1100336261		FALSE	ESAS	 6020	   1	F	A								"
"EO	110070276	1100336262		TRUE	ESAS	63510	   1	A									"
"EO	110070276	1100336263		FALSE	ESAS	 6020	   1	F	A								"
"EO	110070276	1100336264		TRUE	ESAS	 6000	   1	F	A								"
"EO	110070277	1100336265		FALSE	ESAS	 6340	   2	E			W						"
"EO	110070277	1100336266		FALSE	ESAS	 6340	   2	F			W						"
"EO	110070277	1100336267		TRUE	ESAS	 6000	   1	A	1							94	"
"EO	110070277	1100336268		TRUE	ESAS	 6340	   3	W								94	"
"EO	110070277	1100336269		FALSE	ESAS	 5690	   2	F									"
"EO	110070278	1100336270		FALSE	ESAS	 6340	   1	A			T					93	"
"EO	110070278	1100336271		TRUE	ESAS	 6340	   1	A			B					94	"
"EO	110070278	1100336272		FALSE	ESAS	 6020	   1	F	A								"
"EO	110070279	1100336273		TRUE	ESAS	 6020	   1	F	A								"
"EO	110070279	1100336274		FALSE	ESAS	 6020	   1	F	A								"
"EO	110070279	1100336275		TRUE	ESAS	 6020	   2	A	A								"
"EO	110070280	1100336276	8	FALSE	ESAS	 6340	   3	E			W						"
"EO	110070280	1100336277	8	FALSE	ESAS	 6340	   1	E			T						"
"EO	110070280	1100336278		FALSE	ESAS	 6340	   3	A			W						"
"EO	110070280	1100336279		FALSE	ESAS	 6020	   1	F	A								"
"EO	110070280	1100336280		FALSE	ESAS	 6020	   2	F	A								"
"EO	110070281	1100336281	9	TRUE	ESAS	 6340	   1	C			B						"
"EO	110070281	1100336282	9	TRUE	ESAS	 6340	   3	C			W						"
"EO	110070281	1100336283		TRUE	ESAS	 6340	   1	A			W					93	"
"EO	110070281	1100336284		FALSE	ESAS	  710	   1	A	A								"
"EO	110070282	1100336285		FALSE	ESAS	 5927	   1	F			B						"
"EO	110070282	1100336286		TRUE	ESAS	  710	   1	A	A							94	"
"EO	110070283	1100336287		FALSE	ESAS	 6020	   1	F	A								"
"EO	110070283	1100336288		FALSE	ESAS	  710	   1	F	A								"
"EO	110070284	1100336289		TRUE	ESAS	 6340	   1	C			W						"
"EO	110070284	1100336290		FALSE	ESAS	 6020	   1	F	A								"
"EO	110070284	1100336291		FALSE	ESAS	 6020	   1	F	A								"
"EO	110070286	1100336292		FALSE	ESAS	 6020	   1	F	A								"
"EO	110070286	1100336293		FALSE	ESAS	  720	  85	F									"
"EO	110070286	1100336294		FALSE	ESAS	 6020	   1	F	A								"
"EO	110070286	1100336295		TRUE	ESAS	 6020	   1	F	A								"
"EO	110070286	1100336296		FALSE	ESAS	 5926	   1	F	A								"
"EO	110070287	1100336297		TRUE	ESAS	 6020	   2	F	A								"
"EO	110070287	1100336298		FALSE	ESAS	 6020	   1	F	A								"
"EO	110070287	1100336299		FALSE	ESAS	 6020	   2	F	A								"
"EO	110070287	1100336300		FALSE	ESAS	 6020	   1	F	1								"
"EO	110070287	1100336301		FALSE	ESAS	 6020	   2	F	A								"
"EO	110070288	1100336302		FALSE	ESAS	 6345	   1	E			W						"
"EO	110070288	1100336303		FALSE	ESAS	 6020	   1	F	A								"
"EO	110070289	1100336304		FALSE	ESAS	 6020	   1	F	A								"
"EO	110070289	1100336305		TRUE	ESAS	 6020	   1	F	A								"
"EO	110070290	1100336306		FALSE	ESAS	 6020	   2	F	A								"
"EO	110070291	1100336307		FALSE	ESAS	 6020	   2	F	A								"
"EO	110070292	1100336308		FALSE	ESAS	 6360	   3	F			W						"
"EO	110070293	1100336309		TRUE	ESAS	 6020	   1	A	A							94	"
"EO	110070293	1100336310		FALSE	ESAS	  710	   1	F	A								"
"EO	110070293	1100336311		FALSE	ESAS	 6020	   1	F	A								"
"EO	110070294	1100336312		FALSE	ESAS	 6020	  10	A	A								"
"EO	110070295	1100336313		FALSE	ESAS	 6020	   1	F	A								"
"EO	110070296	1100336314		FALSE	ESAS	 6020	   1	F	A								"
"EO	110070297	1100336315		TRUE	ESAS	 6020	  13	A	A								"
"EO	110070297	1100336316		TRUE	ESAS	 5900	   2	A	A								"
"EO	110070298	1100336317		FALSE	ESAS	 6360	   2	F			W						"
"EO	110070298	1100336318		TRUE	ESAS	 6020	   8	D	A								"
"EO	110070298	1100336319		FALSE	ESAS	64310	   1	B									"
"EO	110070298	1100336320		FALSE	ESAS	 5900	   1	F	A								"
"EO	110070298	1100336321		FALSE	ESAS	 5910	   1	F	A								"
"EO	110070298	1100336322		FALSE	ESAS	 6020	   1	F	A								"
"EO	110070299	1100336323		TRUE	ESAS	 6020	   1	F	A								"
"EO	110070299	1100336324		TRUE	ESAS	 6020	   4	A	A								"
"EO	110070300	1100336325		TRUE	ESAS	 6340	   1	C			W						"
"EO	110070300	1100336326		FALSE	ESAS	 6020	   1	F	A								"
"EO	110070301	1100336327		FALSE	ESAS	 4850	   2	F									"
"EO	110070302	1100336328		FALSE	ESAS	 6020	   1	F	A								"
"EO	110070303	1100336329	10	TRUE	ESAS	 6345	   4	D			W						"
"EO	110070303	1100336330	10	TRUE	ESAS	 6020	   5	D									"
"EO	110070304	1100336331		FALSE	ESAS	 6020	   1	F	A								"
"EO	110070305	1100336332		FALSE	ESAS	 6360	   1	F			W						"
"EO	110070307	1100336333		FALSE	ESAS	 6000	   1	F	1								"
"EO	110070307	1100336334		FALSE	ESAS	 6020	   1	F	A								"
"EO	110070308	1100336335		FALSE	ESAS	 6020	   1	F	A								"
"EO	110070310	1100336336		FALSE	ESAS	 5900	   1	F	2								"
"EO	110070312	1100336337		TRUE	ESAS	 6020	   1	A	A								"
"EO	110070312	1100336338		FALSE	ESAS	 6020	   2	F	A								"
"EO	110070312	1100336339		FALSE	ESAS	 5927	   1	F	2								"
"EO	110070313	1100336340		FALSE	ESAS	 6020	   1	F	A								"
"EO	110070313	1100336341		FALSE	ESAS	 5900	   1	F	2								"
"EO	110070313	1100336342		FALSE	ESAS	 6020	   1	F	A								"
"EO	110070314	1100336343		TRUE	ESAS	 6360	   2	B			W						"
"EO	110070314	1100336344		TRUE	ESAS	 6020	   2	F	A								"
"EO	110070314	1100336345		FALSE	ESAS	 6020	   4	F	A								"
"EO	110070315	1100336346		FALSE	ESAS	 6020	   1	F	1								"
"EO	110070315	1100336347		FALSE	ESAS	  710	   1	F	A								"
"EO	110070315	1100336348		FALSE	ESAS	 6020	   2	F	A								"
"EO	110070316	1100336349		TRUE	ESAS	 6020	   2	F	A								"
"EO	110070316	1100336350		FALSE	ESAS	 6020	   1	F	A								"
"EO	110070316	1100336351		FALSE	ESAS	 6020	   2	F	A								"
"EO	110070316	1100336352		FALSE	ESAS	 6020	   1	F	1								"
"EO	110070317	1100336353		FALSE	ESAS	 6020	   1	F	A								"
"EO	110070317	1100336354		TRUE	ESAS	 6340	   1	A			W						"
"EO	110070319	1100336355		FALSE	ESAS	 6020	   1	F	1								"
"EO	110070319	1100336356		FALSE	ESAS	 5927	   1	F	1								"
"EO	110070319	1100336357		FALSE	ESAS	  710	   1	F	A								"
"EO	110070319	1100336358		FALSE	ESAS	 6020	   1	F	A								"
"EO	110070320	1100336359		FALSE	ESAS	 6345	   1	F			W						"
"EO	110070320	1100336360		FALSE	ESAS	 6020	   3	F	A								"
"EO	110070321	1100336361		FALSE	ESAS	 6020	   1	F	A								"
"EO	110070323	1100336362		FALSE	ESAS	 6360	   2	F			W						"
"EO	110070324	1100336363		FALSE	ESAS	 6020	   4	B	A								"
"EO	110070325	1100336364		TRUE	ESAS	 6020	   1	F	A								"
"EO	110070326	1100336365	11	FALSE	ESAS	 6020	   2	C	A								"
"EO	110070326	1100336366	11	FALSE	ESAS	 5920	   1	C	2								"
"EO	110070328	1100336367		FALSE	ESAS	 6020	   1	F	A								"
"EO	110070328	1100336368		TRUE	ESAS	 6020	   1	A	A								"
"EO	110070329	1100336369		FALSE	ESAS	 6020	   1	F	A								"
"EO	110070330	1100336370		FALSE	ESAS	 6020	   1	F	A								"
"EO	110070330	1100336371		FALSE	ESAS	 6020	   2	F	A								"
"EO	110070331	1100336372		FALSE	ESAS	 6340	   1	F			W						"
"EO	110070333	1100336373	12	FALSE	ESAS	 6340	   1	F			W					93	"
"EO	110070333	1100336374	12	FALSE	ESAS	 5900	   1	F	A								"
"EO	110070333	1100336375		FALSE	ESAS	 6020	   2	F	A								"
"EO	110070335	1100336376		FALSE	ESAS	 6340	   1	F			W						"
"EO	110070335	1100336377		FALSE	ESAS	 6020	   1	F	A								"
"EO	110070336	1100336378		FALSE	ESAS	 5927	   1	F	1								"
"EO	110070336	1100336379		FALSE	ESAS	 6020	   1	F	A								"
"EO	110070336	1100336380		FALSE	ESAS	 5920	   1	F	1								"
"EO	110070337	1100336381		FALSE	ESAS	 6020	   1	F	A								"
"EO	110070338	1100336382		FALSE	ESAS	 6340	   1	F			W						"
"EO	110070338	1100336383		FALSE	ESAS	 6020	   2	E	A								"
"EO	110070338	1100336384		FALSE	ESAS	 6020	   1	F	A								"
"EO	110070339	1100336385		FALSE	ESAS	  710	   1	F	A								"
"EO	110070339	1100336386		FALSE	ESAS	 6020	   1	F	A								"
"EO	110070340	1100336387		TRUE	ESAS	 6340	   2	B									"
"EO	110070340	1100336388		FALSE	ESAS	 6345	   1	F			W						"
"EO	110070340	1100336389		FALSE	ESAS	 5900	   1	F	A								"
"EO	110070341	1100336390		FALSE	ESAS	 5900	   1	F	A								"
"EO	110070341	1100336391		TRUE	ESAS	   20	   1	D									"
"EO	110070342	1100336392		FALSE	ESAS	 5927	   1	F	3								"
"EO	110070342	1100336393		FALSE	ESAS	 6020	   1	F	A								"
"EO	110070342	1100336394		TRUE	ESAS	 6000	   1	F	A								"
"EO	110070342	1100336395		TRUE	ESAS	63510	   2	A									"
"EO	110070343	1100336396		FALSE	ESAS	 6020	   1	F	A								"
"EO	110070343	1100336397		FALSE	ESAS	 6020	   1	F	A								"
"EO	110070344	1100336398		TRUE	ESAS	63510	   1	A									"
"EO	110070344	1100336399		FALSE	ESAS	 6340	   1	B			W						"
"EO	110070344	1100336400		FALSE	ESAS	 6000	   1	F	A								"
"EO	110070344	1100336401		FALSE	ESAS	 6020	   1	F	A								"
"EO	110070344	1100336402		FALSE	ESAS	 6020	   2	F	A								"
"EO	110070345	1100336403		FALSE	ESAS	 5900	   3	F									"
"EO	110070345	1100336404		FALSE	ESAS	 6020	   1	F	1								"
"EO	110070346	1100336405		FALSE	ESAS	 5900	   1	F	A								"
"EO	110070346	1100336406		FALSE	ESAS	 5900	   1	F	A								"
"EO	110070346	1100336407		FALSE	ESAS	 5900	   1	F	2								"
"EO	110070347	1100336408	13	FALSE	ESAS	 5780	   1	F	A								"
"EO	110070347	1100336409	13	FALSE	ESAS	 5780	   1	F	1								"
"EO	110070347	1100336410		FALSE	ESAS	 6020	   2	F	A								"
"EO	110070347	1100336411		FALSE	ESAS	 5900	   1	A	2								"
"EO	110070347	1100336412		FALSE	ESAS	 6020	   1	A	A								"
"EO	110070347	1100336413		FALSE	ESAS	 5900	   2	F	A								"
"EO	110070348	1100336414		FALSE	ESAS	 5900	   6	F	A								"
"EO	110070348	1100336415		FALSE	ESAS	 5920	   1	F	1								"
"EO	110070348	1100336416		FALSE	ESAS	 5920	   1	F	A								"
"EO	110070349	1100336417		FALSE	ESAS	  710	   1	F	A								"
"EO	110070349	1100336418		FALSE	ESAS	 5900	   1	F	A								"
"EO	110070349	1100336419		FALSE	ESAS	 5900	   1	F	A								"
"EO	110070351	1100336420		FALSE	ESAS	 6000	   1	F	1								"
"EO	110070352	1100336421		FALSE	ESAS	 5900	   2	F	A								"
"EO	110070352	1100336422		FALSE	ESAS	 5900	   1	F	A								"
"EO	110070353	1100336423		FALSE	ESAS	 5920	   1	F	1								"
"EO	110070353	1100336424		FALSE	ESAS	 6000	   1	C	A								"
"EO	110070353	1100336425		FALSE	ESAS	 6000	   1	F	A								"
"EO	110070354	1100336426		FALSE	ESAS	 6000	   1	F	A								"
"EO	110070354	1100336427		FALSE	ESAS	 6000	   1	F	2								"
"EO	110070354	1100336428		FALSE	ESAS	 5920	   1	F	1								"
"EO	110070354	1100336429		FALSE	ESAS	 6000	   1	F	A								"
"EO	110070354	1100336430		TRUE	ESAS	 6000	   1	A	A								"
"EO	110070354	1100336431		TRUE	ESAS	 6000	   1	B	A								"
"EO	110070355	1100336432		FALSE	ESAS	 6000	   2	F	1								"
"EO	110070355	1100336433		FALSE	ESAS	 5920	   1	F	A								"
"EO	110070355	1100336434		FALSE	ESAS	 5920	   1	F	1								"
"EO	110070357	1100336435		FALSE	ESAS	 6020	   1	F	A								"
"EO	110070357	1100336436		FALSE	ESAS	 5910	   2	F	A								"
"EO	110070357	1100336437		FALSE	ESAS	 6020	   1	F	1								"
"EO	110070357	1100336438		FALSE	ESAS	 5920	   1	F	1								"
"EO	110070357	1100336439		FALSE	ESAS	 6000	   2	F	1								"
"EO	110070357	1100336440		FALSE	ESAS	 5927	   2	F	1								"
"EO	110070358	1100336441		FALSE	ESAS	 5900	   1	F	2								"
"EO	110070358	1100336442		TRUE	ESAS	 5910	   1	F	A								"
"EO	110070358	1100336443		FALSE	ESAS	 5910	   1	F	A								"
"EO	110070358	1100336444		FALSE	ESAS	 5910	   1	F	1								"
"EO	110070358	1100336445		FALSE	ESAS	 6000	   1	F	1								"
"EO	110070358	1100336446		FALSE	ESAS	 5920	   1	F	1								"
"EO	110070358	1100336447		FALSE	ESAS	 5900	   1	F	A								"
"EO	110070358	1100336448		FALSE	ESAS	 5900	   2	F									"
"EO	110070358	1100336449		FALSE	ESAS	 5820	   1	F	A								"
"EO	110070358	1100336450		TRUE	ESAS	   20	   1	A								94	"
"EO	110070358	1100336451		FALSE	ESAS	 5920	   1	F	1								"
"EO	110070358	1100336452		FALSE	ESAS	 6000	   2	F	1								"
"EO	110070359	1100336453		FALSE	ESAS	 5900	   2	F	A								"
"EO	110070359	1100336454		FALSE	ESAS	 5920	   1	F	2								"
"EO	110070359	1100336455		FALSE	ESAS	 6000	   1	F	2								"
"EO	110070359	1100336456		TRUE	ESAS	 5900	   1	F	A								"
"EO	110070359	1100336457		FALSE	ESAS	 5920	   1	F	1								"
"EO	110070359	1100336458		FALSE	ESAS	 6000	   1	F	1								"
"EO	110070359	1100336459		FALSE	ESAS	 6000	   1	F	1								"
"EO	110070359	1100336460		FALSE	ESAS	 6000	   1	F	A								"
"EO	110070360	1100336461		FALSE	ESAS	 5900	   1	F	2								"
"EO	110070360	1100336462		FALSE	ESAS	   20	   1	F									"
"EO	110070360	1100336463		FALSE	ESAS	 6000	   1	F	1								"
"EO	110070361	1100336464		FALSE	ESAS	 6000	   1	F	2								"
"EO	110070361	1100336465		TRUE	ESAS	   20	   1	D									"
"EO	110070361	1100336466		TRUE	ESAS	 5920	   1	D	1								"
"EO	110070362	1100336467		FALSE	ESAS	 5920	   1	F	A								"
"EO	110070362	1100336468		TRUE	ESAS	 6000	   1	A	1								"
"EO	110070362	1100336469		FALSE	ESAS	 5920	   1	F	A								"
"EO	110070362	1100336470		FALSE	ESAS	 5920	   1	F	1								"
"EO	110070362	1100336471		FALSE	ESAS	 5920	   1	F	2								"
"EO	110070362	1100336472		FALSE	ESAS	 6000	   1	B	A								"
"EO	110070362	1100336473		FALSE	ESAS	 6000	   1	B	2							94	"
"EO	110070362	1100336474		FALSE	ESAS	 6000	   1	F	3								"
"EO	110070363	1100336475		FALSE	ESAS	 5920	   1	F	1								"
"EO	110070363	1100336476		FALSE	ESAS	 6000	   1	F	2								"
"EO	110070363	1100336477		FALSE	ESAS	 5927	   1	F	A								"
"EO	110070363	1100336478		FALSE	ESAS	 5900	   1	F	A								"
"EO	110070363	1100336479		TRUE	ESAS	  710	   1	F									"
"EO	110070364	1100336480	14	TRUE	ESAS	 5910	   1	F	A							68	"
"EO	110070364	1100336481	14	TRUE	ESAS	 6000	   2	F	2							68	"
"EO	110070364	1100336482		FALSE	ESAS	 5910	   1	F	A								"
"EO	110070364	1100336483		FALSE	ESAS	 5927	   1	F	1								"
"EO	110070364	1100336484		FALSE	ESAS	 5900	   1	F	2								"
"EO	110070365	1100336485		TRUE	ESAS	 5900	   1	F	A								"
"EO	110070365	1100336486		TRUE	ESAS	 6000	   1	B	A								"
"EO	110070366	1100336487		FALSE	ESAS	 6000	   1	B	A								"
"EO	110070367	1100336488		FALSE	ESAS	 5900	   1	A	A							94	"
"EO	110070367	1100336489		FALSE	ESAS	   20	   1	F									"
"EO	110070367	1100336490		FALSE	ESAS	 2130	   1	E									"
"EO	110070368	1100336491		TRUE	ESAS	 5900	   1	F	A								"
"EO	110070368	1100336492		FALSE	ESAS	 5900	   1	F	A								"
"EO	110070368	1100336493		FALSE	ESAS	 5820	   1	F	A								"
"EO	110070368	1100336494		FALSE	ESAS	 5900	   1	F	A								"
"EO	110070368	1100336495		FALSE	ESAS	 5900	   1	F	A								"
"EO	110070368	1100336496		FALSE	ESAS	 6000	   1	F	1								"
"EO	110070368	1100336497		FALSE	ESAS	 5820	   1	F	A								"
"EO	110070368	1100336498		FALSE	ESAS	 2130	   1	F									"
"EO	110070369	1100336499		FALSE	ESAS	 5900	   1	F	A								"
"EO	110070369	1100336500		FALSE	ESAS	 5900	   1	F	2								"
"EO	110070370	1100336501		TRUE	ESAS	 6000	   1	F	A								"
"EO	110070370	1100336502		FALSE	ESAS	 5900	   1	F	A								"
"EO	110070371	1100336503		TRUE	ESAS	 5900	   1	F	A								"
"EO	110070371	1100336504		FALSE	ESAS	 5920	   1	F	2								"
"EO	110070371	1100336505		FALSE	ESAS	 5920	   1	F	A								"
"EO	110070371	1100336506		FALSE	ESAS	 5900	   1	F	A								"
"EO	110070371	1100336507		FALSE	ESAS	 5920	   1	F	1								"
"EO	110070371	1100336508		FALSE	ESAS	 5920	   1	F	1								"
"EO	110070371	1100336509		FALSE	ESAS	 5900	   3	F	A								"
"EO	110070371	1100336510		FALSE	ESAS	 5900	   1	F	2								"
"EO	110070372	1100336511		FALSE	ESAS	 5820	   1	F	A								"
"EO	110070372	1100336512		FALSE	ESAS	 5900	   4	F	A								"
"EO	110070373	1100336513		FALSE	ESAS	 5900	   2	C	A								"
"EO	110070373	1100336514		FALSE	ESAS	 5920	   1	F	A								"
"EO	110070374	1100336515		FALSE	ESAS	 5900	   1	F	A								"
"EO	110070374	1100336516		FALSE	ESAS	 5820	   2	F	A								"
"EO	110070374	1100336517		FALSE	ESAS	 2130	   1	E				M					"
"EO	110070375	1100336518		FALSE	ESAS	 5820	   2	F	A								"
"EO	110070375	1100336519		FALSE	ESAS	 5820	   2	F	A								"
"EO	110070375	1100336520		TRUE	ESAS	 5920	   1	F	1								"
"EO	110070375	1100336521		FALSE	ESAS	 5900	   1	F	A								"
"EO	110070375	1100336522		FALSE	ESAS	 5820	   1	F	A								"
"EO	110070375	1100336523		FALSE	ESAS	 5910	   1	F	A								"
"EO	110070375	1100336524		FALSE	ESAS	 6000	   1	F	A								"
"EO	110070375	1100336525		FALSE	ESAS	 5820	   1	F	A								"
"EO	110070375	1100336526		TRUE	ESAS	 5820	   1	F	A								"
"EO	110070375	1100336527		FALSE	ESAS	 5920	   1	F	1								"
"EO	110070375	1100336528		FALSE	ESAS	 5920	   1	F	3								"
"EO	110070375	1100336529		FALSE	ESAS	 6020	   1	F	A								"
"EO	110070375	1100336530		FALSE	ESAS	 5920	   1	F	A								"
"EO	110070375	1100336531		FALSE	ESAS	 5820	   1	F	A								"
"EO	110070375	1100336532		FALSE	ESAS	 5820	   1	F	A								"
"EO	110070375	1100336533		FALSE	ESAS	 5820	   1	F	A								"
"EO	110070375	1100336534		FALSE	ESAS	 5820	   1	F	A								"
"EO	110070375	1100336535		FALSE	ESAS	 6000	   1	F	A								"
"EO	110070375	1100336536		FALSE	ESAS	 5820	   1	F	A								"
"EO	110070375	1100336537		FALSE	ESAS	 6000	   1	F	A								"
"EO	110070375	1100336538		FALSE	ESAS	 5820	   2	F	A								"
"EO	110070375	1100336539		FALSE	ESAS	 5920	   1	F	A								"
"EO	110070375	1100336540		FALSE	ESAS	 5900	   1	F	A								"
"EO	110070375	1100336541		FALSE	ESAS	 5900	   1	F	A								"
"EO	110070376	1100336542		FALSE	ESAS	 5900	   1	B	A								"
"EO	110070376	1100336543		FALSE	ESAS	 5920	   1	F	1								"
"EO	110070376	1100336544		FALSE	ESAS	 5820	   1	F	A								"
"EO	110070376	1100336545		FALSE	ESAS	 5927	   1	F	A								"
"EO	110070376	1100336546		FALSE	ESAS	 5920	   1	F	A								"
"EO	110070376	1100336547		TRUE	ESAS	 6000	   1	B	A							94	"
"EO	110070376	1100336548		FALSE	ESAS	 5920	   1	F	2								"
"EO	110070376	1100336549		FALSE	ESAS	 5910	   2	F	A								"
"EO	110070376	1100336550		FALSE	ESAS	 5900	   1	F	A								"
"EO	110070376	1100336551		FALSE	ESAS	 5820	   1	F	A								"
"EO	110070376	1100336552		FALSE	ESAS	 5920	   2	F	A								"
"EO	110070376	1100336553		FALSE	ESAS	 5820	   1	F	A								"
"EO	110070377	1100336554	15	FALSE	ESAS	 5900	   2	F	A						21		Associatie baggerschip"
"EO	110070377	1100336555	15	FALSE	ESAS	 5900	   2	F	A						21		Associatie baggerschip"
"EO	110070377	1100336556	15	FALSE	ESAS	 5820	   1	F	A						21		Associatie baggerschip"
"EO	110070377	1100336557	15	FALSE	ESAS	 5920	   1	F	A						21		Associatie baggerschip"
"EO	110070377	1100336558	15	FALSE	ESAS	 5910	   1	F	A						21		Associatie baggerschip"
"EO	110070377	1100336559	15	FALSE	ESAS	 5920	   1	F	1						21		Associatie baggerschip"
"EO	110070377	1100336560	15	FALSE	ESAS	 5920	   1	F	A						21		Associatie baggerschip"
"EO	110070377	1100336561	15	FALSE	ESAS	 6000	   1	F	A						21		Associatie baggerschip"
"EO	110070377	1100336562	15	FALSE	ESAS	 5920	   1	F	A						21		Associatie baggerschip"
"EO	110070377	1100336563	15	FALSE	ESAS	 5920	   1	F	A						21		Associatie baggerschip"
"EO	110070377	1100336564	15	FALSE	ESAS	 5920	   2	F	A						21		Associatie baggerschip"
"EO	110070377	1100336565	15	FALSE	ESAS	 5900	   1	F	A						21		Associatie baggerschip"
"EO	110070377	1100336566	15	FALSE	ESAS	 6000	   1	F	A						21		Associatie baggerschip"
"EO	110070377	1100336567	15	FALSE	ESAS	 5927	   1	F	A						21		Associatie baggerschip"
"EO	110070377	1100336568	15	FALSE	ESAS	 5920	   1	F	1						21		Associatie baggerschip"
"EO	110070377	1100336569		FALSE	ESAS	 5920	   1	B	A							94	"
"EO	110070377	1100336570		TRUE	ESAS	   20	   1	A								94	"
"EO	110070378	1100336571	16	TRUE	ESAS	 6000	   1	B	1							94	"
"EO	110070378	1100336572	16	TRUE	ESAS	 5920	   1	B	2							94	"
"EO	110070378	1100336573		FALSE	ESAS	 5820	   1	F	A								"
"EO	110070378	1100336574		FALSE	ESAS	 5927	   1	F	1								"
"EO	110070380	1100336575		FALSE	ESAS	 5927	   1	F	3						18		"
"EO	110070382	1100336576		FALSE	ESAS	 5920	   1	F	A								"
"EO	110070382	1100336577		FALSE	ESAS	   20	   1	F									"
"EO	110070382	1100336578		FALSE	ESAS	 5920	   1	F	2								"
"EO	110070382	1100336579		TRUE	ESAS	 5920	   1	D	1							94	"
"EO	110070382	1100336580		FALSE	ESAS	 5900	   1	F	A								"
"EO	110070383	1100336581		FALSE	ESAS	   20	   1	E								94	"
"EO	110070384	1100336582		FALSE	ESAS	 5900	   1	F									"
"EO	110070385	1100336583		FALSE	ESAS	 2130	   5	E									"
"EO	110070385	1100336584		FALSE	ESAS	 5920	   1	F	A								"
"EO	110070385	1100336585		FALSE	ESAS	  710	   1	F	1				SW				"
"EO	110070386	1100336586		FALSE	ESAS	   20	   2	F									"
"EO	110070386	1100336587		FALSE	ESAS	   20	   2	F									"
"EO	110070387	1100336588	17	TRUE	ESAS	 2130	  14	F					SW				"
"EO	110070387	1100336589	17	TRUE	ESAS	 2150	   1	F					SW				"
"EO	110070387	1100336590		FALSE	ESAS	 5900	   1	F	A								"
"EO	110070388	1100336591		FALSE	ESAS	 2130	   9	F									"
"EO	110070388	1100336592		TRUE	ESAS	   90	   1	A									"
"EO	110070390	1100336593		FALSE	ESAS	 2130	  25	E									"
"EO	110070390	1100336594		FALSE	ESAS	 2130	  13	E									"
"EO	110070390	1100336595		FALSE	ESAS	 2130	   6	E									"
"EO	110070390	1100336596		FALSE	ESAS	 5927	   1	F	1								"
"EO	110070391	1100336597		FALSE	ESAS	 2130	  15	E									"
"EO	110070391	1100336598		FALSE	ESAS	   90	   2	E									"
"EO	110070391	1100336599		TRUE	ESAS	   90	   1	C									"
"EO	110070391	1100336600		TRUE	ESAS	   20	   1	W								94	"
"EO	110070392	1100336601	18	FALSE	ESAS	 2130	   1	F									"
"EO	110070392	1100336602	18	FALSE	ESAS	 2150	   1	F									"
"EO	110070392	1100336603		TRUE	ESAS	 2130	   5	D								94	"
"EO	110070392	1100336604		FALSE	ESAS	 5900	   1	F	A								"
"EO	110070392	1100336605		FALSE	ESAS	 6000	   1	F	A								"
"EO	110070392	1100336606		FALSE	ESAS	 6000	   1	F	1								"
"EO	110070392	1100336607		FALSE	ESAS	  720	  85	F					NE				"
"EO	110070392	1100336608		FALSE	ESAS	   59	   1	F									"
"EO	110070392	1100336609		TRUE	ESAS	 6000	   1	D	A								"
"EO	110070393	1100336610		FALSE	ESAS	   59	   3	F									"
"EO	110070393	1100336611		FALSE	ESAS	 6000	   1	F	A								"
"EO	110070394	1100336612		TRUE	ESAS	   90	   1	C									"
"EO	110070394	1100336613		FALSE	ESAS	 5900	   1	F	2								"
"EO	110070394	1100336614		FALSE	ESAS	 5900	   1	F	2								"
"EO	110070394	1100336615		FALSE	ESAS	 5910	   1	F	A								"
"EO	110070394	1100336616		FALSE	ESAS	 5900	   1	F	A								"
"EO	110070394	1100336617		FALSE	ESAS	   59	   1	F									"
"EO	110070394	1100336618		FALSE	ESAS	 5900	   1	F	A								"
"EO	110070394	1100336619		TRUE	ESAS	   20	   1	A								94	"
"EO	110070395	1100336620		TRUE	ESAS	 2130	  11	D								94	"
"EO	110070395	1100336621		FALSE	ESAS	 6000	   1	F	A								"
"EO	110070395	1100336622		TRUE	ESAS	 2130	   6	F									"
"EO	110070395	1100336623		TRUE	ESAS	 2130	   6	D									"
"EO	110070395	1100336624		FALSE	ESAS	 5900	   1	F	A								"
"EO	110070396	1100336625		FALSE	ESAS	 5920	   1	F	1								"
"EO	110070396	1100336626		FALSE	ESAS	 2130	   3	F									"
"EO	110070396	1100336627		FALSE	ESAS	 5900	   1	F	A								"
"EO	110070396	1100336628		FALSE	ESAS	 5900	   1	F	A								"
"EO	110070397	1100336629		TRUE	ESAS	   20	   1	F									"
"EO	110070397	1100336630		FALSE	ESAS	 6020	   1	F	A								"
"EO	110070397	1100336631		FALSE	ESAS	 5900	   1	F	A								"
"EO	110070397	1100336632		TRUE	ESAS	 2130	   3	B								94	"
"EO	110070397	1100336633		FALSE	ESAS	 5900	   1	F	A								"
"EO	110070398	1100336634		FALSE	ESAS	   59	  14	F									"
"EO	110070398	1100336635		FALSE	ESAS	   59	   1	F									"
"EO	110070398	1100336636		FALSE	ESAS	 4290	   1	B									"
"EO	110070398	1100336637		TRUE	ESAS	   90	   1	B									"
"EO	110070398	1100336638		TRUE	ESAS	 2130	   4	B								94	"
"EO	110070399	1100336639		FALSE	ESAS	   90	   1	E									"
"EO	110070399	1100336640		TRUE	ESAS	   20	   2	W								94	"
"EO	110070399	1100336641		FALSE	ESAS	   59	   1	F									"
"EO	110070400	1100336642		FALSE	ESAS	 6000	   1	F	2								"
"EO	110070400	1100336643		FALSE	ESAS	 5920	   1	F	1								"
"EO	110070400	1100336644		FALSE	ESAS	 5920	   1	F	1								"
"EO	110070400	1100336645		FALSE	ESAS	 5900	   1	F	A								"
"EO	110070400	1100336646		FALSE	ESAS	 5920	   1	F	1								"
"EO	110070400	1100336647		FALSE	ESAS	 5920	   1	F	1								"
"EO	110070400	1100336648		FALSE	ESAS	 5927	   1	F	A								"
"EO	110070400	1100336649		FALSE	ESAS	 5900	   1	F	A								"
"EO	110070401	1100336650		FALSE	ESAS	 5900	   1	F	A								"
"EO	110070401	1100336651		FALSE	ESAS	 5920	   1	F	2								"
"EO	110070401	1100336652		FALSE	ESAS	 5920	   1	F	1								"
"EO	110070401	1100336653		FALSE	ESAS	 5900	   1	F	A								"
"EO	110070402	1100336654		TRUE	ESAS	 5920	   1	F	3								"
"EO	110070402	1100336655		TRUE	ESAS	 5927	   1	B	3							94	"
"EO	110070403	1100336656		TRUE	ESAS	 5920	   2	B	1								"
"EO	110070403	1100336657		FALSE	ESAS	 5900	   1	F	A								"
"EO	110070403	1100336658		FALSE	ESAS	 6000	   1	F	1								"
"EO	110070403	1100336659		FALSE	ESAS	 5920	   1	F	2								"
"EO	110070403	1100336660		FALSE	ESAS	 5920	   1	F	1								"
"EO	110070403	1100336661		FALSE	ESAS	 5920	   1	F	2								"
"EO	110070404	1100336662	19	FALSE	ESAS	 5920	   2	A	1						15		"
"EO	110070404	1100336663	19	FALSE	ESAS	 5920	   1	A	2						15		"
"EO	110070404	1100336664	19	FALSE	ESAS	 5920	   1	A	3						15		"
"EO	110070404	1100336665		FALSE	ESAS	 5920	   1	F	A								"
"EO	110070404	1100336666		FALSE	ESAS	 5920	   1	F	2								"
"EO	110070404	1100336667		FALSE	ESAS	 5920	   1	F	1								"
"EO	110070404	1100336668		FALSE	ESAS	 5920	   1	F	1								"
"EO	110070404	1100336669		FALSE	ESAS	 5927	   1	F	1								"
"EO	110070404	1100336670		FALSE	ESAS	 5900	   1	F	A								"
"EO	110070405	1100336671		TRUE	ESAS	 5927	   1	B	3							94	"
"EO	110070405	1100336672		TRUE	ESAS	 6000	   1	B	A								"
"EO	110070405	1100336673		TRUE	ESAS	 6000	   1	B	A								"
"EO	110070406	1100336674		TRUE	ESAS	 5927	   1	B	4							94	"
"EO	110070406	1100336675		TRUE	ESAS	 5900	   3	F	A								"
"EO	110070406	1100336676		FALSE	ESAS	  710	   1	F	3								"
"EO	110070407	1100336677		FALSE	ESAS	 5910	   1	A	A							94	"
"EO	110070407	1100336678		FALSE	ESAS	 5900	   1	F	A								"
"EO	110070407	1100336679		TRUE	ESAS	64330	   1	C									"
"EO	110070407	1100336680		FALSE	ESAS	 5900	   1	F	A								"
"EO	110070407	1100336681		FALSE	ESAS	 5920	   1	A	3							94	"
"EO	110070407	1100336682		FALSE	ESAS	 5920	   1	A	1							94	"
"EO	110070408	1100336683		TRUE	ESAS	 5920	   1	F	3								"
"EO	110070408	1100336684		FALSE	ESAS	 5900	   1	F	A								"
"EO	110070408	1100336685		FALSE	ESAS	 2150	   1	F				F					"
"EO	110070408	1100336686		FALSE	ESAS	 5920	   1	F	1								"
"EO	110070408	1100336687		FALSE	ESAS	 5920	   1	F	2								"
"EO	110070409	1100336688		FALSE	ESAS	 5900	   1	F	A								"
"EO	110070409	1100336689		FALSE	ESAS	 6020	   1	F	A								"
"EO	110070409	1100336690		FALSE	ESAS	 5900	   1	F	A								"
"EO	110070409	1100336691		FALSE	ESAS	 5920	   1	F	2								"
"EO	110070409	1100336692		TRUE	ESAS	 2130	   1	B				M				94	"
"EO	110070409	1100336693		FALSE	ESAS	 5920	   1	F	1								"
"EO	110070410	1100336694	20	FALSE	ESAS	 2150	   1	F									Foto"
"EO	110070410	1100336695	20	FALSE	ESAS	 2130	 200	F									"
"EO	110070410	1100336696		FALSE	ESAS	 5920	   1	A	2							94	"
"EO	110070411	1100336697		TRUE	ESAS	 5900	   1	F	A								"
"EO	110070411	1100336698		FALSE	ESAS	 5900	   1	F	A								"
"EO	110070412	1100336699		FALSE	ESAS	 2130	 300	F									"
"EO	110070413	1100336700		FALSE	ESAS	 5820	   1	F	A								"
"EO	110070413	1100336701		FALSE	ESAS	 5920	   1	F	A								"
"EO	110070413	1100336702		FALSE	ESAS	 5910	   1	F	A								"
"EO	110070414	1100336703		FALSE	ESAS	 5900	   2	F	A								"
"EO	110070414	1100336704		TRUE	ESAS	 5900	   1	F	A								"
"EO	110070414	1100336705		FALSE	ESAS	 5920	   1	F	A								"
"EO	110070414	1100336706		FALSE	ESAS	 5920	   2	F	1								"
"EO	110070414	1100336707		FALSE	ESAS	 5920	   1	F	A								"
"EO	110070415	1100336708		FALSE	ESAS	 5900	   1	F	A								"
"EO	110070416	1100336709		FALSE	ESAS	 5900	   1	F	A								"
"EO	110070416	1100336710		FALSE	ESAS	 5900	   1	F	A								"
"EO	110070416	1100336711		FALSE	ESAS	 5920	   1	F	1								"
"EO	110070416	1100336712		FALSE	ESAS	 5920	   1	F	2								"
"EO	110070416	1100336713		FALSE	ESAS	 5900	   1	F	A								"
"EO	110070417	1100336714		FALSE	ESAS	 5900	   1	F	A								"
"EO	110070417	1100336715		FALSE	ESAS	 5900	   1	F	A								"
"EO	110070417	1100336716		FALSE	ESAS	 5900	   1	F	A								"
"EO	110070417	1100336717		FALSE	ESAS	 5900	   1	F	A								"
"EO	110070417	1100336718		TRUE	ESAS	 5900	   1	A	A							94	"
"EO	110070417	1100336719		TRUE	ESAS	 5920	   1	A	A								"
"EO	110070417	1100336720		FALSE	ESAS	 5920	   1	F	A								"
"EO	110070417	1100336721		FALSE	ESAS	 5900	   2	F	A								"
"EO	110070418	1100336722		FALSE	ESAS	 5920	   1	F	A								"
"EO	110070418	1100336723		FALSE	ESAS	 5920	   1	F	A								"
"EO	110070418	1100336724		FALSE	ESAS	 5920	   1	F	1								"
"EO	110070418	1100336725		FALSE	ESAS	 5920	   1	F	3								"
"EO	110070418	1100336726		FALSE	ESAS	 5920	   2	F	A								"
"EO	110070419	1100336727		FALSE	ESAS	  720	   1	D								94	"
"EO	110070419	1100336728		FALSE	ESAS	 5920	   1	F	A								"
"EO	110070419	1100336729		FALSE	ESAS	   20	   1	D								94	"
"EO	110070420	1100336730		FALSE	ESAS	 5920	   3	F	A								"
"EO	110070420	1100336731		FALSE	ESAS	 5920	   1	F	2								"
"EO	110070420	1100336732		TRUE	ESAS	 5900	   1	F	A								"
"EO	110070420	1100336733		FALSE	ESAS	 5920	   1	F	1								"
"EO	110070421	1100336734	21	TRUE	ESAS	 5927	   1	B	2							94	"
"EO	110070421	1100336735	21	TRUE	ESAS	 5920	   1	B	3							94	"
"EO	110070421	1100336736	21	TRUE	ESAS	 5900	  12	B	A							94	"
"EO	110070421	1100336737		FALSE	ESAS	 5920	   1	F	1								"
"EO	110070421	1100336738		FALSE	ESAS	 5900	   1	F	A								"
"EO	110070421	1100336739		FALSE	ESAS	 6000	   1	F	A								"
"EO	110070421	1100336740		FALSE	ESAS	 5900	   2	F	A								"
"EO	110070421	1100336741		FALSE	ESAS	 5920	   1	F	A								"
"EO	110070421	1100336742		FALSE	ESAS	 5900	   1	F	A								"
"EO	110070421	1100336743		FALSE	ESAS	 5900	   2	F	A								"
"EO	110070421	1100336744		FALSE	ESAS	 5900	   1	F	A								"
"EO	110070421	1100336745		TRUE	ESAS	 5820	   1	B	A								"
"EO	110070422	1100336746		TRUE	ESAS	 5900	   1	F	A								"
"EO	110070422	1100336747		TRUE	ESAS	 5900	   1	C	A							94	"
"EO	110070422	1100336748		FALSE	ESAS	 5920	   1	F	1								"
"EO	110070422	1100336749		FALSE	ESAS	 5920	   1	F	3								"
"EO	110070422	1100336750		FALSE	ESAS	 5927	   1	F	3								"
"EO	110070422	1100336751		TRUE	ESAS	 5900	   1	C	A								"
"EO	110070422	1100336752		FALSE	ESAS	 5920	   1	F	A								"
"EO	110070423	1100336753		FALSE	ESAS	 5900	   1	F	A								"
"EO	110070423	1100336754		FALSE	ESAS	 5920	   1	F	A								"
"EO	110070423	1100336755		TRUE	ESAS	 5900	   1	C	A								"
"EO	110070423	1100336756		FALSE	ESAS	 5900	   1	F	A								"
"EO	110070423	1100336757		FALSE	ESAS	 5920	   1	F	1								"
"EO	110070423	1100336758		FALSE	ESAS	 5920	   1	F	1								"
"EO	110070423	1100336759		FALSE	ESAS	 5900	   1	F	A								"
"EO	110070424	1100336760		FALSE	ESAS	 5820	   1	F	A								"
"EO	110070424	1100336761		TRUE	ESAS	 5900	   2	F	A								"
"EO	110070424	1100336762		TRUE	ESAS	 5920	   2	F	A								"
"EO	110070424	1100336763		FALSE	ESAS	 5820	   1	F	A								"
"EO	110070424	1100336764		FALSE	ESAS	 5927	   1	F	3								"
"EO	110070424	1100336765		FALSE	ESAS	 5820	  13	A	A								"
"EO	110070424	1100336766		FALSE	ESAS	 5920	   1	F	1								"
"EO	110070424	1100336767		FALSE	ESAS	 5920	   1	F	A								"
