"PositionID","ObservationID","GroupID","Transect","SpeciesCodeType","SpeciesCode","Count","ObservationDistance","LifeStage","Moult","Plumage","Sex","TravelDirection","Prey","Association","Behaviour","Notes"
110069123,1100334006,NA,FALSE,"ESAS",5900,2,"F","2",NA,NA,NA,NA,NA,NA,NA,NA
110069123,1100334007,NA,FALSE,"ESAS",5900,1,"F","2",NA,NA,NA,NA,NA,NA,NA,NA
110069123,1100334008,NA,FALSE,"ESAS",5910,1,"F","A",NA,NA,NA,NA,NA,NA,NA,NA
110069124,1100334009,NA,TRUE,"ESAS",5910,1,"F","A",NA,NA,NA,NA,NA,NA,NA,NA
110069126,1100334010,NA,TRUE,"ESAS",5910,1,"F","A",NA,NA,NA,NA,NA,NA,NA,NA
110069127,1100334011,NA,FALSE,"ESAS",6150,2,"E","A",NA,NA,NA,NA,NA,NA,45,NA
110069127,1100334012,NA,FALSE,"ESAS",5920,2,"F","2",NA,NA,NA,NA,NA,NA,NA,NA
110069128,1100334013,NA,FALSE,"ESAS",6110,1,"F","A",NA,NA,NA,"NE",NA,NA,NA,NA
110069128,1100334014,NA,FALSE,"ESAS",6150,2,"F","A",NA,NA,NA,NA,NA,NA,49,NA
110069129,1100334015,NA,FALSE,"ESAS",5920,1,"F","2",NA,NA,NA,NA,NA,NA,NA,NA
110069129,1100334016,NA,FALSE,"ESAS",5910,1,"F",NA,NA,NA,NA,NA,NA,NA,NA,NA
110069130,1100334017,NA,FALSE,"ESAS",5920,1,"F","A",NA,NA,NA,NA,NA,NA,NA,NA
110069130,1100334018,NA,FALSE,"ESAS",5910,1,"F","A",NA,NA,NA,NA,NA,NA,NA,NA
110069130,1100334019,NA,FALSE,"ESAS",720,1,"F",NA,NA,NA,NA,"NE",NA,NA,NA,NA
110069131,1100334020,NA,FALSE,"ESAS",5910,1,"F","A",NA,NA,NA,NA,NA,NA,NA,NA
110069132,1100334021,NA,FALSE,"ESAS",5920,1,"F","A",NA,NA,NA,NA,NA,NA,NA,NA
110069132,1100334022,NA,FALSE,"ESAS",2130,2,"F",NA,NA,NA,"F","SW",NA,NA,NA,NA
110069133,1100334023,NA,TRUE,"ESAS",5920,2,"F","A",NA,NA,NA,NA,NA,NA,NA,NA
110069133,1100334024,NA,TRUE,"ESAS",5900,2,"D","2",NA,NA,NA,NA,NA,NA,NA,NA
110069134,1100334025,NA,TRUE,"ESAS",5910,1,"F","A",NA,NA,NA,NA,NA,NA,NA,NA
110069135,1100334026,NA,TRUE,"ESAS",5920,1,"A","3",NA,NA,NA,NA,NA,NA,NA,NA
110069135,1100334027,NA,TRUE,"ESAS",5920,1,"A","4",NA,NA,NA,NA,NA,NA,NA,NA
110069136,1100334028,NA,TRUE,"ESAS",5920,1,"C","A",NA,NA,NA,NA,NA,NA,NA,NA
110069137,1100334029,NA,FALSE,"ESAS",5920,25,"E",NA,NA,NA,NA,NA,NA,26,NA,NA
110069137,1100334030,NA,FALSE,"ESAS",5920,95,"E",NA,NA,NA,NA,NA,NA,26,NA,NA
110069138,1100334031,NA,FALSE,"ESAS",2130,2,"F",NA,NA,NA,NA,"NE",NA,NA,NA,NA
110069139,1100334032,NA,FALSE,"ESAS",6150,1,"F","A",NA,NA,NA,NA,NA,NA,49,NA
110069140,1100334033,NA,TRUE,"ESAS",64320,1,"A",NA,NA,NA,NA,NA,NA,NA,NA,NA
110069141,1100334034,NA,FALSE,"ESAS",6150,1,"F","A",NA,NA,NA,NA,NA,NA,49,NA
110069147,1100334035,NA,FALSE,"ESAS",6150,2,"F","A",NA,NA,NA,NA,NA,NA,NA,NA
110069148,1100334036,NA,FALSE,"ESAS",6150,1,"F","A",NA,NA,NA,NA,NA,NA,NA,NA
110069149,1100334037,NA,FALSE,"ESAS",720,1,"F",NA,NA,NA,NA,NA,NA,NA,NA,NA
110069151,1100334038,NA,FALSE,"ESAS",6150,2,"F","A",NA,NA,NA,NA,NA,NA,NA,NA
110069155,1100334039,NA,FALSE,"ESAS",5910,1,"F","A",NA,NA,NA,NA,NA,NA,NA,NA
110069155,1100334040,NA,FALSE,"ESAS",5920,1,"F","I",NA,NA,NA,NA,NA,NA,NA,NA
110069156,1100334041,NA,FALSE,"ESAS",2130,40,"F",NA,NA,NA,NA,"SW",NA,NA,NA,NA
110069156,1100334042,NA,TRUE,"ESAS",64320,1,"B",NA,NA,NA,NA,NA,NA,NA,NA,NA
110069157,1100334043,NA,FALSE,"ESAS",9920,3,"F",NA,NA,NA,NA,"N",NA,NA,NA,NA
110069157,1100334044,NA,TRUE,"ESAS",6110,1,"A","A",NA,NA,NA,NA,NA,NA,44,NA
110069158,1100334045,NA,FALSE,"ESAS",6110,1,"F","A",NA,NA,NA,NA,NA,NA,49,NA
110069158,1100334046,NA,FALSE,"ESAS",6110,1,"F","A",NA,NA,NA,"NE",NA,NA,NA,NA
110069158,1100334047,NA,FALSE,"ESAS",6110,2,"F","A",NA,NA,NA,"NE",NA,NA,NA,NA
110069158,1100334048,NA,FALSE,"ESAS",6150,3,"F","A",NA,NA,NA,"NE",NA,NA,NA,NA
110069159,1100334049,"1",FALSE,"ESAS",5920,25,"F",NA,NA,NA,NA,NA,NA,21,NA,NA
110069159,1100334050,"1",FALSE,"ESAS",5910,65,"F",NA,NA,NA,NA,NA,NA,21,NA,NA
110069160,1100334051,NA,TRUE,"ESAS",5910,1,"A","A",NA,NA,NA,NA,NA,NA,94,NA
110069160,1100334052,NA,FALSE,"ESAS",6110,2,"F","A",NA,NA,NA,NA,NA,NA,NA,NA
110069161,1100334053,NA,FALSE,"ESAS",5920,1,"B","3",NA,NA,NA,NA,NA,NA,NA,NA
110069162,1100334054,"2",TRUE,"ESAS",5920,3,"C","A",NA,NA,NA,NA,NA,NA,NA,NA
110069162,1100334055,"2",TRUE,"ESAS",5920,10,"C","I",NA,NA,NA,NA,NA,NA,NA,NA
110069162,1100334056,"2",TRUE,"ESAS",5910,1,"C","A",NA,NA,NA,NA,NA,NA,NA,NA
110069162,1100334057,NA,TRUE,"ESAS",5910,1,"A","3",NA,NA,NA,NA,NA,NA,94,NA
110069163,1100334058,NA,FALSE,"ESAS",5910,1,"F","2",NA,NA,NA,NA,NA,NA,NA,NA
110069164,1100334059,NA,FALSE,"ESAS",64320,1,"E",NA,NA,NA,NA,NA,NA,NA,NA,NA
110069164,1100334060,NA,FALSE,"ESAS",5910,1,"A","2",NA,NA,NA,NA,NA,NA,94,NA
110069164,1100334061,NA,FALSE,"ESAS",5920,1,"A","2",NA,NA,NA,NA,NA,NA,94,NA
110069164,1100334062,NA,FALSE,"ESAS",6000,1,"A","2",NA,NA,NA,NA,NA,NA,NA,NA
110069165,1100334063,NA,FALSE,"ESAS",5910,3,"A",NA,NA,NA,NA,NA,NA,NA,NA,NA
110069172,1100334064,NA,FALSE,"ESAS",5910,1,"F","A",NA,NA,NA,NA,NA,NA,NA,NA
110069173,1100334065,NA,FALSE,"ESAS",5910,1,"F","A",NA,NA,NA,NA,NA,NA,NA,NA
110069173,1100334066,NA,FALSE,"ESAS",5910,1,"F","A",NA,NA,NA,NA,NA,NA,NA,NA
110069173,1100334067,NA,FALSE,"ESAS",5910,1,"F","2",NA,NA,NA,NA,NA,NA,NA,NA
110069173,1100334068,NA,FALSE,"ESAS",5920,1,"F","A",NA,NA,NA,NA,NA,NA,NA,NA
110069174,1100334069,"3",FALSE,"ESAS",5910,1,"F","A",NA,NA,NA,NA,NA,NA,NA,NA
110069174,1100334070,"3",FALSE,"ESAS",5910,1,"F","1",NA,NA,NA,NA,NA,NA,NA,NA
110069175,1100334071,NA,FALSE,"ESAS",5910,1,"F","A",NA,NA,NA,NA,NA,NA,NA,NA
110069175,1100334072,NA,FALSE,"ESAS",5920,2,"F","A",NA,NA,NA,NA,NA,NA,NA,NA
110069175,1100334073,NA,FALSE,"ESAS",5910,1,"F","A",NA,NA,NA,NA,NA,NA,NA,NA
110069175,1100334074,NA,FALSE,"ESAS",5920,1,"F","3",NA,NA,NA,NA,NA,NA,NA,NA
110069176,1100334075,NA,FALSE,"ESAS",6110,1,"F","A",NA,NA,NA,NA,NA,NA,NA,NA
110069176,1100334076,NA,FALSE,"ESAS",5920,1,"F","2",NA,NA,NA,NA,NA,NA,NA,NA
110069177,1100334077,NA,FALSE,"ESAS",6110,1,"F","A",NA,NA,NA,NA,NA,NA,NA,NA
110069180,1100334078,NA,FALSE,"ESAS",6110,1,"F","A",NA,NA,NA,NA,NA,NA,NA,NA
110069180,1100334079,NA,FALSE,"ESAS",5910,1,"F","2",NA,NA,NA,NA,NA,NA,NA,NA
110069181,1100334080,NA,TRUE,"ESAS",5910,1,"B","A",NA,NA,NA,NA,NA,NA,NA,NA
110069181,1100334081,NA,TRUE,"ESAS",5910,1,"A","A",NA,NA,NA,NA,NA,NA,94,NA
110069181,1100334082,NA,FALSE,"ESAS",5910,1,"F","3",NA,NA,NA,NA,NA,NA,NA,NA
110069182,1100334083,NA,TRUE,"ESAS",6110,5,"D",NA,NA,NA,NA,NA,NA,22,NA,NA
110069183,1100334084,NA,FALSE,"ESAS",5910,1,"F","A",NA,NA,NA,NA,NA,NA,NA,NA
110069183,1100334085,NA,FALSE,"ESAS",5910,1,"F","A",NA,NA,NA,NA,NA,NA,NA,NA
110069184,1100334086,NA,FALSE,"ESAS",5910,1,"F","A",NA,NA,NA,NA,NA,NA,NA,NA
110069184,1100334087,NA,FALSE,"ESAS",6110,2,"F","A",NA,NA,NA,NA,NA,NA,NA,NA
110069184,1100334088,NA,FALSE,"ESAS",5910,1,"F","A",NA,NA,NA,NA,NA,NA,NA,NA
110069185,1100334089,NA,FALSE,"ESAS",5910,1,"F","A",NA,NA,NA,NA,NA,NA,NA,NA
110069186,1100334090,NA,FALSE,"ESAS",6110,2,"F","A",NA,NA,NA,NA,NA,NA,NA,NA
110069188,1100334091,NA,FALSE,"ESAS",6110,1,"F","A",NA,NA,NA,NA,NA,NA,NA,NA
110069188,1100334092,NA,TRUE,"ESAS",5910,1,"F","A",NA,NA,NA,NA,NA,NA,NA,NA
110069188,1100334093,NA,FALSE,"ESAS",6110,2,"F","A",NA,NA,NA,NA,NA,NA,NA,NA
110069188,1100334094,NA,FALSE,"ESAS",6110,10,"E",NA,NA,NA,NA,NA,NA,22,NA,NA
110069191,1100334095,NA,FALSE,"ESAS",5780,8,"E","A",NA,NA,NA,NA,NA,NA,NA,NA
110069193,1100334096,NA,FALSE,"ESAS",2130,3,"F",NA,NA,NA,NA,"NE",NA,NA,NA,NA
110069193,1100334097,NA,FALSE,"ESAS",6110,2,"F","A",NA,NA,NA,NA,NA,NA,NA,NA
110069193,1100334098,NA,FALSE,"ESAS",63510,1,"E",NA,NA,NA,NA,NA,NA,NA,NA,NA
110069193,1100334099,NA,FALSE,"ESAS",5910,2,"E","A",NA,NA,NA,NA,NA,NA,NA,NA
110069194,1100334100,NA,FALSE,"ESAS",710,1,"F","2",NA,NA,NA,NA,NA,NA,NA,NA
110069194,1100334101,NA,FALSE,"ESAS",5910,1,"F","A",NA,NA,NA,NA,NA,NA,NA,NA
110069194,1100334102,NA,FALSE,"ESAS",6110,1,"F",NA,NA,NA,NA,NA,NA,NA,NA,NA
110069194,1100334103,NA,TRUE,"ESAS",5910,2,"D","A",NA,NA,NA,NA,NA,NA,NA,NA
110069195,1100334104,NA,FALSE,"ESAS",20,1,"F",NA,NA,NA,NA,NA,NA,NA,NA,NA
110069195,1100334105,NA,FALSE,"ESAS",5910,1,"F","A",NA,NA,NA,NA,NA,NA,NA,NA
110069196,1100334106,"4",TRUE,"ESAS",710,1,"A","2",NA,NA,NA,NA,NA,NA,94,NA
110069196,1100334107,"4",TRUE,"ESAS",5910,3,"A","A",NA,NA,NA,NA,NA,NA,94,NA
110069196,1100334108,"4",TRUE,"ESAS",6000,1,"A","2",NA,NA,NA,NA,NA,NA,94,NA
110069196,1100334109,NA,FALSE,"ESAS",710,1,"F","A",NA,NA,NA,NA,NA,NA,NA,NA
110069196,1100334110,NA,FALSE,"ESAS",64320,1,"E",NA,NA,NA,NA,NA,NA,NA,NA,NA
110069197,1100334111,NA,TRUE,"ESAS",6000,1,"D","3",NA,NA,NA,NA,NA,NA,NA,NA
110069197,1100334112,NA,TRUE,"ESAS",6000,2,"D","2",NA,NA,NA,NA,NA,22,NA,NA
110069198,1100334113,"5",FALSE,"ESAS",6110,1,"F","A",NA,NA,NA,NA,NA,NA,NA,NA
110069198,1100334114,"5",FALSE,"ESAS",5670,1,"F","A",NA,"L",NA,NA,NA,NA,68,NA
110069199,1100334115,NA,FALSE,"ESAS",6110,3,"E","A",NA,NA,NA,NA,NA,NA,45,NA
110069199,1100334116,NA,FALSE,"ESAS",710,4,"F","A",NA,NA,NA,NA,NA,NA,NA,NA
110069200,1100334117,NA,FALSE,"ESAS",710,1,"F","A",NA,NA,NA,NA,NA,NA,NA,NA
110069201,1100334118,NA,FALSE,"ESAS",5780,1,"F","A",NA,NA,NA,NA,NA,NA,49,NA
110069202,1100334119,NA,FALSE,"ESAS",6110,2,"F","A",NA,NA,NA,NA,NA,NA,NA,NA
110069205,1100334120,NA,FALSE,"ESAS",6110,1,"F","A",NA,NA,NA,NA,NA,NA,NA,NA
110069206,1100334121,NA,FALSE,"ESAS",5910,1,"F","A",NA,NA,NA,NA,NA,NA,NA,NA
110069207,1100334122,NA,FALSE,"ESAS",710,1,"F","I",NA,NA,NA,NA,NA,NA,NA,NA
110069207,1100334123,NA,TRUE,"ESAS",5910,2,"D","A",NA,NA,NA,NA,NA,NA,NA,NA
110069208,1100334124,NA,TRUE,"ESAS",710,1,"F","A",NA,NA,NA,NA,NA,NA,NA,NA
110069208,1100334125,NA,FALSE,"ESAS",710,2,"F",NA,NA,NA,NA,NA,NA,NA,NA,NA
110069208,1100334126,NA,FALSE,"ESAS",710,2,"F",NA,NA,NA,NA,NA,NA,NA,NA,NA
110069209,1100334127,NA,FALSE,"ESAS",710,1,"E","A",NA,NA,NA,NA,NA,NA,NA,NA
110069210,1100334128,NA,FALSE,"ESAS",64320,1,"E",NA,NA,NA,NA,NA,NA,NA,NA,NA
110069212,1100334129,NA,FALSE,"ESAS",6110,2,"E","A",NA,NA,NA,NA,NA,NA,NA,NA
110069213,1100334130,NA,FALSE,"ESAS",64310,1,"E",NA,NA,NA,NA,NA,NA,NA,NA,NA
110069214,1100334131,NA,FALSE,"ESAS",64320,1,"E",NA,NA,NA,NA,NA,NA,NA,NA,NA
110069214,1100334132,NA,FALSE,"ESAS",6340,1,"E",NA,NA,"B",NA,NA,NA,NA,NA,NA
110069215,1100334133,NA,TRUE,"ESAS",6340,1,"D",NA,NA,"B",NA,NA,NA,NA,NA,NA
110069216,1100334134,"6",FALSE,"ESAS",5910,950,"E","A",NA,NA,NA,NA,NA,26,NA,NA
110069216,1100334135,"6",FALSE,"ESAS",5910,50,"E","I",NA,NA,NA,NA,NA,26,NA,NA
110069216,1100334136,NA,TRUE,"ESAS",90,1,"D",NA,NA,NA,NA,NA,NA,NA,NA,NA
110069217,1100334137,NA,FALSE,"ESAS",6110,2,"F","A",NA,NA,NA,NA,NA,NA,NA,NA
110069218,1100334138,NA,FALSE,"ESAS",6110,2,"F","A",NA,NA,NA,"NE",NA,NA,NA,NA
110069218,1100334139,NA,FALSE,"ESAS",710,1,"F","A",NA,NA,NA,NA,NA,NA,NA,NA
110069219,1100334140,NA,FALSE,"ESAS",6340,3,"D",NA,NA,"B",NA,NA,NA,NA,NA,NA
110069224,1100334141,NA,TRUE,"ESAS",5910,1,"C","3",NA,NA,NA,NA,NA,NA,NA,NA
110069225,1100334142,NA,FALSE,"ESAS",6340,1,"E",NA,NA,"W",NA,NA,NA,NA,NA,NA
110069225,1100334143,NA,FALSE,"ESAS",2130,15,"F",NA,NA,NA,NA,NA,NA,NA,NA,NA
110069225,1100334144,NA,FALSE,"ESAS",2130,5,"E",NA,NA,NA,NA,NA,NA,NA,NA,NA
110069226,1100334145,NA,FALSE,"ESAS",63510,1,"D",NA,NA,NA,NA,NA,NA,NA,NA,NA
110069226,1100334146,NA,FALSE,"ESAS",5670,1,"E",NA,NA,NA,NA,NA,NA,NA,NA,NA
110069227,1100334147,NA,FALSE,"ESAS",720,1,"F",NA,NA,NA,NA,NA,NA,NA,NA,NA
110069227,1100334148,NA,FALSE,"ESAS",710,3,"F","A",NA,NA,NA,NA,NA,NA,NA,NA
110069227,1100334149,NA,FALSE,"ESAS",5910,1,"E","A",NA,NA,NA,NA,NA,NA,NA,NA
110069227,1100334150,NA,FALSE,"ESAS",710,1,"F","3",NA,NA,NA,NA,NA,NA,NA,NA
110069228,1100334151,NA,FALSE,"ESAS",5670,1,"D",NA,NA,NA,NA,NA,NA,NA,NA,NA
110069229,1100334152,NA,FALSE,"ESAS",720,1,"F",NA,NA,NA,NA,NA,NA,NA,NA,NA
110069230,1100334153,NA,FALSE,"ESAS",63510,1,"E",NA,NA,NA,NA,NA,NA,NA,NA,NA
110069230,1100334154,NA,FALSE,"ESAS",63510,1,"D",NA,NA,NA,NA,NA,NA,NA,NA,NA
110069230,1100334155,NA,FALSE,"ESAS",63510,4,"E",NA,NA,NA,NA,NA,NA,NA,NA,NA
110069231,1100334156,NA,FALSE,"ESAS",6345,1,"E",NA,NA,NA,NA,NA,NA,NA,NA,NA
110069231,1100334157,NA,FALSE,"ESAS",63510,1,"F",NA,NA,NA,NA,NA,NA,NA,NA,NA
110069231,1100334158,NA,FALSE,"ESAS",710,1,"F","A",NA,NA,NA,NA,NA,NA,NA,NA
110069232,1100334159,"7",FALSE,"ESAS",710,1,"D","A",NA,NA,NA,NA,NA,NA,NA,NA
110069232,1100334160,"7",FALSE,"ESAS",710,1,"D","3",NA,NA,NA,NA,NA,NA,NA,NA
110069232,1100334161,NA,FALSE,"ESAS",710,1,"F","A",NA,NA,NA,NA,NA,NA,NA,NA
110069232,1100334162,NA,FALSE,"ESAS",710,1,"W",NA,NA,NA,NA,NA,NA,NA,94,NA
110069233,1100334163,NA,TRUE,"ESAS",63510,2,"D",NA,NA,NA,NA,NA,NA,NA,NA,NA
110069234,1100334164,NA,FALSE,"ESAS",720,1,"F",NA,NA,NA,NA,NA,NA,NA,NA,NA
110069235,1100334165,NA,FALSE,"ESAS",5340,7,"F",NA,NA,NA,NA,"NE",NA,NA,NA,NA
110069235,1100334166,NA,TRUE,"ESAS",5780,2,"B",NA,NA,NA,NA,NA,NA,NA,44,NA
110069236,1100334167,NA,FALSE,"ESAS",710,1,"F","A",NA,NA,NA,NA,NA,NA,NA,NA
110069237,1100334168,NA,FALSE,"ESAS",63510,2,"E",NA,NA,NA,NA,NA,NA,NA,NA,NA
110069237,1100334169,NA,FALSE,"ESAS",710,3,"F","A",NA,NA,NA,NA,NA,NA,NA,NA
110069237,1100334170,NA,FALSE,"ESAS",6340,2,"D",NA,NA,NA,NA,NA,NA,NA,NA,NA
110069238,1100334171,NA,FALSE,"ESAS",710,5,"F",NA,NA,NA,NA,NA,NA,NA,NA,NA
110069238,1100334172,NA,FALSE,"ESAS",6340,3,"E",NA,NA,"B",NA,NA,NA,NA,NA,NA
110069238,1100334173,NA,TRUE,"ESAS",63510,1,"D",NA,NA,NA,NA,NA,NA,NA,NA,NA
110069238,1100334174,NA,FALSE,"ESAS",6110,1,"F",NA,NA,NA,NA,NA,NA,NA,NA,NA
110069239,1100334175,NA,FALSE,"ESAS",63510,5,"E",NA,NA,NA,NA,NA,NA,NA,NA,NA
110069239,1100334176,NA,FALSE,"ESAS",6345,3,"E",NA,NA,NA,NA,NA,NA,NA,NA,NA
110069239,1100334177,NA,FALSE,"ESAS",6345,3,"E",NA,NA,NA,NA,NA,NA,NA,NA,NA
110069239,1100334178,NA,FALSE,"ESAS",63510,2,"E",NA,NA,NA,NA,NA,NA,NA,NA,NA
110069239,1100334179,NA,FALSE,"ESAS",63510,1,"E",NA,NA,NA,NA,NA,NA,NA,NA,NA
110069239,1100334180,NA,FALSE,"ESAS",6345,6,"E",NA,NA,NA,NA,NA,NA,NA,NA,NA
110069240,1100334181,NA,TRUE,"ESAS",6340,1,"D",NA,NA,"B",NA,NA,NA,NA,NA,NA
110069240,1100334182,NA,FALSE,"ESAS",710,2,"E","A",NA,NA,NA,NA,NA,NA,NA,NA
110069240,1100334183,NA,FALSE,"ESAS",6150,1,"F","A",NA,NA,NA,NA,NA,NA,49,NA
110069240,1100334184,NA,FALSE,"ESAS",63510,4,"E",NA,NA,NA,NA,NA,NA,NA,NA,NA
110069240,1100334185,NA,FALSE,"ESAS",6340,1,"E",NA,NA,NA,NA,NA,NA,NA,NA,NA
110069240,1100334186,NA,FALSE,"ESAS",63510,12,"E",NA,NA,NA,NA,NA,NA,NA,NA,NA
110069240,1100334187,NA,FALSE,"ESAS",63510,1,"E",NA,NA,NA,NA,NA,NA,NA,NA,NA
110069240,1100334188,NA,TRUE,"ESAS",63510,1,"D",NA,NA,NA,NA,NA,NA,NA,NA,NA
110069241,1100334189,NA,FALSE,"ESAS",63510,5,"E",NA,NA,NA,NA,NA,NA,NA,NA,NA
110069241,1100334190,NA,FALSE,"ESAS",710,15,"F",NA,NA,NA,NA,NA,NA,NA,NA,NA
110069241,1100334191,NA,FALSE,"ESAS",710,8,"E","A",NA,NA,NA,NA,NA,NA,NA,NA
110069241,1100334192,NA,TRUE,"ESAS",63510,2,"D",NA,NA,NA,NA,NA,NA,NA,NA,NA
110069241,1100334193,NA,TRUE,"ESAS",59,1,"D",NA,NA,NA,NA,NA,NA,NA,NA,NA
110069241,1100334194,NA,FALSE,"ESAS",710,1,"E","A",NA,NA,NA,NA,NA,NA,NA,NA
110069241,1100334195,NA,FALSE,"ESAS",6150,5,"F","A",NA,NA,NA,NA,NA,NA,49,NA
110069242,1100334196,"8",FALSE,"ESAS",5670,1,"F",NA,NA,NA,NA,NA,NA,NA,68,NA
110069242,1100334197,"8",FALSE,"ESAS",6110,1,"F",NA,NA,NA,NA,NA,NA,NA,NA,NA
110069243,1100334198,NA,FALSE,"ESAS",6110,2,"F","A",NA,NA,NA,NA,NA,NA,NA,NA
110069243,1100334199,NA,TRUE,"ESAS",6340,3,"D",NA,NA,NA,NA,NA,NA,NA,NA,NA
110069243,1100334200,NA,FALSE,"ESAS",2130,34,"F",NA,NA,NA,NA,NA,NA,NA,NA,NA
110069244,1100334201,NA,TRUE,"ESAS",6340,2,"D",NA,NA,NA,NA,NA,NA,NA,NA,NA
110069244,1100334202,NA,TRUE,"ESAS",710,5,"C","A",NA,NA,NA,NA,NA,NA,NA,NA
110069244,1100334203,NA,FALSE,"ESAS",63510,2,"E",NA,NA,NA,NA,NA,NA,NA,NA,NA
110069245,1100334204,NA,FALSE,"ESAS",710,1,"E","A",NA,NA,NA,NA,NA,NA,NA,NA
110069245,1100334205,NA,FALSE,"ESAS",6150,3,"F",NA,NA,NA,NA,NA,NA,NA,49,NA
110069245,1100334206,NA,FALSE,"ESAS",63510,1,"E",NA,NA,NA,NA,NA,NA,NA,NA,NA
110069246,1100334207,NA,FALSE,"ESAS",5670,1,"F",NA,NA,NA,NA,NA,NA,NA,NA,NA
110069247,1100334208,NA,FALSE,"ESAS",6150,1,"F","A",NA,NA,NA,NA,NA,NA,49,NA
110069247,1100334209,NA,TRUE,"ESAS",710,1,"F",NA,NA,NA,NA,NA,NA,NA,NA,NA
110069247,1100334210,NA,FALSE,"ESAS",63510,1,"E",NA,NA,NA,NA,NA,NA,NA,NA,NA
110069247,1100334211,NA,FALSE,"ESAS",6110,2,"F",NA,NA,NA,NA,NA,NA,NA,NA,NA
110069247,1100334212,NA,FALSE,"ESAS",63510,1,"E",NA,NA,NA,NA,NA,NA,NA,NA,NA
110069248,1100334213,NA,FALSE,"ESAS",63510,3,"E",NA,NA,NA,NA,NA,NA,NA,NA,NA
110069248,1100334214,NA,FALSE,"ESAS",64320,1,"E",NA,NA,NA,NA,NA,NA,NA,NA,NA
110069249,1100334215,NA,FALSE,"ESAS",63510,1,"C",NA,NA,NA,NA,NA,NA,NA,NA,NA
110069249,1100334216,NA,FALSE,"ESAS",63510,2,"E",NA,NA,NA,NA,NA,NA,NA,NA,NA
110069250,1100334217,NA,FALSE,"ESAS",63510,1,"E",NA,NA,NA,NA,NA,NA,NA,NA,NA
110069251,1100334218,NA,TRUE,"ESAS",64320,1,"B",NA,NA,NA,NA,NA,NA,NA,NA,NA
110069251,1100334219,NA,TRUE,"ESAS",63510,1,"D",NA,NA,NA,NA,NA,NA,NA,NA,NA
110069251,1100334220,NA,FALSE,"ESAS",64320,1,"E",NA,NA,NA,NA,NA,NA,NA,NA,NA
110069252,1100334221,NA,FALSE,"ESAS",59,1,"E",NA,NA,NA,NA,NA,NA,NA,NA,NA
110069253,1100334222,NA,FALSE,"ESAS",63510,3,"E",NA,NA,NA,NA,NA,NA,NA,NA,NA
110069253,1100334223,NA,FALSE,"ESAS",710,2,"F","A",NA,NA,NA,NA,NA,NA,NA,NA
110069253,1100334224,NA,FALSE,"ESAS",6110,1,"F",NA,NA,NA,NA,NA,NA,NA,NA,NA
110069254,1100334225,NA,FALSE,"ESAS",63510,1,"E",NA,NA,NA,NA,NA,NA,NA,NA,NA
110069255,1100334226,NA,FALSE,"ESAS",6110,2,"F",NA,NA,NA,NA,NA,NA,NA,NA,NA
110069255,1100334227,NA,FALSE,"ESAS",2130,40,"E",NA,NA,NA,NA,NA,NA,NA,NA,NA
110069255,1100334228,NA,FALSE,"ESAS",63510,1,"E",NA,NA,NA,NA,NA,NA,NA,NA,NA
110069255,1100334229,NA,TRUE,"ESAS",6340,1,"D",NA,NA,"B",NA,NA,NA,NA,NA,NA
110069256,1100334230,NA,FALSE,"ESAS",2130,30,"E",NA,NA,NA,NA,NA,NA,NA,NA,NA
110069256,1100334231,NA,TRUE,"ESAS",5670,1,"F",NA,NA,NA,NA,NA,NA,NA,NA,NA
110069257,1100334232,NA,FALSE,"ESAS",2130,150,"E",NA,NA,NA,NA,NA,NA,NA,NA,NA
110069258,1100334233,NA,FALSE,"ESAS",710,1,"E","A",NA,NA,NA,NA,NA,NA,NA,NA
110069259,1100334234,NA,FALSE,"ESAS",6340,1,"D",NA,NA,"B",NA,NA,NA,NA,NA,NA
110069261,1100334235,NA,FALSE,"ESAS",6020,1,"F","A",NA,NA,NA,NA,NA,NA,NA,NA
110069261,1100334236,NA,FALSE,"ESAS",2130,850,"E",NA,NA,NA,NA,NA,NA,NA,NA,NA
110069261,1100334237,NA,FALSE,"ESAS",2130,3300,"E",NA,NA,NA,NA,NA,NA,NA,NA,NA
110069261,1100334238,NA,FALSE,"ESAS",63510,1,"E",NA,NA,NA,NA,NA,NA,NA,NA,NA
110069262,1100334239,NA,FALSE,"ESAS",59,1,"E",NA,NA,NA,NA,NA,NA,NA,NA,NA
110069263,1100334240,NA,FALSE,"ESAS",6110,20,"E",NA,NA,NA,NA,NA,NA,22,NA,NA
110069263,1100334241,NA,FALSE,"ESAS",2130,3750,"E",NA,NA,NA,NA,NA,NA,NA,NA,NA
110069266,1100334242,NA,FALSE,"ESAS",5920,1,"F","A",NA,NA,NA,NA,NA,NA,NA,NA
110069267,1100334243,"9",FALSE,"ESAS",5380,2,"F",NA,NA,NA,NA,NA,NA,NA,NA,NA
110069267,1100334244,"9",FALSE,"ESAS",5340,2,"F",NA,NA,NA,NA,NA,NA,NA,NA,NA
110069268,1100334245,NA,FALSE,"ESAS",2130,100,"E",NA,NA,NA,NA,NA,NA,NA,NA,NA
110069268,1100334246,NA,TRUE,"ESAS",64330,1,"D",NA,NA,NA,NA,NA,NA,NA,NA,NA
110069268,1100334247,NA,FALSE,"ESAS",6110,2,"F","A",NA,NA,NA,NA,NA,NA,49,NA
110069268,1100334248,NA,FALSE,"ESAS",6110,2,"F","A",NA,NA,NA,NA,NA,NA,NA,NA
110069268,1100334249,NA,TRUE,"ESAS",6340,1,"C",NA,NA,"B",NA,NA,NA,NA,NA,NA
110069268,1100334250,NA,FALSE,"ESAS",6110,2,"F","A",NA,NA,NA,NA,NA,NA,NA,NA
110069269,1100334251,NA,FALSE,"ESAS",6110,2,"F","A",NA,NA,NA,NA,NA,NA,NA,NA
110069269,1100334252,NA,FALSE,"ESAS",2130,50,"F",NA,NA,NA,NA,NA,NA,NA,NA,NA
110069269,1100334253,NA,TRUE,"ESAS",720,2,"D",NA,NA,NA,NA,NA,NA,NA,NA,NA
110069269,1100334254,NA,TRUE,"ESAS",6110,2,"F","A",NA,NA,NA,NA,NA,NA,NA,NA
110069270,1100334255,NA,TRUE,"ESAS",720,1,"F",NA,NA,NA,NA,NA,NA,NA,NA,NA
110069270,1100334256,NA,FALSE,"ESAS",6150,18,"F",NA,NA,NA,NA,"NE",NA,NA,NA,NA
110069270,1100334257,NA,FALSE,"ESAS",6340,2,"D",NA,NA,"B",NA,NA,NA,NA,NA,NA
110069270,1100334258,NA,FALSE,"ESAS",6340,4,"E",NA,NA,NA,NA,NA,NA,NA,NA,NA
110069270,1100334259,NA,FALSE,"ESAS",6150,2,"F",NA,NA,NA,NA,"NE",NA,NA,NA,NA
110069270,1100334260,NA,FALSE,"ESAS",5340,10,"F",NA,NA,NA,NA,"NE",NA,NA,NA,NA
110069271,1100334261,NA,FALSE,"ESAS",710,1,"F","A",NA,NA,NA,NA,NA,NA,NA,NA
110069271,1100334262,NA,FALSE,"ESAS",2130,100,"E",NA,NA,NA,NA,NA,NA,NA,NA,NA
110069271,1100334263,NA,FALSE,"ESAS",720,2,"D",NA,NA,NA,NA,NA,NA,NA,NA,NA
110069271,1100334264,NA,FALSE,"ESAS",6110,2,"F","A",NA,NA,NA,"NE",NA,NA,NA,NA
110069271,1100334265,NA,FALSE,"ESAS",6150,1,"F",NA,NA,NA,NA,NA,NA,NA,49,NA
110069272,1100334266,NA,FALSE,"ESAS",2130,6,"F",NA,NA,NA,NA,"NE",NA,NA,NA,NA
110069273,1100334267,NA,FALSE,"ESAS",720,2,"D",NA,NA,NA,NA,NA,NA,NA,NA,NA
110069274,1100334268,NA,FALSE,"ESAS",2130,12,"E",NA,NA,NA,NA,NA,NA,NA,NA,NA
110069274,1100334269,NA,FALSE,"ESAS",2130,22,"F",NA,NA,NA,NA,"NE",NA,NA,NA,NA
110069274,1100334270,NA,FALSE,"ESAS",2130,60,"E",NA,NA,NA,NA,NA,NA,NA,NA,NA
110069274,1100334271,NA,FALSE,"ESAS",64310,1,"E",NA,NA,NA,NA,NA,NA,NA,NA,NA
110069274,1100334272,NA,FALSE,"ESAS",6110,2,"F",NA,NA,NA,NA,"NE",NA,NA,NA,NA
110069274,1100334273,NA,FALSE,"ESAS",720,1,"E",NA,NA,NA,NA,NA,NA,22,NA,NA
110069274,1100334274,NA,FALSE,"ESAS",90,1,"E",NA,NA,NA,NA,NA,NA,NA,NA,NA
110069275,1100334275,NA,FALSE,"ESAS",720,4,"E",NA,NA,NA,NA,NA,NA,NA,NA,NA
110069275,1100334276,NA,FALSE,"ESAS",6150,21,"F",NA,NA,NA,NA,"NE",NA,NA,NA,NA
110069276,1100334277,NA,FALSE,"ESAS",6150,15,"F",NA,NA,NA,NA,"NE",NA,NA,NA,NA
110069276,1100334278,NA,TRUE,"ESAS",90,1,"C",NA,NA,NA,NA,NA,NA,NA,NA,NA
110069277,1100334279,NA,TRUE,"ESAS",90,1,"C",NA,NA,NA,NA,NA,NA,NA,NA,NA
110069277,1100334280,NA,TRUE,"ESAS",720,1,"C",NA,NA,NA,NA,NA,NA,NA,NA,NA
110069277,1100334281,NA,FALSE,"ESAS",6110,2,"F","A",NA,NA,NA,NA,NA,NA,NA,NA
110069277,1100334282,NA,FALSE,"ESAS",720,2,"D",NA,NA,NA,NA,NA,NA,NA,NA,NA
110069277,1100334283,NA,TRUE,"ESAS",6000,1,"D","2",NA,NA,NA,NA,NA,NA,NA,NA
110069277,1100334284,NA,TRUE,"ESAS",720,2,"D",NA,NA,NA,NA,NA,NA,NA,NA,NA
110069277,1100334285,NA,TRUE,"ESAS",90,3,"B",NA,NA,NA,NA,NA,NA,NA,NA,NA
110069277,1100334286,NA,TRUE,"ESAS",720,1,"D",NA,NA,NA,NA,NA,NA,NA,NA,NA
110069277,1100334287,NA,FALSE,"ESAS",6150,14,"F","A",NA,NA,NA,NA,NA,NA,NA,NA
110069277,1100334288,NA,TRUE,"ESAS",6000,1,"C","2",NA,NA,NA,NA,NA,NA,94,NA
110069278,1100334289,NA,TRUE,"ESAS",5900,1,"B","2",NA,NA,NA,NA,NA,NA,NA,NA
110069278,1100334290,NA,TRUE,"ESAS",5900,1,"F","2",NA,NA,NA,NA,NA,NA,NA,NA
110069278,1100334291,NA,FALSE,"ESAS",6150,6,"F","A",NA,NA,NA,"NE",NA,NA,NA,NA
110069279,1100334292,NA,TRUE,"ESAS",63510,1,"D",NA,NA,NA,NA,NA,NA,NA,NA,NA
110069279,1100334293,NA,FALSE,"ESAS",6110,3,"F","A",NA,NA,NA,"NE",NA,NA,NA,NA
110069280,1100334294,NA,FALSE,"ESAS",2130,10,"F",NA,NA,NA,NA,"NE",NA,NA,NA,NA
110069280,1100334295,NA,TRUE,"ESAS",5900,1,"F","2",NA,NA,NA,NA,NA,NA,NA,NA
110069280,1100334296,NA,FALSE,"ESAS",63510,1,"E",NA,NA,NA,NA,NA,NA,NA,NA,NA
110069280,1100334297,NA,FALSE,"ESAS",720,7,"F",NA,NA,NA,NA,NA,NA,NA,NA,NA
110069281,1100334298,NA,TRUE,"ESAS",5900,1,"F","2",NA,NA,NA,NA,NA,NA,NA,NA
110069281,1100334299,NA,TRUE,"ESAS",5900,1,"C","2",NA,NA,NA,NA,NA,NA,NA,NA
110069281,1100334300,NA,TRUE,"ESAS",64330,1,"D",NA,NA,NA,NA,NA,NA,NA,NA,NA
110069282,1100334301,NA,FALSE,"ESAS",6150,7,"F",NA,NA,NA,NA,"NE",NA,NA,NA,NA
110069282,1100334302,NA,FALSE,"ESAS",6110,10,"F",NA,NA,NA,NA,"NE",NA,NA,NA,NA
110069283,1100334303,NA,FALSE,"ESAS",6110,1,"F",NA,NA,NA,NA,"S",NA,NA,NA,NA
110069283,1100334304,NA,FALSE,"ESAS",720,5,"E",NA,NA,NA,NA,NA,NA,NA,NA,NA
110069283,1100334305,NA,TRUE,"ESAS",720,1,"A",NA,NA,NA,NA,NA,NA,NA,NA,NA
110069283,1100334306,NA,FALSE,"ESAS",720,5,"F",NA,NA,NA,NA,NA,NA,NA,NA,NA
110069283,1100334307,NA,FALSE,"ESAS",2130,35,"E",NA,NA,NA,NA,NA,NA,NA,NA,NA
110069283,1100334308,NA,TRUE,"ESAS",720,1,"B",NA,NA,NA,NA,NA,NA,NA,NA,NA
110069283,1100334309,NA,TRUE,"ESAS",5920,3,"F",NA,NA,NA,NA,NA,NA,NA,NA,NA
110069284,1100334310,NA,TRUE,"ESAS",6000,1,"B",NA,NA,NA,NA,NA,NA,NA,NA,NA
110069284,1100334311,NA,TRUE,"ESAS",720,1,"B",NA,NA,NA,NA,NA,NA,NA,NA,NA
110069284,1100334312,NA,FALSE,"ESAS",2130,12,"E",NA,NA,NA,NA,NA,NA,NA,NA,NA
110069284,1100334313,NA,TRUE,"ESAS",720,2,"A",NA,NA,NA,NA,NA,NA,NA,NA,NA
110069284,1100334314,NA,TRUE,"ESAS",720,2,"C",NA,NA,NA,NA,NA,NA,NA,NA,NA
110069284,1100334315,NA,FALSE,"ESAS",720,1,"A",NA,NA,NA,NA,NA,NA,NA,NA,NA
110069284,1100334316,NA,FALSE,"ESAS",720,1,"E",NA,NA,NA,NA,NA,NA,NA,NA,NA
110069285,1100334317,NA,TRUE,"ESAS",6000,1,"B","2",NA,NA,NA,NA,NA,NA,NA,NA
110069285,1100334318,NA,TRUE,"ESAS",5920,70,"D",NA,NA,NA,NA,NA,NA,NA,NA,NA
110069285,1100334319,NA,TRUE,"ESAS",6000,2,"B","3",NA,NA,NA,NA,NA,NA,NA,NA
110069286,1100334320,NA,TRUE,"ESAS",720,1,"C",NA,NA,NA,NA,NA,NA,NA,NA,NA
110069286,1100334321,NA,TRUE,"ESAS",5920,1,"B","2",NA,NA,NA,NA,NA,NA,NA,NA
110069286,1100334322,NA,TRUE,"ESAS",5920,1,"B",NA,NA,NA,NA,NA,NA,NA,NA,NA
110069286,1100334323,NA,TRUE,"ESAS",5920,2,"A","2",NA,NA,NA,NA,NA,NA,NA,NA
110069286,1100334324,NA,TRUE,"ESAS",720,4,"D",NA,NA,NA,NA,NA,NA,NA,NA,NA
110069287,1100334325,NA,TRUE,"ESAS",6110,2,"F","A",NA,NA,NA,NA,NA,NA,NA,NA
110069287,1100334326,NA,TRUE,"ESAS",5920,1,"D","A",NA,NA,NA,NA,NA,NA,NA,NA
110069287,1100334327,NA,TRUE,"ESAS",5920,1,"F","2",NA,NA,NA,NA,NA,NA,NA,NA
110069287,1100334328,NA,TRUE,"ESAS",720,2,"C",NA,NA,NA,NA,NA,NA,NA,NA,NA
110069287,1100334329,NA,TRUE,"ESAS",2130,13,"F",NA,NA,NA,NA,NA,NA,NA,NA,NA
110069288,1100334330,NA,FALSE,"ESAS",64310,1,"E",NA,NA,NA,NA,NA,NA,NA,NA,NA
110069288,1100334331,NA,FALSE,"ESAS",5920,1,"F","2",NA,NA,NA,NA,NA,NA,NA,NA
110069288,1100334332,NA,FALSE,"ESAS",5920,1,"F","2",NA,NA,NA,NA,NA,NA,NA,NA
110069289,1100334333,NA,TRUE,"ESAS",5900,1,"D","2",NA,NA,NA,NA,NA,NA,NA,NA
110069289,1100334334,NA,TRUE,"ESAS",720,8,"W",NA,NA,NA,NA,NA,NA,NA,NA,NA
110069290,1100334335,NA,FALSE,"ESAS",5910,2,"B","A",NA,NA,NA,NA,NA,NA,NA,NA
110069290,1100334336,NA,FALSE,"ESAS",720,11,"W",NA,NA,NA,NA,NA,NA,NA,NA,NA
110069290,1100334337,NA,FALSE,"ESAS",6000,3,"B",NA,NA,NA,NA,NA,NA,NA,NA,NA
110069290,1100334338,NA,FALSE,"ESAS",5920,4,"C",NA,NA,NA,NA,NA,NA,NA,NA,NA
110069291,1100334339,NA,TRUE,"ESAS",6000,1,"A","2",NA,NA,NA,NA,NA,NA,NA,NA
110069291,1100334340,NA,TRUE,"ESAS",720,1,"C",NA,NA,NA,NA,NA,NA,NA,94,NA
110069291,1100334341,NA,TRUE,"ESAS",5927,1,"A","2",NA,NA,NA,NA,NA,NA,NA,NA
110069291,1100334342,NA,TRUE,"ESAS",720,5,"B",NA,NA,NA,NA,NA,NA,NA,NA,NA
110069291,1100334343,NA,TRUE,"ESAS",5920,1,"A","2",NA,NA,NA,NA,NA,NA,NA,NA
110069292,1100334344,NA,TRUE,"ESAS",720,2,"B",NA,NA,NA,NA,NA,NA,NA,94,NA
110069292,1100334345,NA,TRUE,"ESAS",5920,1,"C","3",NA,NA,NA,NA,NA,NA,NA,NA
110069292,1100334346,NA,TRUE,"ESAS",5920,1,"C","2",NA,NA,NA,NA,NA,NA,NA,NA
110069292,1100334347,NA,TRUE,"ESAS",5920,3,"C","4",NA,NA,NA,NA,NA,NA,NA,NA
110069292,1100334348,NA,TRUE,"ESAS",720,2,"C",NA,NA,NA,NA,NA,NA,NA,NA,NA
110069293,1100334349,NA,TRUE,"ESAS",5920,1,"D","2",NA,NA,NA,NA,NA,NA,NA,NA
110069294,1100334350,NA,TRUE,"ESAS",6000,1,"A","2",NA,NA,NA,NA,NA,NA,NA,NA
110069296,1100334351,NA,FALSE,"ESAS",720,1,"C",NA,NA,NA,NA,NA,NA,NA,NA,NA
110069296,1100334352,NA,TRUE,"ESAS",720,1,"C",NA,NA,NA,NA,NA,NA,NA,NA,NA
110069298,1100334353,NA,TRUE,"ESAS",6000,2,"A","2",NA,NA,NA,NA,NA,NA,NA,NA
110069302,1100334354,"10",TRUE,"ESAS",5120,1,"F",NA,NA,NA,NA,NA,NA,NA,NA,NA
110069302,1100334355,"10",TRUE,"ESAS",5460,5,"F",NA,NA,NA,NA,NA,NA,NA,NA,NA
110069303,1100334356,NA,FALSE,"ESAS",6110,13,"E",NA,NA,NA,NA,NA,NA,22,NA,NA
110069304,1100334357,NA,TRUE,"ESAS",6110,1,"B","A",NA,NA,NA,NA,NA,NA,45,NA
110069306,1100334358,NA,FALSE,"ESAS",5920,1,"F","3",NA,NA,NA,NA,NA,NA,NA,NA
110069306,1100334359,NA,FALSE,"ESAS",5920,1,"F","2",NA,NA,NA,NA,NA,NA,NA,NA
110069307,1100334360,NA,TRUE,"ESAS",5920,1,"F","A",NA,NA,NA,NA,NA,NA,NA,NA
110069310,1100334361,NA,FALSE,"ESAS",5820,1,"F","A",NA,NA,NA,NA,NA,NA,NA,NA
110069311,1100334362,NA,TRUE,"ESAS",720,2,"F",NA,NA,NA,NA,NA,NA,NA,94,NA
110069311,1100334363,NA,FALSE,"ESAS",5910,1,"F","A",NA,NA,NA,NA,NA,NA,NA,NA
110069311,1100334364,NA,FALSE,"ESAS",5910,1,"F","A",NA,NA,NA,NA,NA,NA,NA,NA
110069312,1100334365,NA,FALSE,"ESAS",6110,1,"F","A",NA,NA,NA,NA,NA,NA,49,NA
110069312,1100334366,NA,FALSE,"ESAS",5910,1,"F","A",NA,NA,NA,NA,NA,NA,NA,NA
110069312,1100334367,NA,FALSE,"ESAS",5910,1,"F","A",NA,NA,NA,NA,NA,NA,NA,NA
110069313,1100334368,NA,TRUE,"ESAS",5920,1,"D","3",NA,NA,NA,NA,NA,NA,NA,NA
110069314,1100334369,NA,TRUE,"ESAS",6150,2,"F",NA,NA,NA,NA,NA,NA,NA,NA,NA
110069316,1100334370,NA,FALSE,"ESAS",6110,1,"F",NA,NA,NA,NA,NA,NA,NA,NA,NA
110069316,1100334371,NA,FALSE,"ESAS",6110,1,"F",NA,NA,NA,NA,NA,NA,NA,NA,NA
110069316,1100334372,NA,FALSE,"ESAS",6110,2,"F",NA,NA,NA,NA,NA,NA,NA,NA,NA
110069316,1100334373,NA,FALSE,"ESAS",720,2,"F",NA,NA,NA,NA,NA,NA,NA,NA,NA
110069317,1100334374,NA,FALSE,"ESAS",6000,1,"B","2",NA,NA,NA,NA,NA,NA,94,NA
110069317,1100334375,NA,FALSE,"ESAS",6150,1,"F",NA,NA,NA,NA,NA,NA,NA,NA,NA
110069318,1100334376,NA,FALSE,"ESAS",5910,1,"F","A",NA,NA,NA,NA,NA,NA,NA,NA
110069318,1100334377,NA,TRUE,"ESAS",6110,1,"F",NA,NA,NA,NA,NA,NA,NA,49,NA
110069319,1100334378,NA,FALSE,"ESAS",720,1,"F",NA,NA,NA,NA,NA,NA,NA,NA,NA
110069320,1100334379,NA,FALSE,"ESAS",4700,10,"F",NA,NA,NA,NA,"NE",NA,NA,NA,NA
110069321,1100334380,NA,FALSE,"ESAS",6110,1,"F",NA,NA,NA,NA,NA,NA,NA,NA,NA
110069322,1100334381,NA,FALSE,"ESAS",6110,1,"F",NA,NA,NA,NA,"NE",NA,NA,NA,NA
110069323,1100334382,NA,FALSE,"ESAS",5910,2,"F",NA,NA,NA,NA,NA,NA,NA,NA,NA
110069323,1100334383,NA,FALSE,"ESAS",6110,2,"F",NA,NA,NA,NA,"NE",NA,NA,NA,NA
110069323,1100334384,NA,FALSE,"ESAS",5920,16,"F",NA,NA,NA,NA,NA,NA,NA,NA,NA
110069323,1100334385,NA,TRUE,"ESAS",6150,1,"A",NA,NA,NA,NA,NA,NA,NA,44,NA
110069323,1100334386,NA,TRUE,"ESAS",6110,2,"F",NA,NA,NA,NA,"NE",NA,NA,NA,NA
110069323,1100334387,NA,TRUE,"ESAS",6150,3,"B","A",NA,NA,NA,NA,NA,NA,44,NA
110069323,1100334388,NA,TRUE,"ESAS",6150,3,"A","A",NA,NA,NA,NA,NA,NA,44,NA
110069323,1100334389,NA,TRUE,"ESAS",5910,1,"A","A",NA,NA,NA,NA,NA,NA,44,NA
110069324,1100334390,NA,FALSE,"ESAS",6150,2,"F","A",NA,NA,NA,NA,NA,NA,NA,NA
110069324,1100334391,NA,FALSE,"ESAS",6110,3,"F",NA,NA,NA,NA,"NE",NA,NA,NA,NA
110069324,1100334392,NA,TRUE,"ESAS",5920,1,"D","3",NA,NA,NA,NA,NA,NA,NA,NA
110069325,1100334393,NA,FALSE,"ESAS",5920,2,"F","4",NA,NA,NA,NA,NA,NA,NA,NA
110069325,1100334394,NA,TRUE,"ESAS",6110,2,"F",NA,NA,NA,NA,NA,NA,NA,NA,NA
110069325,1100334395,NA,FALSE,"ESAS",5920,1,"F","3",NA,NA,NA,NA,NA,NA,NA,NA
110069325,1100334396,NA,FALSE,"ESAS",5920,1,"F","2",NA,NA,NA,NA,NA,NA,NA,NA
110069326,1100334397,"1?",FALSE,"ESAS",5920,60,"W",NA,NA,NA,NA,NA,NA,NA,NA,NA
110069326,1100334398,"1?",FALSE,"ESAS",5910,10,"W",NA,NA,NA,NA,NA,NA,NA,NA,NA
110069326,1100334399,"1?",TRUE,"ESAS",5910,10,"A",NA,NA,NA,NA,NA,NA,NA,NA,NA
110069326,1100334400,"1?",TRUE,"ESAS",5920,60,"A",NA,NA,NA,NA,NA,NA,NA,NA,NA
110069326,1100334401,"1?",TRUE,"ESAS",5920,50,"W",NA,NA,NA,NA,NA,NA,NA,NA,NA
110069326,1100334402,NA,TRUE,"ESAS",5920,4,"A",NA,NA,NA,NA,NA,NA,NA,NA,NA
110069327,1100334403,"2?",TRUE,"ESAS",6000,4,"A",NA,NA,NA,NA,NA,NA,NA,NA,NA
110069327,1100334404,"2?",TRUE,"ESAS",5910,10,"B",NA,NA,NA,NA,NA,NA,NA,NA,NA
110069327,1100334405,"2?",TRUE,"ESAS",5920,60,"B",NA,NA,NA,NA,NA,NA,NA,NA,NA
110069327,1100334406,NA,FALSE,"ESAS",6150,1,"F","A",NA,NA,NA,NA,NA,NA,NA,NA
110069328,1100334407,NA,FALSE,"ESAS",6110,1,"F","A",NA,NA,NA,NA,NA,NA,NA,NA
110069328,1100334408,NA,TRUE,"ESAS",5920,22,"C",NA,NA,NA,NA,NA,NA,NA,NA,NA
110069328,1100334409,NA,TRUE,"ESAS",5910,2,"C",NA,NA,NA,NA,NA,NA,NA,NA,NA
110069329,1100334410,NA,FALSE,"ESAS",5910,1,"F","A",NA,NA,NA,NA,NA,NA,NA,NA
110069330,1100334411,NA,FALSE,"ESAS",6110,1,"F","A",NA,NA,NA,NA,NA,NA,49,NA
110069331,1100334412,NA,TRUE,"ESAS",6110,3,"F","A",NA,NA,NA,NA,NA,NA,NA,NA
110069334,1100334413,NA,FALSE,"ESAS",6110,3,"F",NA,NA,NA,NA,"NE",NA,NA,NA,NA
110069334,1100334414,NA,FALSE,"ESAS",5910,1,"F","2",NA,NA,NA,NA,NA,NA,NA,NA
110069335,1100334415,NA,FALSE,"ESAS",5920,1,"F","3",NA,NA,NA,NA,NA,NA,NA,NA
110069335,1100334416,NA,FALSE,"ESAS",6110,1,"F","A",NA,NA,NA,"NE",NA,NA,NA,NA
110069336,1100334417,NA,FALSE,"ESAS",6110,1,"F","A",NA,NA,NA,NA,NA,NA,NA,NA
110069337,1100334418,NA,FALSE,"ESAS",6110,1,"F","A",NA,NA,NA,NA,NA,NA,NA,NA
110069337,1100334419,NA,FALSE,"ESAS",6110,2,"F","A",NA,NA,NA,NA,NA,NA,NA,NA
110069337,1100334420,NA,FALSE,"ESAS",6110,1,"F","2",NA,NA,NA,NA,NA,NA,NA,NA
110069337,1100334421,NA,FALSE,"ESAS",6110,1,"F","A",NA,NA,NA,NA,NA,NA,49,NA
110069337,1100334422,NA,FALSE,"ESAS",6110,1,"F","A",NA,NA,NA,NA,NA,NA,NA,NA
110069338,1100334423,NA,FALSE,"ESAS",6110,1,"F","A",NA,NA,NA,"NE",NA,NA,30,"Haring"
110069338,1100334424,NA,TRUE,"ESAS",6110,1,"F","A",NA,NA,NA,"NE",NA,NA,30,"Zandspiering"
110069339,1100334425,NA,FALSE,"ESAS",6110,1,"F",NA,NA,NA,NA,NA,NA,NA,NA,NA
110069339,1100334426,NA,FALSE,"ESAS",6110,1,"F",NA,NA,NA,NA,"NE",NA,NA,30,NA
110069339,1100334427,NA,FALSE,"ESAS",5920,1,"F","A",NA,NA,NA,NA,NA,NA,49,NA
110069339,1100334428,NA,FALSE,"ESAS",5926,1,"F","2",NA,NA,NA,NA,NA,NA,NA,NA
110069340,1100334429,NA,FALSE,"ESAS",6150,6,"F",NA,NA,NA,NA,"NE",NA,NA,NA,NA
110069340,1100334430,NA,FALSE,"ESAS",6110,1,"F","A",NA,NA,NA,"NE",NA,NA,NA,NA
110069340,1100334431,NA,TRUE,"ESAS",5910,1,"A","A",NA,NA,NA,NA,NA,NA,44,NA
110069341,1100334432,NA,TRUE,"ESAS",5920,1,"A","A",NA,NA,NA,NA,NA,NA,NA,NA
110069341,1100334433,NA,TRUE,"ESAS",6150,1,"C","A",NA,NA,NA,NA,NA,NA,44,NA
110069341,1100334434,NA,FALSE,"ESAS",6110,2,"F","A",NA,NA,NA,"W",NA,NA,NA,NA
110069341,1100334435,NA,FALSE,"ESAS",6110,1,"F","A",NA,NA,NA,"W",NA,NA,NA,NA
110069341,1100334436,NA,TRUE,"ESAS",6110,1,"F","A",NA,NA,NA,NA,NA,NA,49,NA
110069342,1100334437,NA,TRUE,"ESAS",6110,1,"F","A",NA,NA,NA,NA,NA,NA,49,NA
110069342,1100334438,NA,FALSE,"ESAS",6110,1,"F","A",NA,NA,NA,"W",NA,NA,NA,NA
110069343,1100334439,NA,FALSE,"ESAS",6110,2,"F","A",NA,NA,NA,"W",NA,NA,NA,NA
110069343,1100334440,NA,FALSE,"ESAS",6110,1,"F","A",NA,NA,NA,NA,NA,NA,NA,NA
110069343,1100334441,NA,FALSE,"ESAS",5910,1,"F","A",NA,NA,NA,NA,NA,NA,NA,NA
110069344,1100334442,NA,FALSE,"ESAS",720,2,"F",NA,NA,NA,NA,NA,NA,NA,NA,NA
110069344,1100334443,NA,FALSE,"ESAS",9920,1,"F",NA,NA,NA,NA,NA,NA,NA,NA,NA
110069344,1100334444,NA,FALSE,"ESAS",6110,2,"F","A",NA,NA,NA,"W",NA,NA,NA,NA
110069344,1100334445,NA,FALSE,"ESAS",64310,1,"E",NA,NA,NA,NA,NA,NA,NA,NA,NA
110069345,1100334446,NA,FALSE,"ESAS",6150,1,"F","A",NA,NA,NA,NA,NA,NA,NA,NA
110069346,1100334447,NA,FALSE,"ESAS",6110,3,"F","A",NA,NA,NA,"W",NA,NA,NA,NA
110069346,1100334448,NA,FALSE,"ESAS",6110,6,"F","A",NA,NA,NA,"SW",NA,NA,NA,NA
110069346,1100334449,NA,FALSE,"ESAS",6110,1,"F","A",NA,NA,NA,"W",NA,NA,NA,NA
110069347,1100334450,NA,TRUE,"ESAS",6110,1,"B","A",NA,NA,NA,NA,NA,NA,45,NA
110069347,1100334451,NA,FALSE,"ESAS",6110,2,"F","A",NA,NA,NA,NA,NA,28,NA,NA
110069347,1100334452,NA,FALSE,"ESAS",6110,1,"F","A",NA,NA,NA,NA,NA,28,NA,NA
110069347,1100334453,NA,FALSE,"ESAS",6110,2,"F","A",NA,NA,NA,"W",NA,NA,NA,NA
110069348,1100334454,NA,FALSE,"ESAS",6110,1,"F","A",NA,NA,NA,"W",NA,NA,NA,NA
110069348,1100334455,NA,FALSE,"ESAS",5910,1,"F","A",NA,NA,NA,NA,NA,NA,NA,NA
110069349,1100334456,NA,FALSE,"ESAS",6110,5,"F","A",NA,NA,NA,NA,NA,28,NA,NA
110069349,1100334457,NA,FALSE,"ESAS",6110,1,"F","A",NA,NA,NA,"W",NA,NA,NA,NA
110069349,1100334458,NA,FALSE,"ESAS",9920,1,"F",NA,NA,NA,NA,NA,NA,NA,NA,NA
110069350,1100334459,NA,FALSE,"ESAS",6110,1,"F","A",NA,NA,NA,"W",NA,NA,NA,NA
110069350,1100334460,NA,FALSE,"ESAS",6110,1,"F","A",NA,NA,NA,NA,NA,NA,NA,NA
110069350,1100334461,NA,FALSE,"ESAS",6110,9,"F","A",NA,NA,NA,"N",NA,NA,NA,NA
110069350,1100334462,NA,FALSE,"ESAS",6110,1,"F","A",NA,NA,NA,NA,NA,NA,NA,NA
110069351,1100334463,NA,FALSE,"ESAS",6110,1,"F","A",NA,NA,NA,"W",NA,NA,NA,NA
110069351,1100334464,NA,FALSE,"ESAS",6110,1,"F","A",NA,NA,NA,"W",NA,NA,NA,NA
110069351,1100334465,NA,FALSE,"ESAS",6110,3,"F","A",NA,NA,NA,"W",NA,NA,NA,NA
110069351,1100334466,NA,FALSE,"ESAS",6110,5,"F","A",NA,NA,NA,"W",NA,NA,NA,NA
110069351,1100334467,NA,FALSE,"ESAS",6110,2,"F","A",NA,NA,NA,NA,NA,28,NA,NA
110069351,1100334468,NA,FALSE,"ESAS",6110,3,"F","A",NA,NA,NA,"W",NA,NA,NA,NA
110069351,1100334469,NA,FALSE,"ESAS",6110,1,"F","A",NA,NA,NA,"W",NA,NA,NA,NA
110069352,1100334470,NA,FALSE,"ESAS",6150,1,"F","A",NA,NA,NA,NA,NA,NA,NA,NA
110069352,1100334471,NA,TRUE,"ESAS",6110,1,"F","A",NA,NA,NA,NA,NA,28,NA,NA
110069352,1100334472,NA,TRUE,"ESAS",6110,8,"F","A",NA,NA,NA,"W",NA,NA,NA,NA
110069352,1100334473,NA,FALSE,"ESAS",5910,1,"F","A",NA,NA,NA,NA,NA,NA,NA,NA
110069352,1100334474,NA,FALSE,"ESAS",6110,4,"F","A",NA,NA,NA,"W",NA,NA,NA,NA
110069352,1100334475,NA,FALSE,"ESAS",6000,1,"F","2",NA,NA,NA,NA,NA,NA,NA,NA
110069353,1100334476,NA,FALSE,"ESAS",6150,1,"F","A",NA,NA,NA,NA,NA,NA,NA,NA
110069353,1100334477,NA,FALSE,"ESAS",6110,2,"F","A",NA,NA,NA,"W",NA,NA,NA,NA
110069353,1100334478,NA,FALSE,"ESAS",6110,1,"F",NA,NA,NA,NA,NA,NA,28,NA,NA
110069353,1100334479,NA,FALSE,"ESAS",6110,1,"F","A",NA,NA,NA,NA,NA,NA,NA,NA
110069354,1100334480,NA,FALSE,"ESAS",5910,1,"A","3",NA,NA,NA,NA,NA,NA,NA,NA
110069354,1100334481,NA,FALSE,"ESAS",5910,1,"C","A",NA,NA,NA,NA,NA,NA,NA,NA
110069354,1100334482,NA,FALSE,"ESAS",6150,1,"F","A",NA,NA,NA,NA,NA,NA,NA,NA
110069355,1100334483,NA,FALSE,"ESAS",6150,1,"F","A",NA,NA,NA,NA,NA,NA,NA,NA
110069355,1100334484,NA,TRUE,"ESAS",6150,1,"F","A",NA,NA,NA,NA,NA,NA,NA,NA
110069355,1100334485,NA,FALSE,"ESAS",6150,1,"F","A",NA,NA,NA,NA,NA,NA,NA,NA
110069355,1100334486,NA,FALSE,"ESAS",6150,1,"F","A",NA,NA,NA,NA,NA,NA,NA,NA
110069356,1100334487,NA,FALSE,"ESAS",6110,1,"F","A",NA,NA,NA,NA,NA,NA,NA,NA
110069356,1100334488,NA,FALSE,"ESAS",9920,1,"F",NA,NA,NA,NA,NA,NA,NA,NA,NA
110069357,1100334489,NA,FALSE,"ESAS",6150,1,"F","A",NA,NA,NA,NA,NA,NA,NA,NA
110069357,1100334490,NA,FALSE,"ESAS",6110,2,"F","A",NA,NA,NA,NA,NA,NA,NA,NA
110069358,1100334491,NA,FALSE,"ESAS",6150,4,"F","A",NA,NA,NA,NA,NA,NA,49,NA
110069358,1100334492,NA,TRUE,"ESAS",64320,1,"C",NA,NA,NA,NA,NA,NA,NA,30,NA
110069359,1100334493,NA,TRUE,"ESAS",6150,1,"F","A",NA,NA,NA,NA,NA,NA,NA,NA
110069360,1100334494,NA,TRUE,"ESAS",6110,1,"F","A",NA,NA,NA,NA,NA,NA,NA,NA
110069361,1100334495,NA,TRUE,"ESAS",6110,1,"F","A",NA,NA,NA,NA,NA,NA,NA,NA
110069362,1100334496,NA,FALSE,"ESAS",6150,1,"F","A",NA,NA,NA,NA,NA,NA,NA,NA
110069363,1100334497,NA,FALSE,"ESAS",6150,2,"F","A",NA,NA,NA,NA,NA,NA,NA,NA
110069364,1100334498,NA,FALSE,"ESAS",6150,1,"F","A",NA,NA,NA,NA,NA,NA,NA,NA
110069364,1100334499,NA,FALSE,"ESAS",6150,1,"F","A",NA,NA,NA,NA,NA,NA,NA,NA
110069365,1100334500,NA,FALSE,"ESAS",6150,1,"F","A",NA,NA,NA,NA,NA,NA,NA,NA
110069365,1100334501,NA,FALSE,"ESAS",5910,1,"F","3",NA,NA,NA,NA,NA,NA,NA,NA
110069366,1100334502,NA,TRUE,"ESAS",6150,1,"F","A",NA,NA,NA,NA,NA,NA,NA,NA
110069366,1100334503,NA,TRUE,"ESAS",6110,1,"F",NA,NA,NA,NA,NA,NA,NA,NA,NA
110069368,1100334504,NA,FALSE,"ESAS",6150,1,"F","A",NA,NA,NA,NA,NA,NA,30,NA
110069368,1100334505,NA,FALSE,"ESAS",6110,1,"F",NA,NA,NA,NA,NA,NA,NA,45,NA
110069376,1100334506,NA,TRUE,"ESAS",6110,1,"D","A",NA,NA,NA,NA,NA,NA,44,NA
110069376,1100334507,NA,FALSE,"ESAS",6110,1,"E","A",NA,NA,NA,NA,NA,NA,45,NA
110069377,1100334508,NA,FALSE,"ESAS",6110,3,"F","A",NA,NA,NA,NA,NA,NA,NA,NA
110069377,1100334509,NA,FALSE,"ESAS",6150,1,"F","A",NA,NA,NA,NA,NA,NA,49,NA
110069379,1100334510,NA,FALSE,"ESAS",6110,1,"F","A",NA,NA,NA,NA,NA,NA,NA,NA
110069379,1100334511,NA,FALSE,"ESAS",6110,1,"F","A",NA,NA,NA,NA,NA,NA,NA,NA
110069379,1100334512,NA,FALSE,"ESAS",5910,1,"F","A",NA,NA,NA,NA,NA,NA,NA,NA
110069379,1100334513,NA,FALSE,"ESAS",5920,1,"F","A",NA,NA,NA,NA,NA,NA,NA,NA
110069379,1100334514,NA,FALSE,"ESAS",5910,2,"F","A",NA,NA,NA,NA,NA,NA,NA,NA
110069380,1100334515,"3?",FALSE,"ESAS",64320,1,"B",NA,NA,NA,NA,NA,NA,NA,NA,NA
110069380,1100334516,"3?",FALSE,"ESAS",6110,1,"B",NA,NA,NA,NA,NA,NA,NA,44,NA
110069380,1100334517,NA,FALSE,"ESAS",5910,1,"F","A",NA,NA,NA,NA,NA,NA,NA,NA
110069380,1100334518,NA,FALSE,"ESAS",5910,1,"F","A",NA,NA,NA,NA,NA,NA,NA,NA
110069384,1100334519,NA,FALSE,"ESAS",6110,1,"F",NA,NA,NA,NA,NA,NA,NA,NA,NA
110069385,1100334520,NA,FALSE,"ESAS",5910,1,"F","A",NA,NA,NA,NA,NA,NA,NA,NA
110069386,1100334521,NA,FALSE,"ESAS",6000,1,"F","3",NA,NA,NA,NA,NA,NA,NA,NA
110069386,1100334522,NA,FALSE,"ESAS",5920,1,"D",NA,NA,NA,NA,NA,NA,NA,NA,NA
110069386,1100334523,NA,FALSE,"ESAS",5910,2,"E","A",NA,NA,NA,NA,NA,NA,NA,NA
110069387,1100334524,NA,FALSE,"ESAS",5910,1,"F","3",NA,NA,NA,NA,NA,NA,NA,NA
110069388,1100334525,NA,FALSE,"ESAS",6110,1,"F","A",NA,NA,NA,NA,NA,NA,49,NA
110069389,1100334526,NA,FALSE,"ESAS",5910,1,"F",NA,NA,NA,NA,NA,NA,NA,NA,NA
110069393,1100334527,NA,FALSE,"ESAS",6150,1,"F",NA,NA,NA,NA,NA,NA,NA,49,NA
110069393,1100334528,NA,FALSE,"ESAS",710,1,"E","A",NA,NA,NA,NA,NA,13,NA,NA
110069394,1100334529,NA,TRUE,"ESAS",5910,1,"D","A",NA,NA,NA,NA,NA,NA,NA,NA
110069394,1100334530,NA,FALSE,"ESAS",710,1,"F","A",NA,NA,NA,NA,NA,NA,NA,NA
110069394,1100334531,NA,FALSE,"ESAS",6110,1,"F",NA,NA,NA,NA,NA,NA,13,49,NA
110069395,1100334532,NA,FALSE,"ESAS",6020,1,"F","A",NA,NA,NA,NA,NA,NA,NA,NA
110069396,1100334533,NA,FALSE,"ESAS",710,1,"E","A",NA,NA,NA,NA,NA,13,NA,NA
110069397,1100334534,NA,FALSE,"ESAS",5910,1,"F","A",NA,NA,NA,NA,NA,NA,NA,NA
110069397,1100334535,NA,FALSE,"ESAS",6110,1,"F",NA,NA,NA,NA,NA,NA,13,49,NA
110069398,1100334536,NA,TRUE,"ESAS",5900,1,"B","2",NA,NA,NA,NA,NA,13,NA,NA
110069398,1100334537,NA,FALSE,"ESAS",6110,1,"F","A",NA,NA,NA,NA,NA,NA,49,NA
110069398,1100334538,NA,TRUE,"ESAS",710,1,"A","A",NA,NA,NA,NA,NA,NA,94,NA
110069399,1100334539,NA,TRUE,"ESAS",6110,4,"C",NA,NA,NA,NA,NA,NA,NA,66,NA
110069399,1100334540,NA,FALSE,"ESAS",10010,1,"F",NA,NA,NA,NA,"NE",NA,NA,NA,NA
110069400,1100334541,NA,FALSE,"ESAS",710,1,"E","A",NA,NA,NA,NA,NA,NA,NA,NA
110069400,1100334542,NA,TRUE,"ESAS",5910,1,"C","A",NA,NA,NA,NA,NA,NA,NA,NA
110069401,1100334543,NA,FALSE,"ESAS",710,2,"E","A",NA,NA,NA,NA,NA,NA,NA,NA
110069402,1100334544,NA,FALSE,"ESAS",6110,1,"F",NA,NA,NA,NA,NA,NA,NA,NA,NA
110069402,1100334545,NA,FALSE,"ESAS",6110,1,"F",NA,NA,NA,NA,NA,NA,NA,NA,NA
110069403,1100334546,NA,FALSE,"ESAS",6110,1,"F","A",NA,NA,NA,NA,NA,NA,NA,NA
110069403,1100334547,NA,FALSE,"ESAS",9920,2,"F",NA,NA,NA,NA,NA,NA,NA,NA,NA
110069446,1100334548,NA,FALSE,"ESAS",6110,1,"F","A",NA,NA,NA,NA,NA,NA,NA,NA
110069446,1100334549,NA,FALSE,"ESAS",6110,4,"F","A",NA,NA,NA,NA,NA,NA,49,NA
110069446,1100334550,NA,TRUE,"ESAS",710,1,"F","A",NA,NA,NA,NA,NA,NA,NA,NA
110069447,1100334551,NA,TRUE,"ESAS",720,16,"D",NA,NA,NA,NA,NA,NA,22,NA,NA
110069447,1100334552,NA,FALSE,"ESAS",710,1,"F","3",NA,NA,NA,NA,NA,NA,NA,NA
110069447,1100334553,NA,FALSE,"ESAS",6110,2,"F","A",NA,NA,NA,NA,NA,NA,45,NA
110069448,1100334554,NA,FALSE,"ESAS",6110,5,"F","A",NA,NA,NA,NA,NA,NA,49,NA
110069448,1100334555,NA,TRUE,"ESAS",6110,1,"F","A",NA,NA,NA,NA,NA,NA,NA,NA
110069448,1100334556,NA,TRUE,"ESAS",710,1,"F","2",NA,NA,NA,NA,NA,NA,NA,NA
110069449,1100334557,NA,FALSE,"ESAS",6110,8,"F","A",NA,NA,NA,NA,NA,NA,49,NA
110069449,1100334558,NA,FALSE,"ESAS",6150,1,"F","A",NA,NA,NA,NA,NA,NA,NA,NA
110069455,1100334559,"4?",FALSE,"ESAS",720,2,"E",NA,NA,NA,NA,NA,NA,NA,NA,NA
110069455,1100334560,"4?",FALSE,"ESAS",6150,3,"E",NA,NA,NA,NA,NA,NA,NA,NA,NA
110069455,1100334561,"4?",FALSE,"ESAS",6020,1,"E",NA,NA,NA,NA,NA,NA,NA,NA,NA
110069455,1100334562,"4?",FALSE,"ESAS",6110,22,"E",NA,NA,NA,NA,NA,NA,NA,NA,NA
110069455,1100334563,NA,FALSE,"ESAS",710,1,"E","A",NA,NA,NA,NA,NA,NA,NA,NA
110069455,1100334564,NA,TRUE,"ESAS",5920,1,"A","3",NA,NA,NA,NA,NA,NA,NA,NA
110069456,1100334565,NA,FALSE,"ESAS",6150,1,"F","A",NA,NA,NA,NA,NA,NA,NA,NA
110069456,1100334566,NA,FALSE,"ESAS",720,1,"F",NA,NA,NA,NA,NA,NA,NA,NA,NA
110069456,1100334567,NA,FALSE,"ESAS",5910,1,"F","3",NA,NA,NA,NA,NA,NA,NA,NA
110069456,1100334568,NA,TRUE,"ESAS",6150,1,"F","A",NA,NA,NA,NA,NA,NA,NA,NA
110069458,1100334569,NA,FALSE,"ESAS",5670,1,"F",NA,NA,NA,NA,"NE",NA,NA,NA,NA
110069459,1100334570,NA,FALSE,"ESAS",6110,1,"F",NA,NA,NA,NA,NA,NA,NA,49,NA
110069461,1100334571,"5?",FALSE,"ESAS",63510,1,"E",NA,NA,NA,NA,NA,NA,NA,NA,"dood"
110069461,1100334572,"5?",FALSE,"ESAS",5920,1,"E","2",NA,NA,NA,NA,NA,NA,NA,NA
110069461,1100334573,"5?",FALSE,"ESAS",5920,1,"E","4",NA,NA,NA,NA,NA,NA,NA,NA
110069462,1100334574,NA,FALSE,"ESAS",720,1,"E",NA,NA,NA,NA,NA,NA,NA,NA,NA
110069462,1100334575,NA,FALSE,"ESAS",6110,3,"F",NA,NA,NA,NA,NA,NA,NA,NA,NA
110069462,1100334576,NA,FALSE,"ESAS",6110,2,"F",NA,NA,NA,NA,NA,NA,NA,49,NA
110069464,1100334577,NA,FALSE,"ESAS",2130,35,"F",NA,NA,NA,NA,NA,NA,NA,NA,NA
110069464,1100334578,NA,FALSE,"ESAS",2130,250,"E",NA,NA,NA,NA,NA,NA,NA,NA,NA
110069464,1100334579,NA,FALSE,"ESAS",2130,30,"F",NA,NA,NA,NA,NA,NA,NA,NA,NA
110069465,1100334580,NA,FALSE,"ESAS",2130,25,"F",NA,NA,NA,NA,NA,NA,NA,NA,NA
110069465,1100334581,NA,FALSE,"ESAS",2130,100,"F",NA,NA,NA,NA,NA,NA,NA,NA,NA
110069467,1100334582,NA,FALSE,"ESAS",2130,30,"F",NA,NA,NA,NA,NA,NA,NA,NA,NA
110069467,1100334583,NA,FALSE,"ESAS",2130,44,"F",NA,NA,NA,NA,NA,NA,NA,NA,NA
110069467,1100334584,NA,FALSE,"ESAS",2130,45,"F",NA,NA,NA,NA,NA,NA,NA,NA,NA
110069468,1100334585,"6?",TRUE,"ESAS",5920,1,"C","2",NA,NA,NA,NA,NA,NA,NA,NA
110069468,1100334586,"6?",TRUE,"ESAS",5920,4,"C","3",NA,NA,NA,NA,NA,NA,NA,NA
110069468,1100334587,"6?",TRUE,"ESAS",5900,1,"C","A",NA,NA,NA,NA,NA,NA,NA,NA
110069468,1100334588,NA,TRUE,"ESAS",720,2,"F",NA,NA,NA,NA,NA,NA,NA,NA,NA
110069468,1100334589,NA,FALSE,"ESAS",2130,30,"F",NA,NA,NA,NA,NA,NA,NA,NA,NA
110069468,1100334590,NA,FALSE,"ESAS",5920,1,"F","3",NA,NA,NA,NA,NA,NA,NA,NA
110069469,1100334591,NA,TRUE,"ESAS",5920,1,"F","2",NA,NA,NA,NA,NA,NA,NA,NA
110069469,1100334592,NA,FALSE,"ESAS",2130,26,"F",NA,NA,NA,NA,NA,NA,NA,NA,NA
110069469,1100334593,NA,FALSE,"ESAS",720,1,"F",NA,NA,NA,NA,NA,NA,NA,NA,NA
110069469,1100334594,NA,FALSE,"ESAS",2130,3,"F",NA,NA,NA,NA,NA,NA,NA,NA,NA
110069470,1100334595,NA,FALSE,"ESAS",2130,7000,"F",NA,NA,NA,NA,NA,NA,NA,NA,"7000+ zie foto"
110069482,1100334596,"7?",TRUE,"ESAS",5920,1,"W","2",NA,NA,NA,NA,NA,NA,NA,NA
110069482,1100334597,"7?",TRUE,"ESAS",5920,8,"W","3",NA,NA,NA,NA,NA,NA,NA,NA
110069483,1100334598,NA,FALSE,"ESAS",2130,800,"E",NA,NA,NA,NA,NA,NA,NA,NA,NA
110069483,1100334599,NA,FALSE,"ESAS",720,1,"F",NA,NA,NA,NA,NA,NA,NA,NA,NA
110069484,1100334600,NA,FALSE,"ESAS",2130,14,"F",NA,NA,NA,NA,NA,NA,NA,NA,NA
110069484,1100334601,NA,TRUE,"ESAS",2130,35,"B",NA,NA,NA,NA,NA,NA,NA,NA,NA
110069484,1100334602,NA,FALSE,"ESAS",720,6,"E",NA,NA,NA,NA,NA,NA,22,NA,NA
110069484,1100334603,NA,FALSE,"ESAS",2130,4,"F",NA,NA,NA,NA,NA,NA,NA,NA,NA
110069484,1100334604,NA,FALSE,"ESAS",720,1,"F",NA,NA,NA,NA,NA,NA,NA,NA,NA
110069485,1100334605,NA,FALSE,"ESAS",720,3,"F",NA,NA,NA,NA,NA,NA,NA,NA,NA
110069485,1100334606,NA,FALSE,"ESAS",720,1,"F",NA,NA,NA,NA,NA,NA,NA,NA,NA
110069485,1100334607,NA,TRUE,"ESAS",720,3,"D",NA,NA,NA,NA,NA,NA,NA,NA,NA
110069485,1100334608,NA,FALSE,"ESAS",6110,3,"F",NA,NA,NA,NA,NA,NA,NA,49,NA
110069486,1100334609,NA,FALSE,"ESAS",720,5,"E",NA,NA,NA,NA,NA,NA,22,NA,NA
110069486,1100334610,NA,FALSE,"ESAS",720,1,"F",NA,NA,NA,NA,NA,NA,NA,NA,NA
110069486,1100334611,NA,FALSE,"ESAS",5900,1,"F",NA,NA,NA,NA,NA,NA,NA,49,NA
110069487,1100334612,NA,FALSE,"ESAS",720,6,"F",NA,NA,NA,NA,NA,NA,NA,NA,NA
110069487,1100334613,NA,FALSE,"ESAS",720,1,"D",NA,NA,NA,NA,NA,NA,NA,94,NA
110069488,1100334614,NA,TRUE,"ESAS",5920,2,"B","3",NA,NA,NA,NA,NA,NA,NA,NA
110069488,1100334615,NA,FALSE,"ESAS",720,6,"F",NA,NA,NA,NA,NA,NA,NA,NA,NA
110069488,1100334616,NA,FALSE,"ESAS",6110,2,"E","A",NA,NA,NA,NA,NA,NA,66,NA
110069489,1100334617,NA,FALSE,"ESAS",720,4,"F",NA,NA,NA,NA,NA,NA,NA,NA,NA
110069491,1100334618,"8?",TRUE,"ESAS",5920,2,"F",NA,NA,NA,NA,NA,NA,NA,NA,NA
110069491,1100334619,"8?",TRUE,"ESAS",6000,1,"F",NA,NA,NA,NA,NA,NA,NA,NA,NA
110069491,1100334620,NA,FALSE,"ESAS",720,1,"F",NA,NA,NA,NA,NA,NA,NA,NA,NA
110069491,1100334621,NA,FALSE,"ESAS",720,1,"F",NA,NA,NA,NA,NA,NA,NA,NA,NA
110069491,1100334622,NA,FALSE,"ESAS",720,2,"F",NA,NA,NA,NA,NA,NA,NA,NA,NA
110069492,1100334623,NA,FALSE,"ESAS",720,1,"F",NA,NA,NA,NA,NA,NA,NA,NA,NA
110069493,1100334624,NA,FALSE,"ESAS",720,5,"F",NA,NA,NA,NA,NA,NA,NA,NA,NA
110069493,1100334625,NA,FALSE,"ESAS",720,1,"F",NA,NA,NA,NA,NA,NA,NA,NA,NA
110069494,1100334626,NA,FALSE,"ESAS",720,1,"F",NA,NA,NA,NA,NA,NA,NA,NA,NA
110069496,1100334627,NA,FALSE,"ESAS",720,1,"F",NA,NA,NA,NA,NA,NA,NA,NA,NA
110069497,1100334628,NA,FALSE,"ESAS",5920,1,"F","2",NA,NA,NA,NA,NA,NA,NA,NA
110069497,1100334629,NA,FALSE,"ESAS",720,1,"F",NA,NA,NA,NA,NA,NA,NA,NA,NA
110069497,1100334630,NA,FALSE,"ESAS",720,3,"F",NA,NA,NA,NA,NA,NA,NA,NA,NA
110069497,1100334631,NA,FALSE,"ESAS",720,1,"E",NA,NA,NA,NA,NA,NA,22,NA,NA
110069497,1100334632,NA,TRUE,"ESAS",720,1,"F",NA,NA,NA,NA,NA,NA,NA,NA,NA
110069497,1100334633,NA,FALSE,"ESAS",5920,1,"F",NA,NA,NA,NA,NA,NA,NA,NA,NA
110069498,1100334634,NA,FALSE,"ESAS",5910,1,"F","A",NA,NA,NA,NA,NA,NA,NA,NA
110069498,1100334635,NA,FALSE,"ESAS",5910,5,"F",NA,NA,NA,NA,NA,NA,NA,NA,NA
110069501,1100334636,NA,FALSE,"ESAS",6150,1,"F",NA,NA,NA,NA,NA,NA,NA,NA,NA
110069502,1100334637,NA,FALSE,"ESAS",720,1,"F",NA,NA,NA,NA,NA,NA,NA,NA,NA
110069504,1100334638,NA,FALSE,"ESAS",720,5,"C",NA,NA,NA,NA,NA,NA,22,NA,NA
110069504,1100334639,NA,FALSE,"ESAS",720,1,"F",NA,NA,NA,NA,NA,NA,NA,NA,NA
110069505,1100334640,NA,FALSE,"ESAS",5920,4,"D",NA,NA,NA,NA,NA,NA,NA,NA,NA
110069505,1100334641,NA,FALSE,"ESAS",720,1,"F",NA,NA,NA,NA,NA,NA,NA,NA,NA
110069505,1100334642,NA,FALSE,"ESAS",5910,1,"D","A",NA,NA,NA,NA,NA,NA,NA,NA
110069506,1100334643,"9?",TRUE,"ESAS",6000,1,"C","2",NA,NA,NA,NA,NA,NA,NA,NA
110069506,1100334644,"9?",TRUE,"ESAS",5920,1,"C","2",NA,NA,NA,NA,NA,NA,NA,NA
110069506,1100334645,"9?",TRUE,"ESAS",5910,1,"C","A",NA,NA,NA,NA,NA,NA,NA,NA
110069506,1100334646,NA,TRUE,"ESAS",6000,1,"B","A",NA,NA,NA,NA,NA,NA,94,NA
110069506,1100334647,NA,FALSE,"ESAS",5900,2,"F","2",NA,NA,NA,NA,NA,NA,NA,NA
110069509,1100334648,NA,FALSE,"ESAS",5910,1,"F","A",NA,NA,NA,NA,NA,NA,NA,NA
110069510,1100334649,NA,FALSE,"ESAS",720,2,"E",NA,NA,NA,NA,NA,NA,22,NA,NA
110069511,1100334650,NA,TRUE,"ESAS",6000,1,"D","3",NA,NA,NA,NA,NA,22,NA,NA
110069511,1100334651,NA,TRUE,"ESAS",720,2,"D",NA,NA,NA,NA,NA,NA,22,NA,NA
110069512,1100334652,NA,FALSE,"ESAS",6150,1,"F",NA,NA,NA,NA,NA,NA,NA,49,NA
110069514,1100334653,NA,FALSE,"ESAS",6150,1,"F",NA,NA,NA,NA,NA,NA,NA,NA,NA
110069515,1100334654,NA,FALSE,"ESAS",6150,1,"F","A",NA,NA,NA,NA,NA,NA,30,NA
110069515,1100334655,NA,TRUE,"ESAS",5480,5,"F",NA,NA,NA,NA,NA,NA,NA,NA,NA
110069515,1100334656,NA,FALSE,"ESAS",5910,1,"F","A",NA,NA,NA,NA,NA,NA,NA,NA
110069515,1100334657,NA,FALSE,"ESAS",6150,2,"F",NA,NA,NA,NA,NA,NA,NA,NA,NA
110069515,1100334658,NA,FALSE,"ESAS",6110,6,"F",NA,NA,NA,NA,NA,NA,NA,NA,NA
110069516,1100334659,NA,FALSE,"ESAS",5910,1,"F","A",NA,NA,NA,NA,NA,NA,NA,NA
110069516,1100334660,NA,FALSE,"ESAS",5750,2,"F","A",NA,NA,NA,NA,NA,NA,NA,NA
110069516,1100334661,NA,FALSE,"ESAS",720,1,"F",NA,NA,NA,NA,NA,NA,NA,NA,NA
110069517,1100334662,NA,FALSE,"ESAS",6150,1,"F","A",NA,NA,NA,NA,NA,NA,NA,NA
110069517,1100334663,NA,FALSE,"ESAS",5910,1,"F","A",NA,NA,NA,NA,NA,NA,NA,NA
110069518,1100334664,NA,FALSE,"ESAS",6000,1,"A","2",NA,NA,NA,NA,NA,NA,94,NA
110069518,1100334665,NA,FALSE,"ESAS",5750,1,"F","2",NA,NA,NA,NA,NA,NA,NA,NA
110069518,1100334666,NA,TRUE,"ESAS",720,2,"C",NA,NA,NA,NA,NA,NA,22,NA,NA
110069520,1100334667,NA,TRUE,"ESAS",5910,1,"C","A",NA,NA,NA,NA,NA,NA,94,NA
110069520,1100334668,NA,FALSE,"ESAS",5910,1,"A","1",NA,NA,NA,NA,NA,NA,NA,NA
110069521,1100334669,NA,FALSE,"ESAS",6000,1,"F","A",NA,NA,NA,NA,NA,NA,NA,NA
110069521,1100334670,NA,FALSE,"ESAS",720,2,"E",NA,NA,NA,NA,NA,NA,22,NA,NA
110069521,1100334671,NA,FALSE,"ESAS",5920,1,"F","A",NA,NA,NA,NA,NA,NA,NA,NA
110069522,1100334672,NA,FALSE,"ESAS",5920,1,"F","A",NA,NA,NA,NA,NA,NA,NA,NA
110069522,1100334673,NA,FALSE,"ESAS",6110,2,"F","A",NA,NA,NA,NA,NA,NA,NA,NA
110069524,1100334674,NA,FALSE,"ESAS",5910,1,"F","A",NA,NA,NA,NA,NA,NA,NA,NA
110069524,1100334675,NA,FALSE,"ESAS",6150,1,"F","2",NA,NA,NA,NA,NA,NA,NA,NA
110069525,1100334676,NA,FALSE,"ESAS",5910,2,"F","A",NA,NA,NA,NA,NA,NA,NA,NA
110069526,1100334677,NA,FALSE,"ESAS",5920,1,"F","2",NA,NA,NA,NA,NA,NA,NA,NA
110069526,1100334678,NA,FALSE,"ESAS",6000,1,"F","2",NA,NA,NA,NA,NA,NA,NA,NA
110069526,1100334679,NA,FALSE,"ESAS",720,1,"F",NA,NA,NA,NA,NA,NA,NA,NA,NA
110069528,1100334680,NA,FALSE,"ESAS",5910,1,"F","A",NA,NA,NA,NA,NA,NA,NA,NA
110069528,1100334681,NA,TRUE,"ESAS",5910,1,"F","2",NA,NA,NA,NA,NA,NA,NA,NA
110069528,1100334682,NA,TRUE,"ESAS",5910,1,"F","4",NA,NA,NA,NA,NA,NA,NA,NA
110069529,1100334683,NA,TRUE,"ESAS",5910,1,"C","2",NA,NA,NA,NA,NA,NA,40,NA
110069529,1100334684,NA,FALSE,"ESAS",5910,1,"F",NA,NA,NA,NA,NA,NA,NA,NA,NA
110069530,1100334685,NA,FALSE,"ESAS",5910,1,"B","2",NA,NA,NA,NA,NA,NA,94,NA
110069530,1100334686,NA,FALSE,"ESAS",5910,1,"B","2",NA,NA,NA,NA,NA,NA,94,NA
110069530,1100334687,NA,TRUE,"ESAS",5910,1,"B","2",NA,NA,NA,NA,NA,NA,94,NA
110069531,1100334688,NA,TRUE,"ESAS",5910,10,"W",NA,NA,NA,NA,NA,NA,NA,NA,NA
110069531,1100334689,NA,TRUE,"ESAS",5920,4,"W",NA,NA,NA,NA,NA,NA,NA,NA,NA
110069531,1100334690,NA,TRUE,"ESAS",5920,1,"B","2",NA,NA,NA,NA,NA,NA,94,NA
110069531,1100334691,NA,FALSE,"ESAS",63510,1,"W",NA,NA,NA,NA,NA,NA,NA,NA,NA
110069531,1100334692,NA,FALSE,"ESAS",5910,1,"E","A",NA,NA,NA,NA,NA,NA,NA,NA
110069533,1100334693,NA,FALSE,"ESAS",5910,1,"F","2",NA,NA,NA,NA,NA,NA,NA,NA
110069533,1100334694,NA,FALSE,"ESAS",6150,1,"F","A",NA,NA,NA,NA,NA,NA,NA,NA
110069533,1100334695,NA,FALSE,"ESAS",5920,1,"F","3",NA,NA,NA,NA,NA,NA,NA,NA
110069533,1100334696,NA,TRUE,"ESAS",5910,1,"F","2",NA,NA,NA,NA,NA,NA,NA,NA
110069533,1100334697,NA,FALSE,"ESAS",5910,1,"A","1",NA,NA,NA,NA,NA,NA,94,NA
110069533,1100334698,NA,TRUE,"ESAS",5910,1,"B","2",NA,NA,NA,NA,NA,NA,NA,NA
110069534,1100334699,"1",TRUE,"ESAS",5920,1,"C","A",NA,NA,NA,NA,NA,13,NA,NA
110069534,1100334700,"1",TRUE,"ESAS",5910,4,"C","I",NA,NA,NA,NA,NA,13,NA,NA
110069534,1100334701,"1",TRUE,"ESAS",5910,1,"C","A",NA,NA,NA,NA,NA,13,NA,NA
110069534,1100334702,NA,FALSE,"ESAS",5920,1,"F",NA,NA,NA,NA,NA,NA,NA,NA,NA
110069534,1100334703,NA,FALSE,"ESAS",5920,1,"A","2",NA,NA,NA,NA,NA,NA,NA,NA
110069534,1100334704,NA,TRUE,"ESAS",5920,1,"C","3",NA,NA,NA,NA,NA,13,NA,NA
110069535,1100334705,NA,TRUE,"ESAS",5910,1,"B","4",NA,NA,NA,NA,NA,NA,NA,NA
110069535,1100334706,NA,TRUE,"ESAS",5910,1,"B","A",NA,NA,NA,NA,NA,NA,NA,NA
110069535,1100334707,NA,TRUE,"ESAS",5910,1,"F","A",NA,NA,NA,NA,NA,NA,NA,NA
110069535,1100334708,NA,FALSE,"ESAS",5910,1,"F","1",NA,NA,NA,NA,NA,NA,NA,NA
110069536,1100334709,NA,FALSE,"ESAS",5910,4,"F","A",NA,NA,NA,NA,NA,NA,NA,NA
110069536,1100334710,NA,TRUE,"ESAS",5910,1,"D","2",NA,NA,NA,NA,NA,NA,NA,NA
110069536,1100334711,NA,FALSE,"ESAS",6049,400,"F",NA,NA,NA,NA,NA,NA,21,NA,"BEAM YE139/315°/1,5KM/STOP/+400 meeuw sp"
110069537,1100334712,NA,FALSE,"ESAS",5910,1,"F","1",NA,NA,NA,NA,NA,NA,NA,NA
110069537,1100334713,NA,FALSE,"ESAS",6150,1,"F","A",NA,NA,NA,NA,NA,NA,NA,NA
110069537,1100334714,NA,TRUE,"ESAS",5910,1,"D","A",NA,NA,NA,NA,NA,NA,NA,NA
110069538,1100334715,NA,FALSE,"ESAS",5910,4,"F","A",NA,NA,NA,NA,NA,NA,NA,"BEAM TOWING/315°/3 KM"
110069538,1100334716,NA,TRUE,"ESAS",5920,1,"F","A",NA,NA,NA,NA,NA,NA,NA,NA
110069538,1100334717,NA,FALSE,"ESAS",5920,1,"F","A",NA,NA,NA,NA,NA,NA,NA,NA
110069539,1100334718,NA,FALSE,"ESAS",5910,2,"F","A",NA,NA,NA,NA,NA,NA,NA,NA
110069539,1100334719,NA,FALSE,"ESAS",5910,1,"F","3",NA,NA,NA,NA,NA,NA,NA,NA
110069539,1100334720,NA,TRUE,"ESAS",5910,1,"F","A",NA,NA,NA,NA,NA,NA,NA,NA
110069539,1100334721,NA,FALSE,"ESAS",5910,1,"F","A",NA,NA,NA,NA,NA,NA,NA,NA
110069539,1100334722,NA,FALSE,"ESAS",6150,1,"F","A",NA,NA,NA,NA,NA,NA,NA,NA
110069539,1100334723,NA,FALSE,"ESAS",5920,1,"F","A",NA,NA,NA,NA,NA,NA,NA,NA
110069540,1100334724,"2",TRUE,"ESAS",2130,5,"D",NA,NA,NA,"F",NA,NA,NA,94,NA
110069540,1100334725,"2",TRUE,"ESAS",2130,5,"D",NA,NA,NA,"M",NA,NA,NA,94,NA
110069540,1100334726,"3",TRUE,"ESAS",2130,1,"D",NA,NA,NA,"M",NA,NA,NA,NA,NA
110069540,1100334727,"3",TRUE,"ESAS",2130,1,"D",NA,NA,NA,"F",NA,NA,NA,NA,NA
110069540,1100334728,NA,FALSE,"ESAS",5920,1,"F","A",NA,NA,NA,NA,NA,NA,NA,NA
110069540,1100334729,NA,FALSE,"ESAS",5920,2,"F","A",NA,NA,NA,NA,NA,NA,NA,NA
110069541,1100334730,NA,FALSE,"ESAS",5920,1,"F",NA,NA,NA,NA,NA,NA,NA,NA,NA
110069541,1100334731,NA,FALSE,"ESAS",5910,2,"F","A",NA,NA,NA,NA,NA,NA,NA,NA
110069541,1100334732,NA,FALSE,"ESAS",6049,1000,"F",NA,NA,NA,NA,NA,NA,21,NA,"BEAM TOW/315°/1,5 KM/Z431"
110069541,1100334733,NA,FALSE,"ESAS",6150,2,"F","A",NA,NA,NA,NA,NA,NA,NA,NA
110069541,1100334734,NA,FALSE,"ESAS",6110,1,"F","A",NA,NA,NA,NA,NA,NA,NA,NA
110069542,1100334735,NA,TRUE,"ESAS",63510,1,"A",NA,NA,NA,NA,NA,NA,NA,NA,NA
110069542,1100334736,NA,FALSE,"ESAS",5910,1,"F","4",NA,NA,NA,NA,NA,NA,NA,NA
110069542,1100334737,NA,FALSE,"ESAS",5910,1,"F","A",NA,NA,NA,NA,NA,NA,NA,NA
110069542,1100334738,NA,FALSE,"ESAS",5910,4,"F",NA,NA,NA,NA,NA,NA,NA,NA,NA
110069542,1100334739,NA,TRUE,"ESAS",5910,1,"A","A",NA,NA,NA,NA,NA,NA,NA,NA
110069542,1100334740,NA,FALSE,"ESAS",5910,1,"F","A",NA,NA,NA,NA,NA,NA,NA,NA
110069542,1100334741,NA,FALSE,"ESAS",6150,1,"F","A",NA,NA,NA,NA,NA,NA,NA,NA
110069543,1100334742,NA,TRUE,"ESAS",6150,1,"F","A",NA,NA,NA,NA,NA,NA,NA,"BEAM TOW/315°/1 KM / SL23"
110069543,1100334743,NA,FALSE,"ESAS",6049,1500,"F",NA,NA,NA,NA,NA,NA,21,NA,"2 x BEAM TOW/315°/2 KM"
110069543,1100334744,NA,FALSE,"ESAS",6110,1,"F","A",NA,NA,NA,NA,NA,NA,NA,NA
110069544,1100334745,NA,FALSE,"ESAS",6150,2,"F",NA,NA,NA,NA,NA,NA,NA,NA,NA
110069544,1100334746,NA,FALSE,"ESAS",6150,1,"F","A",NA,NA,NA,NA,NA,NA,NA,NA
110069544,1100334747,NA,FALSE,"ESAS",5910,1,"F","A",NA,NA,NA,NA,NA,NA,NA,NA
110069544,1100334748,NA,FALSE,"ESAS",5820,1,"F","1",NA,NA,NA,NA,NA,NA,NA,NA
110069544,1100334749,NA,FALSE,"ESAS",5820,1,"F","1",NA,NA,NA,NA,NA,NA,NA,NA
110069544,1100334750,NA,FALSE,"ESAS",6110,1,"F",NA,NA,NA,NA,NA,NA,NA,NA,NA
110069544,1100334751,NA,FALSE,"ESAS",6049,200,"F",NA,NA,NA,NA,NA,NA,21,NA,"BEAM TOW/UK104/315°/1 KM/ 200 meeuw"
110069544,1100334752,NA,FALSE,"ESAS",6150,1,"F","A",NA,NA,NA,NA,NA,NA,NA,NA
110069545,1100334753,NA,FALSE,"ESAS",5780,1,"A","2",NA,NA,NA,NA,NA,NA,94,NA
110069545,1100334754,NA,TRUE,"ESAS",5910,1,"C","A",NA,NA,NA,NA,NA,NA,NA,NA
110069545,1100334755,NA,FALSE,"ESAS",5910,1,"F","4",NA,NA,NA,NA,NA,NA,NA,NA
110069545,1100334756,NA,TRUE,"ESAS",6150,1,"F","A",NA,NA,NA,NA,NA,NA,NA,NA
110069546,1100334757,NA,FALSE,"ESAS",6270,1,"F",NA,NA,NA,NA,NA,NA,NA,NA,NA
110069546,1100334758,NA,FALSE,"ESAS",5910,1,"F","A",NA,NA,NA,NA,NA,NA,NA,NA
110069546,1100334759,NA,FALSE,"ESAS",5910,1,"F","A",NA,NA,NA,NA,NA,NA,NA,NA
110069546,1100334760,NA,FALSE,"ESAS",6150,1,"F","A",NA,NA,NA,NA,NA,NA,NA,NA
110069547,1100334761,"4",FALSE,"ESAS",5910,1,"F","A",NA,NA,NA,NA,NA,NA,NA,NA
110069547,1100334762,"4",FALSE,"ESAS",5910,1,"F","4",NA,NA,NA,NA,NA,NA,NA,NA
110069547,1100334763,NA,FALSE,"ESAS",6110,1,"F","A",NA,NA,NA,NA,NA,NA,NA,NA
110069547,1100334764,NA,TRUE,"ESAS",6150,1,"F","A",NA,NA,NA,NA,NA,NA,NA,NA
110069547,1100334765,NA,FALSE,"ESAS",6150,1,"F","A",NA,NA,NA,NA,NA,NA,NA,NA
110069548,1100334766,NA,FALSE,"ESAS",5910,1,"F","A",NA,NA,NA,NA,NA,NA,NA,NA
110069548,1100334767,NA,FALSE,"ESAS",6110,2,"F","A",NA,NA,NA,NA,NA,NA,NA,NA
110069548,1100334768,NA,FALSE,"ESAS",5920,1,"F","A",NA,NA,NA,NA,NA,NA,NA,NA
110069548,1100334769,NA,TRUE,"ESAS",6150,1,"F","A",NA,NA,NA,NA,NA,NA,NA,NA
110069548,1100334770,NA,TRUE,"ESAS",6110,1,"D","A",NA,NA,NA,NA,NA,NA,45,NA
110069549,1100334771,NA,FALSE,"ESAS",6110,1,"F","A",NA,NA,NA,NA,NA,NA,NA,NA
110069549,1100334772,NA,FALSE,"ESAS",5920,1,"F","A",NA,NA,NA,NA,NA,NA,NA,NA
110069549,1100334773,NA,TRUE,"ESAS",5920,1,"F","A",NA,NA,NA,NA,NA,NA,NA,NA
110069549,1100334774,NA,FALSE,"ESAS",6110,1,"F","A",NA,NA,NA,NA,NA,NA,NA,NA
110069549,1100334775,NA,FALSE,"ESAS",6150,1,"F","A",NA,NA,NA,NA,NA,NA,NA,NA
110069549,1100334776,NA,FALSE,"ESAS",5910,1,"F","4",NA,NA,NA,NA,NA,NA,NA,NA
110069549,1100334777,NA,FALSE,"ESAS",5910,1,"F","4",NA,NA,NA,NA,NA,NA,NA,NA
110069549,1100334778,NA,FALSE,"ESAS",6150,1,"F","A",NA,NA,NA,NA,NA,NA,NA,NA
110069549,1100334779,NA,FALSE,"ESAS",6110,1,"F","A",NA,NA,NA,NA,NA,NA,30,NA
110069550,1100334780,NA,FALSE,"ESAS",6150,1,"F","A",NA,NA,NA,NA,NA,NA,NA,NA
110069550,1100334781,NA,FALSE,"ESAS",5910,1,"F","A",NA,NA,NA,NA,NA,NA,NA,NA
110069551,1100334782,"5",FALSE,"ESAS",6150,1,"F","A",NA,NA,NA,NA,NA,NA,NA,NA
110069551,1100334783,"5",FALSE,"ESAS",6150,2,"F","1",NA,NA,NA,NA,NA,NA,NA,NA
110069551,1100334784,NA,FALSE,"ESAS",5910,1,"F","A",NA,NA,NA,NA,NA,NA,NA,NA
110069551,1100334785,NA,TRUE,"ESAS",6110,1,"F","A",NA,NA,NA,NA,NA,NA,NA,NA
110069551,1100334786,NA,FALSE,"ESAS",6110,1,"F","A",NA,NA,NA,NA,NA,NA,NA,NA
110069551,1100334787,NA,FALSE,"ESAS",5910,1,"F","A",NA,NA,NA,NA,NA,NA,NA,NA
110069551,1100334788,NA,FALSE,"ESAS",6150,1,"F","1",NA,NA,NA,NA,NA,NA,NA,NA
110069551,1100334789,NA,FALSE,"ESAS",5910,2,"F","A",NA,NA,NA,NA,NA,NA,NA,NA
110069551,1100334790,NA,FALSE,"ESAS",6110,1,"F","A",NA,NA,NA,NA,NA,NA,NA,NA
110069552,1100334791,NA,FALSE,"ESAS",5920,1,"F","3",NA,NA,NA,NA,NA,NA,NA,NA
110069552,1100334792,NA,TRUE,"ESAS",5920,1,"F","3",NA,NA,NA,NA,NA,NA,NA,NA
110069552,1100334793,NA,FALSE,"ESAS",5910,1,"F","A",NA,NA,NA,NA,NA,NA,NA,NA
110069552,1100334794,NA,FALSE,"ESAS",5910,1,"F","A",NA,NA,NA,NA,NA,NA,NA,NA
110069553,1100334795,NA,TRUE,"ESAS",5920,1,"F","A",NA,NA,NA,NA,NA,NA,NA,NA
110069553,1100334796,NA,TRUE,"ESAS",6150,1,"F","A",NA,NA,NA,NA,NA,NA,NA,NA
110069553,1100334797,NA,TRUE,"ESAS",5910,1,"F","A",NA,NA,NA,NA,NA,NA,NA,NA
110069553,1100334798,NA,FALSE,"ESAS",6110,4,"F",NA,NA,NA,NA,NA,NA,NA,NA,NA
110069553,1100334799,NA,FALSE,"ESAS",5910,1,"F","A",NA,NA,NA,NA,NA,NA,NA,NA
110069553,1100334800,NA,TRUE,"ESAS",6150,1,"F","A",NA,NA,NA,NA,NA,NA,NA,NA
110069553,1100334801,NA,TRUE,"ESAS",5910,1,"F","A",NA,NA,NA,NA,NA,NA,NA,NA
110069553,1100334802,NA,FALSE,"ESAS",6150,2,"F",NA,NA,NA,NA,NA,NA,NA,NA,NA
110069554,1100334803,NA,TRUE,"ESAS",5910,1,"F","A",NA,NA,NA,NA,NA,NA,NA,NA
110069554,1100334804,NA,TRUE,"ESAS",5910,1,"D","2",NA,NA,NA,NA,NA,NA,NA,NA
110069554,1100334805,NA,FALSE,"ESAS",5910,1,"F","A",NA,NA,NA,NA,NA,NA,NA,NA
110069554,1100334806,NA,TRUE,"ESAS",5820,3,"A","A",NA,NA,NA,NA,NA,NA,94,NA
110069554,1100334807,NA,TRUE,"ESAS",6150,1,"A","A",NA,NA,NA,NA,NA,NA,94,NA
110069554,1100334808,NA,TRUE,"ESAS",5750,1,"B","A",NA,NA,NA,NA,NA,NA,44,NA
110069554,1100334809,NA,FALSE,"ESAS",6150,3,"F","A",NA,NA,NA,NA,NA,NA,NA,NA
110069555,1100334810,NA,TRUE,"ESAS",6150,1,"F","A",NA,NA,NA,NA,NA,NA,NA,NA
110069555,1100334811,NA,FALSE,"ESAS",6150,1,"F","A",NA,NA,NA,NA,NA,NA,NA,NA
110069555,1100334812,NA,TRUE,"ESAS",5910,1,"F","A",NA,NA,NA,NA,NA,NA,NA,NA
110069555,1100334813,NA,TRUE,"ESAS",5920,2,"F","I",NA,NA,NA,NA,NA,NA,NA,NA
110069555,1100334814,NA,FALSE,"ESAS",5920,1,"F","A",NA,NA,NA,NA,NA,NA,NA,NA
110069555,1100334815,NA,FALSE,"ESAS",6049,300,"F",NA,NA,NA,NA,NA,NA,21,NA,"BEAM TOW/300°/3 KM/ 300 meeuw"
110069555,1100334816,NA,TRUE,"ESAS",6150,1,"F","A",NA,NA,NA,NA,NA,NA,NA,NA
110069555,1100334817,NA,FALSE,"ESAS",5910,2,"F","A",NA,NA,NA,NA,NA,NA,NA,NA
110069556,1100334818,"6",TRUE,"ESAS",5910,1,"D","A",NA,NA,NA,NA,NA,NA,NA,NA
110069556,1100334819,"6",TRUE,"ESAS",5920,1,"D","A",NA,NA,NA,NA,NA,NA,NA,NA
110069556,1100334820,"6",TRUE,"ESAS",5910,2,"D","I",NA,NA,NA,NA,NA,NA,NA,NA
110069556,1100334821,"6",TRUE,"ESAS",5920,3,"D","I",NA,NA,NA,NA,NA,NA,NA,NA
110069556,1100334822,"6",TRUE,"ESAS",5910,1,"D","I",NA,NA,NA,NA,NA,NA,NA,NA
110069556,1100334823,NA,TRUE,"ESAS",5910,1,"F","3",NA,NA,NA,NA,NA,NA,NA,NA
110069556,1100334824,NA,TRUE,"ESAS",6000,1,"B","2",NA,NA,NA,NA,NA,NA,NA,NA
110069556,1100334825,NA,FALSE,"ESAS",6150,1,"F","A",NA,NA,NA,NA,NA,NA,NA,NA
110069556,1100334826,NA,TRUE,"ESAS",5920,2,"C","I",NA,NA,NA,NA,NA,NA,NA,NA
110069556,1100334827,NA,TRUE,"ESAS",5910,1,"F","A",NA,NA,NA,NA,NA,NA,NA,NA
110069556,1100334828,NA,TRUE,"ESAS",5920,1,"B","2",NA,NA,NA,NA,NA,NA,NA,NA
110069556,1100334829,NA,TRUE,"ESAS",5920,1,"C","2",NA,NA,NA,NA,NA,NA,NA,NA
110069556,1100334830,NA,TRUE,"ESAS",5920,1,"A","1",NA,NA,NA,NA,NA,NA,NA,NA
110069556,1100334831,NA,TRUE,"ESAS",5910,1,"C","2",NA,NA,NA,NA,NA,NA,NA,NA
110069557,1100334832,NA,TRUE,"ESAS",6110,1,"F","A",NA,NA,NA,NA,NA,NA,NA,NA
110069557,1100334833,NA,TRUE,"ESAS",5920,1,"F","3",NA,NA,NA,NA,NA,NA,NA,NA
110069557,1100334834,NA,FALSE,"ESAS",5910,1,"F","A",NA,NA,NA,NA,NA,NA,NA,NA
110069557,1100334835,NA,TRUE,"ESAS",5910,1,"A","2",NA,NA,NA,NA,NA,NA,NA,NA
110069557,1100334836,NA,FALSE,"ESAS",6110,1,"F","A",NA,NA,NA,NA,NA,NA,NA,NA
110069557,1100334837,NA,TRUE,"ESAS",5910,1,"F","A",NA,NA,NA,NA,NA,NA,NA,NA
110069557,1100334838,NA,FALSE,"ESAS",5910,7,"F",NA,NA,NA,NA,NA,NA,NA,NA,NA
110069557,1100334839,NA,TRUE,"ESAS",5910,1,"F","A",NA,NA,NA,NA,NA,NA,NA,NA
110069557,1100334840,NA,FALSE,"ESAS",5920,4,"F",NA,NA,NA,NA,NA,NA,NA,NA,NA
110069557,1100334841,NA,FALSE,"ESAS",5920,1,"F","2",NA,NA,NA,NA,NA,NA,NA,NA
110069557,1100334842,NA,FALSE,"ESAS",5910,4,"F",NA,NA,NA,NA,NA,NA,NA,NA,NA
110069557,1100334843,NA,FALSE,"ESAS",6000,1,"F",NA,NA,NA,NA,NA,NA,NA,NA,NA
110069558,1100334844,NA,TRUE,"ESAS",5910,2,"F",NA,NA,NA,NA,NA,NA,NA,NA,NA
110069558,1100334845,NA,TRUE,"ESAS",6000,1,"F","2",NA,NA,NA,NA,NA,NA,NA,NA
110069558,1100334846,NA,FALSE,"ESAS",6110,1,"F","A",NA,NA,NA,NA,NA,NA,NA,NA
110069558,1100334847,NA,TRUE,"ESAS",6150,1,"F","1",NA,NA,NA,NA,NA,NA,NA,NA
110069558,1100334848,NA,TRUE,"ESAS",5920,2,"F",NA,NA,NA,NA,NA,NA,NA,NA,NA
110069558,1100334849,NA,FALSE,"ESAS",5910,1,"F","A",NA,NA,NA,NA,NA,NA,NA,NA
110069558,1100334850,NA,FALSE,"ESAS",5920,2,"F",NA,NA,NA,NA,NA,NA,NA,NA,NA
110069558,1100334851,NA,FALSE,"ESAS",6150,1,"F","1",NA,NA,NA,NA,NA,NA,NA,NA
110069558,1100334852,NA,TRUE,"ESAS",5910,1,"F","A",NA,NA,NA,NA,NA,NA,NA,NA
110069558,1100334853,NA,FALSE,"ESAS",6110,1,"F","A",NA,NA,NA,NA,NA,NA,NA,NA
110069559,1100334854,"7",FALSE,"ESAS",6150,1,"F","A",NA,NA,NA,NA,NA,NA,NA,NA
110069559,1100334855,"7",FALSE,"ESAS",6150,1,"F","1",NA,NA,NA,NA,NA,NA,NA,NA
110069559,1100334856,NA,FALSE,"ESAS",6150,1,"F","1",NA,NA,NA,NA,NA,NA,NA,NA
110069559,1100334857,NA,TRUE,"ESAS",6110,1,"F","A",NA,NA,NA,NA,NA,28,30,NA
110069559,1100334858,NA,TRUE,"ESAS",5910,1,"F","2",NA,NA,NA,NA,NA,NA,NA,NA
110069559,1100334859,NA,TRUE,"ESAS",6110,4,"F","A",NA,NA,NA,NA,NA,NA,NA,NA
110069559,1100334860,NA,FALSE,"ESAS",6150,1,"F","A",NA,NA,NA,NA,NA,NA,NA,NA
110069559,1100334861,NA,FALSE,"ESAS",6150,2,"F",NA,NA,NA,NA,NA,NA,NA,NA,NA
110069559,1100334862,NA,FALSE,"ESAS",6110,5,"F",NA,NA,NA,NA,NA,NA,NA,NA,NA
110069559,1100334863,NA,TRUE,"ESAS",6110,1,"F","A",NA,NA,NA,NA,NA,28,30,NA
110069559,1100334864,NA,FALSE,"ESAS",6150,2,"F","A",NA,NA,NA,NA,NA,28,30,NA
110069559,1100334865,NA,FALSE,"ESAS",6150,2,"F","A",NA,NA,NA,NA,NA,28,30,NA
110069559,1100334866,NA,FALSE,"ESAS",6110,1,"F","A",NA,NA,NA,NA,NA,NA,NA,NA
110069559,1100334867,NA,FALSE,"ESAS",6110,1,"F","A",NA,NA,NA,NA,NA,NA,NA,NA
110069559,1100334868,NA,FALSE,"ESAS",6110,1,"F","A",NA,NA,NA,NA,NA,NA,NA,NA
110069559,1100334869,NA,TRUE,"ESAS",6150,1,"D","1",NA,NA,NA,NA,NA,NA,45,NA
110069559,1100334870,NA,FALSE,"ESAS",6110,1,"F","A",NA,NA,NA,NA,NA,28,30,NA
110069560,1100334871,"8",FALSE,"ESAS",6150,1,"F","A",NA,NA,NA,NA,NA,NA,NA,NA
110069560,1100334872,"8",FALSE,"ESAS",6150,1,"F","1",NA,NA,NA,NA,NA,NA,NA,NA
110069560,1100334873,NA,TRUE,"ESAS",6150,2,"F",NA,NA,NA,NA,NA,NA,28,30,NA
110069560,1100334874,NA,TRUE,"ESAS",6110,1,"F","A",NA,NA,NA,NA,NA,28,30,NA
110069560,1100334875,NA,TRUE,"ESAS",5910,1,"F",NA,NA,NA,NA,NA,NA,NA,NA,NA
110069560,1100334876,NA,FALSE,"ESAS",6110,2,"F",NA,NA,NA,NA,NA,NA,NA,NA,NA
110069560,1100334877,NA,FALSE,"ESAS",6150,5,"F",NA,NA,NA,NA,NA,NA,NA,NA,NA
110069560,1100334878,NA,FALSE,"ESAS",6150,2,"F","A",NA,NA,NA,NA,NA,NA,NA,NA
110069560,1100334879,NA,FALSE,"ESAS",6110,1,"F","A",NA,NA,NA,NA,NA,28,30,NA
110069560,1100334880,NA,FALSE,"ESAS",6150,1,"F","A",NA,NA,NA,NA,NA,28,30,NA
110069560,1100334881,NA,TRUE,"ESAS",6110,1,"F","A",NA,NA,NA,NA,NA,NA,NA,NA
110069561,1100334882,NA,FALSE,"ESAS",6110,1,"F","A",NA,NA,NA,NA,NA,28,30,NA
110069561,1100334883,NA,FALSE,"ESAS",6110,1,"F","A",NA,NA,NA,NA,NA,28,30,NA
110069561,1100334884,NA,FALSE,"ESAS",6150,2,"F","A",NA,NA,NA,NA,NA,28,30,NA
110069561,1100334885,NA,TRUE,"ESAS",5820,1,"F","2",NA,NA,NA,NA,NA,NA,NA,NA
110069561,1100334886,NA,TRUE,"ESAS",6150,1,"F","1",NA,NA,NA,NA,NA,NA,NA,NA
110069561,1100334887,NA,FALSE,"ESAS",6150,1,"F","A",NA,NA,NA,NA,NA,28,30,NA
110069561,1100334888,NA,FALSE,"ESAS",6110,1,"F","A",NA,NA,NA,NA,NA,28,30,NA
110069561,1100334889,NA,TRUE,"ESAS",6150,1,"F","A",NA,NA,NA,NA,NA,NA,NA,NA
110069562,1100334890,NA,FALSE,"ESAS",6110,1,"F","A",NA,NA,NA,NA,NA,NA,NA,NA
110069562,1100334891,NA,FALSE,"ESAS",6150,2,"F","A",NA,NA,NA,NA,NA,NA,NA,NA
110069562,1100334892,NA,TRUE,"ESAS",6110,1,"F","A",NA,NA,NA,NA,NA,28,30,NA
110069562,1100334893,NA,FALSE,"ESAS",6150,1,"F","A",NA,NA,NA,NA,NA,NA,NA,NA
110069562,1100334894,NA,FALSE,"ESAS",6110,4,"F","A",NA,NA,NA,NA,NA,NA,NA,NA
110069562,1100334895,NA,FALSE,"ESAS",6150,1,"F","A",NA,NA,NA,NA,NA,NA,NA,NA
110069562,1100334896,NA,FALSE,"ESAS",6150,2,"F","1",NA,NA,NA,NA,NA,NA,NA,NA
110069562,1100334897,NA,FALSE,"ESAS",6150,1,"F","A",NA,NA,NA,NA,NA,NA,NA,NA
110069562,1100334898,NA,FALSE,"ESAS",5920,1,"F","3",NA,NA,NA,NA,NA,NA,NA,NA
110069562,1100334899,NA,FALSE,"ESAS",5910,1,"F","A",NA,NA,NA,NA,NA,NA,NA,NA
110069562,1100334900,NA,FALSE,"ESAS",6150,1,"F","1",NA,NA,NA,NA,NA,NA,NA,NA
110069562,1100334901,NA,FALSE,"ESAS",6110,1,"F","A",NA,NA,NA,NA,NA,NA,NA,NA
110069562,1100334902,NA,FALSE,"ESAS",6150,1,"F","1",NA,NA,NA,NA,NA,NA,NA,NA
110069562,1100334903,NA,TRUE,"ESAS",6110,1,"F","A",NA,NA,NA,NA,NA,28,30,NA
110069562,1100334904,NA,FALSE,"ESAS",6150,1,"F",NA,NA,NA,NA,NA,NA,NA,NA,NA
110069562,1100334905,NA,FALSE,"ESAS",6150,1,"F","A",NA,NA,NA,NA,NA,28,30,NA
110069562,1100334906,NA,FALSE,"ESAS",6110,1,"F","A",NA,NA,NA,NA,NA,28,30,NA
110069563,1100334907,NA,FALSE,"ESAS",6150,1,"F","A",NA,NA,NA,NA,NA,NA,NA,NA
110069563,1100334908,NA,FALSE,"ESAS",6110,1,"F","A",NA,NA,NA,NA,NA,NA,NA,NA
110069563,1100334909,NA,FALSE,"ESAS",6150,1,"F","A",NA,NA,NA,NA,NA,NA,NA,NA
110069563,1100334910,NA,FALSE,"ESAS",6150,2,"F","A",NA,NA,NA,NA,NA,NA,NA,NA
110069563,1100334911,NA,FALSE,"ESAS",6150,2,"F","A",NA,NA,NA,NA,NA,NA,NA,NA
110069563,1100334912,NA,FALSE,"ESAS",6150,1,"F","A",NA,NA,NA,NA,NA,28,30,NA
110069564,1100334913,"9",FALSE,"ESAS",6150,1,"F","1",NA,NA,NA,NA,NA,NA,NA,NA
110069564,1100334914,"9",FALSE,"ESAS",6150,1,"F","A",NA,NA,NA,NA,NA,NA,NA,NA
110069564,1100334915,NA,FALSE,"ESAS",6150,2,"F","A",NA,NA,NA,NA,NA,NA,NA,NA
110069565,1100334916,"10",FALSE,"ESAS",6150,1,"F","A",NA,NA,NA,NA,NA,NA,NA,NA
110069565,1100334917,"10",FALSE,"ESAS",6150,1,"F","1",NA,NA,NA,NA,NA,NA,NA,NA
110069565,1100334918,NA,FALSE,"ESAS",6150,1,"F","A",NA,NA,NA,NA,NA,NA,NA,NA
110069565,1100334919,NA,FALSE,"ESAS",6150,1,"F","A",NA,NA,NA,NA,NA,NA,NA,NA
110069566,1100334920,NA,FALSE,"ESAS",6150,1,"F","A",NA,NA,NA,NA,NA,NA,NA,NA
110069566,1100334921,NA,FALSE,"ESAS",6110,1,"F","A",NA,NA,NA,NA,NA,NA,NA,NA
110069566,1100334922,NA,FALSE,"ESAS",6150,1,"B","A",NA,NA,NA,NA,NA,NA,44,NA
110069566,1100334923,NA,FALSE,"ESAS",6150,1,"F","A",NA,NA,NA,NA,NA,NA,NA,NA
110069567,1100334924,NA,FALSE,"ESAS",6150,1,"F","A",NA,NA,NA,NA,NA,NA,NA,NA
110069568,1100334925,NA,FALSE,"ESAS",6150,1,"F","A",NA,NA,NA,NA,NA,NA,NA,NA
110069568,1100334926,NA,FALSE,"ESAS",5910,1,"F","A",NA,NA,NA,NA,NA,NA,NA,NA
110069568,1100334927,NA,FALSE,"ESAS",5820,1,"F","A",NA,NA,NA,NA,NA,NA,NA,NA
110069568,1100334928,NA,FALSE,"ESAS",5910,1,"F","A",NA,NA,NA,NA,NA,NA,NA,NA
110069569,1100334929,NA,TRUE,"ESAS",5900,1,"F","A",NA,NA,NA,NA,NA,NA,NA,NA
110069569,1100334930,NA,TRUE,"ESAS",5910,1,"B","4",NA,NA,NA,NA,NA,NA,44,NA
110069569,1100334931,NA,FALSE,"ESAS",6150,3,"F",NA,NA,NA,NA,NA,NA,NA,NA,NA
110069569,1100334932,NA,FALSE,"ESAS",6150,1,"F","A",NA,NA,NA,NA,NA,NA,NA,NA
110069569,1100334933,NA,TRUE,"ESAS",5910,1,"F","A",NA,NA,NA,NA,NA,NA,NA,NA
110069570,1100334934,"11",FALSE,"ESAS",6150,1,"F","1",NA,NA,NA,NA,NA,NA,NA,NA
110069570,1100334935,"11",FALSE,"ESAS",6150,1,"F","A",NA,NA,NA,NA,NA,NA,NA,NA
110069571,1100334936,NA,FALSE,"ESAS",6150,4,"F",NA,NA,NA,NA,NA,NA,NA,NA,NA
110069571,1100334937,NA,FALSE,"ESAS",6110,2,"F",NA,NA,NA,NA,NA,NA,NA,NA,NA
110069571,1100334938,NA,TRUE,"ESAS",5910,1,"F","A",NA,NA,NA,NA,NA,NA,NA,NA
110069571,1100334939,NA,FALSE,"ESAS",6150,2,"F","A",NA,NA,NA,NA,NA,NA,NA,NA
110069572,1100334940,NA,FALSE,"ESAS",5920,1,"F","1",NA,NA,NA,NA,NA,NA,NA,NA
110069572,1100334941,NA,FALSE,"ESAS",6150,2,"F","A",NA,NA,NA,NA,NA,NA,NA,NA
110069572,1100334942,NA,FALSE,"ESAS",5910,1,"F","A",NA,NA,NA,NA,NA,NA,NA,NA
110069573,1100334943,NA,FALSE,"ESAS",6110,1,"F","A",NA,NA,NA,NA,NA,NA,NA,NA
110069573,1100334944,NA,FALSE,"ESAS",6110,1,"F","A",NA,NA,NA,NA,NA,NA,NA,NA
110069573,1100334945,NA,TRUE,"ESAS",5910,1,"C","A",NA,NA,NA,NA,NA,NA,NA,NA
110069575,1100334946,NA,FALSE,"ESAS",6110,1,"F","A",NA,NA,NA,NA,NA,NA,NA,NA
110069576,1100334947,NA,TRUE,"ESAS",6110,1,"F","A",NA,NA,NA,NA,NA,NA,NA,NA
110069577,1100334948,NA,FALSE,"ESAS",6150,1,"F","A",NA,NA,NA,NA,NA,NA,NA,NA
110069577,1100334949,NA,TRUE,"ESAS",6110,2,"F","A",NA,NA,NA,NA,NA,NA,NA,NA
110069577,1100334950,NA,TRUE,"ESAS",6110,1,"F","A",NA,NA,NA,NA,NA,NA,NA,NA
110069578,1100334951,NA,FALSE,"ESAS",6110,1,"F","A",NA,NA,NA,NA,NA,28,NA,NA
110069578,1100334952,NA,FALSE,"ESAS",5920,1,"F","A",NA,NA,NA,NA,NA,NA,NA,NA
110069579,1100334953,NA,FALSE,"ESAS",6110,1,"F","A",NA,NA,NA,NA,NA,28,NA,NA
110069579,1100334954,NA,FALSE,"ESAS",6110,1,"F","A",NA,NA,NA,NA,NA,NA,NA,NA
110069579,1100334955,NA,FALSE,"ESAS",6110,1,"F","A",NA,NA,NA,NA,NA,NA,NA,NA
110069580,1100334956,NA,TRUE,"ESAS",6270,1,"F","A",NA,NA,NA,NA,NA,NA,NA,NA
110069580,1100334957,NA,FALSE,"ESAS",6110,2,"F","A",NA,NA,NA,NA,NA,NA,NA,NA
110069582,1100334958,NA,FALSE,"ESAS",6110,1,"F","A",NA,NA,NA,NA,NA,28,NA,NA
110069582,1100334959,NA,FALSE,"ESAS",6110,1,"F","A",NA,NA,NA,NA,NA,NA,NA,NA
110069582,1100334960,NA,FALSE,"ESAS",6150,1,"F","A",NA,NA,NA,NA,NA,NA,NA,NA
110069582,1100334961,NA,TRUE,"ESAS",6150,1,"F","1",NA,NA,NA,NA,NA,NA,NA,NA
110069583,1100334962,NA,FALSE,"ESAS",6110,1,"F","A",NA,NA,NA,NA,NA,28,NA,NA
110069585,1100334963,"12",FALSE,"ESAS",6110,1,"F","1",NA,NA,NA,NA,NA,NA,NA,NA
110069585,1100334964,"12",FALSE,"ESAS",6110,1,"F","A",NA,NA,NA,NA,NA,NA,NA,NA
110069585,1100334965,NA,FALSE,"ESAS",4500,5,"F",NA,NA,NA,NA,"SW",NA,NA,NA,NA
110069586,1100334966,NA,FALSE,"ESAS",6110,1,"F",NA,NA,NA,NA,NA,NA,NA,NA,NA
110069587,1100334967,NA,TRUE,"ESAS",6110,1,"D","A",NA,NA,NA,NA,NA,NA,45,NA
110069587,1100334968,NA,TRUE,"ESAS",6110,1,"C","A",NA,NA,NA,NA,NA,NA,45,NA
110069588,1100334969,NA,FALSE,"ESAS",2130,7,"F",NA,NA,NA,"M","SW",NA,NA,NA,NA
110069588,1100334970,NA,FALSE,"ESAS",2130,1,"F",NA,NA,NA,"F","SW",NA,NA,NA,NA
110069588,1100334971,NA,FALSE,"ESAS",6110,1,"F",NA,NA,NA,NA,NA,NA,NA,NA,NA
110069589,1100334972,NA,FALSE,"ESAS",720,2,"F",NA,NA,NA,NA,NA,NA,NA,NA,NA
110069589,1100334973,NA,TRUE,"ESAS",6150,1,"F","A",NA,NA,NA,NA,NA,NA,NA,NA
110069589,1100334974,NA,FALSE,"ESAS",6110,1,"F",NA,NA,NA,NA,NA,NA,NA,NA,NA
110069590,1100334975,NA,FALSE,"ESAS",6110,1,"F","A",NA,NA,NA,NA,NA,NA,NA,NA
110069590,1100334976,NA,FALSE,"ESAS",6110,1,"F","A",NA,NA,NA,NA,NA,NA,NA,NA
110069590,1100334977,NA,FALSE,"ESAS",6110,1,"F","A",NA,NA,NA,NA,NA,NA,30,"Zandspiering 10xSL!"
110069591,1100334978,NA,FALSE,"ESAS",5910,1,"F","A",NA,NA,NA,NA,NA,NA,NA,NA
110069593,1100334979,NA,TRUE,"ESAS",5910,1,"F","A",NA,NA,NA,NA,NA,NA,NA,NA
110069594,1100334980,NA,FALSE,"ESAS",6110,1,"F","A",NA,NA,NA,NA,NA,NA,NA,NA
110069595,1100334981,NA,FALSE,"ESAS",6110,1,"F",NA,NA,NA,NA,NA,NA,28,30,NA
110069595,1100334982,NA,FALSE,"ESAS",6110,1,"F","A",NA,NA,NA,NA,NA,NA,NA,NA
110069595,1100334983,NA,FALSE,"ESAS",5910,1,"F","A",NA,NA,NA,NA,NA,NA,NA,NA
110069596,1100334984,NA,FALSE,"ESAS",5910,1,"F","A",NA,NA,NA,NA,NA,NA,NA,NA
110069599,1100334985,NA,FALSE,"ESAS",6110,1,"F","A",NA,NA,NA,NA,NA,NA,NA,NA
110069599,1100334986,NA,FALSE,"ESAS",6110,1,"F","A",NA,NA,NA,NA,NA,NA,NA,NA
110069600,1100334987,NA,TRUE,"ESAS",6110,1,"F","A",NA,NA,NA,NA,NA,NA,NA,NA
110069601,1100334988,NA,TRUE,"ESAS",5910,1,"D","A",NA,NA,NA,NA,NA,NA,NA,NA
110069604,1100334989,NA,TRUE,"ESAS",5910,1,"F","A",NA,NA,NA,NA,NA,NA,NA,NA
110069606,1100334990,NA,FALSE,"ESAS",6110,1,"F","A",NA,NA,NA,NA,NA,NA,NA,NA
110069607,1100334991,NA,FALSE,"ESAS",6110,1,"F","A",NA,NA,NA,NA,NA,NA,NA,NA
110069608,1100334992,NA,FALSE,"ESAS",5910,1,"F","A",NA,NA,NA,NA,NA,NA,NA,NA
110069610,1100334993,NA,FALSE,"ESAS",5910,1,"F","A",NA,NA,NA,NA,NA,NA,NA,NA
110069610,1100334994,NA,FALSE,"ESAS",6150,1,"F","A",NA,NA,NA,NA,NA,NA,NA,NA
110069610,1100334995,NA,FALSE,"ESAS",6110,1,"F","A",NA,NA,NA,NA,NA,NA,NA,NA
110069610,1100334996,NA,FALSE,"ESAS",7950,1,"F",NA,NA,NA,NA,NA,NA,NA,NA,NA
110069611,1100334997,NA,FALSE,"ESAS",5910,1,"F","A",NA,NA,NA,NA,NA,NA,NA,NA
110069611,1100334998,NA,FALSE,"ESAS",6150,1,"F","A",NA,NA,NA,NA,NA,NA,NA,NA
110069611,1100334999,NA,TRUE,"ESAS",6110,1,"F","A",NA,NA,NA,NA,NA,NA,NA,NA
110069612,1100335000,NA,FALSE,"ESAS",6110,1,"F","A",NA,NA,NA,NA,NA,NA,NA,NA
110069613,1100335001,NA,FALSE,"ESAS",5910,1,"F","A",NA,NA,NA,NA,NA,NA,NA,NA
110069613,1100335002,NA,TRUE,"ESAS",5910,1,"F","A",NA,NA,NA,NA,NA,NA,NA,NA
110069614,1100335003,NA,FALSE,"ESAS",5910,1,"F","A",NA,NA,NA,NA,NA,NA,NA,NA
110069614,1100335004,NA,FALSE,"ESAS",5910,1,"F","A",NA,NA,NA,NA,NA,NA,NA,NA
110069617,1100335005,NA,FALSE,"ESAS",5910,1,"F","A",NA,NA,NA,NA,NA,NA,NA,NA
110069618,1100335006,NA,FALSE,"ESAS",5910,1,"F","A",NA,NA,NA,NA,NA,NA,NA,NA
110069619,1100335007,NA,TRUE,"ESAS",5910,1,"A","A",NA,NA,NA,NA,NA,NA,NA,NA
110069622,1100335008,NA,FALSE,"ESAS",6110,1,"F","A",NA,NA,NA,NA,NA,NA,NA,NA
110069626,1100335009,NA,FALSE,"ESAS",5910,1,"F","A",NA,NA,NA,NA,NA,NA,NA,NA
110069627,1100335010,NA,FALSE,"ESAS",5910,1,"F","A",NA,NA,NA,NA,NA,NA,NA,NA
110069629,1100335011,NA,FALSE,"ESAS",6110,1,"F","A",NA,NA,NA,NA,NA,NA,NA,NA
110069629,1100335012,NA,TRUE,"ESAS",6009,1,"D","I",NA,NA,NA,NA,NA,NA,NA,NA
110069629,1100335013,NA,FALSE,"ESAS",6110,1,"F","A",NA,NA,NA,NA,NA,NA,NA,NA
110069648,1100335014,NA,FALSE,"ESAS",5910,1,"F","4",NA,NA,NA,NA,NA,NA,NA,NA
110069665,1100335015,NA,FALSE,"ESAS",5910,1,"F","A",NA,NA,NA,NA,NA,NA,NA,NA
110069666,1100335016,NA,TRUE,"ESAS",720,1,"B",NA,NA,NA,NA,NA,NA,NA,30,"Platvis"
110069666,1100335017,NA,TRUE,"ESAS",5910,1,"A","A",NA,NA,NA,NA,NA,NA,44,NA
110069666,1100335018,NA,FALSE,"ESAS",720,12,"E",NA,NA,NA,NA,NA,NA,22,NA,NA
110069666,1100335019,NA,FALSE,"ESAS",5910,1,"F","A",NA,NA,NA,NA,NA,NA,NA,NA
110069667,1100335020,NA,FALSE,"ESAS",720,2,"F",NA,NA,NA,NA,NA,NA,NA,NA,NA
110069670,1100335021,NA,FALSE,"ESAS",6110,1,"F","A",NA,NA,NA,NA,NA,NA,NA,NA
110069674,1100335022,"13",FALSE,"ESAS",6110,1,"F","A",NA,NA,NA,NA,NA,NA,NA,NA
110069674,1100335023,"13",FALSE,"ESAS",6110,1,"F","1",NA,NA,NA,NA,NA,NA,NA,NA
110069674,1100335024,"13",FALSE,"ESAS",6110,1,"F","A",NA,NA,NA,NA,NA,NA,30,NA
110069685,1100335025,NA,FALSE,"ESAS",5910,1,"F","2",NA,NA,NA,NA,NA,NA,NA,NA
110069686,1100335026,NA,FALSE,"ESAS",720,1,"F",NA,NA,NA,NA,NA,NA,NA,NA,NA
110069686,1100335027,NA,TRUE,"ESAS",720,1,"D",NA,NA,NA,NA,NA,NA,NA,NA,NA
110069687,1100335028,NA,FALSE,"ESAS",720,1,"F",NA,NA,NA,NA,NA,NA,NA,NA,NA
110069688,1100335029,NA,FALSE,"ESAS",5910,1,"F","A",NA,NA,NA,NA,NA,NA,NA,NA
110069688,1100335030,NA,TRUE,"ESAS",64320,1,"D",NA,NA,NA,NA,NA,NA,NA,NA,NA
110069689,1100335031,NA,FALSE,"ESAS",720,2,"F",NA,NA,NA,NA,NA,NA,NA,NA,NA
110069690,1100335032,"14",TRUE,"ESAS",720,6,"D",NA,NA,NA,NA,NA,NA,22,NA,NA
110069690,1100335033,"14",TRUE,"ESAS",720,2,"D",NA,NA,NA,NA,NA,NA,22,94,NA
110069690,1100335034,NA,TRUE,"ESAS",720,1,"F",NA,NA,NA,NA,NA,NA,NA,NA,NA
110069691,1100335035,NA,FALSE,"ESAS",720,1,"E",NA,NA,NA,NA,NA,NA,NA,NA,NA
110069692,1100335036,NA,TRUE,"ESAS",720,1,"C",NA,NA,NA,NA,NA,NA,NA,NA,NA
110069693,1100335037,NA,FALSE,"ESAS",720,1,"F",NA,NA,NA,NA,NA,NA,NA,NA,NA
110069696,1100335038,NA,FALSE,"ESAS",5910,1,"F","A",NA,NA,NA,NA,NA,NA,NA,NA
110069703,1100335039,NA,TRUE,"ESAS",720,1,"F",NA,NA,NA,NA,NA,NA,NA,NA,NA
110069703,1100335040,NA,FALSE,"ESAS",720,1,"F",NA,NA,NA,NA,NA,NA,NA,NA,NA
110069707,1100335041,NA,TRUE,"ESAS",6000,1,"A","2",NA,NA,NA,NA,NA,NA,NA,NA
110069709,1100335042,NA,FALSE,"ESAS",720,1,"F",NA,NA,NA,NA,NA,NA,NA,NA,NA
110069711,1100335043,NA,FALSE,"ESAS",720,1,"D",NA,NA,NA,NA,NA,NA,NA,NA,NA
110069714,1100335044,NA,FALSE,"ESAS",720,1,"F",NA,NA,NA,NA,NA,NA,NA,NA,NA
110069714,1100335045,NA,FALSE,"ESAS",720,6,"F",NA,NA,NA,NA,NA,NA,NA,NA,NA
110069715,1100335046,NA,FALSE,"ESAS",720,1,"F",NA,NA,NA,NA,NA,NA,NA,NA,NA
110069715,1100335047,NA,FALSE,"ESAS",6110,1,"F",NA,NA,NA,NA,NA,NA,NA,NA,NA
110069716,1100335048,NA,FALSE,"ESAS",720,1,"F",NA,NA,NA,NA,NA,NA,NA,NA,NA
110069716,1100335049,NA,FALSE,"ESAS",5910,1,"C","2",NA,NA,NA,NA,NA,NA,NA,NA
110069716,1100335050,NA,TRUE,"ESAS",720,1,"F",NA,NA,NA,NA,NA,NA,NA,NA,NA
110069717,1100335051,NA,FALSE,"ESAS",720,1,"F",NA,NA,NA,NA,NA,NA,NA,NA,NA
110069718,1100335052,"15",FALSE,"ESAS",6110,1,"F","A",NA,NA,NA,NA,NA,NA,NA,NA
110069718,1100335053,"15",FALSE,"ESAS",6110,1,"F","1",NA,NA,NA,NA,NA,NA,NA,NA
110069719,1100335054,NA,FALSE,"ESAS",6000,1,"F","2",NA,NA,NA,NA,NA,NA,NA,NA
110069719,1100335055,NA,FALSE,"ESAS",720,1,"D",NA,NA,NA,NA,NA,NA,NA,94,NA
110069719,1100335056,NA,FALSE,"ESAS",720,1,"F",NA,NA,NA,NA,NA,NA,NA,NA,NA
110069719,1100335057,NA,TRUE,"ESAS",720,2,"D",NA,NA,NA,NA,NA,NA,NA,94,NA
110069720,1100335058,NA,FALSE,"ESAS",720,1,"F",NA,NA,NA,NA,NA,NA,NA,NA,NA
110069720,1100335059,NA,TRUE,"ESAS",5910,1,"A","3",NA,NA,NA,NA,NA,NA,94,NA
110069721,1100335060,NA,FALSE,"ESAS",720,1,"C",NA,NA,NA,NA,NA,NA,22,NA,NA
110069721,1100335061,NA,FALSE,"ESAS",720,1,"F",NA,NA,NA,NA,NA,NA,NA,NA,NA
110069722,1100335062,NA,TRUE,"ESAS",720,1,"F",NA,NA,NA,NA,NA,NA,NA,NA,NA
110069722,1100335063,NA,FALSE,"ESAS",5910,1,"F","2",NA,NA,NA,NA,NA,NA,NA,NA
110069723,1100335064,NA,TRUE,"ESAS",720,1,"F",NA,NA,NA,NA,NA,NA,NA,NA,NA
110069723,1100335065,NA,TRUE,"ESAS",720,1,"A",NA,NA,NA,NA,NA,NA,NA,NA,NA
110069724,1100335066,NA,FALSE,"ESAS",5910,1,"F","2",NA,NA,NA,NA,NA,NA,NA,NA
110069725,1100335067,"16",FALSE,"ESAS",5910,2,"F","2",NA,NA,NA,NA,NA,NA,NA,NA
110069725,1100335068,"16",FALSE,"ESAS",5910,1,"F","A",NA,NA,NA,NA,NA,NA,NA,NA
110069725,1100335069,NA,FALSE,"ESAS",720,1,"F",NA,NA,NA,NA,NA,NA,NA,NA,NA
110069726,1100335070,NA,FALSE,"ESAS",5920,1,"A","1",NA,NA,NA,NA,NA,NA,94,NA
110069726,1100335071,NA,FALSE,"ESAS",6000,1,"A","2",NA,NA,NA,NA,NA,NA,94,NA
110069727,1100335072,NA,FALSE,"ESAS",5910,1,"F","A",NA,NA,NA,NA,NA,NA,NA,NA
110069727,1100335073,NA,FALSE,"ESAS",5750,1,"A","2",NA,NA,NA,NA,NA,NA,94,NA
110069728,1100335074,NA,FALSE,"ESAS",6000,1,"B","2",NA,NA,NA,NA,NA,NA,NA,NA
110069728,1100335075,NA,TRUE,"ESAS",5920,1,"A","A",NA,NA,NA,NA,NA,NA,40,NA
110069728,1100335076,NA,FALSE,"ESAS",5910,1,"F","A",NA,NA,NA,NA,NA,NA,NA,NA
110069729,1100335077,NA,FALSE,"ESAS",6110,1,"F","A",NA,NA,NA,NA,NA,NA,NA,NA
110069729,1100335078,NA,TRUE,"ESAS",5750,1,"F","2",NA,NA,NA,NA,NA,NA,NA,NA
110069729,1100335079,NA,TRUE,"ESAS",5920,1,"D","A",NA,NA,NA,NA,NA,NA,NA,NA
110069729,1100335080,NA,TRUE,"ESAS",5910,1,"D","A",NA,NA,NA,NA,NA,NA,NA,NA
110069729,1100335081,NA,FALSE,"ESAS",6000,1,"F","I",NA,NA,NA,NA,NA,NA,NA,NA
110069729,1100335082,NA,FALSE,"ESAS",5750,1,"F","2",NA,NA,NA,NA,NA,NA,NA,NA
110069729,1100335083,NA,TRUE,"ESAS",5920,1,"C","3",NA,NA,NA,NA,NA,NA,NA,NA
110069730,1100335084,NA,FALSE,"ESAS",5910,1,"A","1",NA,NA,NA,NA,NA,NA,94,NA
110069731,1100335085,NA,FALSE,"ESAS",5920,1,"A","1",NA,NA,NA,NA,NA,NA,40,NA
110069731,1100335086,NA,FALSE,"ESAS",6000,1,"B","2",NA,NA,NA,NA,NA,NA,94,NA
110069731,1100335087,NA,TRUE,"ESAS",5910,1,"A","1",NA,NA,NA,NA,NA,NA,NA,NA
110069731,1100335088,NA,FALSE,"ESAS",720,1,"A",NA,NA,NA,NA,NA,NA,NA,94,NA
110069731,1100335089,NA,TRUE,"ESAS",5910,1,"B","A",NA,NA,NA,NA,NA,NA,NA,NA
110069732,1100335090,"17",TRUE,"ESAS",5920,1,"B","3",NA,NA,NA,NA,NA,NA,NA,NA
110069732,1100335091,"17",TRUE,"ESAS",5920,1,"B","4",NA,NA,NA,NA,NA,NA,NA,NA
110069732,1100335092,NA,TRUE,"ESAS",5920,1,"D","I",NA,NA,NA,NA,NA,NA,NA,NA
110069732,1100335093,NA,TRUE,"ESAS",5910,1,"F","1",NA,NA,NA,NA,NA,NA,NA,NA
110069732,1100335094,NA,FALSE,"ESAS",5910,1,"F","A",NA,NA,NA,NA,NA,NA,NA,NA
110069732,1100335095,NA,TRUE,"ESAS",6000,1,"B","I",NA,NA,NA,NA,NA,NA,NA,NA
110069732,1100335096,NA,FALSE,"ESAS",5920,6,"F",NA,NA,NA,NA,NA,NA,NA,NA,NA
110069732,1100335097,NA,FALSE,"ESAS",5910,2,"F","1",NA,NA,NA,NA,NA,NA,NA,NA
110069733,1100335098,NA,TRUE,"ESAS",64330,1,"A",NA,NA,NA,NA,NA,NA,NA,NA,NA
110069733,1100335099,NA,TRUE,"ESAS",5910,1,"A","A",NA,NA,NA,NA,NA,NA,45,NA
110069734,1100335100,NA,FALSE,"ESAS",5910,1,"F","3",NA,NA,NA,NA,NA,NA,NA,NA
110069734,1100335101,NA,TRUE,"ESAS",720,1,"F",NA,NA,NA,NA,NA,NA,NA,NA,NA
110069735,1100335102,NA,FALSE,"ESAS",5910,2,"F","A",NA,NA,NA,NA,NA,NA,NA,NA
110069735,1100335103,NA,FALSE,"ESAS",5910,1,"F","1",NA,NA,NA,NA,NA,NA,NA,NA
110069735,1100335104,NA,FALSE,"ESAS",5910,1,"A","A",NA,NA,NA,NA,NA,NA,45,NA
110069736,1100335105,NA,TRUE,"ESAS",5910,1,"F","A",NA,NA,NA,NA,NA,NA,NA,NA
110069736,1100335106,NA,FALSE,"ESAS",5910,1,"F","1",NA,NA,NA,NA,NA,NA,NA,NA
110069736,1100335107,NA,FALSE,"ESAS",5920,1,"F","A",NA,NA,NA,NA,NA,NA,NA,NA
110069736,1100335108,NA,FALSE,"ESAS",720,1,"F",NA,NA,NA,NA,NA,NA,NA,NA,NA
110069738,1100335109,NA,FALSE,"ESAS",5910,1,"W","2",NA,NA,NA,NA,NA,NA,NA,NA
110069738,1100335110,NA,FALSE,"ESAS",6000,1,"F","2",NA,NA,NA,NA,NA,NA,NA,NA
110069738,1100335111,NA,FALSE,"ESAS",720,3,"F",NA,NA,NA,NA,NA,NA,NA,NA,"2A+2"
110069739,1100335112,NA,FALSE,"ESAS",5910,1,"F","A",NA,NA,NA,NA,NA,NA,NA,NA
110069739,1100335113,NA,FALSE,"ESAS",5910,1,"F","A",NA,NA,NA,NA,NA,NA,NA,NA
110069739,1100335114,NA,FALSE,"ESAS",5920,2,"F","A",NA,NA,NA,NA,NA,NA,NA,NA
110069739,1100335115,NA,FALSE,"ESAS",5920,1,"F","1",NA,NA,NA,NA,NA,NA,NA,NA
110069739,1100335116,NA,FALSE,"ESAS",5920,1,"F","A",NA,NA,NA,NA,NA,NA,NA,NA
110069740,1100335117,"18",TRUE,"ESAS",5910,3,"A","1",NA,NA,NA,NA,NA,NA,94,NA
110069740,1100335118,"18",TRUE,"ESAS",5910,1,"A","A",NA,NA,NA,NA,NA,NA,94,NA
110069740,1100335119,NA,FALSE,"ESAS",5910,1,"F","A",NA,NA,NA,NA,NA,NA,NA,NA
110069741,1100335120,NA,TRUE,"ESAS",5910,1,"F","A",NA,NA,NA,NA,NA,NA,NA,NA
110069741,1100335121,NA,FALSE,"ESAS",720,1,"F",NA,NA,NA,NA,NA,NA,NA,NA,NA
110069741,1100335122,NA,FALSE,"ESAS",5920,1,"F","A",NA,NA,NA,NA,NA,NA,NA,NA
110069741,1100335123,NA,FALSE,"ESAS",720,1,"F",NA,NA,NA,NA,NA,NA,NA,NA,"2 (leeftijd)"
110069741,1100335124,NA,FALSE,"ESAS",6150,1,"F","A",NA,NA,NA,NA,NA,NA,NA,NA
110069742,1100335125,NA,FALSE,"ESAS",5820,1,"F","A",NA,NA,NA,NA,NA,NA,NA,NA
110069742,1100335126,NA,FALSE,"ESAS",720,1,"F",NA,NA,NA,NA,NA,NA,28,NA,NA
110069743,1100335127,NA,FALSE,"ESAS",63510,1,"B",NA,NA,NA,NA,NA,NA,NA,NA,NA
110069744,1100335128,NA,FALSE,"ESAS",63510,1,"C",NA,NA,NA,NA,NA,NA,NA,NA,NA
110069744,1100335129,NA,FALSE,"ESAS",6000,1,"C","A",NA,NA,NA,NA,NA,NA,NA,NA
110069744,1100335130,NA,FALSE,"ESAS",6000,1,"C","1",NA,NA,NA,NA,NA,NA,NA,NA
110069744,1100335131,NA,FALSE,"ESAS",5920,1,"B","A",NA,NA,NA,NA,NA,NA,NA,NA
110069744,1100335132,NA,FALSE,"ESAS",6000,1,"F","A",NA,NA,NA,NA,NA,NA,NA,NA
110069745,1100335133,NA,FALSE,"ESAS",5920,1,"F","1",NA,NA,NA,NA,NA,NA,NA,NA
110069747,1100335134,"19",FALSE,"ESAS",6110,2,"F",NA,NA,NA,NA,NA,NA,NA,NA,NA
110069747,1100335135,"19",FALSE,"ESAS",6110,1,"F","A",NA,NA,NA,NA,NA,NA,NA,NA
110069748,1100335136,"20",FALSE,"ESAS",5920,1,"F","1",NA,NA,NA,NA,NA,NA,NA,NA
110069748,1100335137,"20",FALSE,"ESAS",5920,1,"F","3",NA,NA,NA,NA,NA,NA,NA,NA
110069748,1100335138,NA,FALSE,"ESAS",5920,2,"F","1",NA,NA,NA,NA,NA,NA,NA,NA
110069748,1100335139,NA,FALSE,"ESAS",5910,1,"F","A",NA,NA,NA,NA,NA,NA,NA,NA
110069749,1100335140,NA,FALSE,"ESAS",5910,1,"F","A",NA,NA,NA,NA,NA,NA,NA,NA
110069750,1100335141,"21",FALSE,"ESAS",5910,2,"C","A",NA,NA,NA,NA,NA,21,NA,"Vissersboot O28"
110069750,1100335142,"21",FALSE,"ESAS",5920,10,"C","A",NA,NA,NA,NA,NA,21,NA,"Vissersboot O28"
110069750,1100335143,"21",FALSE,"ESAS",5920,1,"C","1",NA,NA,NA,NA,NA,21,NA,"Vissersboot O28"
110069750,1100335144,NA,FALSE,"ESAS",5927,1,"A","A",NA,NA,NA,NA,NA,NA,NA,NA
110069750,1100335145,NA,FALSE,"ESAS",5920,3,"A","1",NA,NA,NA,NA,NA,NA,94,NA
110069750,1100335146,NA,FALSE,"ESAS",5910,1,"A","1",NA,NA,NA,NA,NA,NA,94,NA
110069753,1100335147,NA,FALSE,"ESAS",5670,1,"F","1",NA,NA,NA,"SW",NA,NA,NA,NA
110069758,1100335148,NA,TRUE,"ESAS",6110,1,"D","1",NA,NA,NA,NA,NA,NA,44,NA
110069760,1100335149,NA,FALSE,"ESAS",5910,1,"F","3",NA,NA,NA,NA,NA,NA,NA,NA
110069760,1100335150,NA,TRUE,"ESAS",6110,1,"D",NA,NA,NA,NA,NA,NA,NA,45,NA
110069760,1100335151,NA,TRUE,"ESAS",6150,1,"D",NA,NA,NA,NA,NA,NA,NA,45,NA
110069761,1100335152,NA,FALSE,"ESAS",5920,6,"F","1",NA,NA,NA,NA,NA,NA,NA,NA
110069761,1100335153,NA,TRUE,"ESAS",5927,1,"F","2",NA,NA,NA,NA,NA,NA,NA,NA
110069762,1100335154,NA,TRUE,"ESAS",6150,1,"C","1",NA,NA,NA,NA,NA,NA,45,NA
110069763,1100335155,NA,TRUE,"ESAS",5920,1,"F","1",NA,NA,NA,NA,NA,NA,NA,NA
110069763,1100335156,NA,FALSE,"ESAS",5910,1,"F","3",NA,NA,NA,NA,NA,NA,NA,NA
110069764,1100335157,NA,FALSE,"ESAS",5820,1,"F","A",NA,NA,NA,NA,NA,NA,NA,NA
110069764,1100335158,NA,FALSE,"ESAS",5920,1,"F","1",NA,NA,NA,NA,NA,NA,NA,NA
110069765,1100335159,"22",FALSE,"ESAS",5780,1,"A","A",NA,NA,NA,NA,NA,NA,94,NA
110069765,1100335160,"22",FALSE,"ESAS",5780,1,"A","1",NA,NA,NA,NA,NA,NA,94,NA
110069765,1100335161,NA,FALSE,"ESAS",5920,1,"F","1",NA,NA,NA,NA,NA,NA,NA,NA
110069773,1100335162,NA,FALSE,"ESAS",5780,1,"A","A",NA,NA,NA,NA,NA,NA,94,NA
110069773,1100335163,NA,FALSE,"ESAS",6150,1,"F","A",NA,NA,NA,NA,NA,NA,NA,NA
110069774,1100335164,NA,TRUE,"ESAS",6150,2,"B","1",NA,NA,NA,NA,NA,NA,45,NA
110069775,1100335165,NA,FALSE,"ESAS",5780,1,"A","A",NA,NA,NA,NA,NA,NA,45,NA
110069775,1100335166,NA,TRUE,"ESAS",5780,1,"F","A",NA,NA,NA,NA,NA,NA,NA,NA
110069778,1100335167,NA,FALSE,"ESAS",5910,1,"F","1",NA,NA,NA,NA,NA,NA,NA,NA
110069778,1100335168,NA,FALSE,"ESAS",5910,1,"F","1",NA,NA,NA,NA,NA,NA,NA,NA
110069779,1100335169,NA,FALSE,"ESAS",5920,1,"F","1",NA,NA,NA,NA,NA,NA,NA,NA
110069779,1100335170,NA,FALSE,"ESAS",5920,1,"F","1",NA,NA,NA,NA,NA,NA,NA,NA
110069780,1100335171,NA,FALSE,"ESAS",5920,1,"F","3",NA,NA,NA,NA,NA,NA,NA,NA
110069780,1100335172,NA,FALSE,"ESAS",6110,5,"F",NA,NA,NA,NA,NA,NA,NA,49,NA
110069780,1100335173,NA,FALSE,"ESAS",5920,2,"F","1",NA,NA,NA,NA,NA,NA,NA,NA
110069781,1100335174,NA,FALSE,"ESAS",6110,2,"F",NA,NA,NA,NA,"SW",NA,NA,NA,NA
110069781,1100335175,NA,FALSE,"ESAS",5910,1,"F","A",NA,NA,NA,NA,NA,NA,NA,NA
110069781,1100335176,NA,FALSE,"ESAS",5920,1,"F","2",NA,NA,NA,NA,NA,NA,NA,NA
110069781,1100335177,NA,FALSE,"ESAS",5920,1,"F","1",NA,NA,NA,NA,NA,NA,NA,NA
110069782,1100335178,NA,TRUE,"ESAS",5920,1,"F","1",NA,NA,NA,NA,NA,NA,NA,NA
110069782,1100335179,NA,FALSE,"ESAS",5910,1,"F","1",NA,NA,NA,NA,NA,NA,NA,NA
110069782,1100335180,NA,FALSE,"ESAS",5920,3,"F","1",NA,NA,NA,NA,NA,NA,NA,NA
110069782,1100335181,NA,FALSE,"ESAS",5920,1,"F","3",NA,NA,NA,NA,NA,NA,NA,NA
110069782,1100335182,NA,FALSE,"ESAS",5920,1,"F","2",NA,NA,NA,NA,NA,NA,NA,NA
110069783,1100335183,NA,FALSE,"ESAS",5920,1,"F","1",NA,NA,NA,NA,NA,NA,NA,NA
110069783,1100335184,NA,FALSE,"ESAS",5910,1,"F","1",NA,NA,NA,NA,NA,NA,NA,NA
110069783,1100335185,NA,TRUE,"ESAS",5920,1,"A","1",NA,NA,NA,NA,NA,NA,NA,NA
110069783,1100335186,NA,FALSE,"ESAS",5910,1,"F","3",NA,NA,NA,NA,NA,NA,NA,NA
110069783,1100335187,NA,TRUE,"ESAS",5920,1,"F","1",NA,NA,NA,NA,NA,NA,NA,NA
110069784,1100335188,NA,FALSE,"ESAS",5900,1,"F","2",NA,NA,NA,NA,NA,NA,NA,NA
110069784,1100335189,NA,FALSE,"ESAS",6000,1,"F","2",NA,NA,NA,NA,NA,NA,NA,NA
110069784,1100335190,NA,TRUE,"ESAS",5920,1,"B","1",NA,NA,NA,NA,NA,NA,NA,NA
110069785,1100335191,NA,TRUE,"ESAS",5920,1,"F","1",NA,NA,NA,NA,NA,NA,NA,NA
110069785,1100335192,NA,FALSE,"ESAS",5910,1,"F","1",NA,NA,NA,NA,NA,NA,NA,NA
110069785,1100335193,NA,FALSE,"ESAS",5920,1,"F","1",NA,NA,NA,NA,NA,NA,NA,NA
110069785,1100335194,NA,FALSE,"ESAS",5920,1,"F","1",NA,NA,NA,NA,NA,NA,NA,NA
110069785,1100335195,NA,FALSE,"ESAS",5920,1,"F","1",NA,NA,NA,NA,NA,NA,NA,NA
110069786,1100335196,NA,TRUE,"ESAS",5910,1,"F","1",NA,NA,NA,NA,NA,NA,NA,NA
110069787,1100335197,NA,FALSE,"ESAS",64320,1,"C",NA,NA,NA,NA,NA,NA,NA,NA,NA
110069788,1100335198,"23",FALSE,"ESAS",6000,3,"F","2",NA,NA,NA,NA,NA,NA,NA,NA
110069788,1100335199,"23",FALSE,"ESAS",6000,1,"F","A",NA,NA,NA,NA,NA,NA,NA,NA
110069788,1100335200,NA,FALSE,"ESAS",5920,1,"F","2",NA,NA,NA,NA,NA,NA,NA,NA
110069788,1100335201,NA,FALSE,"ESAS",5920,1,"F","1",NA,NA,NA,NA,NA,NA,NA,NA
110069788,1100335202,NA,FALSE,"ESAS",6150,2,"F","1",NA,NA,NA,NA,NA,NA,49,NA
110069789,1100335203,NA,FALSE,"ESAS",6150,1,"F",NA,NA,NA,NA,NA,NA,NA,NA,NA
110069789,1100335204,NA,FALSE,"ESAS",5920,1,"F","1",NA,NA,NA,NA,NA,NA,NA,NA
110069789,1100335205,NA,FALSE,"ESAS",5920,1,"F","2",NA,NA,NA,NA,NA,NA,NA,NA
110069790,1100335206,NA,FALSE,"ESAS",6150,1,"F","A",NA,NA,NA,"SW",NA,NA,NA,NA
110069790,1100335207,NA,FALSE,"ESAS",6110,1,"F","A",NA,NA,NA,"SW",NA,NA,NA,NA
110069791,1100335208,NA,FALSE,"ESAS",5820,1,"F","A",NA,NA,NA,NA,NA,NA,NA,NA
110069791,1100335209,NA,FALSE,"ESAS",5920,1,"F","A",NA,NA,NA,NA,NA,NA,NA,NA
110069793,1100335210,NA,FALSE,"ESAS",5900,1,"F","A",NA,NA,NA,NA,NA,NA,NA,NA
110069794,1100335211,NA,FALSE,"ESAS",5920,1,"F","1",NA,NA,NA,NA,NA,NA,NA,NA
110069794,1100335212,NA,FALSE,"ESAS",5920,1,"F","A",NA,NA,NA,NA,NA,NA,NA,NA
110069795,1100335213,NA,TRUE,"ESAS",720,2,"D",NA,NA,NA,NA,NA,NA,NA,NA,NA
110069795,1100335214,NA,FALSE,"ESAS",5920,1,"F","A",NA,NA,NA,NA,NA,NA,NA,NA
110069796,1100335215,NA,FALSE,"ESAS",720,1,"F",NA,NA,NA,NA,NA,NA,NA,NA,NA
110069797,1100335216,"24",TRUE,"ESAS",5920,120,"W","1",NA,NA,NA,NA,NA,NA,NA,NA
110069797,1100335217,"24",TRUE,"ESAS",5927,1,"W","2",NA,NA,NA,NA,NA,NA,NA,NA
110069797,1100335218,"24",TRUE,"ESAS",5910,10,"W","A",NA,NA,NA,NA,NA,NA,NA,NA
110069797,1100335219,"24",TRUE,"ESAS",5920,12,"W","A",NA,NA,NA,NA,NA,NA,NA,NA
110069797,1100335220,"24",TRUE,"ESAS",5820,2,"W","A",NA,NA,NA,NA,NA,NA,NA,NA
110069797,1100335221,"24",TRUE,"ESAS",6000,3,"W","A",NA,NA,NA,NA,NA,NA,NA,NA
110069800,1100335222,NA,TRUE,"ESAS",20,1,"C","A",NA,"B",NA,NA,NA,NA,94,NA
110069801,1100335223,NA,FALSE,"ESAS",5780,1,"E","1",NA,NA,NA,NA,NA,NA,44,NA
110069803,1100335224,NA,TRUE,"ESAS",64320,1,"A",NA,NA,NA,NA,NA,NA,NA,NA,NA
110069805,1100335225,NA,FALSE,"ESAS",6009,300,"E",NA,NA,NA,NA,NA,NA,21,NA,"Schip Z8 +300 grote meeuwen"
110069806,1100335226,NA,FALSE,"ESAS",1890,7,"F",NA,NA,NA,NA,"NE",NA,NA,NA,NA
110069807,1100335227,NA,FALSE,"ESAS",5750,1,"F","2",NA,NA,NA,NA,NA,NA,NA,NA
110069807,1100335228,NA,FALSE,"ESAS",5780,1,"F","A",NA,NA,NA,NA,NA,NA,NA,NA
110069808,1100335229,NA,FALSE,"ESAS",5780,1,"F","A",NA,NA,NA,NA,NA,NA,NA,NA
110069809,1100335230,NA,TRUE,"ESAS",710,1,"A","A",NA,NA,NA,NA,NA,NA,94,NA
110069811,1100335231,NA,FALSE,"ESAS",710,1,"F","A",NA,NA,NA,NA,NA,NA,NA,NA
110069812,1100335232,NA,TRUE,"ESAS",710,1,"F","A",NA,NA,NA,NA,NA,NA,NA,NA
110069812,1100335233,NA,FALSE,"ESAS",5780,1,"F","A",NA,NA,NA,NA,NA,NA,NA,NA
110069812,1100335234,NA,FALSE,"ESAS",2130,2,"F",NA,NA,NA,NA,"NE",NA,NA,NA,NA
110069813,1100335235,NA,FALSE,"ESAS",5780,1,"F","A",NA,NA,NA,NA,NA,NA,NA,NA
110069814,1100335236,NA,FALSE,"ESAS",6150,1,"F","A",NA,NA,NA,NA,NA,NA,NA,NA
110069817,1100335237,NA,FALSE,"ESAS",6110,1,"F",NA,NA,NA,NA,NA,NA,NA,NA,NA
110069823,1100335238,NA,TRUE,"ESAS",5780,4,"C","A",NA,NA,NA,NA,NA,NA,NA,NA
110069824,1100335239,"25",TRUE,"ESAS",5926,1,"D","3",NA,NA,NA,NA,NA,21,NA,NA
110069824,1100335240,"25",TRUE,"ESAS",5910,7,"D","A",NA,NA,NA,NA,NA,21,NA,NA
110069824,1100335241,"25",TRUE,"ESAS",5910,1,"D","1",NA,NA,NA,NA,NA,21,NA,NA
110069824,1100335242,"25",TRUE,"ESAS",6000,3,"D","A",NA,NA,NA,NA,NA,21,NA,NA
110069824,1100335243,"25",TRUE,"ESAS",6000,1,"D","1",NA,NA,NA,NA,NA,21,NA,NA
110069824,1100335244,"25",TRUE,"ESAS",5920,1,"D","A",NA,NA,NA,NA,NA,21,NA,NA
110069825,1100335245,NA,FALSE,"ESAS",710,2,"F","A",NA,NA,NA,NA,NA,NA,NA,NA
110069825,1100335246,NA,FALSE,"ESAS",710,1,"F","A",NA,NA,NA,NA,NA,NA,NA,NA
110069826,1100335247,NA,FALSE,"ESAS",710,1,"F","2",NA,NA,NA,NA,NA,NA,NA,NA
110069826,1100335248,NA,FALSE,"ESAS",710,7,"F","A",NA,NA,NA,NA,NA,NA,NA,NA
110069826,1100335249,NA,FALSE,"ESAS",710,1,"F","3",NA,NA,NA,NA,NA,NA,NA,NA
110069826,1100335250,NA,FALSE,"ESAS",710,1,"F","1",NA,NA,NA,NA,NA,NA,NA,NA
110069827,1100335251,NA,FALSE,"ESAS",710,4,"F","A",NA,NA,NA,NA,NA,NA,NA,NA
110069827,1100335252,NA,FALSE,"ESAS",710,1,"F","3",NA,NA,NA,NA,NA,NA,NA,NA
110069827,1100335253,NA,FALSE,"ESAS",710,1,"F","1",NA,NA,NA,NA,NA,NA,NA,NA
110069828,1100335254,NA,FALSE,"ESAS",710,1,"F","A",NA,NA,NA,NA,NA,NA,NA,NA
110069829,1100335255,NA,FALSE,"ESAS",5780,1,"F","A",NA,NA,NA,NA,NA,NA,NA,NA
110069829,1100335256,NA,FALSE,"ESAS",710,1,"F","A",NA,NA,NA,NA,NA,NA,NA,NA
110069830,1100335257,NA,FALSE,"ESAS",710,1,"F","3",NA,NA,NA,NA,NA,NA,NA,NA
110069830,1100335258,NA,TRUE,"ESAS",63510,2,"C",NA,NA,NA,NA,NA,NA,NA,NA,NA
110069833,1100335259,NA,FALSE,"ESAS",710,1,"F","A",NA,NA,NA,NA,NA,NA,NA,NA
110069836,1100335260,NA,FALSE,"ESAS",710,1,"F","2",NA,NA,NA,NA,NA,NA,NA,NA
110069836,1100335261,NA,FALSE,"ESAS",710,1,"F","A",NA,NA,NA,NA,NA,NA,NA,NA
110069837,1100335262,NA,FALSE,"ESAS",710,1,"F","A",NA,NA,NA,NA,NA,NA,NA,NA
110069839,1100335263,NA,FALSE,"ESAS",710,5,"F",NA,NA,NA,NA,NA,NA,NA,NA,NA
110069839,1100335264,NA,FALSE,"ESAS",2600,1,"F","1",NA,NA,NA,NA,NA,NA,NA,NA
110069840,1100335265,NA,FALSE,"ESAS",710,4,"F","A",NA,NA,NA,NA,NA,NA,NA,NA
110069840,1100335266,NA,FALSE,"ESAS",710,6,"F","A",NA,NA,NA,NA,NA,NA,NA,NA
110069840,1100335267,NA,FALSE,"ESAS",710,1,"F","2",NA,NA,NA,NA,NA,NA,NA,NA
110069840,1100335268,NA,TRUE,"ESAS",710,1,"A","A",NA,NA,NA,NA,NA,NA,94,NA
110069841,1100335269,NA,FALSE,"ESAS",710,1,"F","A",NA,NA,NA,NA,NA,NA,NA,NA
110069841,1100335270,NA,TRUE,"ESAS",63510,1,"B",NA,NA,NA,NA,NA,NA,NA,NA,NA
110069842,1100335271,NA,TRUE,"ESAS",710,1,"A","2",NA,NA,NA,NA,NA,NA,NA,NA
110069871,1100335272,NA,FALSE,"ESAS",710,1,"F","A",NA,NA,NA,NA,NA,NA,NA,NA
110069872,1100335273,NA,FALSE,"ESAS",710,1,"F","3",NA,NA,NA,NA,NA,NA,NA,NA
110069872,1100335274,NA,FALSE,"ESAS",710,1,"F","2",NA,NA,NA,NA,NA,NA,NA,NA
110069873,1100335275,NA,FALSE,"ESAS",6000,1,"F","2",NA,NA,NA,NA,NA,NA,NA,NA
110069873,1100335276,NA,FALSE,"ESAS",710,1,"F","A",NA,NA,NA,NA,NA,NA,NA,NA
110069873,1100335277,NA,TRUE,"ESAS",710,1,"F","3",NA,NA,NA,NA,NA,NA,NA,NA
110069883,1100335278,NA,TRUE,"ESAS",5910,1,"C","A",NA,NA,NA,NA,NA,NA,NA,NA
110069885,1100335279,NA,FALSE,"ESAS",720,2,"F",NA,NA,NA,NA,NA,NA,NA,NA,NA
110069885,1100335280,NA,TRUE,"ESAS",63510,1,"B",NA,NA,NA,NA,NA,NA,NA,NA,NA
110069891,1100335281,NA,FALSE,"ESAS",710,1,"F","A",NA,NA,NA,NA,NA,NA,NA,NA
110069891,1100335282,NA,FALSE,"ESAS",710,1,"F","A",NA,NA,NA,NA,NA,NA,NA,NA
110069892,1100335283,NA,FALSE,"ESAS",5910,1,"F","3",NA,NA,NA,NA,NA,NA,NA,NA
110069897,1100335284,NA,TRUE,"ESAS",6345,2,"C",NA,NA,NA,NA,NA,NA,NA,NA,NA
110069897,1100335285,NA,TRUE,"ESAS",710,1,"F","A",NA,NA,NA,NA,NA,NA,NA,NA
110069897,1100335286,NA,TRUE,"ESAS",6340,2,"C",NA,NA,NA,NA,NA,NA,NA,94,NA
110069897,1100335287,NA,FALSE,"ESAS",710,1,"F","A",NA,NA,NA,NA,NA,NA,NA,NA
110069898,1100335288,NA,FALSE,"ESAS",710,1,"F","A",NA,NA,NA,NA,NA,NA,NA,NA
110069899,1100335289,NA,FALSE,"ESAS",710,1,"F","A",NA,NA,NA,NA,NA,NA,NA,NA
110069899,1100335290,NA,FALSE,"ESAS",710,1,"F","3",NA,NA,NA,NA,NA,NA,NA,NA
110069899,1100335291,NA,TRUE,"ESAS",710,1,"C","A",NA,NA,NA,NA,NA,NA,NA,NA
110069900,1100335292,NA,FALSE,"ESAS",720,1,"E",NA,NA,NA,NA,NA,NA,NA,94,NA
110069900,1100335293,NA,FALSE,"ESAS",710,1,"F","2",NA,NA,NA,NA,NA,NA,NA,NA
110069901,1100335294,NA,FALSE,"ESAS",720,1,"A","1",NA,NA,NA,NA,NA,NA,94,NA
110069901,1100335295,NA,TRUE,"ESAS",63510,2,"A",NA,NA,NA,NA,NA,NA,NA,NA,NA
110069901,1100335296,NA,TRUE,"ESAS",63510,1,"B",NA,NA,NA,NA,NA,NA,NA,NA,NA
110069902,1100335297,NA,TRUE,"ESAS",6340,1,"B",NA,NA,"W",NA,NA,NA,NA,94,NA
110069902,1100335298,NA,TRUE,"ESAS",63510,2,"B",NA,NA,NA,NA,NA,NA,NA,NA,NA
110069903,1100335299,NA,TRUE,"ESAS",63510,1,"B",NA,NA,NA,NA,NA,NA,NA,NA,NA
110069903,1100335300,NA,TRUE,"ESAS",63510,2,"C",NA,NA,NA,NA,NA,NA,NA,NA,NA
110069903,1100335301,NA,FALSE,"ESAS",63510,2,"A",NA,NA,NA,NA,NA,NA,NA,NA,NA
110069903,1100335302,NA,TRUE,"ESAS",63510,1,"C",NA,NA,NA,NA,NA,NA,NA,NA,NA
110069903,1100335303,NA,FALSE,"ESAS",63510,1,"E",NA,NA,NA,NA,NA,NA,NA,NA,NA
110069904,1100335304,NA,TRUE,"ESAS",710,1,"F","A",NA,NA,NA,NA,NA,NA,NA,NA
110069905,1100335305,NA,TRUE,"ESAS",710,1,"F","A",NA,NA,NA,NA,NA,NA,NA,NA
110069905,1100335306,NA,FALSE,"ESAS",5910,1,"F","1",NA,NA,NA,NA,NA,NA,NA,NA
110069906,1100335307,NA,TRUE,"ESAS",5910,1,"F","4",NA,NA,NA,NA,NA,NA,NA,NA
110069906,1100335308,NA,TRUE,"ESAS",710,1,"C",NA,NA,NA,NA,NA,NA,NA,NA,NA
110069906,1100335309,NA,FALSE,"ESAS",5690,1,"F",NA,NA,NA,NA,NA,NA,NA,NA,NA
110069906,1100335310,NA,FALSE,"ESAS",720,1,"F",NA,NA,NA,NA,NA,NA,NA,NA,NA
110069906,1100335311,NA,FALSE,"ESAS",710,2,"F","A",NA,NA,NA,NA,NA,NA,NA,NA
110069906,1100335312,NA,TRUE,"ESAS",710,2,"C",NA,NA,NA,NA,NA,NA,NA,NA,NA
110069907,1100335313,NA,TRUE,"ESAS",710,1,"F","2",NA,NA,NA,NA,NA,NA,NA,NA
110069907,1100335314,NA,FALSE,"ESAS",6345,1,"F",NA,NA,NA,NA,NA,NA,NA,NA,NA
110069907,1100335315,NA,FALSE,"ESAS",5910,1,"E","2",NA,NA,NA,NA,NA,NA,NA,NA
110069908,1100335316,NA,FALSE,"ESAS",710,10,"F",NA,NA,NA,NA,NA,NA,NA,NA,NA
110069908,1100335317,NA,TRUE,"ESAS",710,1,"C",NA,NA,NA,NA,NA,NA,NA,NA,NA
110069908,1100335318,NA,FALSE,"ESAS",720,1,"F",NA,NA,NA,NA,NA,NA,NA,NA,NA
110069908,1100335319,NA,FALSE,"ESAS",64320,1,"E",NA,NA,NA,NA,NA,NA,NA,NA,NA
110069909,1100335320,NA,TRUE,"ESAS",6360,1,"A",NA,NA,NA,NA,NA,NA,NA,93,NA
110069909,1100335321,NA,FALSE,"ESAS",720,1,"F",NA,NA,NA,NA,NA,NA,NA,NA,NA
110069910,1100335322,NA,TRUE,"ESAS",710,1,"F","4",NA,NA,NA,NA,NA,NA,NA,NA
110069910,1100335323,NA,FALSE,"ESAS",710,3,"F","A",NA,NA,NA,NA,NA,NA,NA,NA
110069910,1100335324,NA,FALSE,"ESAS",5910,1,"E","3",NA,NA,NA,NA,NA,NA,NA,NA
110069911,1100335325,"26",TRUE,"ESAS",710,1,"D","A",NA,NA,NA,NA,NA,NA,NA,NA
110069911,1100335326,"26",TRUE,"ESAS",710,1,"D","2",NA,NA,NA,NA,NA,NA,NA,NA
110069911,1100335327,NA,TRUE,"ESAS",710,1,"B","2",NA,NA,NA,NA,NA,NA,NA,NA
110069911,1100335328,NA,TRUE,"ESAS",710,1,"C","A",NA,NA,NA,NA,NA,NA,NA,NA
110069911,1100335329,NA,FALSE,"ESAS",710,1,"E","A",NA,NA,NA,NA,NA,NA,NA,NA
110069911,1100335330,NA,FALSE,"ESAS",710,1,"C","1",NA,NA,NA,NA,NA,NA,NA,NA
110069911,1100335331,NA,TRUE,"ESAS",710,1,"D","A",NA,NA,NA,NA,NA,NA,NA,NA
110069911,1100335332,NA,TRUE,"ESAS",710,1,"F","A",NA,NA,NA,NA,NA,NA,NA,NA
110069911,1100335333,NA,TRUE,"ESAS",710,1,"C","A",NA,NA,NA,NA,NA,NA,NA,NA
110069911,1100335334,NA,FALSE,"ESAS",720,2,"F",NA,NA,NA,NA,NA,NA,NA,NA,NA
110069911,1100335335,NA,TRUE,"ESAS",710,1,"A","A",NA,NA,NA,NA,NA,NA,NA,NA
110069911,1100335336,NA,TRUE,"ESAS",710,1,"D","A",NA,NA,NA,NA,NA,NA,NA,NA
110069911,1100335337,NA,FALSE,"ESAS",710,1,"A","2",NA,NA,NA,NA,NA,NA,NA,NA
110069911,1100335338,NA,FALSE,"ESAS",710,1,"A","A",NA,NA,NA,NA,NA,NA,NA,NA
110069912,1100335339,"27",TRUE,"ESAS",63510,2,"C",NA,NA,NA,NA,NA,NA,NA,NA,NA
110069912,1100335340,"27",TRUE,"ESAS",710,4,"C",NA,NA,NA,NA,NA,NA,NA,49,"Associatie bruinvis"
110069912,1100335341,NA,FALSE,"ESAS",5910,1,"F","2",NA,NA,NA,NA,NA,NA,NA,NA
110069912,1100335342,NA,FALSE,"ESAS",710,1,"B","3",NA,NA,NA,NA,NA,NA,NA,NA
110069913,1100335343,NA,TRUE,"ESAS",710,1,"C","A",NA,NA,NA,NA,NA,NA,NA,NA
110069913,1100335344,NA,TRUE,"ESAS",720,1,"C",NA,NA,NA,NA,NA,NA,NA,94,NA
110069913,1100335345,NA,FALSE,"ESAS",720,2,"F",NA,NA,NA,NA,NA,NA,NA,NA,NA
110069913,1100335346,NA,FALSE,"ESAS",720,1,"C",NA,NA,NA,NA,NA,NA,NA,NA,NA
110069914,1100335347,NA,TRUE,"ESAS",720,2,"F",NA,NA,NA,NA,NA,NA,NA,NA,NA
110069914,1100335348,NA,FALSE,"ESAS",710,1,"F","A",NA,NA,NA,NA,NA,NA,NA,NA
110069915,1100335349,NA,TRUE,"ESAS",710,1,"B","A",NA,NA,NA,NA,NA,NA,94,NA
110069915,1100335350,NA,FALSE,"ESAS",710,1,"E","A",NA,NA,NA,NA,NA,NA,NA,NA
110069915,1100335351,NA,FALSE,"ESAS",710,5,"F",NA,NA,NA,NA,NA,NA,NA,NA,NA
110069915,1100335352,NA,FALSE,"ESAS",720,2,"D",NA,NA,NA,NA,NA,NA,22,NA,NA
110069916,1100335353,NA,FALSE,"ESAS",6000,1,"F","2",NA,NA,NA,NA,NA,NA,NA,NA
110069917,1100335354,NA,FALSE,"ESAS",5910,1,"F","A",NA,NA,NA,NA,NA,NA,NA,NA
110069917,1100335355,NA,FALSE,"ESAS",5910,1,"F","A",NA,NA,NA,NA,NA,NA,NA,NA
110069917,1100335356,NA,FALSE,"ESAS",710,1,"B","A",NA,NA,NA,NA,NA,NA,94,NA
110069918,1100335357,NA,FALSE,"ESAS",5910,1,"C","3",NA,NA,NA,NA,NA,NA,NA,NA
110069918,1100335358,NA,FALSE,"ESAS",5910,1,"E","A",NA,NA,NA,NA,NA,NA,NA,NA
110069920,1100335359,NA,FALSE,"ESAS",5920,1,"F","1",NA,NA,NA,NA,NA,NA,NA,NA
110069922,1100335360,NA,FALSE,"ESAS",6110,1,"F","I",NA,NA,NA,NA,NA,NA,NA,NA
110069922,1100335361,NA,FALSE,"ESAS",5910,1,"F","1",NA,NA,NA,NA,NA,NA,NA,NA
110069922,1100335362,NA,FALSE,"ESAS",720,1,"F",NA,NA,NA,NA,NA,NA,NA,NA,NA
110069922,1100335363,NA,FALSE,"ESAS",720,1,"B",NA,NA,NA,NA,NA,NA,NA,94,NA
110069923,1100335364,NA,FALSE,"ESAS",5910,1,"F",NA,NA,NA,NA,NA,NA,NA,NA,NA
110069923,1100335365,NA,FALSE,"ESAS",5910,1,"F","1",NA,NA,NA,NA,NA,NA,NA,NA
110069923,1100335366,NA,FALSE,"ESAS",5910,1,"F","A",NA,NA,NA,NA,NA,NA,NA,NA
110069925,1100335367,NA,FALSE,"ESAS",720,3,"F",NA,NA,NA,NA,NA,NA,NA,NA,NA
110069925,1100335368,NA,TRUE,"ESAS",720,1,"A",NA,NA,NA,NA,NA,NA,NA,94,NA
110069925,1100335369,NA,TRUE,"ESAS",720,1,"D",NA,NA,NA,NA,NA,NA,NA,94,NA
110069925,1100335370,NA,TRUE,"ESAS",720,1,"C",NA,NA,NA,NA,NA,NA,NA,94,NA
110069927,1100335371,NA,FALSE,"ESAS",720,5,"F",NA,NA,NA,NA,NA,NA,NA,NA,NA
110069927,1100335372,NA,FALSE,"ESAS",6000,1,"F","2",NA,NA,NA,NA,NA,NA,NA,NA
110069928,1100335373,NA,FALSE,"ESAS",720,1,"F",NA,NA,NA,NA,NA,NA,NA,NA,NA
110069928,1100335374,NA,TRUE,"ESAS",720,1,"C",NA,NA,NA,NA,NA,NA,NA,94,NA
110069928,1100335375,NA,TRUE,"ESAS",5910,1,"W",NA,NA,NA,NA,NA,NA,NA,NA,NA
110069928,1100335376,NA,FALSE,"ESAS",710,1,"F","1",NA,NA,NA,NA,NA,NA,NA,NA
110069928,1100335377,NA,FALSE,"ESAS",720,2,"F",NA,NA,NA,NA,NA,NA,NA,NA,NA
110069929,1100335378,NA,FALSE,"ESAS",6110,2,"F","A",NA,NA,NA,NA,NA,NA,NA,NA
110069929,1100335379,NA,FALSE,"ESAS",6110,2,"F","1",NA,NA,NA,NA,NA,NA,NA,NA
110069929,1100335380,NA,FALSE,"ESAS",720,1,"F",NA,NA,NA,NA,NA,NA,NA,NA,NA
110069929,1100335381,NA,FALSE,"ESAS",5910,1,"F","2",NA,NA,NA,NA,NA,NA,NA,NA
110069930,1100335382,NA,TRUE,"ESAS",5910,1,"F",NA,NA,NA,NA,NA,NA,NA,NA,NA
110069930,1100335383,NA,TRUE,"ESAS",63510,1,"B",NA,NA,NA,NA,NA,NA,NA,NA,NA
110069930,1100335384,NA,FALSE,"ESAS",720,1,"F",NA,NA,NA,NA,NA,NA,NA,NA,NA
110069931,1100335385,NA,FALSE,"ESAS",720,1,"F",NA,NA,NA,NA,NA,NA,NA,NA,NA
110069931,1100335386,NA,FALSE,"ESAS",710,1,"F","2",NA,NA,NA,NA,NA,NA,NA,NA
110069931,1100335387,NA,TRUE,"ESAS",720,1,"B",NA,NA,NA,NA,NA,NA,NA,94,NA
110069932,1100335388,NA,FALSE,"ESAS",5820,1,"F","A",NA,NA,NA,NA,NA,NA,NA,NA
110069933,1100335389,NA,FALSE,"ESAS",5910,1,"F","3",NA,NA,NA,NA,NA,NA,NA,NA
110069934,1100335390,NA,FALSE,"ESAS",2130,16,"F",NA,NA,NA,NA,NA,NA,NA,NA,NA
110069935,1100335391,NA,FALSE,"ESAS",5926,1,"F","2",NA,NA,NA,NA,NA,NA,NA,NA
110069935,1100335392,NA,FALSE,"ESAS",5920,1,"F","2",NA,NA,NA,NA,NA,NA,NA,NA
110069938,1100335393,NA,TRUE,"ESAS",63510,1,"A",NA,NA,NA,NA,NA,NA,NA,NA,NA
110069940,1100335394,NA,FALSE,"ESAS",63510,3,"B",NA,NA,NA,NA,NA,NA,NA,NA,NA
110069941,1100335395,NA,FALSE,"ESAS",5910,1,"F","A",NA,NA,NA,NA,NA,NA,NA,NA
110069942,1100335396,NA,FALSE,"ESAS",720,1,"F",NA,NA,NA,NA,NA,NA,NA,NA,NA
110069943,1100335397,"28",FALSE,"ESAS",6110,3,"F",NA,NA,NA,NA,NA,NA,NA,68,NA
110069943,1100335398,"28",FALSE,"ESAS",5670,1,"F","1",NA,NA,NA,NA,NA,NA,68,NA
110069945,1100335399,NA,FALSE,"ESAS",720,1,"E",NA,NA,NA,NA,NA,NA,22,NA,NA
110069946,1100335400,NA,FALSE,"ESAS",6110,5,"E",NA,NA,NA,NA,NA,NA,NA,45,NA
110069947,1100335401,NA,FALSE,"ESAS",6110,1,"B","1",NA,NA,NA,NA,NA,NA,45,NA
110069947,1100335402,NA,FALSE,"ESAS",6110,1,"F","1",NA,NA,NA,NA,NA,NA,NA,NA
110069948,1100335403,NA,FALSE,"ESAS",5910,1,"F","2",NA,NA,NA,NA,NA,NA,NA,NA
110069949,1100335404,NA,FALSE,"ESAS",5910,1,"F","1",NA,NA,NA,NA,NA,NA,NA,NA
110069949,1100335405,NA,FALSE,"ESAS",5920,1,"F","2",NA,NA,NA,NA,NA,NA,NA,NA
110069949,1100335406,NA,FALSE,"ESAS",5920,1,"F","3",NA,NA,NA,NA,NA,NA,NA,NA
110069949,1100335407,NA,FALSE,"ESAS",5920,1,"F","1",NA,NA,NA,NA,NA,NA,NA,NA
110069950,1100335408,NA,FALSE,"ESAS",720,2,"E",NA,NA,NA,NA,NA,NA,22,NA,NA
110069950,1100335409,NA,FALSE,"ESAS",5820,1,"F","A",NA,NA,NA,NA,NA,NA,NA,NA
110069950,1100335410,NA,TRUE,"ESAS",720,1,"F",NA,NA,NA,NA,NA,NA,NA,NA,NA
110069950,1100335411,NA,FALSE,"ESAS",720,1,"F",NA,NA,NA,NA,NA,NA,NA,NA,NA
110069950,1100335412,NA,FALSE,"ESAS",720,1,"F",NA,NA,NA,NA,NA,NA,NA,NA,NA
110069950,1100335413,NA,FALSE,"ESAS",5920,1,"F","2",NA,NA,NA,NA,NA,NA,NA,NA
110069950,1100335414,NA,FALSE,"ESAS",5920,1,"F","1",NA,NA,NA,NA,NA,NA,NA,NA
110069951,1100335415,NA,FALSE,"ESAS",6110,1,"F",NA,NA,NA,NA,NA,NA,NA,NA,NA
110069951,1100335416,NA,FALSE,"ESAS",720,1,"F",NA,NA,NA,NA,NA,NA,NA,NA,NA
110069951,1100335417,NA,FALSE,"ESAS",6110,2,"F",NA,NA,NA,NA,NA,NA,NA,NA,NA
110069951,1100335418,NA,FALSE,"ESAS",6110,1,"B","A",NA,NA,NA,NA,NA,NA,45,NA
110069951,1100335419,NA,FALSE,"ESAS",6110,1,"B","1",NA,NA,NA,NA,NA,NA,45,NA
110069951,1100335420,NA,FALSE,"ESAS",5820,2,"F","A",NA,NA,NA,NA,NA,NA,NA,NA
110069952,1100335421,NA,FALSE,"ESAS",5900,1,"F","A",NA,NA,NA,NA,NA,NA,NA,NA
110069952,1100335422,NA,FALSE,"ESAS",720,1,"F",NA,NA,NA,NA,NA,NA,NA,NA,NA
110069952,1100335423,NA,FALSE,"ESAS",720,5,"F",NA,NA,NA,NA,NA,NA,NA,NA,NA
110069953,1100335424,NA,FALSE,"ESAS",5900,1,"F","A",NA,NA,NA,NA,NA,NA,NA,NA
110069953,1100335425,NA,FALSE,"ESAS",720,1,"C",NA,NA,NA,NA,NA,NA,NA,94,NA
110069954,1100335426,NA,FALSE,"ESAS",6000,1,"F","A",NA,NA,NA,NA,NA,NA,NA,NA
110069955,1100335427,"1",FALSE,"ESAS",5820,1,"F","A",NA,NA,NA,NA,NA,NA,NA,NA
110069955,1100335428,"1",FALSE,"ESAS",5820,1,"F","1",NA,NA,NA,NA,NA,NA,NA,NA
110069955,1100335429,NA,TRUE,"ESAS",720,1,"F",NA,NA,NA,NA,NA,NA,NA,NA,NA
110069955,1100335430,NA,FALSE,"ESAS",720,1,"D",NA,NA,NA,NA,NA,NA,NA,94,NA
110069955,1100335431,NA,FALSE,"ESAS",5910,1,"F","2",NA,NA,NA,NA,NA,NA,NA,NA
110069956,1100335432,NA,FALSE,"ESAS",5900,1,"F","A",NA,NA,NA,NA,NA,NA,NA,NA
110069956,1100335433,NA,FALSE,"ESAS",5910,1,"F","A",NA,NA,NA,NA,NA,NA,NA,NA
110069956,1100335434,NA,FALSE,"ESAS",720,1,"F",NA,NA,NA,NA,NA,NA,NA,NA,NA
110069956,1100335435,NA,FALSE,"ESAS",5910,1,"F","3",NA,NA,NA,NA,NA,NA,NA,NA
110069956,1100335436,NA,FALSE,"ESAS",5910,1,"F","1",NA,NA,NA,NA,NA,NA,NA,NA
110069957,1100335437,NA,FALSE,"ESAS",720,2,"F",NA,NA,NA,NA,NA,NA,NA,NA,NA
110069957,1100335438,NA,FALSE,"ESAS",5820,1,"F","A",NA,NA,NA,NA,NA,NA,NA,NA
110069957,1100335439,NA,TRUE,"ESAS",5820,1,"B","A",NA,NA,NA,NA,NA,NA,45,NA
110069957,1100335440,NA,FALSE,"ESAS",720,2,"F",NA,NA,NA,NA,NA,NA,NA,NA,NA
110069958,1100335441,NA,FALSE,"ESAS",5910,1,"F","1",NA,NA,NA,NA,NA,NA,NA,NA
110069958,1100335442,NA,TRUE,"ESAS",720,3,"C",NA,NA,NA,NA,NA,NA,22,NA,NA
110069958,1100335443,NA,TRUE,"ESAS",5910,1,"F","A",NA,NA,NA,NA,NA,NA,NA,NA
110069958,1100335444,NA,FALSE,"ESAS",5920,1,"F","2",NA,NA,NA,NA,NA,NA,NA,NA
110069959,1100335445,NA,TRUE,"ESAS",720,1,"F",NA,NA,NA,NA,NA,NA,NA,NA,NA
110069959,1100335446,NA,FALSE,"ESAS",720,2,"F",NA,NA,NA,NA,NA,NA,NA,NA,NA
110069960,1100335447,NA,TRUE,"ESAS",5910,1,"F","A",NA,NA,NA,NA,NA,NA,NA,NA
110069960,1100335448,NA,FALSE,"ESAS",720,1,"F",NA,NA,NA,NA,NA,NA,NA,NA,NA
110069960,1100335449,NA,FALSE,"ESAS",5910,1,"F","1",NA,NA,NA,NA,NA,NA,NA,NA
110069960,1100335450,NA,FALSE,"ESAS",5900,1,"F","A",NA,NA,NA,NA,NA,NA,NA,NA
110069961,1100335451,NA,FALSE,"ESAS",720,1,"F",NA,NA,NA,NA,NA,NA,NA,NA,NA
110069961,1100335452,NA,FALSE,"ESAS",5900,1,"F","A",NA,NA,NA,NA,NA,NA,NA,NA
110069962,1100335453,NA,TRUE,"ESAS",5910,1,"F","A",NA,"W",NA,NA,NA,NA,NA,NA
110069962,1100335454,NA,FALSE,"ESAS",720,1,"A",NA,NA,NA,NA,NA,NA,NA,94,NA
110069963,1100335455,NA,FALSE,"ESAS",15820,4,"F",NA,NA,NA,NA,NA,NA,NA,NA,NA
110069963,1100335456,NA,FALSE,"ESAS",5910,1,"F","A",NA,NA,NA,NA,NA,NA,NA,NA
110069963,1100335457,NA,FALSE,"ESAS",5910,1,"F","1",NA,NA,NA,NA,NA,NA,NA,NA
110069964,1100335458,NA,TRUE,"ESAS",5820,2,"F","A",NA,NA,NA,NA,NA,NA,NA,NA
110069964,1100335459,NA,TRUE,"ESAS",5900,3,"F","A",NA,NA,NA,NA,NA,NA,NA,NA
110069964,1100335460,NA,FALSE,"ESAS",720,1,"F",NA,NA,NA,NA,NA,NA,NA,NA,NA
110069964,1100335461,NA,TRUE,"ESAS",5910,1,"F","A",NA,NA,NA,NA,NA,NA,NA,NA
110069964,1100335462,NA,FALSE,"ESAS",5900,1,"F",NA,NA,NA,NA,NA,NA,NA,NA,NA
110069964,1100335463,NA,FALSE,"ESAS",5910,3,"F",NA,NA,NA,NA,NA,NA,NA,NA,NA
110069964,1100335464,NA,FALSE,"ESAS",5900,1,"F","A",NA,NA,NA,NA,NA,NA,NA,NA
110069964,1100335465,NA,FALSE,"ESAS",5900,1,"F","A",NA,NA,NA,NA,NA,NA,NA,NA
110069965,1100335466,NA,FALSE,"ESAS",5910,2,"F","1",NA,NA,NA,NA,NA,NA,NA,NA
110069965,1100335467,NA,FALSE,"ESAS",5910,1,"F","A",NA,NA,NA,NA,NA,NA,NA,NA
110069965,1100335468,NA,FALSE,"ESAS",5910,1,"F","A",NA,NA,NA,NA,NA,NA,NA,NA
110069965,1100335469,NA,FALSE,"ESAS",5910,1,"F","A",NA,NA,NA,NA,NA,NA,NA,NA
110069965,1100335470,NA,TRUE,"ESAS",5900,1,"F","A",NA,NA,NA,NA,NA,NA,NA,NA
110069966,1100335471,NA,FALSE,"ESAS",5910,1,"F","A",NA,NA,NA,NA,NA,NA,NA,NA
110069967,1100335472,NA,FALSE,"ESAS",720,2,"0",NA,NA,NA,NA,NA,NA,22,NA,NA
110069968,1100335473,NA,FALSE,"ESAS",6340,1,"F",NA,NA,NA,NA,NA,NA,NA,NA,NA
110069968,1100335474,NA,FALSE,"ESAS",5910,2,"F","A",NA,NA,NA,NA,NA,NA,NA,NA
110069969,1100335475,NA,FALSE,"ESAS",5920,1,"F","2",NA,NA,NA,NA,NA,NA,NA,NA
110069969,1100335476,NA,TRUE,"ESAS",1610,1,"D",NA,NA,NA,NA,NA,NA,NA,NA,NA
110069969,1100335477,NA,FALSE,"ESAS",5920,1,"F","A",NA,NA,NA,NA,NA,NA,NA,NA
110069969,1100335478,NA,TRUE,"ESAS",5910,1,"F","3",NA,NA,NA,NA,NA,NA,NA,NA
110069970,1100335479,NA,FALSE,"ESAS",2130,5,"F",NA,NA,NA,NA,NA,NA,NA,NA,NA
110069970,1100335480,NA,FALSE,"ESAS",5900,1,"F","1",NA,NA,NA,NA,NA,NA,NA,NA
110069970,1100335481,NA,FALSE,"ESAS",5920,1,"F","1",NA,NA,NA,NA,NA,NA,NA,NA
110069971,1100335482,NA,TRUE,"ESAS",5900,1,"D","1",NA,NA,NA,NA,NA,NA,94,NA
110069971,1100335483,NA,FALSE,"ESAS",5820,1,"F","A",NA,NA,NA,NA,NA,NA,NA,NA
110069971,1100335484,NA,FALSE,"ESAS",6020,1,"F","1",NA,NA,NA,NA,NA,NA,NA,NA
110069971,1100335485,NA,FALSE,"ESAS",6345,1,"F",NA,NA,NA,NA,NA,NA,NA,NA,NA
110069972,1100335486,NA,FALSE,"ESAS",710,2,"E",NA,NA,NA,NA,NA,NA,NA,NA,NA
110069972,1100335487,NA,FALSE,"ESAS",710,1,"F","2",NA,NA,NA,NA,NA,NA,NA,NA
110069972,1100335488,NA,TRUE,"ESAS",5910,1,"F","1",NA,NA,NA,NA,NA,NA,NA,NA
110069973,1100335489,NA,FALSE,"ESAS",5900,1,"F","A",NA,NA,NA,NA,NA,NA,NA,NA
110069973,1100335490,NA,FALSE,"ESAS",6000,1,"F","A",NA,NA,NA,NA,NA,NA,NA,NA
110069974,1100335491,NA,FALSE,"ESAS",5910,1,"F","1",NA,NA,NA,NA,NA,NA,NA,NA
110069974,1100335492,NA,FALSE,"ESAS",6345,1,"F",NA,NA,NA,NA,NA,NA,NA,NA,NA
110069974,1100335493,NA,TRUE,"ESAS",5900,1,"F","A",NA,NA,NA,NA,NA,NA,NA,NA
110069975,1100335494,NA,FALSE,"ESAS",5910,1,"F",NA,NA,NA,NA,NA,NA,NA,NA,NA
110069976,1100335495,NA,FALSE,"ESAS",6360,2,"F",NA,NA,NA,NA,NA,NA,NA,NA,NA
110069976,1100335496,NA,FALSE,"ESAS",5910,1,"F","3",NA,NA,NA,NA,NA,NA,NA,NA
110069976,1100335497,NA,FALSE,"ESAS",720,1,"F",NA,NA,NA,NA,NA,NA,NA,NA,NA
110069976,1100335498,NA,FALSE,"ESAS",5900,1,"F","A",NA,NA,NA,NA,NA,NA,NA,NA
110069976,1100335499,NA,FALSE,"ESAS",5900,1,"F","A",NA,NA,NA,NA,NA,NA,NA,NA
110069976,1100335500,NA,FALSE,"ESAS",6345,1,"E",NA,NA,NA,NA,NA,NA,NA,NA,NA
110069977,1100335501,NA,TRUE,"ESAS",5900,1,"F","A",NA,NA,NA,NA,NA,NA,NA,NA
110069977,1100335502,NA,FALSE,"ESAS",720,1,"F","1",NA,NA,NA,NA,NA,NA,NA,NA
110069977,1100335503,NA,TRUE,"ESAS",5910,1,"F","1",NA,NA,NA,NA,NA,NA,NA,NA
110069977,1100335504,NA,TRUE,"ESAS",5910,1,"A","A",NA,NA,NA,NA,NA,NA,94,NA
110069978,1100335505,NA,FALSE,"ESAS",720,4,"F",NA,NA,NA,NA,NA,NA,NA,NA,NA
110069978,1100335506,NA,FALSE,"ESAS",6345,4,"D",NA,NA,NA,NA,NA,NA,NA,94,NA
110069978,1100335507,NA,FALSE,"ESAS",720,5,"F",NA,NA,NA,NA,NA,NA,NA,NA,NA
110069979,1100335508,NA,TRUE,"ESAS",5910,1,"C","A",NA,NA,NA,NA,NA,NA,NA,NA
110069979,1100335509,NA,TRUE,"ESAS",6360,6,"C",NA,NA,NA,NA,NA,NA,NA,NA,NA
110069979,1100335510,NA,FALSE,"ESAS",6345,7,"F",NA,NA,NA,NA,NA,NA,NA,NA,NA
110069979,1100335511,NA,FALSE,"ESAS",710,1,"F","A",NA,NA,NA,NA,NA,NA,NA,NA
110069979,1100335512,NA,FALSE,"ESAS",720,1,"F",NA,NA,NA,NA,NA,NA,NA,NA,NA
110069980,1100335513,NA,TRUE,"ESAS",6360,4,"C",NA,NA,NA,NA,NA,NA,NA,NA,NA
110069980,1100335514,NA,FALSE,"ESAS",720,1,"F",NA,NA,NA,NA,NA,NA,NA,NA,NA
110069980,1100335515,NA,FALSE,"ESAS",5900,1,"F","A",NA,NA,NA,NA,NA,NA,NA,NA
110069980,1100335516,NA,TRUE,"ESAS",5900,1,"F","1",NA,NA,NA,NA,NA,NA,NA,NA
110069980,1100335517,NA,TRUE,"ESAS",720,1,"F",NA,NA,NA,NA,NA,NA,NA,NA,NA
110069980,1100335518,NA,FALSE,"ESAS",720,1,"F",NA,NA,NA,NA,NA,NA,NA,NA,NA
110069980,1100335519,NA,FALSE,"ESAS",720,1,"F",NA,NA,NA,NA,NA,NA,NA,NA,NA
110069981,1100335520,NA,FALSE,"ESAS",6345,2,"F",NA,NA,NA,NA,NA,NA,NA,NA,NA
110069981,1100335521,NA,FALSE,"ESAS",720,1,"F",NA,NA,NA,NA,NA,NA,NA,NA,NA
110069981,1100335522,NA,TRUE,"ESAS",6360,1,"C",NA,NA,NA,NA,NA,NA,NA,93,NA
110069981,1100335523,NA,TRUE,"ESAS",710,1,"F","A",NA,NA,NA,NA,NA,NA,NA,NA
110069981,1100335524,NA,TRUE,"ESAS",6360,1,"A",NA,NA,NA,NA,NA,NA,NA,NA,NA
110069982,1100335525,NA,FALSE,"ESAS",720,1,"F",NA,NA,NA,NA,NA,NA,NA,NA,NA
110069982,1100335526,NA,TRUE,"ESAS",5927,1,"F","1",NA,NA,NA,NA,NA,NA,NA,NA
110069983,1100335527,NA,FALSE,"ESAS",5910,1,"F","A",NA,NA,NA,NA,NA,NA,NA,NA
110069983,1100335528,NA,FALSE,"ESAS",5910,1,"F","1",NA,NA,NA,NA,NA,NA,NA,NA
110069983,1100335529,NA,FALSE,"ESAS",5910,1,"F","3",NA,NA,NA,NA,NA,NA,NA,NA
110069983,1100335530,NA,TRUE,"ESAS",6360,1,"C",NA,NA,NA,NA,NA,NA,NA,NA,NA
110069984,1100335531,"2",TRUE,"ESAS",5900,1,"F","1",NA,NA,NA,NA,NA,NA,NA,NA
110069984,1100335532,"2",TRUE,"ESAS",5820,2,"F","A",NA,NA,NA,NA,NA,NA,NA,NA
110069984,1100335533,NA,FALSE,"ESAS",720,2,"F",NA,NA,NA,NA,NA,NA,NA,NA,NA
110069984,1100335534,NA,FALSE,"ESAS",5900,1,"F","A",NA,NA,NA,NA,NA,NA,NA,NA
110069984,1100335535,NA,TRUE,"ESAS",720,2,"F",NA,NA,NA,NA,NA,NA,NA,NA,NA
110069984,1100335536,NA,FALSE,"ESAS",720,1,"F",NA,NA,NA,NA,NA,NA,NA,NA,NA
110069984,1100335537,NA,FALSE,"ESAS",5900,1,"F","1",NA,NA,NA,NA,NA,NA,NA,NA
110069984,1100335538,NA,FALSE,"ESAS",720,1,"F",NA,NA,NA,NA,NA,NA,NA,NA,NA
110069984,1100335539,NA,FALSE,"ESAS",6345,3,"B",NA,NA,NA,NA,NA,NA,NA,94,NA
110069984,1100335540,NA,FALSE,"ESAS",6345,1,"F",NA,NA,NA,NA,NA,NA,NA,NA,NA
110069984,1100335541,NA,FALSE,"ESAS",720,1,"F",NA,NA,NA,NA,NA,NA,NA,NA,NA
110069985,1100335542,NA,TRUE,"ESAS",6360,1,"B",NA,NA,NA,NA,NA,NA,NA,93,NA
110069985,1100335543,NA,TRUE,"ESAS",720,1,"D",NA,NA,NA,NA,NA,NA,22,NA,NA
110069986,1100335544,NA,FALSE,"ESAS",64320,1,"B",NA,NA,NA,NA,NA,NA,NA,NA,NA
110069987,1100335545,NA,TRUE,"ESAS",6360,4,"C",NA,NA,NA,NA,NA,NA,NA,94,NA
110069987,1100335546,NA,TRUE,"ESAS",5920,1,"D","3",NA,NA,NA,NA,NA,22,NA,NA
110069987,1100335547,NA,FALSE,"ESAS",720,1,"F",NA,NA,NA,NA,NA,NA,NA,NA,NA
110069987,1100335548,NA,TRUE,"ESAS",720,1,"D",NA,NA,NA,NA,NA,NA,22,NA,NA
110069988,1100335549,NA,FALSE,"ESAS",5910,1,"F","1",NA,NA,NA,NA,NA,NA,NA,NA
110069988,1100335550,NA,FALSE,"ESAS",5780,1,"A","A",NA,NA,NA,NA,NA,NA,NA,NA
110069988,1100335551,NA,FALSE,"ESAS",710,1,"F","4",NA,NA,NA,NA,NA,NA,NA,NA
110069989,1100335552,NA,FALSE,"ESAS",6345,2,"F",NA,NA,NA,NA,NA,NA,NA,NA,NA
110069989,1100335553,NA,FALSE,"ESAS",720,1,"F",NA,NA,NA,NA,NA,NA,NA,NA,NA
110069990,1100335554,NA,FALSE,"ESAS",6345,1,"F",NA,NA,NA,NA,NA,NA,NA,NA,NA
110069990,1100335555,NA,FALSE,"ESAS",5900,2,"F","A",NA,NA,NA,NA,NA,NA,NA,NA
110069990,1100335556,NA,FALSE,"ESAS",720,2,"F",NA,NA,NA,NA,NA,NA,NA,NA,NA
110069991,1100335557,NA,FALSE,"ESAS",6000,2,"F","2",NA,NA,NA,NA,NA,NA,NA,NA
110069991,1100335558,NA,TRUE,"ESAS",5910,1,"F","A",NA,NA,NA,NA,NA,NA,NA,NA
110069991,1100335559,NA,TRUE,"ESAS",6000,1,"B","1",NA,NA,NA,NA,NA,NA,NA,NA
110069991,1100335560,NA,TRUE,"ESAS",6345,2,"F",NA,NA,NA,NA,NA,NA,NA,NA,NA
110069992,1100335561,NA,FALSE,"ESAS",5910,1,"F","1",NA,NA,NA,NA,NA,NA,NA,NA
110069992,1100335562,NA,FALSE,"ESAS",5910,2,"F","A",NA,NA,NA,NA,NA,NA,NA,NA
110069992,1100335563,NA,FALSE,"ESAS",19999,1,"F",NA,NA,NA,NA,NA,NA,NA,NA,NA
110069994,1100335564,NA,FALSE,"ESAS",6360,1,"F",NA,NA,NA,NA,NA,NA,NA,NA,NA
110069994,1100335565,NA,FALSE,"ESAS",63510,1,"D",NA,NA,NA,NA,NA,NA,NA,NA,"30°, 200 m"
110069994,1100335566,NA,FALSE,"ESAS",5900,1,"F","A",NA,NA,NA,NA,NA,NA,NA,NA
110069995,1100335567,NA,FALSE,"ESAS",5900,1,"F","A",NA,NA,NA,NA,NA,NA,NA,NA
110069996,1100335568,NA,FALSE,"ESAS",6345,2,"F",NA,NA,NA,NA,NA,NA,NA,NA,NA
110069996,1100335569,NA,FALSE,"ESAS",5900,2,"F","1",NA,NA,NA,NA,NA,NA,NA,NA
110069996,1100335570,NA,FALSE,"ESAS",5910,1,"F","A",NA,NA,NA,NA,NA,NA,NA,NA
110069996,1100335571,NA,FALSE,"ESAS",710,1,"F","A",NA,NA,NA,NA,NA,NA,NA,NA
110069996,1100335572,NA,FALSE,"ESAS",720,1,"F",NA,NA,NA,NA,NA,NA,NA,NA,NA
110069997,1100335573,NA,TRUE,"ESAS",6000,1,"D","A",NA,NA,NA,NA,NA,NA,NA,NA
110069997,1100335574,NA,FALSE,"ESAS",720,1,"E",NA,NA,NA,NA,NA,NA,NA,94,NA
110069998,1100335575,"3",FALSE,"ESAS",5900,6,"A","A",NA,NA,NA,NA,NA,NA,44,NA
110069998,1100335576,"3",FALSE,"ESAS",5900,1,"A","2",NA,NA,NA,NA,NA,NA,NA,NA
110069998,1100335577,"4",TRUE,"ESAS",5910,1,"F","A",NA,NA,NA,NA,NA,NA,NA,NA
110069998,1100335578,"4",TRUE,"ESAS",5920,1,"F","A",NA,NA,NA,NA,NA,NA,NA,NA
110069998,1100335579,NA,TRUE,"ESAS",5900,1,"F","A",NA,NA,NA,NA,NA,NA,NA,NA
110069998,1100335580,NA,FALSE,"ESAS",6360,26,"F",NA,NA,NA,NA,NA,NA,NA,NA,NA
110069998,1100335581,NA,FALSE,"ESAS",6360,5,"F",NA,NA,NA,NA,NA,NA,NA,NA,NA
110069998,1100335582,NA,FALSE,"ESAS",6345,14,"F",NA,NA,NA,NA,NA,NA,NA,NA,NA
110069998,1100335583,NA,FALSE,"ESAS",6345,3,"F",NA,NA,NA,NA,NA,NA,NA,NA,NA
110069999,1100335584,NA,FALSE,"ESAS",6360,10,"F",NA,NA,NA,NA,NA,NA,NA,NA,NA
110069999,1100335585,NA,FALSE,"ESAS",710,1,"E","A",NA,NA,NA,NA,NA,NA,94,NA
110069999,1100335586,NA,TRUE,"ESAS",6360,5,"F",NA,NA,NA,NA,NA,NA,NA,NA,NA
110069999,1100335587,NA,FALSE,"ESAS",720,2,"F",NA,NA,NA,NA,NA,NA,NA,NA,NA
110070000,1100335588,NA,FALSE,"ESAS",710,1,"F","3",NA,NA,NA,NA,NA,NA,NA,NA
110070000,1100335589,NA,TRUE,"ESAS",6360,2,"F",NA,NA,NA,NA,NA,NA,NA,NA,NA
110070000,1100335590,NA,FALSE,"ESAS",6360,3,"F",NA,NA,NA,NA,NA,NA,NA,NA,NA
110070000,1100335591,NA,TRUE,"ESAS",6360,3,"C",NA,NA,NA,NA,NA,NA,NA,NA,NA
110070000,1100335592,NA,FALSE,"ESAS",710,1,"F","A",NA,NA,NA,NA,NA,NA,NA,NA
110070000,1100335593,NA,TRUE,"ESAS",6360,1,"C",NA,NA,NA,NA,NA,NA,NA,NA,NA
110070000,1100335594,NA,TRUE,"ESAS",6360,2,"D",NA,NA,NA,NA,NA,NA,NA,NA,NA
110070000,1100335595,NA,TRUE,"ESAS",710,1,"F","4",NA,NA,NA,NA,NA,NA,NA,NA
110070000,1100335596,NA,TRUE,"ESAS",6360,2,"C",NA,NA,NA,NA,NA,NA,NA,NA,NA
110070001,1100335597,NA,TRUE,"ESAS",5900,1,"F","1",NA,NA,NA,NA,NA,NA,NA,NA
110070001,1100335598,NA,TRUE,"ESAS",6360,1,"C",NA,NA,NA,NA,NA,NA,NA,NA,NA
110070001,1100335599,NA,FALSE,"ESAS",6360,20,"F",NA,NA,NA,NA,NA,NA,NA,NA,NA
110070001,1100335600,NA,TRUE,"ESAS",710,1,"F","A",NA,NA,NA,NA,NA,NA,NA,NA
110070001,1100335601,NA,FALSE,"ESAS",5780,1,"F","1",NA,NA,NA,NA,NA,NA,NA,NA
110070002,1100335602,NA,FALSE,"ESAS",5920,1,"F","1",NA,NA,NA,NA,NA,NA,NA,NA
110070002,1100335603,NA,FALSE,"ESAS",6345,2,"F",NA,NA,NA,NA,NA,NA,NA,NA,NA
110070002,1100335604,NA,TRUE,"ESAS",5900,1,"A","A",NA,NA,NA,NA,NA,NA,NA,NA
110070002,1100335605,NA,TRUE,"ESAS",5780,1,"F","A",NA,NA,NA,NA,NA,NA,NA,NA
110070002,1100335606,NA,FALSE,"ESAS",710,1,"F","A",NA,NA,NA,NA,NA,NA,NA,NA
110070002,1100335607,NA,FALSE,"ESAS",6360,2,"F",NA,NA,NA,NA,NA,NA,NA,NA,NA
110070003,1100335608,NA,FALSE,"ESAS",710,1,"F","2",NA,NA,NA,NA,NA,NA,NA,NA
110070003,1100335609,NA,TRUE,"ESAS",710,1,"F","4",NA,NA,NA,NA,NA,NA,NA,NA
110070003,1100335610,NA,TRUE,"ESAS",710,1,"C","A",NA,NA,NA,NA,NA,NA,NA,NA
110070003,1100335611,NA,TRUE,"ESAS",720,1,"B",NA,NA,NA,NA,NA,NA,NA,94,NA
110070003,1100335612,NA,FALSE,"ESAS",720,1,"F",NA,NA,NA,NA,NA,NA,NA,NA,NA
110070003,1100335613,NA,FALSE,"ESAS",5910,1,"F","A",NA,NA,NA,NA,NA,NA,NA,NA
110070004,1100335614,NA,FALSE,"ESAS",6360,1,"F",NA,NA,NA,NA,NA,NA,NA,NA,NA
110070004,1100335615,NA,FALSE,"ESAS",710,1,"F","3",NA,NA,NA,NA,NA,NA,NA,NA
110070004,1100335616,NA,TRUE,"ESAS",710,1,"F","2",NA,NA,NA,NA,NA,NA,NA,NA
110070004,1100335617,NA,FALSE,"ESAS",5900,1,"F","A",NA,NA,NA,NA,NA,NA,NA,NA
110070005,1100335618,NA,TRUE,"ESAS",720,1,"A",NA,NA,NA,NA,NA,NA,NA,94,NA
110070005,1100335619,NA,FALSE,"ESAS",5780,7,"F","A",NA,NA,NA,NA,NA,NA,NA,NA
110070006,1100335620,NA,FALSE,"ESAS",6360,3,"F",NA,NA,NA,NA,NA,NA,NA,NA,NA
110070006,1100335621,NA,FALSE,"ESAS",5780,1,"F","A",NA,NA,NA,NA,NA,NA,NA,NA
110070006,1100335622,NA,FALSE,"ESAS",710,1,"A","A",NA,NA,NA,NA,NA,NA,94,NA
110070007,1100335623,NA,FALSE,"ESAS",710,1,"F","A",NA,NA,NA,NA,NA,NA,NA,NA
110070007,1100335624,NA,TRUE,"ESAS",710,1,"F","A",NA,NA,NA,NA,NA,NA,NA,NA
110070007,1100335625,NA,FALSE,"ESAS",5900,1,"F","A",NA,NA,NA,NA,NA,NA,NA,NA
110070008,1100335626,NA,FALSE,"ESAS",6345,2,"F",NA,NA,NA,NA,NA,NA,NA,NA,NA
110070008,1100335627,NA,FALSE,"ESAS",5920,1,"F","A",NA,NA,NA,NA,NA,NA,NA,NA
110070008,1100335628,NA,FALSE,"ESAS",6360,3,"F",NA,NA,NA,NA,NA,NA,NA,NA,NA
110070008,1100335629,NA,FALSE,"ESAS",15820,1,"F",NA,NA,NA,NA,NA,NA,NA,NA,NA
110070008,1100335630,NA,TRUE,"ESAS",720,7,"D",NA,NA,NA,NA,NA,NA,22,NA,NA
110070009,1100335631,NA,FALSE,"ESAS",6345,1,"F",NA,NA,NA,NA,NA,NA,NA,NA,NA
110070009,1100335632,NA,TRUE,"ESAS",5910,1,"F","4",NA,NA,NA,NA,NA,NA,NA,NA
110070010,1100335633,NA,FALSE,"ESAS",720,1,"F",NA,NA,NA,NA,NA,NA,NA,NA,NA
110070010,1100335634,NA,FALSE,"ESAS",6345,3,"F",NA,NA,NA,NA,NA,NA,NA,NA,NA
110070010,1100335635,NA,TRUE,"ESAS",15820,10,"F",NA,NA,NA,NA,NA,NA,NA,NA,NA
110070010,1100335636,NA,FALSE,"ESAS",720,1,"F",NA,NA,NA,NA,NA,NA,NA,NA,NA
110070010,1100335637,NA,FALSE,"ESAS",720,2,"F",NA,NA,NA,NA,NA,NA,NA,NA,NA
110070011,1100335638,NA,FALSE,"ESAS",720,1,"F",NA,NA,NA,NA,NA,NA,NA,NA,NA
110070011,1100335639,NA,FALSE,"ESAS",6345,4,"F",NA,NA,NA,NA,NA,NA,NA,NA,NA
110070011,1100335640,NA,FALSE,"ESAS",720,1,"C",NA,NA,NA,NA,NA,NA,NA,NA,NA
110070011,1100335641,NA,TRUE,"ESAS",5780,3,"D","A",NA,NA,NA,NA,NA,NA,NA,NA
110070012,1100335642,NA,FALSE,"ESAS",710,1,"A","A",NA,NA,NA,NA,NA,NA,94,NA
110070012,1100335643,NA,FALSE,"ESAS",710,1,"C",NA,NA,NA,NA,NA,NA,NA,NA,NA
110070014,1100335644,NA,FALSE,"ESAS",6360,1,"F",NA,NA,NA,NA,NA,NA,NA,NA,NA
110070015,1100335645,NA,FALSE,"ESAS",6345,1,"F",NA,NA,NA,NA,NA,NA,NA,NA,NA
110070016,1100335646,NA,TRUE,"ESAS",6360,1,"C",NA,NA,NA,NA,NA,NA,NA,NA,NA
110070016,1100335647,NA,TRUE,"ESAS",6360,2,"B",NA,NA,NA,NA,NA,NA,NA,NA,NA
110070016,1100335648,NA,FALSE,"ESAS",6345,2,"C",NA,NA,NA,NA,NA,NA,NA,NA,NA
110070017,1100335649,NA,FALSE,"ESAS",6360,2,"F",NA,NA,NA,NA,NA,NA,NA,NA,NA
110070017,1100335650,NA,FALSE,"ESAS",710,1,"F","A",NA,NA,NA,NA,NA,NA,NA,NA
110070018,1100335651,NA,FALSE,"ESAS",6000,1,"F","1",NA,NA,NA,NA,NA,NA,NA,NA
110070019,1100335652,NA,FALSE,"ESAS",710,1,"F","A",NA,NA,NA,NA,NA,NA,NA,NA
110070021,1100335653,"5",FALSE,"ESAS",5780,1,"F","1",NA,NA,NA,NA,NA,NA,NA,NA
110070021,1100335654,"5",FALSE,"ESAS",5780,2,"F","A",NA,NA,NA,NA,NA,NA,NA,NA
110070022,1100335655,NA,FALSE,"ESAS",6360,4,"F",NA,NA,NA,NA,NA,NA,NA,NA,NA
110070024,1100335656,NA,FALSE,"ESAS",5900,1,"F","A",NA,NA,NA,NA,NA,NA,NA,NA
110070024,1100335657,NA,FALSE,"ESAS",5900,1,"F","1",NA,NA,NA,NA,NA,NA,NA,NA
110070024,1100335658,NA,FALSE,"ESAS",5900,1,"F","A",NA,NA,NA,NA,NA,NA,NA,NA
110070025,1100335659,NA,FALSE,"ESAS",6345,2,"F",NA,NA,NA,NA,NA,NA,NA,NA,NA
110070025,1100335660,NA,FALSE,"ESAS",710,1,"F",NA,NA,NA,NA,NA,NA,NA,NA,NA
110070027,1100335661,"6",FALSE,"ESAS",6360,15,"E",NA,NA,NA,NA,NA,NA,NA,NA,NA
110070027,1100335662,"6",FALSE,"ESAS",5900,1,"E",NA,NA,NA,NA,NA,NA,NA,NA,NA
110070027,1100335663,NA,FALSE,"ESAS",6360,6,"F",NA,NA,NA,NA,NA,NA,NA,NA,NA
110070028,1100335664,NA,FALSE,"ESAS",710,1,"B",NA,NA,NA,NA,NA,NA,NA,94,NA
110070029,1100335665,NA,FALSE,"ESAS",710,1,"F",NA,NA,NA,NA,NA,NA,NA,NA,NA
110070030,1100335666,NA,FALSE,"ESAS",5900,1,"F","A",NA,NA,NA,NA,NA,NA,NA,NA
110070030,1100335667,NA,TRUE,"ESAS",6360,2,"D",NA,NA,NA,NA,NA,NA,NA,NA,NA
110070031,1100335668,NA,FALSE,"ESAS",6360,2,"F",NA,NA,NA,NA,NA,NA,NA,NA,NA
110070031,1100335669,NA,FALSE,"ESAS",720,9,"E",NA,NA,NA,NA,NA,NA,22,NA,"Buitenratelboei"
110070035,1100335670,NA,FALSE,"ESAS",6360,1,"C",NA,NA,NA,NA,NA,NA,NA,NA,NA
110070036,1100335671,"7",TRUE,"ESAS",6360,3,"B",NA,NA,NA,NA,NA,NA,NA,NA,NA
110070036,1100335672,"7",TRUE,"ESAS",6360,1,"B",NA,NA,NA,NA,NA,NA,NA,94,NA
110070037,1100335673,NA,FALSE,"ESAS",3200,1,"F",NA,NA,NA,NA,NA,NA,NA,NA,"Foto"
110070039,1100335674,"8",FALSE,"ESAS",6360,2,"C",NA,NA,NA,NA,NA,NA,NA,94,NA
110070039,1100335675,"8",FALSE,"ESAS",6360,1,"C",NA,NA,NA,NA,NA,NA,NA,93,NA
110070039,1100335676,NA,FALSE,"ESAS",15820,10,"F",NA,NA,NA,NA,NA,NA,NA,NA,NA
110070039,1100335677,NA,TRUE,"ESAS",6360,1,"C",NA,NA,NA,NA,NA,NA,NA,NA,NA
110070042,1100335678,NA,FALSE,"ESAS",5920,1,"F","A",NA,NA,NA,NA,NA,NA,NA,NA
110070042,1100335679,NA,FALSE,"ESAS",6340,1,"B",NA,NA,NA,NA,NA,NA,NA,93,NA
110070043,1100335680,NA,FALSE,"ESAS",6360,1,"E",NA,NA,NA,NA,NA,NA,NA,NA,NA
110070043,1100335681,NA,TRUE,"ESAS",6345,2,"D",NA,NA,NA,NA,NA,NA,NA,NA,NA
110070043,1100335682,NA,TRUE,"ESAS",63510,2,"D",NA,NA,NA,NA,NA,NA,NA,NA,NA
110070044,1100335683,NA,FALSE,"ESAS",710,1,"B",NA,NA,NA,NA,NA,NA,NA,94,NA
110070045,1100335684,NA,FALSE,"ESAS",6360,1,"A",NA,NA,NA,NA,NA,NA,NA,93,NA
110070045,1100335685,NA,FALSE,"ESAS",6360,1,"A",NA,NA,NA,NA,NA,NA,NA,NA,NA
110070045,1100335686,NA,FALSE,"ESAS",6360,2,"F",NA,NA,NA,NA,NA,NA,NA,NA,NA
110070045,1100335687,NA,FALSE,"ESAS",6345,1,"A",NA,NA,NA,NA,NA,NA,NA,94,NA
110070046,1100335688,NA,TRUE,"ESAS",5780,2,"A","A",NA,NA,NA,NA,NA,NA,94,NA
110070049,1100335689,NA,FALSE,"ESAS",15820,12,"F",NA,NA,NA,NA,NA,NA,NA,NA,NA
110070052,1100335690,NA,TRUE,"ESAS",5780,1,"D","A",NA,NA,NA,NA,NA,NA,NA,NA
110070052,1100335691,NA,FALSE,"ESAS",5780,1,"F","1",NA,NA,NA,NA,NA,NA,NA,NA
110070053,1100335692,NA,FALSE,"ESAS",5780,1,"F","1",NA,NA,NA,NA,NA,NA,NA,NA
110070053,1100335693,NA,TRUE,"ESAS",6345,1,"B",NA,NA,NA,NA,NA,NA,NA,94,NA
110070054,1100335694,NA,FALSE,"ESAS",710,1,"E","A",NA,NA,NA,NA,NA,NA,NA,NA
110070054,1100335695,NA,FALSE,"ESAS",710,1,"E","A",NA,NA,NA,NA,NA,NA,45,NA
110070055,1100335696,NA,FALSE,"ESAS",6020,1,"F","A",NA,NA,NA,NA,NA,NA,NA,NA
110070055,1100335697,NA,TRUE,"ESAS",6020,1,"C","1",NA,NA,NA,NA,NA,NA,44,NA
110070055,1100335698,NA,FALSE,"ESAS",710,1,"E","A",NA,NA,NA,NA,NA,NA,45,NA
110070056,1100335699,NA,TRUE,"ESAS",710,1,"C","A",NA,NA,NA,NA,NA,NA,45,NA
110070056,1100335700,NA,FALSE,"ESAS",6345,1,"F",NA,NA,NA,NA,NA,NA,NA,NA,NA
110070056,1100335701,NA,FALSE,"ESAS",6020,1,"F","1",NA,NA,NA,NA,NA,NA,NA,NA
110070056,1100335702,NA,FALSE,"ESAS",6360,1,"F",NA,NA,NA,NA,NA,NA,NA,NA,NA
110070056,1100335703,NA,FALSE,"ESAS",6360,1,"F",NA,NA,NA,NA,NA,NA,NA,NA,NA
110070056,1100335704,NA,FALSE,"ESAS",710,1,"F","A",NA,NA,NA,NA,NA,NA,NA,NA
110070057,1100335705,NA,TRUE,"ESAS",5780,1,"C","A",NA,NA,NA,NA,NA,NA,NA,NA
110070058,1100335706,"9",FALSE,"ESAS",6020,1,"F","A",NA,NA,NA,NA,NA,NA,NA,NA
110070058,1100335707,"9",FALSE,"ESAS",6360,1,"E",NA,NA,NA,NA,NA,NA,NA,NA,NA
110070058,1100335708,NA,FALSE,"ESAS",6360,1,"F",NA,NA,NA,NA,NA,NA,NA,NA,NA
110070058,1100335709,NA,FALSE,"ESAS",710,1,"E","A",NA,NA,NA,NA,NA,NA,NA,NA
110070059,1100335710,"10",FALSE,"ESAS",6360,4,"B",NA,NA,NA,NA,NA,NA,NA,NA,NA
110070059,1100335711,"10",FALSE,"ESAS",5780,7,"B",NA,NA,NA,NA,NA,NA,NA,NA,NA
110070059,1100335712,"10",FALSE,"ESAS",6020,1,"B",NA,NA,NA,NA,NA,NA,NA,NA,NA
110070059,1100335713,NA,TRUE,"ESAS",710,1,"D","A",NA,NA,NA,NA,NA,NA,45,NA
110070062,1100335714,NA,FALSE,"ESAS",6360,1,"F",NA,NA,NA,NA,NA,NA,NA,NA,NA
110070063,1100335715,NA,FALSE,"ESAS",710,1,"F",NA,NA,NA,NA,NA,NA,NA,NA,NA
110070063,1100335716,NA,FALSE,"ESAS",15820,20,"F",NA,NA,NA,NA,NA,NA,NA,NA,NA
110070066,1100335717,NA,FALSE,"ESAS",710,1,"F","A",NA,NA,NA,NA,NA,NA,NA,NA
110070067,1100335718,NA,FALSE,"ESAS",15820,1,"F",NA,NA,NA,NA,NA,NA,NA,NA,NA
110070067,1100335719,NA,FALSE,"ESAS",710,1,"E",NA,NA,NA,NA,NA,NA,NA,45,NA
110070068,1100335720,NA,FALSE,"ESAS",710,1,"E","A",NA,NA,NA,NA,NA,NA,NA,NA
110070068,1100335721,NA,TRUE,"ESAS",710,1,"C","4",NA,NA,NA,NA,NA,NA,94,NA
110070068,1100335722,NA,FALSE,"ESAS",710,1,"D","A",NA,NA,NA,NA,NA,NA,NA,NA
110070069,1100335723,NA,TRUE,"ESAS",710,1,"F","A",NA,NA,NA,NA,NA,NA,NA,NA
110070070,1100335724,NA,FALSE,"ESAS",710,1,"F","A",NA,NA,NA,NA,NA,NA,NA,NA
110070070,1100335725,NA,TRUE,"ESAS",6360,1,"B",NA,NA,NA,NA,NA,NA,NA,NA,NA
110070073,1100335726,NA,TRUE,"ESAS",710,1,"C","4",NA,NA,NA,NA,NA,NA,NA,NA
110070074,1100335727,NA,FALSE,"ESAS",6345,2,"F",NA,NA,NA,NA,NA,NA,NA,NA,NA
110070074,1100335728,NA,FALSE,"ESAS",5910,1,"F","1",NA,NA,NA,NA,NA,NA,NA,NA
110070076,1100335729,NA,FALSE,"ESAS",6345,1,"F",NA,NA,NA,NA,NA,NA,NA,NA,NA
110070078,1100335730,NA,FALSE,"ESAS",710,1,"F","A",NA,NA,NA,NA,NA,NA,NA,NA
110070083,1100335731,NA,TRUE,"ESAS",6360,1,"C",NA,NA,NA,NA,NA,NA,NA,NA,NA
110070083,1100335732,NA,FALSE,"ESAS",710,1,"F","A",NA,NA,NA,NA,NA,NA,NA,NA
110070084,1100335733,NA,TRUE,"ESAS",710,2,"D","A",NA,NA,NA,NA,NA,NA,NA,NA
110070084,1100335734,NA,FALSE,"ESAS",5910,1,"F","1",NA,NA,NA,NA,NA,NA,NA,NA
110070086,1100335735,NA,TRUE,"ESAS",5900,1,"B","1",NA,NA,NA,NA,NA,NA,44,NA
110070087,1100335736,NA,TRUE,"ESAS",710,1,"C","3",NA,NA,NA,NA,NA,NA,45,NA
110070087,1100335737,NA,FALSE,"ESAS",5900,1,"F","A",NA,NA,NA,NA,NA,NA,NA,NA
110070088,1100335738,"11",FALSE,"ESAS",5900,1,"F","A",NA,NA,NA,NA,NA,NA,NA,NA
110070088,1100335739,"11",FALSE,"ESAS",5900,1,"F","1",NA,NA,NA,NA,NA,NA,NA,NA
110070088,1100335740,NA,FALSE,"ESAS",5900,2,"A","A",NA,NA,NA,NA,NA,NA,NA,NA
110070088,1100335741,NA,TRUE,"ESAS",710,1,"F","A",NA,NA,NA,NA,NA,NA,NA,NA
110070088,1100335742,NA,TRUE,"ESAS",6020,1,"F","A",NA,NA,NA,NA,NA,NA,NA,NA
110070089,1100335743,NA,FALSE,"ESAS",710,1,"F",NA,NA,NA,NA,NA,NA,NA,NA,NA
110070093,1100335744,NA,FALSE,"ESAS",710,1,"F","A",NA,NA,NA,NA,NA,NA,NA,NA
110070094,1100335745,NA,TRUE,"ESAS",6340,1,"B",NA,NA,NA,NA,NA,NA,NA,NA,NA
110070095,1100335746,NA,FALSE,"ESAS",6360,3,"F",NA,NA,NA,NA,NA,NA,NA,NA,NA
110070099,1100335747,NA,FALSE,"ESAS",710,1,"F","1",NA,NA,NA,NA,NA,NA,NA,NA
110070101,1100335748,NA,FALSE,"ESAS",6020,1,"F",NA,NA,NA,NA,NA,NA,NA,NA,NA
110070103,1100335749,NA,FALSE,"ESAS",6345,1,"F",NA,NA,NA,NA,NA,NA,NA,NA,NA
110070103,1100335750,NA,FALSE,"ESAS",710,1,"F","A",NA,NA,NA,NA,NA,NA,NA,NA
110070105,1100335751,NA,FALSE,"ESAS",710,1,"F","1",NA,NA,NA,NA,NA,NA,NA,NA
110070107,1100335752,NA,FALSE,"ESAS",5780,1,"F","A",NA,NA,NA,NA,NA,NA,NA,NA
110070107,1100335753,NA,FALSE,"ESAS",710,1,"F","A",NA,NA,NA,NA,NA,NA,NA,NA
110070108,1100335754,NA,FALSE,"ESAS",6000,1,"F","I",NA,NA,NA,NA,NA,NA,NA,NA
110070109,1100335755,NA,FALSE,"ESAS",15820,3,"F",NA,NA,NA,NA,NA,NA,NA,NA,NA
110070111,1100335756,NA,FALSE,"ESAS",5927,1,"F","1",NA,NA,NA,NA,NA,NA,NA,NA
110070114,1100335757,NA,FALSE,"ESAS",710,1,"F","A",NA,NA,NA,NA,NA,NA,NA,NA
110070115,1100335758,NA,TRUE,"ESAS",710,1,"B","A",NA,NA,NA,NA,NA,NA,NA,NA
110070116,1100335759,NA,FALSE,"ESAS",710,1,"F","A",NA,NA,NA,NA,NA,NA,NA,NA
110070116,1100335760,NA,FALSE,"ESAS",5927,1,"F","1",NA,NA,NA,NA,NA,NA,NA,NA
110070117,1100335761,NA,FALSE,"ESAS",710,1,"E","A",NA,NA,NA,NA,NA,NA,NA,NA
110070117,1100335762,NA,FALSE,"ESAS",710,1,"F","A",NA,NA,NA,NA,NA,NA,NA,NA
110070118,1100335763,NA,FALSE,"ESAS",5920,1,"F","A",NA,NA,NA,NA,NA,NA,NA,NA
110070119,1100335764,NA,TRUE,"ESAS",5900,1,"B","1",NA,NA,NA,NA,NA,NA,NA,NA
110070120,1100335765,NA,FALSE,"ESAS",6009,11,"E",NA,NA,NA,NA,NA,NA,NA,NA,NA
110070120,1100335766,NA,FALSE,"ESAS",710,1,"E","A",NA,NA,NA,NA,NA,NA,NA,NA
110070121,1100335767,NA,FALSE,"ESAS",6020,1,"F","A",NA,NA,NA,NA,NA,NA,NA,NA
110070121,1100335768,NA,FALSE,"ESAS",710,1,"F","A",NA,NA,NA,NA,NA,NA,NA,NA
110070122,1100335769,NA,TRUE,"ESAS",6020,1,"C","A",NA,NA,NA,NA,NA,NA,NA,NA
110070122,1100335770,NA,TRUE,"ESAS",6340,1,"B",NA,NA,NA,NA,NA,NA,NA,NA,NA
110070122,1100335771,NA,FALSE,"ESAS",710,1,"B","A",NA,NA,NA,NA,NA,NA,NA,NA
110070122,1100335772,NA,FALSE,"ESAS",710,1,"C","A",NA,NA,NA,NA,NA,NA,NA,NA
110070123,1100335773,NA,TRUE,"ESAS",710,1,"B","2",NA,NA,NA,NA,NA,NA,NA,NA
110070124,1100335774,NA,FALSE,"ESAS",710,1,"D","A",NA,NA,NA,NA,NA,NA,94,NA
110070124,1100335775,NA,FALSE,"ESAS",5920,1,"F","A",NA,NA,NA,NA,NA,NA,NA,NA
110070124,1100335776,NA,FALSE,"ESAS",5910,1,"F","1",NA,NA,NA,NA,NA,NA,NA,NA
110070124,1100335777,NA,TRUE,"ESAS",6360,1,"A",NA,NA,NA,NA,NA,NA,NA,94,NA
110070124,1100335778,NA,FALSE,"ESAS",15820,1,"F",NA,NA,NA,NA,NA,NA,NA,NA,NA
110070125,1100335779,NA,FALSE,"ESAS",5910,1,"F","1",NA,NA,NA,NA,NA,NA,NA,NA
110070125,1100335780,NA,FALSE,"ESAS",710,1,"C","A",NA,NA,NA,NA,NA,NA,NA,NA
110070125,1100335781,NA,FALSE,"ESAS",710,1,"E",NA,NA,NA,NA,NA,NA,NA,NA,NA
110070125,1100335782,NA,FALSE,"ESAS",6000,1,"F","2",NA,NA,NA,NA,NA,NA,NA,NA
110070125,1100335783,NA,FALSE,"ESAS",6049,23,"E",NA,NA,NA,NA,NA,NA,NA,NA,NA
110070126,1100335784,NA,FALSE,"ESAS",6000,1,"F","2",NA,NA,NA,NA,NA,NA,NA,NA
110070126,1100335785,NA,FALSE,"ESAS",5920,1,"F","1",NA,NA,NA,NA,NA,NA,NA,NA
110070126,1100335786,NA,TRUE,"ESAS",6340,1,"C",NA,NA,NA,NA,NA,NA,NA,NA,NA
110070126,1100335787,NA,TRUE,"ESAS",6020,1,"F","A",NA,NA,NA,NA,NA,NA,NA,NA
110070126,1100335788,NA,FALSE,"ESAS",6020,1,"F","A",NA,NA,NA,NA,NA,NA,NA,NA
110070126,1100335789,NA,FALSE,"ESAS",6000,1,"F","1",NA,NA,NA,NA,NA,NA,NA,NA
110070126,1100335790,NA,FALSE,"ESAS",6345,1,"F",NA,NA,NA,NA,NA,NA,NA,NA,NA
110070126,1100335791,NA,FALSE,"ESAS",710,1,"F","A",NA,NA,NA,NA,NA,NA,NA,NA
110070127,1100335792,NA,TRUE,"ESAS",6020,1,"F","A",NA,NA,NA,NA,NA,NA,44,NA
110070128,1100335793,NA,FALSE,"ESAS",6020,1,"F","A",NA,NA,NA,NA,NA,NA,NA,NA
110070128,1100335794,NA,TRUE,"ESAS",6020,1,"D","A",NA,NA,NA,NA,NA,NA,44,NA
110070129,1100335795,NA,TRUE,"ESAS",6020,1,"C","A",NA,NA,NA,NA,NA,NA,44,NA
110070129,1100335796,NA,FALSE,"ESAS",710,1,"B",NA,NA,NA,NA,NA,NA,NA,94,NA
110070129,1100335797,NA,TRUE,"ESAS",6020,2,"F","A",NA,NA,NA,NA,NA,NA,NA,NA
110070129,1100335798,NA,TRUE,"ESAS",6020,1,"B","A",NA,NA,NA,NA,NA,NA,94,NA
110070129,1100335799,NA,TRUE,"ESAS",6020,1,"F","A",NA,NA,NA,NA,NA,NA,NA,NA
110070130,1100335800,NA,TRUE,"ESAS",6020,1,"C","A",NA,NA,NA,NA,NA,NA,94,NA
110070130,1100335801,NA,FALSE,"ESAS",6020,1,"F","A",NA,NA,NA,NA,NA,NA,NA,NA
110070132,1100335802,NA,TRUE,"ESAS",6020,1,"F","1",NA,NA,NA,NA,NA,NA,NA,NA
110070132,1100335803,NA,TRUE,"ESAS",6020,1,"C","1",NA,NA,NA,NA,NA,NA,94,NA
110070133,1100335804,NA,TRUE,"ESAS",710,1,"D","A",NA,NA,NA,NA,NA,NA,94,NA
110070133,1100335805,NA,FALSE,"ESAS",710,1,"F","A",NA,NA,NA,NA,NA,NA,NA,NA
110070133,1100335806,NA,FALSE,"ESAS",710,1,"E","A",NA,NA,NA,NA,NA,NA,94,NA
110070134,1100335807,NA,FALSE,"ESAS",6020,3,"E",NA,NA,NA,NA,NA,NA,NA,44,NA
110070135,1100335808,NA,FALSE,"ESAS",710,1,"E","A",NA,NA,NA,NA,NA,NA,NA,NA
110070135,1100335809,NA,FALSE,"ESAS",6020,1,"F","1",NA,NA,NA,NA,NA,NA,NA,NA
110070136,1100335810,NA,FALSE,"ESAS",710,1,"E","A",NA,NA,NA,NA,NA,NA,94,NA
110070137,1100335811,NA,TRUE,"ESAS",6020,1,"D","A",NA,NA,NA,NA,NA,NA,44,NA
110070137,1100335812,NA,TRUE,"ESAS",6020,1,"F","A",NA,NA,NA,NA,NA,NA,NA,NA
110070137,1100335813,NA,TRUE,"ESAS",710,1,"F","A",NA,NA,NA,NA,NA,NA,NA,NA
110070139,1100335814,NA,FALSE,"ESAS",710,1,"E","A",NA,NA,NA,NA,NA,NA,NA,NA
110070140,1100335815,NA,FALSE,"ESAS",6110,1,"F","A",NA,NA,NA,NA,NA,NA,NA,NA
110070140,1100335816,NA,FALSE,"ESAS",6020,1,"F","1",NA,NA,NA,NA,NA,NA,NA,NA
110070141,1100335817,NA,FALSE,"ESAS",5910,1,"F","1",NA,NA,NA,NA,NA,NA,NA,NA
110070141,1100335818,NA,FALSE,"ESAS",5927,1,"F","2",NA,NA,NA,NA,NA,NA,NA,NA
110070142,1100335819,NA,FALSE,"ESAS",5926,1,"F","3",NA,NA,NA,NA,NA,NA,NA,NA
110070142,1100335820,NA,TRUE,"ESAS",6000,1,"F","2",NA,NA,NA,NA,NA,NA,NA,NA
110070145,1100335821,NA,FALSE,"ESAS",710,1,"F","1",NA,NA,NA,NA,NA,NA,NA,NA
110070146,1100335822,NA,TRUE,"ESAS",6020,1,"D","A",NA,NA,NA,NA,NA,NA,44,NA
110070146,1100335823,NA,FALSE,"ESAS",6020,3,"F","A",NA,NA,NA,NA,NA,NA,NA,NA
110070147,1100335824,NA,FALSE,"ESAS",6020,1,"F","A",NA,NA,NA,NA,NA,NA,NA,NA
110070147,1100335825,NA,FALSE,"ESAS",6020,1,"F","A",NA,NA,NA,NA,NA,NA,NA,NA
110070147,1100335826,NA,FALSE,"ESAS",710,1,"F","A",NA,NA,NA,NA,NA,NA,NA,NA
110070149,1100335827,NA,TRUE,"ESAS",6340,1,"C",NA,NA,NA,NA,NA,NA,NA,NA,NA
110070149,1100335828,NA,FALSE,"ESAS",710,1,"F","2",NA,NA,NA,NA,NA,NA,NA,NA
110070151,1100335829,NA,TRUE,"ESAS",710,1,"D","1",NA,NA,NA,NA,NA,NA,94,NA
110070151,1100335830,NA,FALSE,"ESAS",6020,1,"E","A",NA,NA,NA,NA,NA,NA,NA,NA
110070152,1100335831,NA,FALSE,"ESAS",710,1,"E","A",NA,NA,NA,NA,NA,NA,NA,NA
110070155,1100335832,NA,FALSE,"ESAS",6345,1,"F",NA,NA,NA,NA,NA,NA,NA,NA,NA
110070157,1100335833,NA,FALSE,"ESAS",6340,1,"A",NA,NA,NA,NA,NA,NA,NA,93,NA
110070162,1100335834,NA,FALSE,"ESAS",5910,1,"A","1",NA,NA,NA,NA,NA,NA,94,NA
110070167,1100335835,NA,TRUE,"ESAS",15820,1,"F",NA,NA,NA,NA,NA,NA,NA,NA,NA
110070169,1100335836,"12",FALSE,"ESAS",710,1,"F","A",NA,NA,NA,NA,NA,NA,NA,NA
110070169,1100335837,"12",FALSE,"ESAS",64310,1,"E",NA,NA,NA,NA,NA,NA,NA,NA,NA
110070171,1100335838,NA,FALSE,"ESAS",710,1,"F","1",NA,NA,NA,NA,NA,NA,NA,NA
110070174,1100335839,"13",FALSE,"ESAS",5900,1,"F","A",NA,NA,NA,NA,NA,NA,NA,NA
110070174,1100335840,"13",FALSE,"ESAS",63510,1,"E",NA,NA,NA,NA,NA,NA,NA,NA,"270°, 400 m"
110070175,1100335841,NA,FALSE,"ESAS",63510,1,"C",NA,NA,NA,NA,NA,NA,NA,NA,"20°, 300 m"
110070175,1100335842,NA,FALSE,"ESAS",6340,1,"C",NA,NA,NA,NA,NA,NA,NA,NA,NA
110070176,1100335843,NA,FALSE,"ESAS",5910,1,"C","A",NA,NA,NA,NA,NA,NA,94,NA
110070178,1100335844,NA,FALSE,"ESAS",710,1,"F","A",NA,NA,NA,NA,NA,NA,NA,NA
110070178,1100335845,NA,FALSE,"ESAS",63510,1,"E",NA,NA,NA,NA,NA,NA,NA,NA,NA
110070179,1100335846,"14",TRUE,"ESAS",5920,8,"C",NA,NA,NA,NA,NA,NA,NA,NA,NA
110070179,1100335847,"14",TRUE,"ESAS",5910,9,"C",NA,NA,NA,NA,NA,NA,NA,NA,NA
110070179,1100335848,"14",TRUE,"ESAS",5910,1,"C","A",NA,NA,NA,NA,NA,NA,NA,NA
110070179,1100335849,"14",TRUE,"ESAS",5910,1,"D","I",NA,NA,NA,NA,NA,NA,NA,NA
110070179,1100335850,"14",FALSE,"ESAS",5900,5,"E",NA,NA,NA,NA,NA,NA,NA,NA,NA
110070179,1100335851,"14",TRUE,"ESAS",5920,1,"D","I",NA,NA,NA,NA,NA,NA,NA,NA
110070179,1100335852,"14",TRUE,"ESAS",5910,1,"C","A",NA,NA,NA,NA,NA,NA,NA,NA
110070179,1100335853,NA,FALSE,"ESAS",20,1,"F",NA,NA,NA,NA,NA,NA,NA,NA,NA
110070179,1100335854,NA,TRUE,"ESAS",5920,2,"C","2",NA,NA,NA,NA,NA,NA,NA,NA
110070179,1100335855,NA,TRUE,"ESAS",6020,3,"C","1",NA,NA,NA,NA,NA,NA,NA,NA
110070180,1100335856,"15",FALSE,"ESAS",5900,1,"F","A",NA,NA,NA,NA,NA,NA,NA,NA
110070180,1100335857,"15",TRUE,"ESAS",5910,1,"B","1",NA,NA,NA,NA,NA,NA,NA,NA
110070180,1100335858,"15",TRUE,"ESAS",5900,1,"B","A",NA,NA,NA,NA,NA,NA,NA,NA
110070180,1100335859,"15",TRUE,"ESAS",5920,2,"C","1",NA,NA,NA,NA,NA,NA,NA,NA
110070180,1100335860,"15",TRUE,"ESAS",5900,1,"C","A",NA,NA,NA,NA,NA,NA,NA,NA
110070180,1100335861,"15",TRUE,"ESAS",63510,1,"D",NA,NA,NA,NA,NA,NA,NA,NA,"330°, 400 m"
110070180,1100335862,"15",FALSE,"ESAS",6020,1,"E","A",NA,NA,NA,NA,NA,NA,NA,NA
110070181,1100335863,"16",FALSE,"ESAS",63510,2,"E",NA,NA,NA,NA,NA,NA,NA,NA,"300°, 400 m"
110070181,1100335864,"16",FALSE,"ESAS",6000,3,"E","I",NA,NA,NA,NA,NA,NA,NA,NA
110070182,1100335865,NA,FALSE,"ESAS",6340,1,"E",NA,NA,NA,NA,NA,NA,NA,NA,NA
110070183,1100335866,NA,FALSE,"ESAS",63510,1,"B",NA,NA,NA,NA,NA,NA,NA,NA,"10°, 100 m"
110070184,1100335867,NA,FALSE,"ESAS",720,5,"E",NA,NA,NA,NA,NA,NA,22,NA,NA
110070185,1100335868,NA,FALSE,"ESAS",64310,1,"E",NA,NA,NA,NA,NA,NA,NA,NA,NA
110070186,1100335869,NA,FALSE,"ESAS",5900,16,"E",NA,NA,NA,NA,NA,NA,NA,NA,NA
110070188,1100335870,NA,FALSE,"ESAS",15820,2,"F",NA,NA,NA,NA,NA,NA,18,NA,NA
110070189,1100335871,NA,TRUE,"ESAS",6000,1,"D","A",NA,NA,NA,NA,NA,22,NA,NA
110070190,1100335872,NA,TRUE,"ESAS",5900,1,"D","A",NA,NA,NA,NA,NA,NA,NA,NA
110070192,1100335873,NA,TRUE,"ESAS",5820,1,"F","A",NA,NA,NA,NA,NA,NA,44,NA
110070193,1100335874,NA,TRUE,"ESAS",6000,1,"D","3",NA,NA,NA,NA,NA,22,NA,NA
110070193,1100335875,NA,FALSE,"ESAS",5820,14,"E",NA,NA,NA,NA,NA,NA,13,NA,NA
110070193,1100335876,NA,TRUE,"ESAS",5820,5,"W","A",NA,NA,NA,NA,NA,13,NA,NA
110070194,1100335877,NA,FALSE,"ESAS",720,1,"F",NA,NA,NA,NA,NA,NA,NA,NA,NA
110070194,1100335878,NA,FALSE,"ESAS",720,1,"F",NA,NA,NA,NA,NA,NA,NA,NA,NA
110070195,1100335879,NA,FALSE,"ESAS",5900,1,"F","A",NA,NA,NA,NA,NA,NA,NA,NA
110070195,1100335880,NA,FALSE,"ESAS",720,1,"F",NA,NA,NA,NA,NA,NA,NA,NA,NA
110070195,1100335881,NA,FALSE,"ESAS",5900,2,"F","A",NA,NA,NA,NA,NA,NA,NA,NA
110070195,1100335882,NA,FALSE,"ESAS",5900,3,"F","A",NA,NA,NA,NA,NA,NA,NA,NA
110070195,1100335883,NA,FALSE,"ESAS",5920,1,"F","1",NA,NA,NA,NA,NA,NA,NA,NA
110070195,1100335884,NA,TRUE,"ESAS",6000,1,"C","A",NA,NA,NA,NA,NA,NA,94,NA
110070195,1100335885,NA,TRUE,"ESAS",5920,1,"C","1",NA,NA,NA,NA,NA,NA,94,NA
110070196,1100335886,NA,TRUE,"ESAS",5900,1,"F","A",NA,NA,NA,NA,NA,NA,NA,NA
110070196,1100335887,NA,FALSE,"ESAS",720,2,"F",NA,NA,NA,NA,NA,NA,NA,NA,NA
110070196,1100335888,NA,TRUE,"ESAS",5900,1,"F","A",NA,NA,NA,NA,NA,NA,NA,NA
110070196,1100335889,NA,FALSE,"ESAS",5900,4,"F","A",NA,NA,NA,NA,NA,NA,NA,NA
110070196,1100335890,NA,TRUE,"ESAS",5900,3,"F","A",NA,NA,NA,NA,NA,NA,NA,NA
110070196,1100335891,NA,FALSE,"ESAS",5900,1,"F","A",NA,NA,NA,NA,NA,NA,NA,NA
110070196,1100335892,NA,FALSE,"ESAS",5900,1,"F","2",NA,NA,NA,NA,NA,NA,NA,NA
110070196,1100335893,NA,FALSE,"ESAS",5900,4,"F","A",NA,NA,NA,NA,NA,NA,NA,NA
110070197,1100335894,NA,FALSE,"ESAS",720,2,"F",NA,NA,NA,NA,NA,NA,NA,NA,NA
110070197,1100335895,NA,FALSE,"ESAS",5920,1,"F","A",NA,NA,NA,NA,NA,NA,NA,NA
110070197,1100335896,NA,FALSE,"ESAS",5920,1,"F","A",NA,NA,NA,NA,NA,NA,NA,NA
110070198,1100335897,NA,TRUE,"ESAS",5900,1,"F","A",NA,NA,NA,NA,NA,NA,NA,NA
110070198,1100335898,NA,FALSE,"ESAS",5920,1,"F","A",NA,NA,NA,NA,NA,NA,NA,NA
110070198,1100335899,NA,FALSE,"ESAS",5900,2,"F","A",NA,NA,NA,NA,NA,NA,NA,NA
110070198,1100335900,NA,FALSE,"ESAS",5900,2,"F","A",NA,NA,NA,NA,NA,NA,NA,NA
110070198,1100335901,NA,FALSE,"ESAS",5900,3,"F","A",NA,NA,NA,NA,NA,NA,NA,NA
110070198,1100335902,NA,FALSE,"ESAS",5920,1,"F","2",NA,NA,NA,NA,NA,NA,NA,NA
110070198,1100335903,NA,FALSE,"ESAS",5900,1,"F","A",NA,NA,NA,NA,NA,NA,NA,NA
110070198,1100335904,NA,FALSE,"ESAS",5910,1,"F","1",NA,NA,NA,NA,NA,NA,NA,NA
110070198,1100335905,NA,FALSE,"ESAS",720,1,"F",NA,NA,NA,NA,NA,NA,NA,NA,NA
110070199,1100335906,NA,FALSE,"ESAS",5900,1,"F","A",NA,NA,NA,NA,NA,NA,NA,NA
110070199,1100335907,NA,FALSE,"ESAS",5920,1,"F","1",NA,NA,NA,NA,NA,NA,NA,NA
110070199,1100335908,NA,FALSE,"ESAS",6000,1,"F","A",NA,NA,NA,NA,NA,NA,NA,NA
110070199,1100335909,NA,TRUE,"ESAS",5920,1,"F","3",NA,NA,NA,NA,NA,NA,NA,NA
110070199,1100335910,NA,TRUE,"ESAS",5900,2,"F","A",NA,NA,NA,NA,NA,NA,NA,NA
110070199,1100335911,NA,FALSE,"ESAS",720,1,"F",NA,NA,NA,NA,NA,NA,NA,NA,NA
110070199,1100335912,NA,FALSE,"ESAS",5900,3,"F","A",NA,NA,NA,NA,NA,NA,NA,NA
110070199,1100335913,NA,FALSE,"ESAS",5900,1,"F","A",NA,NA,NA,NA,NA,NA,NA,NA
110070199,1100335914,NA,FALSE,"ESAS",5900,4,"F","A",NA,NA,NA,NA,NA,NA,NA,NA
110070199,1100335915,NA,TRUE,"ESAS",5900,3,"F","A",NA,NA,NA,NA,NA,NA,NA,NA
110070200,1100335916,NA,FALSE,"ESAS",720,1,"F",NA,NA,NA,NA,NA,NA,NA,NA,NA
110070200,1100335917,NA,FALSE,"ESAS",5900,1,"F",NA,NA,NA,NA,NA,NA,NA,NA,NA
110070200,1100335918,NA,FALSE,"ESAS",5910,1,"F","A",NA,NA,NA,NA,NA,NA,NA,NA
110070200,1100335919,NA,FALSE,"ESAS",5920,1,"F","3",NA,NA,NA,NA,NA,NA,NA,NA
110070200,1100335920,NA,FALSE,"ESAS",720,1,"B",NA,NA,NA,NA,NA,NA,NA,94,NA
110070200,1100335921,NA,TRUE,"ESAS",6000,1,"F","1",NA,NA,NA,NA,NA,NA,NA,NA
110070200,1100335922,NA,FALSE,"ESAS",5900,1,"F","2",NA,NA,NA,NA,NA,NA,NA,NA
110070200,1100335923,NA,FALSE,"ESAS",5920,1,"F","A",NA,NA,NA,NA,NA,NA,NA,NA
110070200,1100335924,NA,FALSE,"ESAS",720,1,"F",NA,NA,NA,NA,NA,NA,NA,NA,NA
110070200,1100335925,NA,FALSE,"ESAS",5900,2,"F","A",NA,NA,NA,NA,NA,NA,NA,NA
110070201,1100335926,NA,FALSE,"ESAS",5920,1,"F","1",NA,NA,NA,NA,NA,NA,NA,NA
110070201,1100335927,NA,FALSE,"ESAS",6000,1,"F","A",NA,NA,NA,NA,NA,NA,NA,NA
110070201,1100335928,NA,TRUE,"ESAS",5900,2,"C",NA,NA,NA,NA,NA,NA,NA,44,NA
110070201,1100335929,NA,TRUE,"ESAS",5910,1,"C","3",NA,NA,NA,NA,NA,NA,44,NA
110070201,1100335930,NA,FALSE,"ESAS",5920,1,"F","I",NA,NA,NA,NA,NA,NA,NA,NA
110070201,1100335931,NA,TRUE,"ESAS",5900,1,"F","A",NA,NA,NA,NA,NA,NA,NA,NA
110070201,1100335932,NA,FALSE,"ESAS",6000,1,"F","A",NA,NA,NA,NA,NA,NA,NA,NA
110070201,1100335933,NA,FALSE,"ESAS",5920,1,"F","3",NA,NA,NA,NA,NA,NA,NA,NA
110070202,1100335934,NA,FALSE,"ESAS",5900,1,"F","A",NA,NA,NA,NA,NA,NA,NA,NA
110070202,1100335935,NA,FALSE,"ESAS",5920,1,"F","1",NA,NA,NA,NA,NA,NA,NA,NA
110070202,1100335936,NA,FALSE,"ESAS",5900,1,"F","A",NA,NA,NA,NA,NA,NA,NA,NA
110070202,1100335937,NA,TRUE,"ESAS",710,1,"F","A",NA,NA,NA,NA,NA,NA,NA,NA
110070202,1100335938,NA,FALSE,"ESAS",6000,2,"F","A",NA,NA,NA,NA,NA,NA,NA,NA
110070203,1100335939,"1",TRUE,"ESAS",5920,1,"B","I",NA,NA,NA,NA,NA,NA,NA,NA
110070203,1100335940,"1",TRUE,"ESAS",5920,1,"B","A",NA,NA,NA,NA,NA,NA,NA,NA
110070203,1100335941,NA,FALSE,"ESAS",5920,1,"F","A",NA,NA,NA,NA,NA,NA,NA,NA
110070203,1100335942,NA,FALSE,"ESAS",5920,1,"F","1",NA,NA,NA,NA,NA,NA,NA,NA
110070203,1100335943,NA,FALSE,"ESAS",6000,1,"F","1",NA,NA,NA,NA,NA,NA,NA,NA
110070203,1100335944,NA,FALSE,"ESAS",6000,1,"F","2",NA,NA,NA,NA,NA,NA,NA,NA
110070203,1100335945,NA,FALSE,"ESAS",5900,1,"F","A",NA,NA,NA,NA,NA,NA,NA,NA
110070203,1100335946,NA,FALSE,"ESAS",5900,2,"F","A",NA,NA,NA,NA,NA,NA,NA,NA
110070203,1100335947,NA,FALSE,"ESAS",6000,1,"F","A",NA,NA,NA,NA,NA,NA,NA,NA
110070203,1100335948,NA,TRUE,"ESAS",5900,2,"F","A",NA,NA,NA,NA,NA,NA,NA,NA
110070204,1100335949,NA,FALSE,"ESAS",5910,1,"F","A",NA,NA,NA,NA,NA,NA,NA,NA
110070204,1100335950,NA,FALSE,"ESAS",5920,1,"F","A",NA,NA,NA,NA,NA,NA,NA,NA
110070204,1100335951,NA,TRUE,"ESAS",5900,1,"F","A",NA,NA,NA,NA,NA,NA,NA,NA
110070204,1100335952,NA,TRUE,"ESAS",6000,1,"F","A",NA,NA,NA,NA,NA,NA,NA,NA
110070204,1100335953,NA,TRUE,"ESAS",5900,1,"F","A",NA,NA,NA,NA,NA,NA,NA,NA
110070204,1100335954,NA,FALSE,"ESAS",6000,1,"F","1",NA,NA,NA,NA,NA,NA,NA,NA
110070204,1100335955,NA,FALSE,"ESAS",5900,1,"F","A",NA,NA,NA,NA,NA,NA,NA,NA
110070204,1100335956,NA,FALSE,"ESAS",5920,1,"F","1",NA,NA,NA,NA,NA,NA,NA,NA
110070205,1100335957,NA,FALSE,"ESAS",5900,1,"F","A",NA,NA,NA,NA,NA,NA,NA,NA
110070205,1100335958,NA,FALSE,"ESAS",5910,1,"F","A",NA,NA,NA,NA,NA,NA,NA,NA
110070205,1100335959,NA,TRUE,"ESAS",6000,2,"B","1",NA,NA,NA,NA,NA,NA,94,NA
110070205,1100335960,NA,FALSE,"ESAS",5900,1,"F","A",NA,NA,NA,NA,NA,NA,NA,NA
110070206,1100335961,NA,TRUE,"ESAS",90,1,"D",NA,NA,NA,NA,NA,NA,NA,NA,NA
110070206,1100335962,NA,FALSE,"ESAS",5900,1,"F","A",NA,NA,NA,NA,NA,NA,NA,NA
110070206,1100335963,NA,FALSE,"ESAS",5900,1,"F","A",NA,NA,NA,NA,NA,NA,NA,NA
110070206,1100335964,NA,TRUE,"ESAS",6000,1,"D","A",NA,NA,NA,NA,NA,NA,NA,NA
110070206,1100335965,NA,FALSE,"ESAS",6000,1,"F","1",NA,NA,NA,NA,NA,NA,NA,NA
110070207,1100335966,"2",FALSE,"ESAS",5920,1,"F","A",NA,NA,NA,NA,NA,NA,NA,NA
110070207,1100335967,"2",FALSE,"ESAS",5920,1,"F","3",NA,NA,NA,NA,NA,NA,NA,NA
110070207,1100335968,NA,FALSE,"ESAS",5900,1,"F","A",NA,NA,NA,NA,NA,NA,NA,NA
110070207,1100335969,NA,FALSE,"ESAS",5900,1,"F","A",NA,NA,NA,NA,NA,NA,NA,NA
110070207,1100335970,NA,FALSE,"ESAS",5920,1,"F","A",NA,NA,NA,NA,NA,NA,NA,NA
110070207,1100335971,NA,FALSE,"ESAS",5920,1,"F","A",NA,NA,NA,NA,NA,NA,NA,NA
110070207,1100335972,NA,FALSE,"ESAS",5900,2,"F","A",NA,NA,NA,NA,NA,NA,NA,NA
110070207,1100335973,NA,FALSE,"ESAS",5900,4,"F","A",NA,NA,NA,NA,NA,NA,NA,NA
110070208,1100335974,NA,FALSE,"ESAS",5920,1,"F","A",NA,NA,NA,NA,NA,NA,NA,NA
110070208,1100335975,NA,FALSE,"ESAS",6000,1,"F","A",NA,NA,NA,NA,NA,NA,NA,NA
110070208,1100335976,NA,FALSE,"ESAS",6000,1,"F","2",NA,NA,NA,NA,NA,NA,NA,NA
110070208,1100335977,NA,FALSE,"ESAS",5926,1,"F","2",NA,NA,NA,NA,NA,NA,NA,NA
110070208,1100335978,NA,FALSE,"ESAS",5900,1,"F","A",NA,NA,NA,NA,NA,NA,NA,NA
110070209,1100335979,NA,FALSE,"ESAS",5920,1,"F","1",NA,NA,NA,NA,NA,NA,NA,NA
110070209,1100335980,NA,FALSE,"ESAS",5900,2,"F","A",NA,NA,NA,NA,NA,NA,NA,NA
110070209,1100335981,NA,FALSE,"ESAS",5900,1,"F","A",NA,NA,NA,NA,NA,NA,NA,NA
110070209,1100335982,NA,FALSE,"ESAS",5900,1,"F","A",NA,NA,NA,NA,NA,NA,NA,NA
110070209,1100335983,NA,FALSE,"ESAS",5900,1,"F","A",NA,NA,NA,NA,NA,NA,NA,NA
110070209,1100335984,NA,FALSE,"ESAS",5900,2,"F","A",NA,NA,NA,NA,NA,NA,NA,NA
110070209,1100335985,NA,FALSE,"ESAS",6000,1,"F","1",NA,NA,NA,NA,NA,NA,NA,NA
110070209,1100335986,NA,FALSE,"ESAS",5920,3,"F","I",NA,NA,NA,NA,NA,NA,NA,NA
110070210,1100335987,NA,FALSE,"ESAS",710,1,"F","A",NA,NA,NA,NA,NA,NA,NA,NA
110070210,1100335988,NA,FALSE,"ESAS",5920,2,"F","I",NA,NA,NA,NA,NA,NA,NA,NA
110070210,1100335989,NA,TRUE,"ESAS",5900,1,"F","A",NA,NA,NA,NA,NA,NA,NA,NA
110070210,1100335990,NA,FALSE,"ESAS",5927,1,"F","1",NA,NA,NA,NA,NA,NA,NA,NA
110070210,1100335991,NA,FALSE,"ESAS",5900,1,"F","A",NA,NA,NA,NA,NA,NA,NA,NA
110070210,1100335992,NA,TRUE,"ESAS",5900,1,"F","A",NA,NA,NA,NA,NA,NA,NA,NA
110070210,1100335993,NA,FALSE,"ESAS",5920,1,"F","A",NA,NA,NA,NA,NA,NA,NA,NA
110070211,1100335994,NA,FALSE,"ESAS",5900,1,"F","2",NA,NA,NA,NA,NA,NA,NA,NA
110070211,1100335995,NA,FALSE,"ESAS",5900,1,"F","A",NA,NA,NA,NA,NA,NA,NA,NA
110070212,1100335996,NA,TRUE,"ESAS",5910,1,"D","3",NA,NA,NA,NA,NA,NA,94,NA
110070212,1100335997,NA,FALSE,"ESAS",5900,1,"F","A",NA,NA,NA,NA,NA,NA,NA,NA
110070212,1100335998,NA,FALSE,"ESAS",5910,1,"F","A",NA,NA,NA,NA,NA,NA,NA,NA
110070212,1100335999,NA,FALSE,"ESAS",5920,1,"F","1",NA,NA,NA,NA,NA,NA,NA,NA
110070212,1100336000,NA,TRUE,"ESAS",5900,3,"F","A",NA,NA,NA,NA,NA,NA,NA,NA
110070212,1100336001,NA,TRUE,"ESAS",90,1,"C",NA,NA,NA,NA,NA,NA,NA,NA,NA
110070212,1100336002,NA,FALSE,"ESAS",2130,1,"F",NA,NA,NA,NA,NA,NA,NA,NA,NA
110070212,1100336003,NA,FALSE,"ESAS",5927,1,"F","3",NA,NA,NA,NA,NA,NA,NA,NA
110070212,1100336004,NA,FALSE,"ESAS",5900,1,"F","2",NA,NA,NA,NA,NA,NA,NA,NA
110070213,1100336005,NA,TRUE,"ESAS",90,1,"C",NA,NA,NA,NA,NA,NA,NA,NA,NA
110070213,1100336006,NA,TRUE,"ESAS",90,1,"C",NA,NA,NA,NA,NA,NA,NA,NA,NA
110070213,1100336007,NA,TRUE,"ESAS",90,1,"D",NA,NA,NA,NA,NA,NA,NA,NA,NA
110070213,1100336008,NA,FALSE,"ESAS",5750,1,"F","3",NA,NA,NA,NA,NA,NA,NA,NA
110070213,1100336009,NA,TRUE,"ESAS",5900,1,"D","A",NA,NA,NA,NA,NA,NA,NA,NA
110070213,1100336010,NA,FALSE,"ESAS",5900,1,"F","A",NA,NA,NA,NA,NA,NA,NA,NA
110070213,1100336011,NA,FALSE,"ESAS",5900,1,"F","A",NA,NA,NA,NA,NA,NA,NA,NA
110070213,1100336012,NA,FALSE,"ESAS",5920,1,"F","2",NA,NA,NA,NA,NA,NA,NA,NA
110070213,1100336013,NA,FALSE,"ESAS",5900,1,"F","A",NA,NA,NA,NA,NA,NA,NA,NA
110070213,1100336014,NA,FALSE,"ESAS",5900,1,"F","A",NA,NA,NA,NA,NA,NA,NA,NA
110070214,1100336015,NA,TRUE,"ESAS",6000,1,"W","A",NA,NA,NA,NA,NA,NA,44,NA
110070214,1100336016,NA,FALSE,"ESAS",6000,1,"F","1",NA,NA,NA,NA,NA,NA,49,NA
110070214,1100336017,NA,FALSE,"ESAS",5920,1,"F","A",NA,NA,NA,NA,NA,NA,NA,NA
110070214,1100336018,NA,FALSE,"ESAS",5900,1,"F","2",NA,NA,NA,NA,NA,NA,NA,NA
110070214,1100336019,NA,FALSE,"ESAS",5900,1,"F","A",NA,NA,NA,NA,NA,NA,NA,NA
110070215,1100336020,NA,FALSE,"ESAS",5900,1,"F","A",NA,NA,NA,NA,NA,NA,NA,NA
110070215,1100336021,NA,FALSE,"ESAS",5900,1,"F","2",NA,NA,NA,NA,NA,NA,NA,NA
110070215,1100336022,NA,FALSE,"ESAS",5920,1,"F","A",NA,NA,NA,NA,NA,NA,NA,NA
110070215,1100336023,NA,TRUE,"ESAS",5920,1,"F","1",NA,NA,NA,NA,NA,NA,NA,NA
110070215,1100336024,NA,TRUE,"ESAS",5900,1,"F","A",NA,NA,NA,NA,NA,NA,NA,NA
110070215,1100336025,NA,FALSE,"ESAS",5900,1,"F","A",NA,NA,NA,NA,NA,NA,NA,NA
110070215,1100336026,NA,FALSE,"ESAS",5900,1,"F","A",NA,NA,NA,NA,NA,NA,NA,NA
110070215,1100336027,NA,FALSE,"ESAS",6000,1,"F","A",NA,NA,NA,NA,NA,NA,NA,NA
110070215,1100336028,NA,FALSE,"ESAS",5910,1,"F","A",NA,NA,NA,NA,NA,NA,NA,NA
110070215,1100336029,NA,FALSE,"ESAS",6020,1,"F","A",NA,NA,NA,NA,NA,NA,NA,NA
110070215,1100336030,NA,FALSE,"ESAS",5900,1,"F","A",NA,NA,NA,NA,NA,NA,NA,NA
110070216,1100336031,NA,FALSE,"ESAS",5900,1,"F","1",NA,NA,NA,NA,NA,NA,NA,NA
110070216,1100336032,NA,FALSE,"ESAS",5900,1,"F","1",NA,NA,NA,NA,NA,NA,NA,NA
110070216,1100336033,NA,FALSE,"ESAS",5920,1,"F","1",NA,NA,NA,NA,NA,NA,NA,NA
110070216,1100336034,NA,FALSE,"ESAS",5920,1,"F","1",NA,NA,NA,NA,NA,NA,NA,NA
110070216,1100336035,NA,FALSE,"ESAS",710,1,"F",NA,NA,NA,NA,NA,NA,18,NA,NA
110070216,1100336036,NA,FALSE,"ESAS",5900,1,"F","1",NA,NA,NA,NA,NA,NA,NA,NA
110070216,1100336037,NA,FALSE,"ESAS",6000,1,"F","A",NA,NA,NA,NA,NA,NA,NA,NA
110070216,1100336038,NA,FALSE,"ESAS",710,1,"F",NA,NA,NA,NA,NA,NA,18,NA,NA
110070217,1100336039,NA,FALSE,"ESAS",5910,1,"F","A",NA,NA,NA,NA,NA,NA,NA,NA
110070217,1100336040,NA,FALSE,"ESAS",720,1,"F",NA,NA,NA,NA,NA,NA,NA,NA,NA
110070217,1100336041,NA,FALSE,"ESAS",720,1,"F",NA,NA,NA,NA,NA,NA,NA,NA,NA
110070217,1100336042,NA,FALSE,"ESAS",720,4,"F",NA,NA,NA,NA,NA,NA,NA,NA,NA
110070217,1100336043,NA,FALSE,"ESAS",5900,1,"F","A",NA,NA,NA,NA,NA,NA,NA,NA
110070218,1100336044,NA,FALSE,"ESAS",720,1,"F",NA,NA,NA,NA,NA,NA,NA,NA,NA
110070218,1100336045,NA,FALSE,"ESAS",5910,1,"F","A",NA,NA,NA,NA,NA,NA,NA,NA
110070218,1100336046,NA,FALSE,"ESAS",90,5,"E",NA,NA,NA,NA,NA,NA,NA,NA,NA
110070218,1100336047,NA,FALSE,"ESAS",5920,1,"F","3",NA,NA,NA,NA,NA,NA,NA,NA
110070219,1100336048,NA,FALSE,"ESAS",720,4,"F",NA,NA,NA,NA,NA,NA,NA,NA,NA
110070219,1100336049,NA,FALSE,"ESAS",20,1,"F",NA,NA,NA,NA,NA,NA,NA,NA,NA
110070219,1100336050,NA,FALSE,"ESAS",5920,1,"F","1",NA,NA,NA,NA,NA,NA,NA,NA
110070219,1100336051,NA,FALSE,"ESAS",59,1,"E",NA,NA,NA,NA,NA,NA,NA,94,NA
110070219,1100336052,NA,FALSE,"ESAS",5920,1,"F","1",NA,NA,NA,NA,NA,NA,NA,NA
110070219,1100336053,NA,FALSE,"ESAS",720,7,"F",NA,NA,NA,NA,NA,NA,NA,NA,NA
110070220,1100336054,NA,FALSE,"ESAS",5927,1,"F","1",NA,NA,NA,NA,NA,NA,NA,NA
110070220,1100336055,NA,TRUE,"ESAS",90,1,"B",NA,NA,NA,NA,NA,NA,NA,NA,NA
110070220,1100336056,NA,FALSE,"ESAS",5900,1,"F","A",NA,NA,NA,NA,NA,NA,NA,NA
110070220,1100336057,NA,FALSE,"ESAS",5900,1,"F","A",NA,NA,NA,NA,NA,NA,NA,NA
110070220,1100336058,NA,TRUE,"ESAS",5900,1,"C","A",NA,NA,NA,NA,NA,NA,NA,NA
110070220,1100336059,NA,FALSE,"ESAS",5900,1,"F","2",NA,NA,NA,NA,NA,NA,NA,NA
110070220,1100336060,NA,TRUE,"ESAS",90,3,"D",NA,NA,NA,NA,NA,NA,NA,NA,NA
110070220,1100336061,NA,FALSE,"ESAS",5920,1,"F","A",NA,NA,NA,NA,NA,NA,NA,NA
110070221,1100336062,NA,FALSE,"ESAS",710,1,"F","A",NA,NA,NA,NA,NA,NA,NA,NA
110070221,1100336063,NA,FALSE,"ESAS",6020,1,"F","A",NA,NA,NA,NA,NA,NA,NA,NA
110070221,1100336064,NA,FALSE,"ESAS",720,1,"F",NA,NA,NA,NA,NA,NA,NA,NA,NA
110070221,1100336065,NA,FALSE,"ESAS",5900,1,"F","A",NA,NA,NA,NA,NA,NA,NA,NA
110070221,1100336066,NA,FALSE,"ESAS",5920,1,"F","1",NA,NA,NA,NA,NA,NA,NA,NA
110070221,1100336067,NA,FALSE,"ESAS",5920,1,"F","1",NA,NA,NA,NA,NA,NA,NA,NA
110070221,1100336068,NA,FALSE,"ESAS",710,1,"F","A",NA,NA,NA,NA,NA,NA,NA,NA
110070221,1100336069,NA,FALSE,"ESAS",5920,1,"F","1",NA,NA,NA,NA,NA,NA,NA,NA
110070221,1100336070,NA,FALSE,"ESAS",5920,1,"F","A",NA,NA,NA,NA,NA,NA,NA,NA
110070221,1100336071,NA,FALSE,"ESAS",5920,1,"F","2",NA,NA,NA,NA,NA,NA,NA,NA
110070222,1100336072,NA,TRUE,"ESAS",5900,1,"F","2",NA,NA,NA,NA,NA,NA,NA,NA
110070222,1100336073,NA,FALSE,"ESAS",5900,1,"F","2",NA,NA,NA,NA,NA,NA,NA,NA
110070222,1100336074,NA,FALSE,"ESAS",6000,1,"F","1",NA,NA,NA,NA,NA,NA,NA,NA
110070222,1100336075,NA,FALSE,"ESAS",720,3,"F",NA,NA,NA,NA,NA,NA,NA,NA,NA
110070222,1100336076,NA,FALSE,"ESAS",710,1,"F","A",NA,NA,NA,NA,NA,NA,NA,NA
110070223,1100336077,NA,FALSE,"ESAS",6000,1,"F","A",NA,NA,NA,NA,NA,NA,NA,NA
110070223,1100336078,NA,FALSE,"ESAS",5900,1,"F","A",NA,NA,NA,NA,NA,NA,NA,NA
110070223,1100336079,NA,FALSE,"ESAS",6000,1,"F","A",NA,NA,NA,NA,NA,NA,NA,NA
110070223,1100336080,NA,FALSE,"ESAS",5920,1,"F","1",NA,NA,NA,NA,NA,NA,NA,NA
110070223,1100336081,NA,FALSE,"ESAS",6000,1,"F","A",NA,NA,NA,NA,NA,NA,NA,NA
110070223,1100336082,NA,FALSE,"ESAS",720,3,"F",NA,NA,NA,NA,NA,NA,NA,94,NA
110070223,1100336083,NA,FALSE,"ESAS",710,1,"F","4",NA,NA,NA,NA,NA,NA,NA,NA
110070223,1100336084,NA,FALSE,"ESAS",5900,1,"F","A",NA,NA,NA,NA,NA,NA,NA,NA
110070224,1100336085,NA,TRUE,"ESAS",90,1,"D",NA,NA,NA,NA,NA,NA,NA,NA,NA
110070224,1100336086,NA,TRUE,"ESAS",90,1,"C",NA,NA,NA,NA,NA,NA,NA,NA,NA
110070224,1100336087,NA,FALSE,"ESAS",5926,1,"F","A",NA,NA,NA,NA,NA,NA,NA,NA
110070224,1100336088,NA,FALSE,"ESAS",5920,1,"F","A",NA,NA,NA,NA,NA,NA,NA,NA
110070225,1100336089,NA,FALSE,"ESAS",2130,1,"F",NA,NA,NA,NA,NA,NA,NA,NA,NA
110070225,1100336090,NA,FALSE,"ESAS",5900,6,"F",NA,NA,NA,NA,NA,NA,NA,NA,NA
110070226,1100336091,NA,FALSE,"ESAS",5910,1,"F","A",NA,NA,NA,NA,NA,NA,NA,NA
110070226,1100336092,NA,FALSE,"ESAS",720,1,"F",NA,NA,NA,NA,NA,NA,NA,NA,NA
110070226,1100336093,NA,FALSE,"ESAS",6000,1,"F","A",NA,NA,NA,NA,NA,NA,NA,NA
110070226,1100336094,NA,FALSE,"ESAS",6000,1,"F","A",NA,NA,NA,NA,NA,NA,NA,NA
110070226,1100336095,NA,TRUE,"ESAS",5910,1,"F","A",NA,NA,NA,NA,NA,NA,NA,NA
110070227,1100336096,NA,FALSE,"ESAS",720,2,"F",NA,NA,NA,NA,NA,NA,NA,NA,NA
110070227,1100336097,NA,TRUE,"ESAS",5910,1,"F","A",NA,NA,NA,NA,NA,NA,NA,NA
110070227,1100336098,NA,FALSE,"ESAS",5920,1,"F","A",NA,NA,NA,NA,NA,NA,NA,NA
110070227,1100336099,NA,FALSE,"ESAS",6020,1,"F","A",NA,NA,NA,NA,NA,NA,NA,NA
110070228,1100336100,NA,FALSE,"ESAS",59,1,"F",NA,NA,NA,NA,NA,NA,NA,NA,NA
110070228,1100336101,NA,FALSE,"ESAS",720,1,"F",NA,NA,NA,NA,NA,NA,NA,NA,NA
110070228,1100336102,NA,FALSE,"ESAS",20,1,"F",NA,NA,NA,NA,NA,NA,NA,NA,NA
110070229,1100336103,NA,FALSE,"ESAS",710,1,"F","A",NA,NA,NA,NA,NA,NA,NA,NA
110070229,1100336104,NA,FALSE,"ESAS",6020,1,"F","A",NA,NA,NA,NA,NA,NA,NA,NA
110070229,1100336105,NA,FALSE,"ESAS",5926,1,"F","3",NA,NA,NA,NA,NA,18,NA,NA
110070229,1100336106,NA,TRUE,"ESAS",720,1,"F",NA,NA,NA,NA,NA,NA,NA,NA,NA
110070229,1100336107,NA,FALSE,"ESAS",5910,1,"F","A",NA,NA,NA,NA,NA,NA,NA,NA
110070229,1100336108,NA,FALSE,"ESAS",710,2,"F","A",NA,NA,NA,NA,NA,NA,NA,NA
110070229,1100336109,NA,FALSE,"ESAS",20,1,"F",NA,NA,NA,NA,NA,NA,NA,NA,NA
110070230,1100336110,NA,FALSE,"ESAS",710,1,"F","A",NA,NA,NA,NA,NA,NA,NA,NA
110070231,1100336111,NA,FALSE,"ESAS",6020,1,"F","A",NA,NA,NA,NA,NA,NA,NA,NA
110070231,1100336112,NA,FALSE,"ESAS",720,5,"F",NA,NA,NA,NA,NA,NA,NA,NA,NA
110070231,1100336113,NA,TRUE,"ESAS",710,1,"F","A",NA,NA,NA,NA,NA,NA,NA,NA
110070231,1100336114,NA,FALSE,"ESAS",20,2,"F",NA,NA,NA,NA,NA,NA,NA,NA,NA
110070231,1100336115,NA,FALSE,"ESAS",6020,1,"F","A",NA,NA,NA,NA,NA,NA,NA,NA
110070231,1100336116,NA,FALSE,"ESAS",6020,1,"A","A",NA,NA,NA,NA,NA,NA,94,NA
110070232,1100336117,NA,TRUE,"ESAS",6000,1,"A","A",NA,NA,NA,NA,NA,NA,94,NA
110070232,1100336118,NA,FALSE,"ESAS",710,1,"F","A",NA,NA,NA,NA,NA,NA,NA,NA
110070232,1100336119,NA,FALSE,"ESAS",2130,4,"F",NA,NA,NA,NA,NA,NA,NA,NA,NA
110070232,1100336120,NA,FALSE,"ESAS",5900,1,"F","A",NA,NA,NA,NA,NA,NA,NA,NA
110070232,1100336121,NA,FALSE,"ESAS",5910,1,"F","A",NA,NA,NA,NA,NA,NA,NA,NA
110070232,1100336122,NA,FALSE,"ESAS",90,1,"E",NA,NA,NA,NA,NA,NA,NA,NA,NA
110070233,1100336123,NA,FALSE,"ESAS",5900,1,"F","A",NA,NA,NA,NA,NA,NA,NA,NA
110070233,1100336124,NA,FALSE,"ESAS",5920,1,"F","1",NA,NA,NA,NA,NA,NA,NA,NA
110070233,1100336125,NA,FALSE,"ESAS",710,3,"E","A",NA,NA,NA,NA,NA,NA,45,NA
110070233,1100336126,NA,FALSE,"ESAS",20,2,"F",NA,NA,NA,NA,NA,NA,NA,NA,NA
110070233,1100336127,NA,FALSE,"ESAS",720,1,"F",NA,NA,NA,NA,NA,NA,NA,NA,NA
110070233,1100336128,NA,FALSE,"ESAS",710,2,"F","A",NA,NA,NA,NA,NA,NA,NA,NA
110070234,1100336129,NA,FALSE,"ESAS",2130,8,"F",NA,NA,NA,NA,NA,NA,NA,NA,NA
110070234,1100336130,NA,FALSE,"ESAS",5910,1,"F","A",NA,NA,NA,NA,NA,NA,NA,NA
110070234,1100336131,NA,FALSE,"ESAS",5900,1,"F","1",NA,NA,NA,NA,NA,NA,NA,NA
110070234,1100336132,NA,FALSE,"ESAS",5900,1,"F","3",NA,NA,NA,NA,NA,NA,NA,NA
110070234,1100336133,NA,FALSE,"ESAS",710,1,"F","A",NA,NA,NA,NA,NA,NA,NA,NA
110070235,1100336134,NA,FALSE,"ESAS",6020,1,"F","A",NA,NA,NA,NA,NA,NA,NA,NA
110070235,1100336135,NA,FALSE,"ESAS",5927,1,"F","A",NA,NA,NA,NA,NA,NA,NA,NA
110070235,1100336136,NA,FALSE,"ESAS",710,1,"F","4",NA,NA,NA,NA,NA,NA,NA,NA
110070235,1100336137,NA,FALSE,"ESAS",5920,1,"F","4",NA,NA,NA,NA,NA,NA,NA,NA
110070235,1100336138,NA,FALSE,"ESAS",5900,1,"F","2",NA,NA,NA,NA,NA,NA,NA,NA
110070235,1100336139,NA,FALSE,"ESAS",6020,1,"F","1",NA,NA,NA,NA,NA,NA,NA,NA
110070235,1100336140,NA,FALSE,"ESAS",720,1,"F",NA,NA,NA,NA,NA,NA,NA,NA,NA
110070236,1100336141,NA,FALSE,"ESAS",5927,1,"F","2",NA,NA,NA,NA,NA,NA,NA,NA
110070236,1100336142,NA,TRUE,"ESAS",6340,1,"A",NA,NA,"B",NA,NA,NA,NA,93,NA
110070237,1100336143,NA,FALSE,"ESAS",5920,1,"F","1",NA,NA,NA,NA,NA,NA,NA,NA
110070237,1100336144,NA,FALSE,"ESAS",720,2,"F",NA,NA,NA,NA,NA,NA,NA,NA,NA
110070237,1100336145,NA,TRUE,"ESAS",20,1,"C",NA,NA,NA,NA,NA,NA,NA,94,NA
110070237,1100336146,NA,FALSE,"ESAS",710,1,"F",NA,NA,NA,NA,NA,NA,NA,NA,NA
110070237,1100336147,NA,FALSE,"ESAS",5920,1,"F","4",NA,NA,NA,NA,NA,NA,NA,NA
110070237,1100336148,NA,TRUE,"ESAS",5900,1,"F","2",NA,NA,NA,NA,NA,NA,NA,NA
110070238,1100336149,"3",TRUE,"ESAS",6020,9,"C","A",NA,NA,NA,NA,NA,NA,NA,NA
110070238,1100336150,"3",TRUE,"ESAS",6020,2,"C","1",NA,NA,NA,NA,NA,NA,NA,NA
110070238,1100336151,NA,FALSE,"ESAS",20,7,"F",NA,NA,NA,NA,NA,NA,NA,NA,NA
110070238,1100336152,NA,FALSE,"ESAS",59,1,"F",NA,NA,NA,NA,NA,NA,NA,NA,NA
110070238,1100336153,NA,FALSE,"ESAS",20,2,"F",NA,NA,NA,NA,NA,NA,NA,NA,NA
110070238,1100336154,NA,FALSE,"ESAS",59,1,"F",NA,NA,NA,NA,NA,NA,NA,NA,NA
110070239,1100336155,NA,FALSE,"ESAS",20,1,"F",NA,NA,NA,NA,NA,NA,NA,NA,NA
110070239,1100336156,NA,FALSE,"ESAS",59,2,"F",NA,NA,NA,NA,NA,NA,NA,NA,NA
110070240,1100336157,NA,FALSE,"ESAS",710,2,"F",NA,NA,NA,NA,NA,NA,NA,NA,NA
110070240,1100336158,NA,FALSE,"ESAS",20,1,"E",NA,NA,NA,NA,NA,NA,NA,94,NA
110070241,1100336159,"4",TRUE,"ESAS",6020,12,"A","A",NA,NA,NA,NA,NA,NA,94,NA
110070241,1100336160,"4",TRUE,"ESAS",5920,1,"A","A",NA,NA,NA,NA,NA,NA,94,NA
110070241,1100336161,NA,TRUE,"ESAS",710,1,"F","A",NA,NA,NA,NA,NA,NA,NA,NA
110070241,1100336162,NA,FALSE,"ESAS",5920,1,"F","1",NA,NA,NA,NA,NA,NA,NA,NA
110070241,1100336163,NA,TRUE,"ESAS",720,1,"F",NA,NA,NA,NA,NA,NA,NA,NA,NA
110070241,1100336164,NA,FALSE,"ESAS",64320,1,"E",NA,NA,NA,NA,NA,NA,NA,NA,NA
110070241,1100336165,NA,FALSE,"ESAS",5920,1,"F","4",NA,NA,NA,NA,NA,NA,NA,NA
110070241,1100336166,NA,FALSE,"ESAS",720,1,"F",NA,NA,NA,NA,NA,NA,NA,NA,NA
110070242,1100336167,NA,FALSE,"ESAS",59,1,"F",NA,NA,NA,NA,NA,NA,NA,NA,NA
110070242,1100336168,NA,TRUE,"ESAS",6000,1,"D","A",NA,NA,NA,NA,NA,NA,NA,NA
110070242,1100336169,NA,FALSE,"ESAS",720,3,"E",NA,NA,NA,NA,NA,NA,NA,NA,NA
110070242,1100336170,NA,TRUE,"ESAS",6000,1,"A","3",NA,NA,NA,NA,NA,NA,94,NA
110070243,1100336171,NA,FALSE,"ESAS",710,1,"F","A",NA,NA,NA,NA,NA,NA,NA,NA
110070243,1100336172,NA,FALSE,"ESAS",64320,1,"E",NA,NA,NA,NA,NA,NA,NA,NA,NA
110070243,1100336173,NA,FALSE,"ESAS",6020,6,"E",NA,NA,NA,NA,NA,NA,NA,NA,NA
110070243,1100336174,NA,FALSE,"ESAS",5926,1,"F","A",NA,NA,NA,NA,NA,NA,NA,NA
110070243,1100336175,NA,FALSE,"ESAS",20,1,"F",NA,NA,NA,NA,NA,NA,NA,NA,NA
110070243,1100336176,NA,FALSE,"ESAS",710,1,"F","A",NA,NA,NA,NA,NA,NA,NA,NA
110070244,1100336177,"5",FALSE,"ESAS",710,3,"A","A",NA,NA,NA,NA,NA,NA,94,NA
110070244,1100336178,"5",FALSE,"ESAS",710,1,"A","3",NA,NA,NA,NA,NA,NA,94,NA
110070244,1100336179,"5",FALSE,"ESAS",5900,1,"A","3",NA,NA,NA,NA,NA,NA,94,NA
110070244,1100336180,"5",FALSE,"ESAS",5910,1,"A","3",NA,NA,NA,NA,NA,NA,94,NA
110070244,1100336181,"5",FALSE,"ESAS",710,1,"A","2",NA,NA,NA,NA,NA,NA,94,NA
110070244,1100336182,NA,FALSE,"ESAS",5926,1,"A",NA,NA,NA,NA,NA,NA,NA,94,NA
110070245,1100336183,NA,FALSE,"ESAS",20,1,"F",NA,NA,NA,NA,NA,NA,NA,NA,NA
110070246,1100336184,NA,TRUE,"ESAS",6000,1,"D","2",NA,NA,NA,NA,NA,NA,NA,NA
110070246,1100336185,NA,FALSE,"ESAS",710,1,"C","A",NA,NA,NA,NA,NA,NA,NA,NA
110070246,1100336186,NA,FALSE,"ESAS",710,1,"F","A",NA,NA,NA,NA,NA,NA,NA,NA
110070247,1100336187,NA,FALSE,"ESAS",6020,1,"F","A",NA,NA,NA,NA,NA,NA,NA,NA
110070247,1100336188,NA,FALSE,"ESAS",6000,1,"F","A",NA,NA,NA,NA,NA,NA,NA,NA
110070247,1100336189,NA,FALSE,"ESAS",710,1,"F","3",NA,NA,NA,NA,NA,NA,NA,NA
110070248,1100336190,NA,FALSE,"ESAS",20,1,"F",NA,NA,NA,NA,NA,NA,NA,NA,NA
110070248,1100336191,NA,FALSE,"ESAS",6020,1,"F","1",NA,NA,NA,NA,NA,NA,NA,NA
110070248,1100336192,NA,FALSE,"ESAS",710,1,"F","2",NA,NA,NA,NA,NA,NA,NA,NA
110070249,1100336193,NA,FALSE,"ESAS",710,1,"F","A",NA,NA,NA,NA,NA,NA,NA,NA
110070249,1100336194,NA,FALSE,"ESAS",59,16,"E",NA,NA,NA,NA,NA,NA,NA,94,NA
110070250,1100336195,NA,TRUE,"ESAS",63510,1,"C",NA,NA,NA,NA,NA,NA,NA,NA,NA
110070250,1100336196,NA,FALSE,"ESAS",710,1,"F","A",NA,NA,NA,NA,NA,NA,NA,NA
110070250,1100336197,NA,TRUE,"ESAS",710,1,"F","A",NA,NA,NA,NA,NA,NA,NA,NA
110070250,1100336198,NA,FALSE,"ESAS",20,1,"F",NA,NA,NA,NA,NA,NA,NA,NA,NA
110070250,1100336199,NA,FALSE,"ESAS",6000,1,"F","A",NA,NA,NA,NA,NA,NA,NA,NA
110070250,1100336200,NA,FALSE,"ESAS",20,2,"F",NA,NA,NA,NA,NA,NA,NA,NA,NA
110070252,1100336201,NA,FALSE,"ESAS",59,2,"F",NA,NA,NA,NA,NA,NA,NA,NA,NA
110070252,1100336202,NA,TRUE,"ESAS",6020,1,"F","A",NA,NA,NA,NA,NA,NA,NA,NA
110070252,1100336203,NA,TRUE,"ESAS",6020,1,"F","A",NA,NA,NA,NA,NA,NA,NA,NA
110070253,1100336204,NA,TRUE,"ESAS",63510,2,"A",NA,NA,NA,NA,NA,NA,NA,NA,NA
110070253,1100336205,NA,FALSE,"ESAS",20,2,"F",NA,NA,NA,NA,NA,NA,NA,NA,NA
110070254,1100336206,NA,FALSE,"ESAS",6020,1,"F","1",NA,NA,NA,NA,NA,NA,NA,NA
110070254,1100336207,NA,FALSE,"ESAS",20,1,"F",NA,NA,NA,NA,NA,NA,NA,NA,NA
110070255,1100336208,NA,FALSE,"ESAS",20,2,"F",NA,NA,NA,NA,NA,NA,NA,NA,NA
110070256,1100336209,NA,FALSE,"ESAS",6345,1,"F",NA,NA,NA,NA,NA,NA,NA,NA,NA
110070256,1100336210,NA,FALSE,"ESAS",6020,1,"F","A",NA,NA,NA,NA,NA,NA,NA,NA
110070256,1100336211,NA,TRUE,"ESAS",63510,1,"A",NA,NA,NA,NA,NA,NA,NA,NA,NA
110070257,1100336212,NA,FALSE,"ESAS",6345,1,"F",NA,NA,NA,NA,NA,NA,NA,94,NA
110070257,1100336213,NA,TRUE,"ESAS",6020,1,"C","A",NA,NA,NA,NA,NA,NA,NA,NA
110070258,1100336214,NA,TRUE,"ESAS",6000,1,"F","3",NA,NA,NA,NA,NA,NA,NA,NA
110070258,1100336215,NA,FALSE,"ESAS",6000,1,"F","A",NA,NA,NA,NA,NA,NA,NA,NA
110070258,1100336216,NA,FALSE,"ESAS",6020,1,"F","A",NA,NA,NA,NA,NA,NA,NA,NA
110070258,1100336217,NA,FALSE,"ESAS",6000,1,"F","1",NA,NA,NA,NA,NA,NA,NA,NA
110070259,1100336218,NA,TRUE,"ESAS",63510,2,"B",NA,NA,NA,NA,NA,NA,NA,NA,NA
110070259,1100336219,NA,TRUE,"ESAS",6020,2,"F","A",NA,NA,NA,NA,NA,NA,NA,NA
110070260,1100336220,"6",TRUE,"ESAS",6340,1,"C",NA,NA,"W",NA,NA,NA,NA,NA,NA
110070260,1100336221,"6",TRUE,"ESAS",6340,1,"C",NA,NA,"B",NA,NA,NA,NA,NA,NA
110070260,1100336222,NA,FALSE,"ESAS",6340,1,"E",NA,NA,"W",NA,NA,NA,NA,NA,NA
110070261,1100336223,NA,FALSE,"ESAS",6340,2,"F",NA,NA,"W",NA,NA,NA,NA,NA,NA
110070261,1100336224,NA,FALSE,"ESAS",20,1,"F",NA,NA,NA,NA,NA,NA,NA,NA,NA
110070261,1100336225,NA,FALSE,"ESAS",6345,1,"F",NA,NA,NA,NA,NA,NA,NA,NA,NA
110070262,1100336226,NA,TRUE,"ESAS",63510,1,"B",NA,NA,NA,NA,NA,NA,NA,NA,NA
110070262,1100336227,NA,TRUE,"ESAS",6020,2,"F",NA,NA,NA,NA,NA,NA,NA,NA,NA
110070263,1100336228,NA,FALSE,"ESAS",6020,1,"F","A",NA,NA,NA,NA,NA,NA,NA,NA
110070263,1100336229,NA,FALSE,"ESAS",5920,1,"F","1",NA,NA,NA,NA,NA,NA,NA,NA
110070263,1100336230,NA,FALSE,"ESAS",6020,1,"F","2",NA,NA,NA,NA,NA,NA,NA,NA
110070264,1100336231,NA,TRUE,"ESAS",5690,1,"F",NA,NA,NA,NA,NA,NA,NA,NA,NA
110070265,1100336232,NA,FALSE,"ESAS",5820,1,"F",NA,NA,NA,NA,NA,NA,NA,NA,NA
110070266,1100336233,NA,TRUE,"ESAS",6360,2,"D",NA,NA,"W",NA,NA,NA,NA,NA,NA
110070266,1100336234,NA,FALSE,"ESAS",6345,4,"F",NA,NA,NA,NA,NA,NA,NA,NA,NA
110070266,1100336235,NA,FALSE,"ESAS",6340,3,"C",NA,NA,NA,NA,NA,NA,NA,NA,NA
110070266,1100336236,NA,TRUE,"ESAS",6340,1,"A",NA,NA,"W",NA,NA,NA,NA,94,NA
110070267,1100336237,NA,TRUE,"ESAS",6000,1,"F","A",NA,NA,NA,NA,NA,NA,NA,NA
110070267,1100336238,NA,TRUE,"ESAS",6020,1,"F","A",NA,NA,NA,NA,NA,NA,NA,NA
110070267,1100336239,NA,FALSE,"ESAS",5690,1,"F",NA,NA,NA,NA,NA,NA,NA,NA,NA
110070267,1100336240,NA,FALSE,"ESAS",6340,2,"W",NA,NA,"W",NA,NA,NA,NA,94,NA
110070268,1100336241,"7",TRUE,"ESAS",6340,1,"C",NA,NA,"W",NA,NA,NA,NA,94,NA
110070268,1100336242,"7",TRUE,"ESAS",6340,1,"C",NA,NA,"T",NA,NA,NA,NA,94,NA
110070268,1100336243,NA,FALSE,"ESAS",710,2,"F","A",NA,NA,NA,NA,NA,NA,NA,NA
110070268,1100336244,NA,FALSE,"ESAS",6000,1,"F",NA,NA,NA,NA,NA,NA,NA,NA,NA
110070270,1100336245,NA,TRUE,"ESAS",6340,2,"A",NA,NA,"W",NA,NA,NA,NA,94,NA
110070270,1100336246,NA,FALSE,"ESAS",6340,1,"C",NA,NA,NA,NA,NA,NA,NA,NA,NA
110070270,1100336247,NA,TRUE,"ESAS",6340,1,"A",NA,NA,"W",NA,NA,NA,NA,NA,NA
110070270,1100336248,NA,FALSE,"ESAS",6020,1,"F","A",NA,NA,NA,NA,NA,NA,NA,NA
110070270,1100336249,NA,FALSE,"ESAS",710,1,"F",NA,NA,NA,NA,NA,NA,NA,NA,NA
110070271,1100336250,NA,TRUE,"ESAS",63510,2,"A",NA,NA,NA,NA,NA,NA,NA,NA,NA
110070271,1100336251,NA,FALSE,"ESAS",6340,1,"A",NA,NA,"T",NA,NA,NA,NA,94,NA
110070271,1100336252,NA,TRUE,"ESAS",6340,1,"C",NA,NA,"T",NA,NA,NA,NA,NA,NA
110070271,1100336253,NA,FALSE,"ESAS",6340,2,"F",NA,NA,"W",NA,NA,NA,NA,NA,NA
110070272,1100336254,NA,TRUE,"ESAS",6340,2,"D",NA,NA,"W",NA,NA,NA,NA,NA,NA
110070272,1100336255,NA,FALSE,"ESAS",6020,1,"F","A",NA,NA,NA,NA,NA,NA,NA,NA
110070272,1100336256,NA,FALSE,"ESAS",6340,4,"F",NA,NA,"W",NA,NA,NA,NA,NA,NA
110070274,1100336257,NA,TRUE,"ESAS",6020,1,"F","A",NA,NA,NA,NA,NA,NA,NA,NA
110070274,1100336258,NA,TRUE,"ESAS",6340,4,"D",NA,NA,"W",NA,NA,NA,NA,NA,NA
110070275,1100336259,NA,FALSE,"ESAS",6020,1,"F","A",NA,NA,NA,NA,NA,NA,NA,NA
110070275,1100336260,NA,FALSE,"ESAS",710,1,"F","A",NA,NA,NA,NA,NA,NA,NA,NA
110070275,1100336261,NA,FALSE,"ESAS",6020,1,"F","A",NA,NA,NA,NA,NA,NA,NA,NA
110070276,1100336262,NA,TRUE,"ESAS",63510,1,"A",NA,NA,NA,NA,NA,NA,NA,NA,NA
110070276,1100336263,NA,FALSE,"ESAS",6020,1,"F","A",NA,NA,NA,NA,NA,NA,NA,NA
110070276,1100336264,NA,TRUE,"ESAS",6000,1,"F","A",NA,NA,NA,NA,NA,NA,NA,NA
110070277,1100336265,NA,FALSE,"ESAS",6340,2,"E",NA,NA,"W",NA,NA,NA,NA,NA,NA
110070277,1100336266,NA,FALSE,"ESAS",6340,2,"F",NA,NA,"W",NA,NA,NA,NA,NA,NA
110070277,1100336267,NA,TRUE,"ESAS",6000,1,"A","1",NA,NA,NA,NA,NA,NA,94,NA
110070277,1100336268,NA,TRUE,"ESAS",6340,3,"W",NA,NA,NA,NA,NA,NA,NA,94,NA
110070277,1100336269,NA,FALSE,"ESAS",5690,2,"F",NA,NA,NA,NA,NA,NA,NA,NA,NA
110070278,1100336270,NA,FALSE,"ESAS",6340,1,"A",NA,NA,"T",NA,NA,NA,NA,93,NA
110070278,1100336271,NA,TRUE,"ESAS",6340,1,"A",NA,NA,"B",NA,NA,NA,NA,94,NA
110070278,1100336272,NA,FALSE,"ESAS",6020,1,"F","A",NA,NA,NA,NA,NA,NA,NA,NA
110070279,1100336273,NA,TRUE,"ESAS",6020,1,"F","A",NA,NA,NA,NA,NA,NA,NA,NA
110070279,1100336274,NA,FALSE,"ESAS",6020,1,"F","A",NA,NA,NA,NA,NA,NA,NA,NA
110070279,1100336275,NA,TRUE,"ESAS",6020,2,"A","A",NA,NA,NA,NA,NA,NA,NA,NA
110070280,1100336276,"8",FALSE,"ESAS",6340,3,"E",NA,NA,"W",NA,NA,NA,NA,NA,NA
110070280,1100336277,"8",FALSE,"ESAS",6340,1,"E",NA,NA,"T",NA,NA,NA,NA,NA,NA
110070280,1100336278,NA,FALSE,"ESAS",6340,3,"A",NA,NA,"W",NA,NA,NA,NA,NA,NA
110070280,1100336279,NA,FALSE,"ESAS",6020,1,"F","A",NA,NA,NA,NA,NA,NA,NA,NA
110070280,1100336280,NA,FALSE,"ESAS",6020,2,"F","A",NA,NA,NA,NA,NA,NA,NA,NA
110070281,1100336281,"9",TRUE,"ESAS",6340,1,"C",NA,NA,"B",NA,NA,NA,NA,NA,NA
110070281,1100336282,"9",TRUE,"ESAS",6340,3,"C",NA,NA,"W",NA,NA,NA,NA,NA,NA
110070281,1100336283,NA,TRUE,"ESAS",6340,1,"A",NA,NA,"W",NA,NA,NA,NA,93,NA
110070281,1100336284,NA,FALSE,"ESAS",710,1,"A","A",NA,NA,NA,NA,NA,NA,NA,NA
110070282,1100336285,NA,FALSE,"ESAS",5927,1,"F",NA,NA,"B",NA,NA,NA,NA,NA,NA
110070282,1100336286,NA,TRUE,"ESAS",710,1,"A","A",NA,NA,NA,NA,NA,NA,94,NA
110070283,1100336287,NA,FALSE,"ESAS",6020,1,"F","A",NA,NA,NA,NA,NA,NA,NA,NA
110070283,1100336288,NA,FALSE,"ESAS",710,1,"F","A",NA,NA,NA,NA,NA,NA,NA,NA
110070284,1100336289,NA,TRUE,"ESAS",6340,1,"C",NA,NA,"W",NA,NA,NA,NA,NA,NA
110070284,1100336290,NA,FALSE,"ESAS",6020,1,"F","A",NA,NA,NA,NA,NA,NA,NA,NA
110070284,1100336291,NA,FALSE,"ESAS",6020,1,"F","A",NA,NA,NA,NA,NA,NA,NA,NA
110070286,1100336292,NA,FALSE,"ESAS",6020,1,"F","A",NA,NA,NA,NA,NA,NA,NA,NA
110070286,1100336293,NA,FALSE,"ESAS",720,85,"F",NA,NA,NA,NA,NA,NA,NA,NA,NA
110070286,1100336294,NA,FALSE,"ESAS",6020,1,"F","A",NA,NA,NA,NA,NA,NA,NA,NA
110070286,1100336295,NA,TRUE,"ESAS",6020,1,"F","A",NA,NA,NA,NA,NA,NA,NA,NA
110070286,1100336296,NA,FALSE,"ESAS",5926,1,"F","A",NA,NA,NA,NA,NA,NA,NA,NA
110070287,1100336297,NA,TRUE,"ESAS",6020,2,"F","A",NA,NA,NA,NA,NA,NA,NA,NA
110070287,1100336298,NA,FALSE,"ESAS",6020,1,"F","A",NA,NA,NA,NA,NA,NA,NA,NA
110070287,1100336299,NA,FALSE,"ESAS",6020,2,"F","A",NA,NA,NA,NA,NA,NA,NA,NA
110070287,1100336300,NA,FALSE,"ESAS",6020,1,"F","1",NA,NA,NA,NA,NA,NA,NA,NA
110070287,1100336301,NA,FALSE,"ESAS",6020,2,"F","A",NA,NA,NA,NA,NA,NA,NA,NA
110070288,1100336302,NA,FALSE,"ESAS",6345,1,"E",NA,NA,"W",NA,NA,NA,NA,NA,NA
110070288,1100336303,NA,FALSE,"ESAS",6020,1,"F","A",NA,NA,NA,NA,NA,NA,NA,NA
110070289,1100336304,NA,FALSE,"ESAS",6020,1,"F","A",NA,NA,NA,NA,NA,NA,NA,NA
110070289,1100336305,NA,TRUE,"ESAS",6020,1,"F","A",NA,NA,NA,NA,NA,NA,NA,NA
110070290,1100336306,NA,FALSE,"ESAS",6020,2,"F","A",NA,NA,NA,NA,NA,NA,NA,NA
110070291,1100336307,NA,FALSE,"ESAS",6020,2,"F","A",NA,NA,NA,NA,NA,NA,NA,NA
110070292,1100336308,NA,FALSE,"ESAS",6360,3,"F",NA,NA,"W",NA,NA,NA,NA,NA,NA
110070293,1100336309,NA,TRUE,"ESAS",6020,1,"A","A",NA,NA,NA,NA,NA,NA,94,NA
110070293,1100336310,NA,FALSE,"ESAS",710,1,"F","A",NA,NA,NA,NA,NA,NA,NA,NA
110070293,1100336311,NA,FALSE,"ESAS",6020,1,"F","A",NA,NA,NA,NA,NA,NA,NA,NA
110070294,1100336312,NA,FALSE,"ESAS",6020,10,"A","A",NA,NA,NA,NA,NA,NA,NA,NA
110070295,1100336313,NA,FALSE,"ESAS",6020,1,"F","A",NA,NA,NA,NA,NA,NA,NA,NA
110070296,1100336314,NA,FALSE,"ESAS",6020,1,"F","A",NA,NA,NA,NA,NA,NA,NA,NA
110070297,1100336315,NA,TRUE,"ESAS",6020,13,"A","A",NA,NA,NA,NA,NA,NA,NA,NA
110070297,1100336316,NA,TRUE,"ESAS",5900,2,"A","A",NA,NA,NA,NA,NA,NA,NA,NA
110070298,1100336317,NA,FALSE,"ESAS",6360,2,"F",NA,NA,"W",NA,NA,NA,NA,NA,NA
110070298,1100336318,NA,TRUE,"ESAS",6020,8,"D","A",NA,NA,NA,NA,NA,NA,NA,NA
110070298,1100336319,NA,FALSE,"ESAS",64310,1,"B",NA,NA,NA,NA,NA,NA,NA,NA,NA
110070298,1100336320,NA,FALSE,"ESAS",5900,1,"F","A",NA,NA,NA,NA,NA,NA,NA,NA
110070298,1100336321,NA,FALSE,"ESAS",5910,1,"F","A",NA,NA,NA,NA,NA,NA,NA,NA
110070298,1100336322,NA,FALSE,"ESAS",6020,1,"F","A",NA,NA,NA,NA,NA,NA,NA,NA
110070299,1100336323,NA,TRUE,"ESAS",6020,1,"F","A",NA,NA,NA,NA,NA,NA,NA,NA
110070299,1100336324,NA,TRUE,"ESAS",6020,4,"A","A",NA,NA,NA,NA,NA,NA,NA,NA
110070300,1100336325,NA,TRUE,"ESAS",6340,1,"C",NA,NA,"W",NA,NA,NA,NA,NA,NA
110070300,1100336326,NA,FALSE,"ESAS",6020,1,"F","A",NA,NA,NA,NA,NA,NA,NA,NA
110070301,1100336327,NA,FALSE,"ESAS",4850,2,"F",NA,NA,NA,NA,NA,NA,NA,NA,NA
110070302,1100336328,NA,FALSE,"ESAS",6020,1,"F","A",NA,NA,NA,NA,NA,NA,NA,NA
110070303,1100336329,"10",TRUE,"ESAS",6345,4,"D",NA,NA,"W",NA,NA,NA,NA,NA,NA
110070303,1100336330,"10",TRUE,"ESAS",6020,5,"D",NA,NA,NA,NA,NA,NA,NA,NA,NA
110070304,1100336331,NA,FALSE,"ESAS",6020,1,"F","A",NA,NA,NA,NA,NA,NA,NA,NA
110070305,1100336332,NA,FALSE,"ESAS",6360,1,"F",NA,NA,"W",NA,NA,NA,NA,NA,NA
110070307,1100336333,NA,FALSE,"ESAS",6000,1,"F","1",NA,NA,NA,NA,NA,NA,NA,NA
110070307,1100336334,NA,FALSE,"ESAS",6020,1,"F","A",NA,NA,NA,NA,NA,NA,NA,NA
110070308,1100336335,NA,FALSE,"ESAS",6020,1,"F","A",NA,NA,NA,NA,NA,NA,NA,NA
110070310,1100336336,NA,FALSE,"ESAS",5900,1,"F","2",NA,NA,NA,NA,NA,NA,NA,NA
110070312,1100336337,NA,TRUE,"ESAS",6020,1,"A","A",NA,NA,NA,NA,NA,NA,NA,NA
110070312,1100336338,NA,FALSE,"ESAS",6020,2,"F","A",NA,NA,NA,NA,NA,NA,NA,NA
110070312,1100336339,NA,FALSE,"ESAS",5927,1,"F","2",NA,NA,NA,NA,NA,NA,NA,NA
110070313,1100336340,NA,FALSE,"ESAS",6020,1,"F","A",NA,NA,NA,NA,NA,NA,NA,NA
110070313,1100336341,NA,FALSE,"ESAS",5900,1,"F","2",NA,NA,NA,NA,NA,NA,NA,NA
110070313,1100336342,NA,FALSE,"ESAS",6020,1,"F","A",NA,NA,NA,NA,NA,NA,NA,NA
110070314,1100336343,NA,TRUE,"ESAS",6360,2,"B",NA,NA,"W",NA,NA,NA,NA,NA,NA
110070314,1100336344,NA,TRUE,"ESAS",6020,2,"F","A",NA,NA,NA,NA,NA,NA,NA,NA
110070314,1100336345,NA,FALSE,"ESAS",6020,4,"F","A",NA,NA,NA,NA,NA,NA,NA,NA
110070315,1100336346,NA,FALSE,"ESAS",6020,1,"F","1",NA,NA,NA,NA,NA,NA,NA,NA
110070315,1100336347,NA,FALSE,"ESAS",710,1,"F","A",NA,NA,NA,NA,NA,NA,NA,NA
110070315,1100336348,NA,FALSE,"ESAS",6020,2,"F","A",NA,NA,NA,NA,NA,NA,NA,NA
110070316,1100336349,NA,TRUE,"ESAS",6020,2,"F","A",NA,NA,NA,NA,NA,NA,NA,NA
110070316,1100336350,NA,FALSE,"ESAS",6020,1,"F","A",NA,NA,NA,NA,NA,NA,NA,NA
110070316,1100336351,NA,FALSE,"ESAS",6020,2,"F","A",NA,NA,NA,NA,NA,NA,NA,NA
110070316,1100336352,NA,FALSE,"ESAS",6020,1,"F","1",NA,NA,NA,NA,NA,NA,NA,NA
110070317,1100336353,NA,FALSE,"ESAS",6020,1,"F","A",NA,NA,NA,NA,NA,NA,NA,NA
110070317,1100336354,NA,TRUE,"ESAS",6340,1,"A",NA,NA,"W",NA,NA,NA,NA,NA,NA
110070319,1100336355,NA,FALSE,"ESAS",6020,1,"F","1",NA,NA,NA,NA,NA,NA,NA,NA
110070319,1100336356,NA,FALSE,"ESAS",5927,1,"F","1",NA,NA,NA,NA,NA,NA,NA,NA
110070319,1100336357,NA,FALSE,"ESAS",710,1,"F","A",NA,NA,NA,NA,NA,NA,NA,NA
110070319,1100336358,NA,FALSE,"ESAS",6020,1,"F","A",NA,NA,NA,NA,NA,NA,NA,NA
110070320,1100336359,NA,FALSE,"ESAS",6345,1,"F",NA,NA,"W",NA,NA,NA,NA,NA,NA
110070320,1100336360,NA,FALSE,"ESAS",6020,3,"F","A",NA,NA,NA,NA,NA,NA,NA,NA
110070321,1100336361,NA,FALSE,"ESAS",6020,1,"F","A",NA,NA,NA,NA,NA,NA,NA,NA
110070323,1100336362,NA,FALSE,"ESAS",6360,2,"F",NA,NA,"W",NA,NA,NA,NA,NA,NA
110070324,1100336363,NA,FALSE,"ESAS",6020,4,"B","A",NA,NA,NA,NA,NA,NA,NA,NA
110070325,1100336364,NA,TRUE,"ESAS",6020,1,"F","A",NA,NA,NA,NA,NA,NA,NA,NA
110070326,1100336365,"11",FALSE,"ESAS",6020,2,"C","A",NA,NA,NA,NA,NA,NA,NA,NA
110070326,1100336366,"11",FALSE,"ESAS",5920,1,"C","2",NA,NA,NA,NA,NA,NA,NA,NA
110070328,1100336367,NA,FALSE,"ESAS",6020,1,"F","A",NA,NA,NA,NA,NA,NA,NA,NA
110070328,1100336368,NA,TRUE,"ESAS",6020,1,"A","A",NA,NA,NA,NA,NA,NA,NA,NA
110070329,1100336369,NA,FALSE,"ESAS",6020,1,"F","A",NA,NA,NA,NA,NA,NA,NA,NA
110070330,1100336370,NA,FALSE,"ESAS",6020,1,"F","A",NA,NA,NA,NA,NA,NA,NA,NA
110070330,1100336371,NA,FALSE,"ESAS",6020,2,"F","A",NA,NA,NA,NA,NA,NA,NA,NA
110070331,1100336372,NA,FALSE,"ESAS",6340,1,"F",NA,NA,"W",NA,NA,NA,NA,NA,NA
110070333,1100336373,"12",FALSE,"ESAS",6340,1,"F",NA,NA,"W",NA,NA,NA,NA,93,NA
110070333,1100336374,"12",FALSE,"ESAS",5900,1,"F","A",NA,NA,NA,NA,NA,NA,NA,NA
110070333,1100336375,NA,FALSE,"ESAS",6020,2,"F","A",NA,NA,NA,NA,NA,NA,NA,NA
110070335,1100336376,NA,FALSE,"ESAS",6340,1,"F",NA,NA,"W",NA,NA,NA,NA,NA,NA
110070335,1100336377,NA,FALSE,"ESAS",6020,1,"F","A",NA,NA,NA,NA,NA,NA,NA,NA
110070336,1100336378,NA,FALSE,"ESAS",5927,1,"F","1",NA,NA,NA,NA,NA,NA,NA,NA
110070336,1100336379,NA,FALSE,"ESAS",6020,1,"F","A",NA,NA,NA,NA,NA,NA,NA,NA
110070336,1100336380,NA,FALSE,"ESAS",5920,1,"F","1",NA,NA,NA,NA,NA,NA,NA,NA
110070337,1100336381,NA,FALSE,"ESAS",6020,1,"F","A",NA,NA,NA,NA,NA,NA,NA,NA
110070338,1100336382,NA,FALSE,"ESAS",6340,1,"F",NA,NA,"W",NA,NA,NA,NA,NA,NA
110070338,1100336383,NA,FALSE,"ESAS",6020,2,"E","A",NA,NA,NA,NA,NA,NA,NA,NA
110070338,1100336384,NA,FALSE,"ESAS",6020,1,"F","A",NA,NA,NA,NA,NA,NA,NA,NA
110070339,1100336385,NA,FALSE,"ESAS",710,1,"F","A",NA,NA,NA,NA,NA,NA,NA,NA
110070339,1100336386,NA,FALSE,"ESAS",6020,1,"F","A",NA,NA,NA,NA,NA,NA,NA,NA
110070340,1100336387,NA,TRUE,"ESAS",6340,2,"B",NA,NA,NA,NA,NA,NA,NA,NA,NA
110070340,1100336388,NA,FALSE,"ESAS",6345,1,"F",NA,NA,"W",NA,NA,NA,NA,NA,NA
110070340,1100336389,NA,FALSE,"ESAS",5900,1,"F","A",NA,NA,NA,NA,NA,NA,NA,NA
110070341,1100336390,NA,FALSE,"ESAS",5900,1,"F","A",NA,NA,NA,NA,NA,NA,NA,NA
110070341,1100336391,NA,TRUE,"ESAS",20,1,"D",NA,NA,NA,NA,NA,NA,NA,NA,NA
110070342,1100336392,NA,FALSE,"ESAS",5927,1,"F","3",NA,NA,NA,NA,NA,NA,NA,NA
110070342,1100336393,NA,FALSE,"ESAS",6020,1,"F","A",NA,NA,NA,NA,NA,NA,NA,NA
110070342,1100336394,NA,TRUE,"ESAS",6000,1,"F","A",NA,NA,NA,NA,NA,NA,NA,NA
110070342,1100336395,NA,TRUE,"ESAS",63510,2,"A",NA,NA,NA,NA,NA,NA,NA,NA,NA
110070343,1100336396,NA,FALSE,"ESAS",6020,1,"F","A",NA,NA,NA,NA,NA,NA,NA,NA
110070343,1100336397,NA,FALSE,"ESAS",6020,1,"F","A",NA,NA,NA,NA,NA,NA,NA,NA
110070344,1100336398,NA,TRUE,"ESAS",63510,1,"A",NA,NA,NA,NA,NA,NA,NA,NA,NA
110070344,1100336399,NA,FALSE,"ESAS",6340,1,"B",NA,NA,"W",NA,NA,NA,NA,NA,NA
110070344,1100336400,NA,FALSE,"ESAS",6000,1,"F","A",NA,NA,NA,NA,NA,NA,NA,NA
110070344,1100336401,NA,FALSE,"ESAS",6020,1,"F","A",NA,NA,NA,NA,NA,NA,NA,NA
110070344,1100336402,NA,FALSE,"ESAS",6020,2,"F","A",NA,NA,NA,NA,NA,NA,NA,NA
110070345,1100336403,NA,FALSE,"ESAS",5900,3,"F",NA,NA,NA,NA,NA,NA,NA,NA,NA
110070345,1100336404,NA,FALSE,"ESAS",6020,1,"F","1",NA,NA,NA,NA,NA,NA,NA,NA
110070346,1100336405,NA,FALSE,"ESAS",5900,1,"F","A",NA,NA,NA,NA,NA,NA,NA,NA
110070346,1100336406,NA,FALSE,"ESAS",5900,1,"F","A",NA,NA,NA,NA,NA,NA,NA,NA
110070346,1100336407,NA,FALSE,"ESAS",5900,1,"F","2",NA,NA,NA,NA,NA,NA,NA,NA
110070347,1100336408,"13",FALSE,"ESAS",5780,1,"F","A",NA,NA,NA,NA,NA,NA,NA,NA
110070347,1100336409,"13",FALSE,"ESAS",5780,1,"F","1",NA,NA,NA,NA,NA,NA,NA,NA
110070347,1100336410,NA,FALSE,"ESAS",6020,2,"F","A",NA,NA,NA,NA,NA,NA,NA,NA
110070347,1100336411,NA,FALSE,"ESAS",5900,1,"A","2",NA,NA,NA,NA,NA,NA,NA,NA
110070347,1100336412,NA,FALSE,"ESAS",6020,1,"A","A",NA,NA,NA,NA,NA,NA,NA,NA
110070347,1100336413,NA,FALSE,"ESAS",5900,2,"F","A",NA,NA,NA,NA,NA,NA,NA,NA
110070348,1100336414,NA,FALSE,"ESAS",5900,6,"F","A",NA,NA,NA,NA,NA,NA,NA,NA
110070348,1100336415,NA,FALSE,"ESAS",5920,1,"F","1",NA,NA,NA,NA,NA,NA,NA,NA
110070348,1100336416,NA,FALSE,"ESAS",5920,1,"F","A",NA,NA,NA,NA,NA,NA,NA,NA
110070349,1100336417,NA,FALSE,"ESAS",710,1,"F","A",NA,NA,NA,NA,NA,NA,NA,NA
110070349,1100336418,NA,FALSE,"ESAS",5900,1,"F","A",NA,NA,NA,NA,NA,NA,NA,NA
110070349,1100336419,NA,FALSE,"ESAS",5900,1,"F","A",NA,NA,NA,NA,NA,NA,NA,NA
110070351,1100336420,NA,FALSE,"ESAS",6000,1,"F","1",NA,NA,NA,NA,NA,NA,NA,NA
110070352,1100336421,NA,FALSE,"ESAS",5900,2,"F","A",NA,NA,NA,NA,NA,NA,NA,NA
110070352,1100336422,NA,FALSE,"ESAS",5900,1,"F","A",NA,NA,NA,NA,NA,NA,NA,NA
110070353,1100336423,NA,FALSE,"ESAS",5920,1,"F","1",NA,NA,NA,NA,NA,NA,NA,NA
110070353,1100336424,NA,FALSE,"ESAS",6000,1,"C","A",NA,NA,NA,NA,NA,NA,NA,NA
110070353,1100336425,NA,FALSE,"ESAS",6000,1,"F","A",NA,NA,NA,NA,NA,NA,NA,NA
110070354,1100336426,NA,FALSE,"ESAS",6000,1,"F","A",NA,NA,NA,NA,NA,NA,NA,NA
110070354,1100336427,NA,FALSE,"ESAS",6000,1,"F","2",NA,NA,NA,NA,NA,NA,NA,NA
110070354,1100336428,NA,FALSE,"ESAS",5920,1,"F","1",NA,NA,NA,NA,NA,NA,NA,NA
110070354,1100336429,NA,FALSE,"ESAS",6000,1,"F","A",NA,NA,NA,NA,NA,NA,NA,NA
110070354,1100336430,NA,TRUE,"ESAS",6000,1,"A","A",NA,NA,NA,NA,NA,NA,NA,NA
110070354,1100336431,NA,TRUE,"ESAS",6000,1,"B","A",NA,NA,NA,NA,NA,NA,NA,NA
110070355,1100336432,NA,FALSE,"ESAS",6000,2,"F","1",NA,NA,NA,NA,NA,NA,NA,NA
110070355,1100336433,NA,FALSE,"ESAS",5920,1,"F","A",NA,NA,NA,NA,NA,NA,NA,NA
110070355,1100336434,NA,FALSE,"ESAS",5920,1,"F","1",NA,NA,NA,NA,NA,NA,NA,NA
110070357,1100336435,NA,FALSE,"ESAS",6020,1,"F","A",NA,NA,NA,NA,NA,NA,NA,NA
110070357,1100336436,NA,FALSE,"ESAS",5910,2,"F","A",NA,NA,NA,NA,NA,NA,NA,NA
110070357,1100336437,NA,FALSE,"ESAS",6020,1,"F","1",NA,NA,NA,NA,NA,NA,NA,NA
110070357,1100336438,NA,FALSE,"ESAS",5920,1,"F","1",NA,NA,NA,NA,NA,NA,NA,NA
110070357,1100336439,NA,FALSE,"ESAS",6000,2,"F","1",NA,NA,NA,NA,NA,NA,NA,NA
110070357,1100336440,NA,FALSE,"ESAS",5927,2,"F","1",NA,NA,NA,NA,NA,NA,NA,NA
110070358,1100336441,NA,FALSE,"ESAS",5900,1,"F","2",NA,NA,NA,NA,NA,NA,NA,NA
110070358,1100336442,NA,TRUE,"ESAS",5910,1,"F","A",NA,NA,NA,NA,NA,NA,NA,NA
110070358,1100336443,NA,FALSE,"ESAS",5910,1,"F","A",NA,NA,NA,NA,NA,NA,NA,NA
110070358,1100336444,NA,FALSE,"ESAS",5910,1,"F","1",NA,NA,NA,NA,NA,NA,NA,NA
110070358,1100336445,NA,FALSE,"ESAS",6000,1,"F","1",NA,NA,NA,NA,NA,NA,NA,NA
110070358,1100336446,NA,FALSE,"ESAS",5920,1,"F","1",NA,NA,NA,NA,NA,NA,NA,NA
110070358,1100336447,NA,FALSE,"ESAS",5900,1,"F","A",NA,NA,NA,NA,NA,NA,NA,NA
110070358,1100336448,NA,FALSE,"ESAS",5900,2,"F",NA,NA,NA,NA,NA,NA,NA,NA,NA
110070358,1100336449,NA,FALSE,"ESAS",5820,1,"F","A",NA,NA,NA,NA,NA,NA,NA,NA
110070358,1100336450,NA,TRUE,"ESAS",20,1,"A",NA,NA,NA,NA,NA,NA,NA,94,NA
110070358,1100336451,NA,FALSE,"ESAS",5920,1,"F","1",NA,NA,NA,NA,NA,NA,NA,NA
110070358,1100336452,NA,FALSE,"ESAS",6000,2,"F","1",NA,NA,NA,NA,NA,NA,NA,NA
110070359,1100336453,NA,FALSE,"ESAS",5900,2,"F","A",NA,NA,NA,NA,NA,NA,NA,NA
110070359,1100336454,NA,FALSE,"ESAS",5920,1,"F","2",NA,NA,NA,NA,NA,NA,NA,NA
110070359,1100336455,NA,FALSE,"ESAS",6000,1,"F","2",NA,NA,NA,NA,NA,NA,NA,NA
110070359,1100336456,NA,TRUE,"ESAS",5900,1,"F","A",NA,NA,NA,NA,NA,NA,NA,NA
110070359,1100336457,NA,FALSE,"ESAS",5920,1,"F","1",NA,NA,NA,NA,NA,NA,NA,NA
110070359,1100336458,NA,FALSE,"ESAS",6000,1,"F","1",NA,NA,NA,NA,NA,NA,NA,NA
110070359,1100336459,NA,FALSE,"ESAS",6000,1,"F","1",NA,NA,NA,NA,NA,NA,NA,NA
110070359,1100336460,NA,FALSE,"ESAS",6000,1,"F","A",NA,NA,NA,NA,NA,NA,NA,NA
110070360,1100336461,NA,FALSE,"ESAS",5900,1,"F","2",NA,NA,NA,NA,NA,NA,NA,NA
110070360,1100336462,NA,FALSE,"ESAS",20,1,"F",NA,NA,NA,NA,NA,NA,NA,NA,NA
110070360,1100336463,NA,FALSE,"ESAS",6000,1,"F","1",NA,NA,NA,NA,NA,NA,NA,NA
110070361,1100336464,NA,FALSE,"ESAS",6000,1,"F","2",NA,NA,NA,NA,NA,NA,NA,NA
110070361,1100336465,NA,TRUE,"ESAS",20,1,"D",NA,NA,NA,NA,NA,NA,NA,NA,NA
110070361,1100336466,NA,TRUE,"ESAS",5920,1,"D","1",NA,NA,NA,NA,NA,NA,NA,NA
110070362,1100336467,NA,FALSE,"ESAS",5920,1,"F","A",NA,NA,NA,NA,NA,NA,NA,NA
110070362,1100336468,NA,TRUE,"ESAS",6000,1,"A","1",NA,NA,NA,NA,NA,NA,NA,NA
110070362,1100336469,NA,FALSE,"ESAS",5920,1,"F","A",NA,NA,NA,NA,NA,NA,NA,NA
110070362,1100336470,NA,FALSE,"ESAS",5920,1,"F","1",NA,NA,NA,NA,NA,NA,NA,NA
110070362,1100336471,NA,FALSE,"ESAS",5920,1,"F","2",NA,NA,NA,NA,NA,NA,NA,NA
110070362,1100336472,NA,FALSE,"ESAS",6000,1,"B","A",NA,NA,NA,NA,NA,NA,NA,NA
110070362,1100336473,NA,FALSE,"ESAS",6000,1,"B","2",NA,NA,NA,NA,NA,NA,94,NA
110070362,1100336474,NA,FALSE,"ESAS",6000,1,"F","3",NA,NA,NA,NA,NA,NA,NA,NA
110070363,1100336475,NA,FALSE,"ESAS",5920,1,"F","1",NA,NA,NA,NA,NA,NA,NA,NA
110070363,1100336476,NA,FALSE,"ESAS",6000,1,"F","2",NA,NA,NA,NA,NA,NA,NA,NA
110070363,1100336477,NA,FALSE,"ESAS",5927,1,"F","A",NA,NA,NA,NA,NA,NA,NA,NA
110070363,1100336478,NA,FALSE,"ESAS",5900,1,"F","A",NA,NA,NA,NA,NA,NA,NA,NA
110070363,1100336479,NA,TRUE,"ESAS",710,1,"F",NA,NA,NA,NA,NA,NA,NA,NA,NA
110070364,1100336480,"14",TRUE,"ESAS",5910,1,"F","A",NA,NA,NA,NA,NA,NA,68,NA
110070364,1100336481,"14",TRUE,"ESAS",6000,2,"F","2",NA,NA,NA,NA,NA,NA,68,NA
110070364,1100336482,NA,FALSE,"ESAS",5910,1,"F","A",NA,NA,NA,NA,NA,NA,NA,NA
110070364,1100336483,NA,FALSE,"ESAS",5927,1,"F","1",NA,NA,NA,NA,NA,NA,NA,NA
110070364,1100336484,NA,FALSE,"ESAS",5900,1,"F","2",NA,NA,NA,NA,NA,NA,NA,NA
110070365,1100336485,NA,TRUE,"ESAS",5900,1,"F","A",NA,NA,NA,NA,NA,NA,NA,NA
110070365,1100336486,NA,TRUE,"ESAS",6000,1,"B","A",NA,NA,NA,NA,NA,NA,NA,NA
110070366,1100336487,NA,FALSE,"ESAS",6000,1,"B","A",NA,NA,NA,NA,NA,NA,NA,NA
110070367,1100336488,NA,FALSE,"ESAS",5900,1,"A","A",NA,NA,NA,NA,NA,NA,94,NA
110070367,1100336489,NA,FALSE,"ESAS",20,1,"F",NA,NA,NA,NA,NA,NA,NA,NA,NA
110070367,1100336490,NA,FALSE,"ESAS",2130,1,"E",NA,NA,NA,NA,NA,NA,NA,NA,NA
110070368,1100336491,NA,TRUE,"ESAS",5900,1,"F","A",NA,NA,NA,NA,NA,NA,NA,NA
110070368,1100336492,NA,FALSE,"ESAS",5900,1,"F","A",NA,NA,NA,NA,NA,NA,NA,NA
110070368,1100336493,NA,FALSE,"ESAS",5820,1,"F","A",NA,NA,NA,NA,NA,NA,NA,NA
110070368,1100336494,NA,FALSE,"ESAS",5900,1,"F","A",NA,NA,NA,NA,NA,NA,NA,NA
110070368,1100336495,NA,FALSE,"ESAS",5900,1,"F","A",NA,NA,NA,NA,NA,NA,NA,NA
110070368,1100336496,NA,FALSE,"ESAS",6000,1,"F","1",NA,NA,NA,NA,NA,NA,NA,NA
110070368,1100336497,NA,FALSE,"ESAS",5820,1,"F","A",NA,NA,NA,NA,NA,NA,NA,NA
110070368,1100336498,NA,FALSE,"ESAS",2130,1,"F",NA,NA,NA,NA,NA,NA,NA,NA,NA
110070369,1100336499,NA,FALSE,"ESAS",5900,1,"F","A",NA,NA,NA,NA,NA,NA,NA,NA
110070369,1100336500,NA,FALSE,"ESAS",5900,1,"F","2",NA,NA,NA,NA,NA,NA,NA,NA
110070370,1100336501,NA,TRUE,"ESAS",6000,1,"F","A",NA,NA,NA,NA,NA,NA,NA,NA
110070370,1100336502,NA,FALSE,"ESAS",5900,1,"F","A",NA,NA,NA,NA,NA,NA,NA,NA
110070371,1100336503,NA,TRUE,"ESAS",5900,1,"F","A",NA,NA,NA,NA,NA,NA,NA,NA
110070371,1100336504,NA,FALSE,"ESAS",5920,1,"F","2",NA,NA,NA,NA,NA,NA,NA,NA
110070371,1100336505,NA,FALSE,"ESAS",5920,1,"F","A",NA,NA,NA,NA,NA,NA,NA,NA
110070371,1100336506,NA,FALSE,"ESAS",5900,1,"F","A",NA,NA,NA,NA,NA,NA,NA,NA
110070371,1100336507,NA,FALSE,"ESAS",5920,1,"F","1",NA,NA,NA,NA,NA,NA,NA,NA
110070371,1100336508,NA,FALSE,"ESAS",5920,1,"F","1",NA,NA,NA,NA,NA,NA,NA,NA
110070371,1100336509,NA,FALSE,"ESAS",5900,3,"F","A",NA,NA,NA,NA,NA,NA,NA,NA
110070371,1100336510,NA,FALSE,"ESAS",5900,1,"F","2",NA,NA,NA,NA,NA,NA,NA,NA
110070372,1100336511,NA,FALSE,"ESAS",5820,1,"F","A",NA,NA,NA,NA,NA,NA,NA,NA
110070372,1100336512,NA,FALSE,"ESAS",5900,4,"F","A",NA,NA,NA,NA,NA,NA,NA,NA
110070373,1100336513,NA,FALSE,"ESAS",5900,2,"C","A",NA,NA,NA,NA,NA,NA,NA,NA
110070373,1100336514,NA,FALSE,"ESAS",5920,1,"F","A",NA,NA,NA,NA,NA,NA,NA,NA
110070374,1100336515,NA,FALSE,"ESAS",5900,1,"F","A",NA,NA,NA,NA,NA,NA,NA,NA
110070374,1100336516,NA,FALSE,"ESAS",5820,2,"F","A",NA,NA,NA,NA,NA,NA,NA,NA
110070374,1100336517,NA,FALSE,"ESAS",2130,1,"E",NA,NA,NA,"M",NA,NA,NA,NA,NA
110070375,1100336518,NA,FALSE,"ESAS",5820,2,"F","A",NA,NA,NA,NA,NA,NA,NA,NA
110070375,1100336519,NA,FALSE,"ESAS",5820,2,"F","A",NA,NA,NA,NA,NA,NA,NA,NA
110070375,1100336520,NA,TRUE,"ESAS",5920,1,"F","1",NA,NA,NA,NA,NA,NA,NA,NA
110070375,1100336521,NA,FALSE,"ESAS",5900,1,"F","A",NA,NA,NA,NA,NA,NA,NA,NA
110070375,1100336522,NA,FALSE,"ESAS",5820,1,"F","A",NA,NA,NA,NA,NA,NA,NA,NA
110070375,1100336523,NA,FALSE,"ESAS",5910,1,"F","A",NA,NA,NA,NA,NA,NA,NA,NA
110070375,1100336524,NA,FALSE,"ESAS",6000,1,"F","A",NA,NA,NA,NA,NA,NA,NA,NA
110070375,1100336525,NA,FALSE,"ESAS",5820,1,"F","A",NA,NA,NA,NA,NA,NA,NA,NA
110070375,1100336526,NA,TRUE,"ESAS",5820,1,"F","A",NA,NA,NA,NA,NA,NA,NA,NA
110070375,1100336527,NA,FALSE,"ESAS",5920,1,"F","1",NA,NA,NA,NA,NA,NA,NA,NA
110070375,1100336528,NA,FALSE,"ESAS",5920,1,"F","3",NA,NA,NA,NA,NA,NA,NA,NA
110070375,1100336529,NA,FALSE,"ESAS",6020,1,"F","A",NA,NA,NA,NA,NA,NA,NA,NA
110070375,1100336530,NA,FALSE,"ESAS",5920,1,"F","A",NA,NA,NA,NA,NA,NA,NA,NA
110070375,1100336531,NA,FALSE,"ESAS",5820,1,"F","A",NA,NA,NA,NA,NA,NA,NA,NA
110070375,1100336532,NA,FALSE,"ESAS",5820,1,"F","A",NA,NA,NA,NA,NA,NA,NA,NA
110070375,1100336533,NA,FALSE,"ESAS",5820,1,"F","A",NA,NA,NA,NA,NA,NA,NA,NA
110070375,1100336534,NA,FALSE,"ESAS",5820,1,"F","A",NA,NA,NA,NA,NA,NA,NA,NA
110070375,1100336535,NA,FALSE,"ESAS",6000,1,"F","A",NA,NA,NA,NA,NA,NA,NA,NA
110070375,1100336536,NA,FALSE,"ESAS",5820,1,"F","A",NA,NA,NA,NA,NA,NA,NA,NA
110070375,1100336537,NA,FALSE,"ESAS",6000,1,"F","A",NA,NA,NA,NA,NA,NA,NA,NA
110070375,1100336538,NA,FALSE,"ESAS",5820,2,"F","A",NA,NA,NA,NA,NA,NA,NA,NA
110070375,1100336539,NA,FALSE,"ESAS",5920,1,"F","A",NA,NA,NA,NA,NA,NA,NA,NA
110070375,1100336540,NA,FALSE,"ESAS",5900,1,"F","A",NA,NA,NA,NA,NA,NA,NA,NA
110070375,1100336541,NA,FALSE,"ESAS",5900,1,"F","A",NA,NA,NA,NA,NA,NA,NA,NA
110070376,1100336542,NA,FALSE,"ESAS",5900,1,"B","A",NA,NA,NA,NA,NA,NA,NA,NA
110070376,1100336543,NA,FALSE,"ESAS",5920,1,"F","1",NA,NA,NA,NA,NA,NA,NA,NA
110070376,1100336544,NA,FALSE,"ESAS",5820,1,"F","A",NA,NA,NA,NA,NA,NA,NA,NA
110070376,1100336545,NA,FALSE,"ESAS",5927,1,"F","A",NA,NA,NA,NA,NA,NA,NA,NA
110070376,1100336546,NA,FALSE,"ESAS",5920,1,"F","A",NA,NA,NA,NA,NA,NA,NA,NA
110070376,1100336547,NA,TRUE,"ESAS",6000,1,"B","A",NA,NA,NA,NA,NA,NA,94,NA
110070376,1100336548,NA,FALSE,"ESAS",5920,1,"F","2",NA,NA,NA,NA,NA,NA,NA,NA
110070376,1100336549,NA,FALSE,"ESAS",5910,2,"F","A",NA,NA,NA,NA,NA,NA,NA,NA
110070376,1100336550,NA,FALSE,"ESAS",5900,1,"F","A",NA,NA,NA,NA,NA,NA,NA,NA
110070376,1100336551,NA,FALSE,"ESAS",5820,1,"F","A",NA,NA,NA,NA,NA,NA,NA,NA
110070376,1100336552,NA,FALSE,"ESAS",5920,2,"F","A",NA,NA,NA,NA,NA,NA,NA,NA
110070376,1100336553,NA,FALSE,"ESAS",5820,1,"F","A",NA,NA,NA,NA,NA,NA,NA,NA
110070377,1100336554,"15",FALSE,"ESAS",5900,2,"F","A",NA,NA,NA,NA,NA,21,NA,"Associatie baggerschip"
110070377,1100336555,"15",FALSE,"ESAS",5900,2,"F","A",NA,NA,NA,NA,NA,21,NA,"Associatie baggerschip"
110070377,1100336556,"15",FALSE,"ESAS",5820,1,"F","A",NA,NA,NA,NA,NA,21,NA,"Associatie baggerschip"
110070377,1100336557,"15",FALSE,"ESAS",5920,1,"F","A",NA,NA,NA,NA,NA,21,NA,"Associatie baggerschip"
110070377,1100336558,"15",FALSE,"ESAS",5910,1,"F","A",NA,NA,NA,NA,NA,21,NA,"Associatie baggerschip"
110070377,1100336559,"15",FALSE,"ESAS",5920,1,"F","1",NA,NA,NA,NA,NA,21,NA,"Associatie baggerschip"
110070377,1100336560,"15",FALSE,"ESAS",5920,1,"F","A",NA,NA,NA,NA,NA,21,NA,"Associatie baggerschip"
110070377,1100336561,"15",FALSE,"ESAS",6000,1,"F","A",NA,NA,NA,NA,NA,21,NA,"Associatie baggerschip"
110070377,1100336562,"15",FALSE,"ESAS",5920,1,"F","A",NA,NA,NA,NA,NA,21,NA,"Associatie baggerschip"
110070377,1100336563,"15",FALSE,"ESAS",5920,1,"F","A",NA,NA,NA,NA,NA,21,NA,"Associatie baggerschip"
110070377,1100336564,"15",FALSE,"ESAS",5920,2,"F","A",NA,NA,NA,NA,NA,21,NA,"Associatie baggerschip"
110070377,1100336565,"15",FALSE,"ESAS",5900,1,"F","A",NA,NA,NA,NA,NA,21,NA,"Associatie baggerschip"
110070377,1100336566,"15",FALSE,"ESAS",6000,1,"F","A",NA,NA,NA,NA,NA,21,NA,"Associatie baggerschip"
110070377,1100336567,"15",FALSE,"ESAS",5927,1,"F","A",NA,NA,NA,NA,NA,21,NA,"Associatie baggerschip"
110070377,1100336568,"15",FALSE,"ESAS",5920,1,"F","1",NA,NA,NA,NA,NA,21,NA,"Associatie baggerschip"
110070377,1100336569,NA,FALSE,"ESAS",5920,1,"B","A",NA,NA,NA,NA,NA,NA,94,NA
110070377,1100336570,NA,TRUE,"ESAS",20,1,"A",NA,NA,NA,NA,NA,NA,NA,94,NA
110070378,1100336571,"16",TRUE,"ESAS",6000,1,"B","1",NA,NA,NA,NA,NA,NA,94,NA
110070378,1100336572,"16",TRUE,"ESAS",5920,1,"B","2",NA,NA,NA,NA,NA,NA,94,NA
110070378,1100336573,NA,FALSE,"ESAS",5820,1,"F","A",NA,NA,NA,NA,NA,NA,NA,NA
110070378,1100336574,NA,FALSE,"ESAS",5927,1,"F","1",NA,NA,NA,NA,NA,NA,NA,NA
110070380,1100336575,NA,FALSE,"ESAS",5927,1,"F","3",NA,NA,NA,NA,NA,18,NA,NA
110070382,1100336576,NA,FALSE,"ESAS",5920,1,"F","A",NA,NA,NA,NA,NA,NA,NA,NA
110070382,1100336577,NA,FALSE,"ESAS",20,1,"F",NA,NA,NA,NA,NA,NA,NA,NA,NA
110070382,1100336578,NA,FALSE,"ESAS",5920,1,"F","2",NA,NA,NA,NA,NA,NA,NA,NA
110070382,1100336579,NA,TRUE,"ESAS",5920,1,"D","1",NA,NA,NA,NA,NA,NA,94,NA
110070382,1100336580,NA,FALSE,"ESAS",5900,1,"F","A",NA,NA,NA,NA,NA,NA,NA,NA
110070383,1100336581,NA,FALSE,"ESAS",20,1,"E",NA,NA,NA,NA,NA,NA,NA,94,NA
110070384,1100336582,NA,FALSE,"ESAS",5900,1,"F",NA,NA,NA,NA,NA,NA,NA,NA,NA
110070385,1100336583,NA,FALSE,"ESAS",2130,5,"E",NA,NA,NA,NA,NA,NA,NA,NA,NA
110070385,1100336584,NA,FALSE,"ESAS",5920,1,"F","A",NA,NA,NA,NA,NA,NA,NA,NA
110070385,1100336585,NA,FALSE,"ESAS",710,1,"F","1",NA,NA,NA,"SW",NA,NA,NA,NA
110070386,1100336586,NA,FALSE,"ESAS",20,2,"F",NA,NA,NA,NA,NA,NA,NA,NA,NA
110070386,1100336587,NA,FALSE,"ESAS",20,2,"F",NA,NA,NA,NA,NA,NA,NA,NA,NA
110070387,1100336588,"17",TRUE,"ESAS",2130,14,"F",NA,NA,NA,NA,"SW",NA,NA,NA,NA
110070387,1100336589,"17",TRUE,"ESAS",2150,1,"F",NA,NA,NA,NA,"SW",NA,NA,NA,NA
110070387,1100336590,NA,FALSE,"ESAS",5900,1,"F","A",NA,NA,NA,NA,NA,NA,NA,NA
110070388,1100336591,NA,FALSE,"ESAS",2130,9,"F",NA,NA,NA,NA,NA,NA,NA,NA,NA
110070388,1100336592,NA,TRUE,"ESAS",90,1,"A",NA,NA,NA,NA,NA,NA,NA,NA,NA
110070390,1100336593,NA,FALSE,"ESAS",2130,25,"E",NA,NA,NA,NA,NA,NA,NA,NA,NA
110070390,1100336594,NA,FALSE,"ESAS",2130,13,"E",NA,NA,NA,NA,NA,NA,NA,NA,NA
110070390,1100336595,NA,FALSE,"ESAS",2130,6,"E",NA,NA,NA,NA,NA,NA,NA,NA,NA
110070390,1100336596,NA,FALSE,"ESAS",5927,1,"F","1",NA,NA,NA,NA,NA,NA,NA,NA
110070391,1100336597,NA,FALSE,"ESAS",2130,15,"E",NA,NA,NA,NA,NA,NA,NA,NA,NA
110070391,1100336598,NA,FALSE,"ESAS",90,2,"E",NA,NA,NA,NA,NA,NA,NA,NA,NA
110070391,1100336599,NA,TRUE,"ESAS",90,1,"C",NA,NA,NA,NA,NA,NA,NA,NA,NA
110070391,1100336600,NA,TRUE,"ESAS",20,1,"W",NA,NA,NA,NA,NA,NA,NA,94,NA
110070392,1100336601,"18",FALSE,"ESAS",2130,1,"F",NA,NA,NA,NA,NA,NA,NA,NA,NA
110070392,1100336602,"18",FALSE,"ESAS",2150,1,"F",NA,NA,NA,NA,NA,NA,NA,NA,NA
110070392,1100336603,NA,TRUE,"ESAS",2130,5,"D",NA,NA,NA,NA,NA,NA,NA,94,NA
110070392,1100336604,NA,FALSE,"ESAS",5900,1,"F","A",NA,NA,NA,NA,NA,NA,NA,NA
110070392,1100336605,NA,FALSE,"ESAS",6000,1,"F","A",NA,NA,NA,NA,NA,NA,NA,NA
110070392,1100336606,NA,FALSE,"ESAS",6000,1,"F","1",NA,NA,NA,NA,NA,NA,NA,NA
110070392,1100336607,NA,FALSE,"ESAS",720,85,"F",NA,NA,NA,NA,"NE",NA,NA,NA,NA
110070392,1100336608,NA,FALSE,"ESAS",59,1,"F",NA,NA,NA,NA,NA,NA,NA,NA,NA
110070392,1100336609,NA,TRUE,"ESAS",6000,1,"D","A",NA,NA,NA,NA,NA,NA,NA,NA
110070393,1100336610,NA,FALSE,"ESAS",59,3,"F",NA,NA,NA,NA,NA,NA,NA,NA,NA
110070393,1100336611,NA,FALSE,"ESAS",6000,1,"F","A",NA,NA,NA,NA,NA,NA,NA,NA
110070394,1100336612,NA,TRUE,"ESAS",90,1,"C",NA,NA,NA,NA,NA,NA,NA,NA,NA
110070394,1100336613,NA,FALSE,"ESAS",5900,1,"F","2",NA,NA,NA,NA,NA,NA,NA,NA
110070394,1100336614,NA,FALSE,"ESAS",5900,1,"F","2",NA,NA,NA,NA,NA,NA,NA,NA
110070394,1100336615,NA,FALSE,"ESAS",5910,1,"F","A",NA,NA,NA,NA,NA,NA,NA,NA
110070394,1100336616,NA,FALSE,"ESAS",5900,1,"F","A",NA,NA,NA,NA,NA,NA,NA,NA
110070394,1100336617,NA,FALSE,"ESAS",59,1,"F",NA,NA,NA,NA,NA,NA,NA,NA,NA
110070394,1100336618,NA,FALSE,"ESAS",5900,1,"F","A",NA,NA,NA,NA,NA,NA,NA,NA
110070394,1100336619,NA,TRUE,"ESAS",20,1,"A",NA,NA,NA,NA,NA,NA,NA,94,NA
110070395,1100336620,NA,TRUE,"ESAS",2130,11,"D",NA,NA,NA,NA,NA,NA,NA,94,NA
110070395,1100336621,NA,FALSE,"ESAS",6000,1,"F","A",NA,NA,NA,NA,NA,NA,NA,NA
110070395,1100336622,NA,TRUE,"ESAS",2130,6,"F",NA,NA,NA,NA,NA,NA,NA,NA,NA
110070395,1100336623,NA,TRUE,"ESAS",2130,6,"D",NA,NA,NA,NA,NA,NA,NA,NA,NA
110070395,1100336624,NA,FALSE,"ESAS",5900,1,"F","A",NA,NA,NA,NA,NA,NA,NA,NA
110070396,1100336625,NA,FALSE,"ESAS",5920,1,"F","1",NA,NA,NA,NA,NA,NA,NA,NA
110070396,1100336626,NA,FALSE,"ESAS",2130,3,"F",NA,NA,NA,NA,NA,NA,NA,NA,NA
110070396,1100336627,NA,FALSE,"ESAS",5900,1,"F","A",NA,NA,NA,NA,NA,NA,NA,NA
110070396,1100336628,NA,FALSE,"ESAS",5900,1,"F","A",NA,NA,NA,NA,NA,NA,NA,NA
110070397,1100336629,NA,TRUE,"ESAS",20,1,"F",NA,NA,NA,NA,NA,NA,NA,NA,NA
110070397,1100336630,NA,FALSE,"ESAS",6020,1,"F","A",NA,NA,NA,NA,NA,NA,NA,NA
110070397,1100336631,NA,FALSE,"ESAS",5900,1,"F","A",NA,NA,NA,NA,NA,NA,NA,NA
110070397,1100336632,NA,TRUE,"ESAS",2130,3,"B",NA,NA,NA,NA,NA,NA,NA,94,NA
110070397,1100336633,NA,FALSE,"ESAS",5900,1,"F","A",NA,NA,NA,NA,NA,NA,NA,NA
110070398,1100336634,NA,FALSE,"ESAS",59,14,"F",NA,NA,NA,NA,NA,NA,NA,NA,NA
110070398,1100336635,NA,FALSE,"ESAS",59,1,"F",NA,NA,NA,NA,NA,NA,NA,NA,NA
110070398,1100336636,NA,FALSE,"ESAS",4290,1,"B",NA,NA,NA,NA,NA,NA,NA,NA,NA
110070398,1100336637,NA,TRUE,"ESAS",90,1,"B",NA,NA,NA,NA,NA,NA,NA,NA,NA
110070398,1100336638,NA,TRUE,"ESAS",2130,4,"B",NA,NA,NA,NA,NA,NA,NA,94,NA
110070399,1100336639,NA,FALSE,"ESAS",90,1,"E",NA,NA,NA,NA,NA,NA,NA,NA,NA
110070399,1100336640,NA,TRUE,"ESAS",20,2,"W",NA,NA,NA,NA,NA,NA,NA,94,NA
110070399,1100336641,NA,FALSE,"ESAS",59,1,"F",NA,NA,NA,NA,NA,NA,NA,NA,NA
110070400,1100336642,NA,FALSE,"ESAS",6000,1,"F","2",NA,NA,NA,NA,NA,NA,NA,NA
110070400,1100336643,NA,FALSE,"ESAS",5920,1,"F","1",NA,NA,NA,NA,NA,NA,NA,NA
110070400,1100336644,NA,FALSE,"ESAS",5920,1,"F","1",NA,NA,NA,NA,NA,NA,NA,NA
110070400,1100336645,NA,FALSE,"ESAS",5900,1,"F","A",NA,NA,NA,NA,NA,NA,NA,NA
110070400,1100336646,NA,FALSE,"ESAS",5920,1,"F","1",NA,NA,NA,NA,NA,NA,NA,NA
110070400,1100336647,NA,FALSE,"ESAS",5920,1,"F","1",NA,NA,NA,NA,NA,NA,NA,NA
110070400,1100336648,NA,FALSE,"ESAS",5927,1,"F","A",NA,NA,NA,NA,NA,NA,NA,NA
110070400,1100336649,NA,FALSE,"ESAS",5900,1,"F","A",NA,NA,NA,NA,NA,NA,NA,NA
110070401,1100336650,NA,FALSE,"ESAS",5900,1,"F","A",NA,NA,NA,NA,NA,NA,NA,NA
110070401,1100336651,NA,FALSE,"ESAS",5920,1,"F","2",NA,NA,NA,NA,NA,NA,NA,NA
110070401,1100336652,NA,FALSE,"ESAS",5920,1,"F","1",NA,NA,NA,NA,NA,NA,NA,NA
110070401,1100336653,NA,FALSE,"ESAS",5900,1,"F","A",NA,NA,NA,NA,NA,NA,NA,NA
110070402,1100336654,NA,TRUE,"ESAS",5920,1,"F","3",NA,NA,NA,NA,NA,NA,NA,NA
110070402,1100336655,NA,TRUE,"ESAS",5927,1,"B","3",NA,NA,NA,NA,NA,NA,94,NA
110070403,1100336656,NA,TRUE,"ESAS",5920,2,"B","1",NA,NA,NA,NA,NA,NA,NA,NA
110070403,1100336657,NA,FALSE,"ESAS",5900,1,"F","A",NA,NA,NA,NA,NA,NA,NA,NA
110070403,1100336658,NA,FALSE,"ESAS",6000,1,"F","1",NA,NA,NA,NA,NA,NA,NA,NA
110070403,1100336659,NA,FALSE,"ESAS",5920,1,"F","2",NA,NA,NA,NA,NA,NA,NA,NA
110070403,1100336660,NA,FALSE,"ESAS",5920,1,"F","1",NA,NA,NA,NA,NA,NA,NA,NA
110070403,1100336661,NA,FALSE,"ESAS",5920,1,"F","2",NA,NA,NA,NA,NA,NA,NA,NA
110070404,1100336662,"19",FALSE,"ESAS",5920,2,"A","1",NA,NA,NA,NA,NA,15,NA,NA
110070404,1100336663,"19",FALSE,"ESAS",5920,1,"A","2",NA,NA,NA,NA,NA,15,NA,NA
110070404,1100336664,"19",FALSE,"ESAS",5920,1,"A","3",NA,NA,NA,NA,NA,15,NA,NA
110070404,1100336665,NA,FALSE,"ESAS",5920,1,"F","A",NA,NA,NA,NA,NA,NA,NA,NA
110070404,1100336666,NA,FALSE,"ESAS",5920,1,"F","2",NA,NA,NA,NA,NA,NA,NA,NA
110070404,1100336667,NA,FALSE,"ESAS",5920,1,"F","1",NA,NA,NA,NA,NA,NA,NA,NA
110070404,1100336668,NA,FALSE,"ESAS",5920,1,"F","1",NA,NA,NA,NA,NA,NA,NA,NA
110070404,1100336669,NA,FALSE,"ESAS",5927,1,"F","1",NA,NA,NA,NA,NA,NA,NA,NA
110070404,1100336670,NA,FALSE,"ESAS",5900,1,"F","A",NA,NA,NA,NA,NA,NA,NA,NA
110070405,1100336671,NA,TRUE,"ESAS",5927,1,"B","3",NA,NA,NA,NA,NA,NA,94,NA
110070405,1100336672,NA,TRUE,"ESAS",6000,1,"B","A",NA,NA,NA,NA,NA,NA,NA,NA
110070405,1100336673,NA,TRUE,"ESAS",6000,1,"B","A",NA,NA,NA,NA,NA,NA,NA,NA
110070406,1100336674,NA,TRUE,"ESAS",5927,1,"B","4",NA,NA,NA,NA,NA,NA,94,NA
110070406,1100336675,NA,TRUE,"ESAS",5900,3,"F","A",NA,NA,NA,NA,NA,NA,NA,NA
110070406,1100336676,NA,FALSE,"ESAS",710,1,"F","3",NA,NA,NA,NA,NA,NA,NA,NA
110070407,1100336677,NA,FALSE,"ESAS",5910,1,"A","A",NA,NA,NA,NA,NA,NA,94,NA
110070407,1100336678,NA,FALSE,"ESAS",5900,1,"F","A",NA,NA,NA,NA,NA,NA,NA,NA
110070407,1100336679,NA,TRUE,"ESAS",64330,1,"C",NA,NA,NA,NA,NA,NA,NA,NA,NA
110070407,1100336680,NA,FALSE,"ESAS",5900,1,"F","A",NA,NA,NA,NA,NA,NA,NA,NA
110070407,1100336681,NA,FALSE,"ESAS",5920,1,"A","3",NA,NA,NA,NA,NA,NA,94,NA
110070407,1100336682,NA,FALSE,"ESAS",5920,1,"A","1",NA,NA,NA,NA,NA,NA,94,NA
110070408,1100336683,NA,TRUE,"ESAS",5920,1,"F","3",NA,NA,NA,NA,NA,NA,NA,NA
110070408,1100336684,NA,FALSE,"ESAS",5900,1,"F","A",NA,NA,NA,NA,NA,NA,NA,NA
110070408,1100336685,NA,FALSE,"ESAS",2150,1,"F",NA,NA,NA,"F",NA,NA,NA,NA,NA
110070408,1100336686,NA,FALSE,"ESAS",5920,1,"F","1",NA,NA,NA,NA,NA,NA,NA,NA
110070408,1100336687,NA,FALSE,"ESAS",5920,1,"F","2",NA,NA,NA,NA,NA,NA,NA,NA
110070409,1100336688,NA,FALSE,"ESAS",5900,1,"F","A",NA,NA,NA,NA,NA,NA,NA,NA
110070409,1100336689,NA,FALSE,"ESAS",6020,1,"F","A",NA,NA,NA,NA,NA,NA,NA,NA
110070409,1100336690,NA,FALSE,"ESAS",5900,1,"F","A",NA,NA,NA,NA,NA,NA,NA,NA
110070409,1100336691,NA,FALSE,"ESAS",5920,1,"F","2",NA,NA,NA,NA,NA,NA,NA,NA
110070409,1100336692,NA,TRUE,"ESAS",2130,1,"B",NA,NA,NA,"M",NA,NA,NA,94,NA
110070409,1100336693,NA,FALSE,"ESAS",5920,1,"F","1",NA,NA,NA,NA,NA,NA,NA,NA
110070410,1100336694,"20",FALSE,"ESAS",2150,1,"F",NA,NA,NA,NA,NA,NA,NA,NA,"Foto"
110070410,1100336695,"20",FALSE,"ESAS",2130,200,"F",NA,NA,NA,NA,NA,NA,NA,NA,NA
110070410,1100336696,NA,FALSE,"ESAS",5920,1,"A","2",NA,NA,NA,NA,NA,NA,94,NA
110070411,1100336697,NA,TRUE,"ESAS",5900,1,"F","A",NA,NA,NA,NA,NA,NA,NA,NA
110070411,1100336698,NA,FALSE,"ESAS",5900,1,"F","A",NA,NA,NA,NA,NA,NA,NA,NA
110070412,1100336699,NA,FALSE,"ESAS",2130,300,"F",NA,NA,NA,NA,NA,NA,NA,NA,NA
110070413,1100336700,NA,FALSE,"ESAS",5820,1,"F","A",NA,NA,NA,NA,NA,NA,NA,NA
110070413,1100336701,NA,FALSE,"ESAS",5920,1,"F","A",NA,NA,NA,NA,NA,NA,NA,NA
110070413,1100336702,NA,FALSE,"ESAS",5910,1,"F","A",NA,NA,NA,NA,NA,NA,NA,NA
110070414,1100336703,NA,FALSE,"ESAS",5900,2,"F","A",NA,NA,NA,NA,NA,NA,NA,NA
110070414,1100336704,NA,TRUE,"ESAS",5900,1,"F","A",NA,NA,NA,NA,NA,NA,NA,NA
110070414,1100336705,NA,FALSE,"ESAS",5920,1,"F","A",NA,NA,NA,NA,NA,NA,NA,NA
110070414,1100336706,NA,FALSE,"ESAS",5920,2,"F","1",NA,NA,NA,NA,NA,NA,NA,NA
110070414,1100336707,NA,FALSE,"ESAS",5920,1,"F","A",NA,NA,NA,NA,NA,NA,NA,NA
110070415,1100336708,NA,FALSE,"ESAS",5900,1,"F","A",NA,NA,NA,NA,NA,NA,NA,NA
110070416,1100336709,NA,FALSE,"ESAS",5900,1,"F","A",NA,NA,NA,NA,NA,NA,NA,NA
110070416,1100336710,NA,FALSE,"ESAS",5900,1,"F","A",NA,NA,NA,NA,NA,NA,NA,NA
110070416,1100336711,NA,FALSE,"ESAS",5920,1,"F","1",NA,NA,NA,NA,NA,NA,NA,NA
110070416,1100336712,NA,FALSE,"ESAS",5920,1,"F","2",NA,NA,NA,NA,NA,NA,NA,NA
110070416,1100336713,NA,FALSE,"ESAS",5900,1,"F","A",NA,NA,NA,NA,NA,NA,NA,NA
110070417,1100336714,NA,FALSE,"ESAS",5900,1,"F","A",NA,NA,NA,NA,NA,NA,NA,NA
110070417,1100336715,NA,FALSE,"ESAS",5900,1,"F","A",NA,NA,NA,NA,NA,NA,NA,NA
110070417,1100336716,NA,FALSE,"ESAS",5900,1,"F","A",NA,NA,NA,NA,NA,NA,NA,NA
110070417,1100336717,NA,FALSE,"ESAS",5900,1,"F","A",NA,NA,NA,NA,NA,NA,NA,NA
110070417,1100336718,NA,TRUE,"ESAS",5900,1,"A","A",NA,NA,NA,NA,NA,NA,94,NA
110070417,1100336719,NA,TRUE,"ESAS",5920,1,"A","A",NA,NA,NA,NA,NA,NA,NA,NA
110070417,1100336720,NA,FALSE,"ESAS",5920,1,"F","A",NA,NA,NA,NA,NA,NA,NA,NA
110070417,1100336721,NA,FALSE,"ESAS",5900,2,"F","A",NA,NA,NA,NA,NA,NA,NA,NA
110070418,1100336722,NA,FALSE,"ESAS",5920,1,"F","A",NA,NA,NA,NA,NA,NA,NA,NA
110070418,1100336723,NA,FALSE,"ESAS",5920,1,"F","A",NA,NA,NA,NA,NA,NA,NA,NA
110070418,1100336724,NA,FALSE,"ESAS",5920,1,"F","1",NA,NA,NA,NA,NA,NA,NA,NA
110070418,1100336725,NA,FALSE,"ESAS",5920,1,"F","3",NA,NA,NA,NA,NA,NA,NA,NA
110070418,1100336726,NA,FALSE,"ESAS",5920,2,"F","A",NA,NA,NA,NA,NA,NA,NA,NA
110070419,1100336727,NA,FALSE,"ESAS",720,1,"D",NA,NA,NA,NA,NA,NA,NA,94,NA
110070419,1100336728,NA,FALSE,"ESAS",5920,1,"F","A",NA,NA,NA,NA,NA,NA,NA,NA
110070419,1100336729,NA,FALSE,"ESAS",20,1,"D",NA,NA,NA,NA,NA,NA,NA,94,NA
110070420,1100336730,NA,FALSE,"ESAS",5920,3,"F","A",NA,NA,NA,NA,NA,NA,NA,NA
110070420,1100336731,NA,FALSE,"ESAS",5920,1,"F","2",NA,NA,NA,NA,NA,NA,NA,NA
110070420,1100336732,NA,TRUE,"ESAS",5900,1,"F","A",NA,NA,NA,NA,NA,NA,NA,NA
110070420,1100336733,NA,FALSE,"ESAS",5920,1,"F","1",NA,NA,NA,NA,NA,NA,NA,NA
110070421,1100336734,"21",TRUE,"ESAS",5927,1,"B","2",NA,NA,NA,NA,NA,NA,94,NA
110070421,1100336735,"21",TRUE,"ESAS",5920,1,"B","3",NA,NA,NA,NA,NA,NA,94,NA
110070421,1100336736,"21",TRUE,"ESAS",5900,12,"B","A",NA,NA,NA,NA,NA,NA,94,NA
110070421,1100336737,NA,FALSE,"ESAS",5920,1,"F","1",NA,NA,NA,NA,NA,NA,NA,NA
110070421,1100336738,NA,FALSE,"ESAS",5900,1,"F","A",NA,NA,NA,NA,NA,NA,NA,NA
110070421,1100336739,NA,FALSE,"ESAS",6000,1,"F","A",NA,NA,NA,NA,NA,NA,NA,NA
110070421,1100336740,NA,FALSE,"ESAS",5900,2,"F","A",NA,NA,NA,NA,NA,NA,NA,NA
110070421,1100336741,NA,FALSE,"ESAS",5920,1,"F","A",NA,NA,NA,NA,NA,NA,NA,NA
110070421,1100336742,NA,FALSE,"ESAS",5900,1,"F","A",NA,NA,NA,NA,NA,NA,NA,NA
110070421,1100336743,NA,FALSE,"ESAS",5900,2,"F","A",NA,NA,NA,NA,NA,NA,NA,NA
110070421,1100336744,NA,FALSE,"ESAS",5900,1,"F","A",NA,NA,NA,NA,NA,NA,NA,NA
110070421,1100336745,NA,TRUE,"ESAS",5820,1,"B","A",NA,NA,NA,NA,NA,NA,NA,NA
110070422,1100336746,NA,TRUE,"ESAS",5900,1,"F","A",NA,NA,NA,NA,NA,NA,NA,NA
110070422,1100336747,NA,TRUE,"ESAS",5900,1,"C","A",NA,NA,NA,NA,NA,NA,94,NA
110070422,1100336748,NA,FALSE,"ESAS",5920,1,"F","1",NA,NA,NA,NA,NA,NA,NA,NA
110070422,1100336749,NA,FALSE,"ESAS",5920,1,"F","3",NA,NA,NA,NA,NA,NA,NA,NA
110070422,1100336750,NA,FALSE,"ESAS",5927,1,"F","3",NA,NA,NA,NA,NA,NA,NA,NA
110070422,1100336751,NA,TRUE,"ESAS",5900,1,"C","A",NA,NA,NA,NA,NA,NA,NA,NA
110070422,1100336752,NA,FALSE,"ESAS",5920,1,"F","A",NA,NA,NA,NA,NA,NA,NA,NA
110070423,1100336753,NA,FALSE,"ESAS",5900,1,"F","A",NA,NA,NA,NA,NA,NA,NA,NA
110070423,1100336754,NA,FALSE,"ESAS",5920,1,"F","A",NA,NA,NA,NA,NA,NA,NA,NA
110070423,1100336755,NA,TRUE,"ESAS",5900,1,"C","A",NA,NA,NA,NA,NA,NA,NA,NA
110070423,1100336756,NA,FALSE,"ESAS",5900,1,"F","A",NA,NA,NA,NA,NA,NA,NA,NA
110070423,1100336757,NA,FALSE,"ESAS",5920,1,"F","1",NA,NA,NA,NA,NA,NA,NA,NA
110070423,1100336758,NA,FALSE,"ESAS",5920,1,"F","1",NA,NA,NA,NA,NA,NA,NA,NA
110070423,1100336759,NA,FALSE,"ESAS",5900,1,"F","A",NA,NA,NA,NA,NA,NA,NA,NA
110070424,1100336760,NA,FALSE,"ESAS",5820,1,"F","A",NA,NA,NA,NA,NA,NA,NA,NA
110070424,1100336761,NA,TRUE,"ESAS",5900,2,"F","A",NA,NA,NA,NA,NA,NA,NA,NA
110070424,1100336762,NA,TRUE,"ESAS",5920,2,"F","A",NA,NA,NA,NA,NA,NA,NA,NA
110070424,1100336763,NA,FALSE,"ESAS",5820,1,"F","A",NA,NA,NA,NA,NA,NA,NA,NA
110070424,1100336764,NA,FALSE,"ESAS",5927,1,"F","3",NA,NA,NA,NA,NA,NA,NA,NA
110070424,1100336765,NA,FALSE,"ESAS",5820,13,"A","A",NA,NA,NA,NA,NA,NA,NA,NA
110070424,1100336766,NA,FALSE,"ESAS",5920,1,"F","1",NA,NA,NA,NA,NA,NA,NA,NA
110070424,1100336767,NA,FALSE,"ESAS",5920,1,"F","A",NA,NA,NA,NA,NA,NA,NA,NA
